File,Package,Type,Name,Parameters,ReturnType,Details
c:\Users\kiran\Desktop\rvce-resource-allocator\.editorconfig,,File,.editorconfig,,,
c:\Users\kiran\Desktop\rvce-resource-allocator\.gitignore,,File,.gitignore,,,
c:\Users\kiran\Desktop\rvce-resource-allocator\=,,File,=,,,
c:\Users\kiran\Desktop\rvce-resource-allocator\build.log,,File,build.log,,,
c:\Users\kiran\Desktop\rvce-resource-allocator\build.log~,,File,build.log~,,,
c:\Users\kiran\Desktop\rvce-resource-allocator\docker-build.log,,File,docker-build.log,,,
c:\Users\kiran\Desktop\rvce-resource-allocator\docker-compose.yml,,File,docker-compose.yml,,,
c:\Users\kiran\Desktop\rvce-resource-allocator\nul,,File,nul,,,
c:\Users\kiran\Desktop\rvce-resource-allocator\PROJECT_SETUP.md,,File,PROJECT_SETUP.md,,,
c:\Users\kiran\Desktop\rvce-resource-allocator\reading,,File,reading,,,
c:\Users\kiran\Desktop\rvce-resource-allocator\resolve,,File,resolve,,,
c:\Users\kiran\Desktop\rvce-resource-allocator\transferring,,File,transferring,,,
c:\Users\kiran\Desktop\rvce-resource-allocator\[auth],,File,[auth],,,
c:\Users\kiran\Desktop\rvce-resource-allocator\[backend,,File,[backend,,,
c:\Users\kiran\Desktop\rvce-resource-allocator\[frontend,,File,[frontend,,,
c:\Users\kiran\Desktop\rvce-resource-allocator\[internal],,File,[internal],,,
c:\Users\kiran\Desktop\rvce-resource-allocator\.vscode\settings.json,,File,settings.json,,,
c:\Users\kiran\Desktop\rvce-resource-allocator\backend\.dockerignore,,File,.dockerignore,,,
c:\Users\kiran\Desktop\rvce-resource-allocator\backend\.gitattributes,,File,.gitattributes,,,
c:\Users\kiran\Desktop\rvce-resource-allocator\backend\.gitignore,,File,.gitignore,,,
c:\Users\kiran\Desktop\rvce-resource-allocator\backend\build.gradle.kts,,File,build.gradle.kts,,,
c:\Users\kiran\Desktop\rvce-resource-allocator\backend\Dockerfile,,File,Dockerfile,,,
c:\Users\kiran\Desktop\rvce-resource-allocator\backend\Dockerfile,,Docker,L2,,,FROM gradle:8-jdk17 AS builder
c:\Users\kiran\Desktop\rvce-resource-allocator\backend\Dockerfile,,Docker,L4,,,WORKDIR /app
c:\Users\kiran\Desktop\rvce-resource-allocator\backend\Dockerfile,,Docker,L5,,,COPY . .
c:\Users\kiran\Desktop\rvce-resource-allocator\backend\Dockerfile,,Docker,L8,,,RUN apt-get update && apt-get install -y ca-certificates && rm -rf /var/lib/apt/lists/*
c:\Users\kiran\Desktop\rvce-resource-allocator\backend\Dockerfile,,Docker,L10,,,RUN gradle clean build -x test --no-daemon
c:\Users\kiran\Desktop\rvce-resource-allocator\backend\Dockerfile,,Docker,L13,,,FROM eclipse-temurin:17-jre-alpine
c:\Users\kiran\Desktop\rvce-resource-allocator\backend\Dockerfile,,Docker,L15,,,WORKDIR /app
c:\Users\kiran\Desktop\rvce-resource-allocator\backend\Dockerfile,,Docker,L17,,,COPY --from=builder /app/build/libs/*.jar app.jar
c:\Users\kiran\Desktop\rvce-resource-allocator\backend\Dockerfile,,Docker,L19,,,EXPOSE 8080
c:\Users\kiran\Desktop\rvce-resource-allocator\backend\Dockerfile,,Docker,L21,,,"ENTRYPOINT [""java"", ""-jar"", ""app.jar""]"
c:\Users\kiran\Desktop\rvce-resource-allocator\backend\gradle.properties,,File,gradle.properties,,,
c:\Users\kiran\Desktop\rvce-resource-allocator\backend\gradlew,,File,gradlew,,,
c:\Users\kiran\Desktop\rvce-resource-allocator\backend\gradlew.bat,,File,gradlew.bat,,,
c:\Users\kiran\Desktop\rvce-resource-allocator\backend\HELP.md,,File,HELP.md,,,
c:\Users\kiran\Desktop\rvce-resource-allocator\backend\migration.log,,File,migration.log,,,
c:\Users\kiran\Desktop\rvce-resource-allocator\backend\mockmvcprint.txt,,File,mockmvcprint.txt,,,
c:\Users\kiran\Desktop\rvce-resource-allocator\backend\Readme.md,,File,Readme.md,,,
c:\Users\kiran\Desktop\rvce-resource-allocator\backend\settings.gradle.kts,,File,settings.gradle.kts,,,
c:\Users\kiran\Desktop\rvce-resource-allocator\backend\test-output.log,,File,test-output.log,,,
c:\Users\kiran\Desktop\rvce-resource-allocator\backend\test-run-output.txt,,File,test-run-output.txt,,,
c:\Users\kiran\Desktop\rvce-resource-allocator\backend\bin\generated-sources\annotations\com\rvce\scas\mapper\RoomMapperImpl.java,,File,RoomMapperImpl.java,,,
c:\Users\kiran\Desktop\rvce-resource-allocator\backend\bin\generated-sources\annotations\com\rvce\scas\mapper\RoomMapperImpl.java,com.rvce.scas.mapper,Class,RoomMapperImpl,,,
c:\Users\kiran\Desktop\rvce-resource-allocator\backend\bin\generated-sources\annotations\com\rvce\scas\mapper\RoomMapperImpl.java,com.rvce.scas.mapper,Method,toDto,Room room,,
c:\Users\kiran\Desktop\rvce-resource-allocator\backend\bin\generated-sources\annotations\com\rvce\scas\mapper\RoomMapperImpl.java,com.rvce.scas.mapper,Method,toDtoList,List<Room> rooms,,
c:\Users\kiran\Desktop\rvce-resource-allocator\backend\bin\generated-sources\annotations\com\rvce\scas\mapper\TimetableMapperImpl.java,,File,TimetableMapperImpl.java,,,
c:\Users\kiran\Desktop\rvce-resource-allocator\backend\bin\generated-sources\annotations\com\rvce\scas\mapper\TimetableMapperImpl.java,com.rvce.scas.mapper,Class,TimetableMapperImpl,,,
c:\Users\kiran\Desktop\rvce-resource-allocator\backend\bin\generated-sources\annotations\com\rvce\scas\mapper\TimetableMapperImpl.java,com.rvce.scas.mapper,Method,toDto,DayOverride override,,
c:\Users\kiran\Desktop\rvce-resource-allocator\backend\bin\generated-sources\annotations\com\rvce\scas\mapper\TimetableMapperImpl.java,com.rvce.scas.mapper,Method,toDtoList,List<DayOverride> overrides,,
c:\Users\kiran\Desktop\rvce-resource-allocator\backend\bin\generated-sources\annotations\com\rvce\scas\mapper\TimetableMapperImpl.java,com.rvce.scas.mapper,Method,overrideSlotId,DayOverride dayOverride,,
c:\Users\kiran\Desktop\rvce-resource-allocator\backend\bin\main\application-test.yml,,File,application-test.yml,,,
c:\Users\kiran\Desktop\rvce-resource-allocator\backend\bin\main\application.yaml,,File,application.yaml,,,
c:\Users\kiran\Desktop\rvce-resource-allocator\backend\bin\main\db\migration\V10__fix_seeded_user_passwords.sql,,File,V10__fix_seeded_user_passwords.sql,,,
c:\Users\kiran\Desktop\rvce-resource-allocator\backend\bin\main\db\migration\V10__fix_seeded_user_passwords.sql,,SQL,L1,,,-- ============================================================
c:\Users\kiran\Desktop\rvce-resource-allocator\backend\bin\main\db\migration\V10__fix_seeded_user_passwords.sql,,SQL,L2,,,-- V10__fix_seeded_user_passwords.sql [REMOVED - SECURITY FIX]
c:\Users\kiran\Desktop\rvce-resource-allocator\backend\bin\main\db\migration\V10__fix_seeded_user_passwords.sql,,SQL,L3,,,-- This migration has been removed to prevent hardcoded password
c:\Users\kiran\Desktop\rvce-resource-allocator\backend\bin\main\db\migration\V10__fix_seeded_user_passwords.sql,,SQL,L4,,,-- hashes from being exposed in version control.
c:\Users\kiran\Desktop\rvce-resource-allocator\backend\bin\main\db\migration\V10__fix_seeded_user_passwords.sql,,SQL,L5,,,--
c:\Users\kiran\Desktop\rvce-resource-allocator\backend\bin\main\db\migration\V10__fix_seeded_user_passwords.sql,,SQL,L6,,,-- The passwords were already applied in the database from
c:\Users\kiran\Desktop\rvce-resource-allocator\backend\bin\main\db\migration\V10__fix_seeded_user_passwords.sql,,SQL,L7,,,"-- previous migration runs, so this file is no longer needed."
c:\Users\kiran\Desktop\rvce-resource-allocator\backend\bin\main\db\migration\V10__fix_seeded_user_passwords.sql,,SQL,L8,,,--
c:\Users\kiran\Desktop\rvce-resource-allocator\backend\bin\main\db\migration\V10__fix_seeded_user_passwords.sql,,SQL,L9,,,"-- For future test account setup, use environment variables"
c:\Users\kiran\Desktop\rvce-resource-allocator\backend\bin\main\db\migration\V10__fix_seeded_user_passwords.sql,,SQL,L10,,,"-- or Spring Boot configuration profiles (dev, test, prod)."
c:\Users\kiran\Desktop\rvce-resource-allocator\backend\bin\main\db\migration\V10__fix_seeded_user_passwords.sql,,SQL,L11,,,-- ============================================================
c:\Users\kiran\Desktop\rvce-resource-allocator\backend\bin\main\db\migration\V10__fix_seeded_user_passwords.sql,,SQL,L12,,,-- DO NOT DELETE THIS FILE - Flyway tracks executed migrations.
c:\Users\kiran\Desktop\rvce-resource-allocator\backend\bin\main\db\migration\V10__fix_seeded_user_passwords.sql,,SQL,L13,,,-- Keep it as a placeholder so Flyway knows it was executed.
c:\Users\kiran\Desktop\rvce-resource-allocator\backend\bin\main\db\migration\V1__users_roles.sql,,File,V1__users_roles.sql,,,
c:\Users\kiran\Desktop\rvce-resource-allocator\backend\bin\main\db\migration\V1__users_roles.sql,,SQL,L1,,,-- ============================================================
c:\Users\kiran\Desktop\rvce-resource-allocator\backend\bin\main\db\migration\V1__users_roles.sql,,SQL,L2,,,-- V1__users_roles.sql
c:\Users\kiran\Desktop\rvce-resource-allocator\backend\bin\main\db\migration\V1__users_roles.sql,,SQL,L3,,,-- SCAS - Smart Campus Allocation System
c:\Users\kiran\Desktop\rvce-resource-allocator\backend\bin\main\db\migration\V1__users_roles.sql,,SQL,L4,,,"-- Auth, RBAC and user identity layer"
c:\Users\kiran\Desktop\rvce-resource-allocator\backend\bin\main\db\migration\V1__users_roles.sql,,SQL,L5,,,--
c:\Users\kiran\Desktop\rvce-resource-allocator\backend\bin\main\db\migration\V1__users_roles.sql,,SQL,L6,,,-- DECISION LOG:
c:\Users\kiran\Desktop\rvce-resource-allocator\backend\bin\main\db\migration\V1__users_roles.sql,,SQL,L7,,,--   [D1] UUID PKs (gen_random_uuid): avoids central sequence
c:\Users\kiran\Desktop\rvce-resource-allocator\backend\bin\main\db\migration\V1__users_roles.sql,,SQL,L8,,,--        bottleneck when we scale to multiple Spring pods.
c:\Users\kiran\Desktop\rvce-resource-allocator\backend\bin\main\db\migration\V1__users_roles.sql,,SQL,L9,,,--        PostgreSQL's gen_random_uuid() is CRYPTOGRAPHICALLY
c:\Users\kiran\Desktop\rvce-resource-allocator\backend\bin\main\db\migration\V1__users_roles.sql,,SQL,L10,,,--        random - no guessable sequential IDs exposed in URLs.
c:\Users\kiran\Desktop\rvce-resource-allocator\backend\bin\main\db\migration\V1__users_roles.sql,,SQL,L11,,,--
c:\Users\kiran\Desktop\rvce-resource-allocator\backend\bin\main\db\migration\V1__users_roles.sql,,SQL,L12,,,--   [D2] departments created BEFORE users because users carry
c:\Users\kiran\Desktop\rvce-resource-allocator\backend\bin\main\db\migration\V1__users_roles.sql,,SQL,L13,,,"--        a FK to departments. HOD is set AFTER users exist, so"
c:\Users\kiran\Desktop\rvce-resource-allocator\backend\bin\main\db\migration\V1__users_roles.sql,,SQL,L14,,,--        hod_user_id is DEFERRABLE to allow circular inserts
c:\Users\kiran\Desktop\rvce-resource-allocator\backend\bin\main\db\migration\V1__users_roles.sql,,SQL,L15,,,--        in a single transaction.
c:\Users\kiran\Desktop\rvce-resource-allocator\backend\bin\main\db\migration\V1__users_roles.sql,,SQL,L16,,,--
c:\Users\kiran\Desktop\rvce-resource-allocator\backend\bin\main\db\migration\V1__users_roles.sql,,SQL,L17,,,--   [D3] password_hash is VARCHAR(72) not TEXT. BCrypt always
c:\Users\kiran\Desktop\rvce-resource-allocator\backend\bin\main\db\migration\V1__users_roles.sql,,SQL,L18,,,--        produces exactly 60 chars. 72 gives headroom for
c:\Users\kiran\Desktop\rvce-resource-allocator\backend\bin\main\db\migration\V1__users_roles.sql,,SQL,L19,,,--        algorithm prefix. Prevents accidental plain-text
c:\Users\kiran\Desktop\rvce-resource-allocator\backend\bin\main\db\migration\V1__users_roles.sql,,SQL,L20,,,"--        storage (a 500-char raw password would truncate,"
c:\Users\kiran\Desktop\rvce-resource-allocator\backend\bin\main\db\migration\V1__users_roles.sql,,SQL,L21,,,--        alerting developers immediately).
c:\Users\kiran\Desktop\rvce-resource-allocator\backend\bin\main\db\migration\V1__users_roles.sql,,SQL,L22,,,--
c:\Users\kiran\Desktop\rvce-resource-allocator\backend\bin\main\db\migration\V1__users_roles.sql,,SQL,L23,,,"--   [D4] usn is NULLABLE. Non-student users (teachers, admins)"
c:\Users\kiran\Desktop\rvce-resource-allocator\backend\bin\main\db\migration\V1__users_roles.sql,,SQL,L24,,,--        have no USN. Making it NOT NULL would force dummy
c:\Users\kiran\Desktop\rvce-resource-allocator\backend\bin\main\db\migration\V1__users_roles.sql,,SQL,L25,,,"--        values, polluting data integrity."
c:\Users\kiran\Desktop\rvce-resource-allocator\backend\bin\main\db\migration\V1__users_roles.sql,,SQL,L26,,,--
c:\Users\kiran\Desktop\rvce-resource-allocator\backend\bin\main\db\migration\V1__users_roles.sql,,SQL,L27,,,--   [D5] email uses CITEXT extension (case-insensitive text)
c:\Users\kiran\Desktop\rvce-resource-allocator\backend\bin\main\db\migration\V1__users_roles.sql,,SQL,L28,,,--        so 'Kiran@RVCE.edu' and 'kiran@rvce.edu' are treated
c:\Users\kiran\Desktop\rvce-resource-allocator\backend\bin\main\db\migration\V1__users_roles.sql,,SQL,L29,,,"--        as duplicates. Without this, case variations bypass"
c:\Users\kiran\Desktop\rvce-resource-allocator\backend\bin\main\db\migration\V1__users_roles.sql,,SQL,L30,,,--        the UNIQUE constraint.
c:\Users\kiran\Desktop\rvce-resource-allocator\backend\bin\main\db\migration\V1__users_roles.sql,,SQL,L31,,,--
c:\Users\kiran\Desktop\rvce-resource-allocator\backend\bin\main\db\migration\V1__users_roles.sql,,SQL,L32,,,--   [D6] refresh_tokens stores token_hash (SHA-256 of the raw
c:\Users\kiran\Desktop\rvce-resource-allocator\backend\bin\main\db\migration\V1__users_roles.sql,,SQL,L33,,,"--        token), NEVER the raw token. If the DB is breached,"
c:\Users\kiran\Desktop\rvce-resource-allocator\backend\bin\main\db\migration\V1__users_roles.sql,,SQL,L34,,,--        the hash is useless - attacker needs the original.
c:\Users\kiran\Desktop\rvce-resource-allocator\backend\bin\main\db\migration\V1__users_roles.sql,,SQL,L35,,,--        Same principle as password hashing.
c:\Users\kiran\Desktop\rvce-resource-allocator\backend\bin\main\db\migration\V1__users_roles.sql,,SQL,L36,,,-- ============================================================
c:\Users\kiran\Desktop\rvce-resource-allocator\backend\bin\main\db\migration\V1__users_roles.sql,,SQL,L38,,,-- Enable case-insensitive text support
c:\Users\kiran\Desktop\rvce-resource-allocator\backend\bin\main\db\migration\V1__users_roles.sql,,SQL,L40,,,-- Enable UUID generation without external tools
c:\Users\kiran\Desktop\rvce-resource-allocator\backend\bin\main\db\migration\V1__users_roles.sql,,SQL,L43,,,-- ─── DEPARTMENTS ─────────────────────────────────────────────
c:\Users\kiran\Desktop\rvce-resource-allocator\backend\bin\main\db\migration\V1__users_roles.sql,,SQL,L44,,,-- Created first because users FK to departments.
c:\Users\kiran\Desktop\rvce-resource-allocator\backend\bin\main\db\migration\V1__users_roles.sql,,SQL,L45,,,-- hod_user_id FK is DEFERRABLE (circular: dept→user→dept).
c:\Users\kiran\Desktop\rvce-resource-allocator\backend\bin\main\db\migration\V1__users_roles.sql,,SQL,L50,,,"-- DECISION: hod_user_id set after users exist, so deferred FK"
c:\Users\kiran\Desktop\rvce-resource-allocator\backend\bin\main\db\migration\V1__users_roles.sql,,SQL,L62,,,-- ─── USERS ───────────────────────────────────────────────────
c:\Users\kiran\Desktop\rvce-resource-allocator\backend\bin\main\db\migration\V1__users_roles.sql,,SQL,L63,,,-- DECISION: CITEXT on email for case-insensitive uniqueness.
c:\Users\kiran\Desktop\rvce-resource-allocator\backend\bin\main\db\migration\V1__users_roles.sql,,SQL,L64,,,-- DECISION: usn nullable - only students have USNs.
c:\Users\kiran\Desktop\rvce-resource-allocator\backend\bin\main\db\migration\V1__users_roles.sql,,SQL,L65,,,-- DECISION: is_active soft-delete instead of hard delete because
c:\Users\kiran\Desktop\rvce-resource-allocator\backend\bin\main\db\migration\V1__users_roles.sql,,SQL,L66,,,"--   audit_logs reference actor by email string (denormalised),"
c:\Users\kiran\Desktop\rvce-resource-allocator\backend\bin\main\db\migration\V1__users_roles.sql,,SQL,L67,,,"--   but exam_seats, timetable_slots still reference user_id FK."
c:\Users\kiran\Desktop\rvce-resource-allocator\backend\bin\main\db\migration\V1__users_roles.sql,,SQL,L68,,,--   Hard delete would cascade and destroy scheduling history.
c:\Users\kiran\Desktop\rvce-resource-allocator\backend\bin\main\db\migration\V1__users_roles.sql,,SQL,L97,,,-- Now add the deferred HOD FK (departments → users circular ref)
c:\Users\kiran\Desktop\rvce-resource-allocator\backend\bin\main\db\migration\V1__users_roles.sql,,SQL,L98,,,-- DEFERRABLE INITIALLY DEFERRED: constraint checked at END of
c:\Users\kiran\Desktop\rvce-resource-allocator\backend\bin\main\db\migration\V1__users_roles.sql,,SQL,L99,,,"-- transaction, not per-statement. Allows: INSERT dept (no hod),"
c:\Users\kiran\Desktop\rvce-resource-allocator\backend\bin\main\db\migration\V1__users_roles.sql,,SQL,L100,,,"-- INSERT user, UPDATE dept SET hod = user_id - all in one txn."
c:\Users\kiran\Desktop\rvce-resource-allocator\backend\bin\main\db\migration\V1__users_roles.sql,,SQL,L108,,,-- ─── ROLES ───────────────────────────────────────────────────
c:\Users\kiran\Desktop\rvce-resource-allocator\backend\bin\main\db\migration\V1__users_roles.sql,,SQL,L109,,,"-- DECISION: roles as a table, not a ENUM column on users."
c:\Users\kiran\Desktop\rvce-resource-allocator\backend\bin\main\db\migration\V1__users_roles.sql,,SQL,L110,,,-- With ENUM you need ALTER TYPE (full table rewrite in old PG)
c:\Users\kiran\Desktop\rvce-resource-allocator\backend\bin\main\db\migration\V1__users_roles.sql,,SQL,L111,,,-- to add a role. With this table: INSERT INTO roles - zero downtime.
c:\Users\kiran\Desktop\rvce-resource-allocator\backend\bin\main\db\migration\V1__users_roles.sql,,SQL,L112,,,"-- Also enables role metadata (description, created_at) for audit."
c:\Users\kiran\Desktop\rvce-resource-allocator\backend\bin\main\db\migration\V1__users_roles.sql,,SQL,L120,,,-- DECISION: CHECK constraint documents valid values at DB level.
c:\Users\kiran\Desktop\rvce-resource-allocator\backend\bin\main\db\migration\V1__users_roles.sql,,SQL,L121,,,"-- Spring RBAC also enforces this, but DB is the last line of defence."
c:\Users\kiran\Desktop\rvce-resource-allocator\backend\bin\main\db\migration\V1__users_roles.sql,,SQL,L129,,,-- ─── PERMISSIONS ─────────────────────────────────────────────
c:\Users\kiran\Desktop\rvce-resource-allocator\backend\bin\main\db\migration\V1__users_roles.sql,,SQL,L130,,,-- DECISION: fine-grained permission model (resource + action pairs)
c:\Users\kiran\Desktop\rvce-resource-allocator\backend\bin\main\db\migration\V1__users_roles.sql,,SQL,L131,,,"-- not just role names. This allows future: ""teacher can READ rooms"
c:\Users\kiran\Desktop\rvce-resource-allocator\backend\bin\main\db\migration\V1__users_roles.sql,,SQL,L132,,,"-- but not WRITE timetable"" without schema change."
c:\Users\kiran\Desktop\rvce-resource-allocator\backend\bin\main\db\migration\V1__users_roles.sql,,SQL,L148,,,-- ─── USER_ROLES (junction) ────────────────────────────────────
c:\Users\kiran\Desktop\rvce-resource-allocator\backend\bin\main\db\migration\V1__users_roles.sql,,SQL,L149,,,-- DECISION: composite PK (user_id + role_id) prevents duplicate
c:\Users\kiran\Desktop\rvce-resource-allocator\backend\bin\main\db\migration\V1__users_roles.sql,,SQL,L150,,,-- role assignments. granted_by creates accountability chain.
c:\Users\kiran\Desktop\rvce-resource-allocator\backend\bin\main\db\migration\V1__users_roles.sql,,SQL,L151,,,"-- expires_at supports time-limited roles (e.g., temp exam coordinator)."
c:\Users\kiran\Desktop\rvce-resource-allocator\backend\bin\main\db\migration\V1__users_roles.sql,,SQL,L162,,,-- ─── ROLE_PERMISSIONS (junction) ─────────────────────────────
c:\Users\kiran\Desktop\rvce-resource-allocator\backend\bin\main\db\migration\V1__users_roles.sql,,SQL,L170,,,-- ─── REFRESH_TOKENS ──────────────────────────────────────────
c:\Users\kiran\Desktop\rvce-resource-allocator\backend\bin\main\db\migration\V1__users_roles.sql,,SQL,L171,,,-- DECISION: token_hash is SHA-256 of the raw token.
c:\Users\kiran\Desktop\rvce-resource-allocator\backend\bin\main\db\migration\V1__users_roles.sql,,SQL,L172,,,-- Raw token is returned to client ONCE and never stored.
c:\Users\kiran\Desktop\rvce-resource-allocator\backend\bin\main\db\migration\V1__users_roles.sql,,SQL,L173,,,-- DECISION: ip_address + user_agent stored for anomaly detection
c:\Users\kiran\Desktop\rvce-resource-allocator\backend\bin\main\db\migration\V1__users_roles.sql,,SQL,L174,,,"-- (new device from different country = suspicious, force re-auth)."
c:\Users\kiran\Desktop\rvce-resource-allocator\backend\bin\main\db\migration\V1__users_roles.sql,,SQL,L188,,,-- Trigger: auto-update updated_at on users
c:\Users\kiran\Desktop\rvce-resource-allocator\backend\bin\main\db\migration\V1__users_roles.sql,,SQL,L189,,,-- DECISION: trigger over application-layer update because if
c:\Users\kiran\Desktop\rvce-resource-allocator\backend\bin\main\db\migration\V1__users_roles.sql,,SQL,L190,,,"-- any DB tool (psql CLI, migration script) updates the row"
c:\Users\kiran\Desktop\rvce-resource-allocator\backend\bin\main\db\migration\V1__users_roles.sql,,SQL,L191,,,"-- directly, updated_at still gets set correctly."
c:\Users\kiran\Desktop\rvce-resource-allocator\backend\bin\main\db\migration\V2__rooms_timetable.sql,,File,V2__rooms_timetable.sql,,,
c:\Users\kiran\Desktop\rvce-resource-allocator\backend\bin\main\db\migration\V2__rooms_timetable.sql,,SQL,L1,,,-- ============================================================
c:\Users\kiran\Desktop\rvce-resource-allocator\backend\bin\main\db\migration\V2__rooms_timetable.sql,,SQL,L2,,,-- V2__rooms_timetable.sql
c:\Users\kiran\Desktop\rvce-resource-allocator\backend\bin\main\db\migration\V2__rooms_timetable.sql,,SQL,L3,,,"-- SCAS - Rooms, Timetable Slots, Overrides, Occupancy"
c:\Users\kiran\Desktop\rvce-resource-allocator\backend\bin\main\db\migration\V2__rooms_timetable.sql,,SQL,L4,,,--
c:\Users\kiran\Desktop\rvce-resource-allocator\backend\bin\main\db\migration\V2__rooms_timetable.sql,,SQL,L5,,,-- DECISION LOG:
c:\Users\kiran\Desktop\rvce-resource-allocator\backend\bin\main\db\migration\V2__rooms_timetable.sql,,SQL,L6,,,--   [D7] rooms.bench_rows/bench_cols NULL for non-exam rooms.
c:\Users\kiran\Desktop\rvce-resource-allocator\backend\bin\main\db\migration\V2__rooms_timetable.sql,,SQL,L7,,,--        Only exam halls need a bench grid. Storing zeroes
c:\Users\kiran\Desktop\rvce-resource-allocator\backend\bin\main\db\migration\V2__rooms_timetable.sql,,SQL,L8,,,--        would pass CHECK constraints but mislead readers.
c:\Users\kiran\Desktop\rvce-resource-allocator\backend\bin\main\db\migration\V2__rooms_timetable.sql,,SQL,L9,,,"--        NULL explicitly communicates ""not applicable."""
c:\Users\kiran\Desktop\rvce-resource-allocator\backend\bin\main\db\migration\V2__rooms_timetable.sql,,SQL,L10,,,--
c:\Users\kiran\Desktop\rvce-resource-allocator\backend\bin\main\db\migration\V2__rooms_timetable.sql,,SQL,L11,,,--   [D8] timetable_versions table exists so that when a new
c:\Users\kiran\Desktop\rvce-resource-allocator\backend\bin\main\db\migration\V2__rooms_timetable.sql,,SQL,L12,,,"--        semester timetable is uploaded, old slots are NOT"
c:\Users\kiran\Desktop\rvce-resource-allocator\backend\bin\main\db\migration\V2__rooms_timetable.sql,,SQL,L13,,,"--        deleted. Set new version status=ACTIVE, old=ARCHIVED."
c:\Users\kiran\Desktop\rvce-resource-allocator\backend\bin\main\db\migration\V2__rooms_timetable.sql,,SQL,L14,,,--        This gives instant rollback (flip status) and full
c:\Users\kiran\Desktop\rvce-resource-allocator\backend\bin\main\db\migration\V2__rooms_timetable.sql,,SQL,L15,,,--        scheduling history without complex migration scripts.
c:\Users\kiran\Desktop\rvce-resource-allocator\backend\bin\main\db\migration\V2__rooms_timetable.sql,,SQL,L16,,,--
c:\Users\kiran\Desktop\rvce-resource-allocator\backend\bin\main\db\migration\V2__rooms_timetable.sql,,SQL,L17,,,--   [D9] timetable_slots.row_version (INTEGER) for optimistic
c:\Users\kiran\Desktop\rvce-resource-allocator\backend\bin\main\db\migration\V2__rooms_timetable.sql,,SQL,L18,,,--        locking. When two teachers simultaneously try to claim
c:\Users\kiran\Desktop\rvce-resource-allocator\backend\bin\main\db\migration\V2__rooms_timetable.sql,,SQL,L19,,,"--        the same freed slot, JPA includes row_version in the"
c:\Users\kiran\Desktop\rvce-resource-allocator\backend\bin\main\db\migration\V2__rooms_timetable.sql,,SQL,L20,,,--        UPDATE WHERE clause. Second writer's version doesn't
c:\Users\kiran\Desktop\rvce-resource-allocator\backend\bin\main\db\migration\V2__rooms_timetable.sql,,SQL,L21,,,--        match -> OptimisticLockException -> clean 409 response.
c:\Users\kiran\Desktop\rvce-resource-allocator\backend\bin\main\db\migration\V2__rooms_timetable.sql,,SQL,L22,,,--        Alternative (pessimistic SELECT FOR UPDATE) blocks the
c:\Users\kiran\Desktop\rvce-resource-allocator\backend\bin\main\db\migration\V2__rooms_timetable.sql,,SQL,L23,,,--        second connection thread entirely - bad under load.
c:\Users\kiran\Desktop\rvce-resource-allocator\backend\bin\main\db\migration\V2__rooms_timetable.sql,,SQL,L24,,,--
c:\Users\kiran\Desktop\rvce-resource-allocator\backend\bin\main\db\migration\V2__rooms_timetable.sql,,SQL,L25,,,--   [D10] day_overrides is SEPARATE from timetable_slots.
c:\Users\kiran\Desktop\rvce-resource-allocator\backend\bin\main\db\migration\V2__rooms_timetable.sql,,SQL,L26,,,--         timetable_slots = immutable canonical schedule.
c:\Users\kiran\Desktop\rvce-resource-allocator\backend\bin\main\db\migration\V2__rooms_timetable.sql,,SQL,L27,,,--         day_overrides = ephemeral day-level events.
c:\Users\kiran\Desktop\rvce-resource-allocator\backend\bin\main\db\migration\V2__rooms_timetable.sql,,SQL,L28,,,--         Keeps the schedule auditable and rollback-safe.
c:\Users\kiran\Desktop\rvce-resource-allocator\backend\bin\main\db\migration\V2__rooms_timetable.sql,,SQL,L29,,,--         A cancelled class doesn't touch the master timetable.
c:\Users\kiran\Desktop\rvce-resource-allocator\backend\bin\main\db\migration\V2__rooms_timetable.sql,,SQL,L30,,,--
c:\Users\kiran\Desktop\rvce-resource-allocator\backend\bin\main\db\migration\V2__rooms_timetable.sql,,SQL,L31,,,--   [D11] occupancy_records.slot_id is NULLABLE.
c:\Users\kiran\Desktop\rvce-resource-allocator\backend\bin\main\db\migration\V2__rooms_timetable.sql,,SQL,L32,,,--         Teachers can check if a room is empty OUTSIDE a
c:\Users\kiran\Desktop\rvce-resource-allocator\backend\bin\main\db\migration\V2__rooms_timetable.sql,,SQL,L33,,,--         scheduled slot (ad-hoc check). Forcing NOT NULL would
c:\Users\kiran\Desktop\rvce-resource-allocator\backend\bin\main\db\migration\V2__rooms_timetable.sql,,SQL,L34,,,--         block this valid use case entirely.
c:\Users\kiran\Desktop\rvce-resource-allocator\backend\bin\main\db\migration\V2__rooms_timetable.sql,,SQL,L35,,,--
c:\Users\kiran\Desktop\rvce-resource-allocator\backend\bin\main\db\migration\V2__rooms_timetable.sql,,SQL,L36,,,"--   [D12] latitude/longitude stored as NUMERIC(10,7) not FLOAT."
c:\Users\kiran\Desktop\rvce-resource-allocator\backend\bin\main\db\migration\V2__rooms_timetable.sql,,SQL,L37,,,--         FLOAT has representation errors (0.1+0.2 != 0.3).
c:\Users\kiran\Desktop\rvce-resource-allocator\backend\bin\main\db\migration\V2__rooms_timetable.sql,,SQL,L38,,,--         GPS coordinates at 7 decimal places = 1cm precision.
c:\Users\kiran\Desktop\rvce-resource-allocator\backend\bin\main\db\migration\V2__rooms_timetable.sql,,SQL,L39,,,--         NUMERIC is exact decimal arithmetic.
c:\Users\kiran\Desktop\rvce-resource-allocator\backend\bin\main\db\migration\V2__rooms_timetable.sql,,SQL,L40,,,-- ============================================================
c:\Users\kiran\Desktop\rvce-resource-allocator\backend\bin\main\db\migration\V2__rooms_timetable.sql,,SQL,L42,,,-- ─── ROOMS ───────────────────────────────────────────────────
c:\Users\kiran\Desktop\rvce-resource-allocator\backend\bin\main\db\migration\V2__rooms_timetable.sql,,SQL,L49,,,-- bench grid (NULL for non-exam rooms - DECISION [D7])
c:\Users\kiran\Desktop\rvce-resource-allocator\backend\bin\main\db\migration\V2__rooms_timetable.sql,,SQL,L55,,,-- GPS for campus map (NUMERIC not FLOAT - DECISION [D12])
c:\Users\kiran\Desktop\rvce-resource-allocator\backend\bin\main\db\migration\V2__rooms_timetable.sql,,SQL,L85,,,-- ─── TIMETABLE_VERSIONS ──────────────────────────────────────
c:\Users\kiran\Desktop\rvce-resource-allocator\backend\bin\main\db\migration\V2__rooms_timetable.sql,,SQL,L86,,,-- DECISION [D8]: versioning without deleting old data
c:\Users\kiran\Desktop\rvce-resource-allocator\backend\bin\main\db\migration\V2__rooms_timetable.sql,,SQL,L100,,,-- DECISION: only one ACTIVE version per semester per year
c:\Users\kiran\Desktop\rvce-resource-allocator\backend\bin\main\db\migration\V2__rooms_timetable.sql,,SQL,L101,,,"-- Prevents ambiguity when querying ""what is today's schedule?"""
c:\Users\kiran\Desktop\rvce-resource-allocator\backend\bin\main\db\migration\V2__rooms_timetable.sql,,SQL,L106,,,-- ─── TIMETABLE_SLOTS ─────────────────────────────────────────
c:\Users\kiran\Desktop\rvce-resource-allocator\backend\bin\main\db\migration\V2__rooms_timetable.sql,,SQL,L107,,,-- Core scheduling table. One row = one recurring weekly slot.
c:\Users\kiran\Desktop\rvce-resource-allocator\backend\bin\main\db\migration\V2__rooms_timetable.sql,,SQL,L108,,,-- DECISION: stores day_of_week + period_number (recurring pattern)
c:\Users\kiran\Desktop\rvce-resource-allocator\backend\bin\main\db\migration\V2__rooms_timetable.sql,,SQL,L109,,,-- not specific dates. day_overrides handles specific-date exceptions.
c:\Users\kiran\Desktop\rvce-resource-allocator\backend\bin\main\db\migration\V2__rooms_timetable.sql,,SQL,L110,,,-- This avoids inserting 180 rows (one per semester day) per slot.
c:\Users\kiran\Desktop\rvce-resource-allocator\backend\bin\main\db\migration\V2__rooms_timetable.sql,,SQL,L125,,,-- DECISION [D9]: optimistic locking column
c:\Users\kiran\Desktop\rvce-resource-allocator\backend\bin\main\db\migration\V2__rooms_timetable.sql,,SQL,L126,,,-- JPA @Version maps to this. Never set manually.
c:\Users\kiran\Desktop\rvce-resource-allocator\backend\bin\main\db\migration\V2__rooms_timetable.sql,,SQL,L133,,,-- DECISION: room cannot be double-booked in same version
c:\Users\kiran\Desktop\rvce-resource-allocator\backend\bin\main\db\migration\V2__rooms_timetable.sql,,SQL,L134,,,-- DB enforces this even if application validation is bypassed
c:\Users\kiran\Desktop\rvce-resource-allocator\backend\bin\main\db\migration\V2__rooms_timetable.sql,,SQL,L136,,,-- DECISION: teacher cannot be in two rooms simultaneously
c:\Users\kiran\Desktop\rvce-resource-allocator\backend\bin\main\db\migration\V2__rooms_timetable.sql,,SQL,L143,,,-- ─── DAY_OVERRIDES ───────────────────────────────────────────
c:\Users\kiran\Desktop\rvce-resource-allocator\backend\bin\main\db\migration\V2__rooms_timetable.sql,,SQL,L144,,,-- DECISION [D10]: separate from timetable_slots
c:\Users\kiran\Desktop\rvce-resource-allocator\backend\bin\main\db\migration\V2__rooms_timetable.sql,,SQL,L145,,,-- Records: class cancelled today / room claimed by another teacher
c:\Users\kiran\Desktop\rvce-resource-allocator\backend\bin\main\db\migration\V2__rooms_timetable.sql,,SQL,L146,,,-- DECISION: override_id uses BIGSERIAL for auto-increment IDs (aligns with JPA entity)
c:\Users\kiran\Desktop\rvce-resource-allocator\backend\bin\main\db\migration\V2__rooms_timetable.sql,,SQL,L153,,,-- acting_teacher_id: who claimed this slot (NULL if just cancelled)
c:\Users\kiran\Desktop\rvce-resource-allocator\backend\bin\main\db\migration\V2__rooms_timetable.sql,,SQL,L159,,,-- DECISION: one override per slot per date
c:\Users\kiran\Desktop\rvce-resource-allocator\backend\bin\main\db\migration\V2__rooms_timetable.sql,,SQL,L160,,,"-- Prevents: teacher cancels, then tries to cancel again same day"
c:\Users\kiran\Desktop\rvce-resource-allocator\backend\bin\main\db\migration\V2__rooms_timetable.sql,,SQL,L172,,,-- ─── BLACKOUT_DATES ──────────────────────────────────────────
c:\Users\kiran\Desktop\rvce-resource-allocator\backend\bin\main\db\migration\V2__rooms_timetable.sql,,SQL,L173,,,-- DECISION: separate from day_overrides because blackouts are
c:\Users\kiran\Desktop\rvce-resource-allocator\backend\bin\main\db\migration\V2__rooms_timetable.sql,,SQL,L174,,,-- GLOBAL policy (no classes on Diwali) not slot-specific.
c:\Users\kiran\Desktop\rvce-resource-allocator\backend\bin\main\db\migration\V2__rooms_timetable.sql,,SQL,L175,,,-- dept_id NULL = college-wide blackout. Set = dept-only holiday.
c:\Users\kiran\Desktop\rvce-resource-allocator\backend\bin\main\db\migration\V2__rooms_timetable.sql,,SQL,L189,,,-- ─── OCCUPANCY_RECORDS ───────────────────────────────────────
c:\Users\kiran\Desktop\rvce-resource-allocator\backend\bin\main\db\migration\V2__rooms_timetable.sql,,SQL,L190,,,"-- DECISION [D11]: event log, not current status column"
c:\Users\kiran\Desktop\rvce-resource-allocator\backend\bin\main\db\migration\V2__rooms_timetable.sql,,SQL,L191,,,-- Each check is a timestamped record. Enables:
c:\Users\kiran\Desktop\rvce-resource-allocator\backend\bin\main\db\migration\V2__rooms_timetable.sql,,SQL,L192,,,"--   ""Was room A201 occupied at 10am yesterday?"" (forensic query)"
c:\Users\kiran\Desktop\rvce-resource-allocator\backend\bin\main\db\migration\V2__rooms_timetable.sql,,SQL,L193,,,"-- If we stored only current status on rooms table, history is lost."
c:\Users\kiran\Desktop\rvce-resource-allocator\backend\bin\main\db\migration\V2__rooms_timetable.sql,,SQL,L197,,,-- NULL slot_id = ad-hoc check outside scheduled slot
c:\Users\kiran\Desktop\rvce-resource-allocator\backend\bin\main\db\migration\V2__rooms_timetable.sql,,SQL,L216,,,-- AI checks must have confidence score
c:\Users\kiran\Desktop\rvce-resource-allocator\backend\bin\main\db\migration\V3__exam_seating.sql,,File,V3__exam_seating.sql,,,
c:\Users\kiran\Desktop\rvce-resource-allocator\backend\bin\main\db\migration\V3__exam_seating.sql,,SQL,L1,,,-- ============================================================
c:\Users\kiran\Desktop\rvce-resource-allocator\backend\bin\main\db\migration\V3__exam_seating.sql,,SQL,L2,,,-- V3__exam_seating.sql
c:\Users\kiran\Desktop\rvce-resource-allocator\backend\bin\main\db\migration\V3__exam_seating.sql,,SQL,L3,,,"-- SCAS - Exam Sessions, Halls, Constraints, Seats, Jobs"
c:\Users\kiran\Desktop\rvce-resource-allocator\backend\bin\main\db\migration\V3__exam_seating.sql,,SQL,L4,,,--
c:\Users\kiran\Desktop\rvce-resource-allocator\backend\bin\main\db\migration\V3__exam_seating.sql,,SQL,L5,,,-- DECISION LOG:
c:\Users\kiran\Desktop\rvce-resource-allocator\backend\bin\main\db\migration\V3__exam_seating.sql,,SQL,L6,,,--   [D13] exam_halls is a junction between exam_sessions and
c:\Users\kiran\Desktop\rvce-resource-allocator\backend\bin\main\db\migration\V3__exam_seating.sql,,SQL,L7,,,--         rooms. One exam may use 5 rooms simultaneously.
c:\Users\kiran\Desktop\rvce-resource-allocator\backend\bin\main\db\migration\V3__exam_seating.sql,,SQL,L8,,,--         assigned_capacity is stored separately from rooms.capacity
c:\Users\kiran\Desktop\rvce-resource-allocator\backend\bin\main\db\migration\V3__exam_seating.sql,,SQL,L9,,,--         because you might intentionally use only 80 of 100 seats
c:\Users\kiran\Desktop\rvce-resource-allocator\backend\bin\main\db\migration\V3__exam_seating.sql,,SQL,L10,,,"--         (reserve for last-minute additions). Without this, you'd"
c:\Users\kiran\Desktop\rvce-resource-allocator\backend\bin\main\db\migration\V3__exam_seating.sql,,SQL,L11,,,--         have no record of the intended exam capacity.
c:\Users\kiran\Desktop\rvce-resource-allocator\backend\bin\main\db\migration\V3__exam_seating.sql,,SQL,L12,,,--
c:\Users\kiran\Desktop\rvce-resource-allocator\backend\bin\main\db\migration\V3__exam_seating.sql,,SQL,L13,,,--   [D14] seating_constraints.parameters is JSONB not separate
c:\Users\kiran\Desktop\rvce-resource-allocator\backend\bin\main\db\migration\V3__exam_seating.sql,,SQL,L14,,,--         columns. Each constraint type has a completely different
c:\Users\kiran\Desktop\rvce-resource-allocator\backend\bin\main\db\migration\V3__exam_seating.sql,,SQL,L15,,,--         parameter shape:
c:\Users\kiran\Desktop\rvce-resource-allocator\backend\bin\main\db\migration\V3__exam_seating.sql,,SQL,L16,,,--           NoBranchAdjacent    -> {}  (no params)
c:\Users\kiran\Desktop\rvce-resource-allocator\backend\bin\main\db\migration\V3__exam_seating.sql,,SQL,L17,,,"--           FrontRowReserved    -> {""rows"": 2}"
c:\Users\kiran\Desktop\rvce-resource-allocator\backend\bin\main\db\migration\V3__exam_seating.sql,,SQL,L18,,,"--           ExclusionZone       -> {""positions"": [[1,3],[2,4],[5,2]]}"
c:\Users\kiran\Desktop\rvce-resource-allocator\backend\bin\main\db\migration\V3__exam_seating.sql,,SQL,L19,,,"--           MaxSameBranchPerRow -> {""max"": 3}"
c:\Users\kiran\Desktop\rvce-resource-allocator\backend\bin\main\db\migration\V3__exam_seating.sql,,SQL,L20,,,--         A fixed column schema would require NULLs in 90% of cells.
c:\Users\kiran\Desktop\rvce-resource-allocator\backend\bin\main\db\migration\V3__exam_seating.sql,,SQL,L21,,,--         JSONB + GIN index handles containment queries efficiently.
c:\Users\kiran\Desktop\rvce-resource-allocator\backend\bin\main\db\migration\V3__exam_seating.sql,,SQL,L22,,,--
c:\Users\kiran\Desktop\rvce-resource-allocator\backend\bin\main\db\migration\V3__exam_seating.sql,,SQL,L23,,,--   [D15] exam_students.student_id FK is NULLABLE.
c:\Users\kiran\Desktop\rvce-resource-allocator\backend\bin\main\db\migration\V3__exam_seating.sql,,SQL,L24,,,--         External students (competitive exams hosted at RVCE)
c:\Users\kiran\Desktop\rvce-resource-allocator\backend\bin\main\db\migration\V3__exam_seating.sql,,SQL,L25,,,--         have no user accounts in the system. They're identified
c:\Users\kiran\Desktop\rvce-resource-allocator\backend\bin\main\db\migration\V3__exam_seating.sql,,SQL,L26,,,--         by USN only. Forcing NOT NULL would block this real use case.
c:\Users\kiran\Desktop\rvce-resource-allocator\backend\bin\main\db\migration\V3__exam_seating.sql,,SQL,L27,,,--
c:\Users\kiran\Desktop\rvce-resource-allocator\backend\bin\main\db\migration\V3__exam_seating.sql,,SQL,L28,,,--   [D16] seating_jobs table exists because CSP algorithm runs
c:\Users\kiran\Desktop\rvce-resource-allocator\backend\bin\main\db\migration\V3__exam_seating.sql,,SQL,L29,,,--         async (up to 30 seconds for 600 students). The POST
c:\Users\kiran\Desktop\rvce-resource-allocator\backend\bin\main\db\migration\V3__exam_seating.sql,,SQL,L30,,,--         /generate endpoint returns job_id immediately; frontend
c:\Users\kiran\Desktop\rvce-resource-allocator\backend\bin\main\db\migration\V3__exam_seating.sql,,SQL,L31,,,--         polls GET /jobs/{id}. Without this table: no way to
c:\Users\kiran\Desktop\rvce-resource-allocator\backend\bin\main\db\migration\V3__exam_seating.sql,,SQL,L32,,,"--         report partial results, constraint violations, or failure"
c:\Users\kiran\Desktop\rvce-resource-allocator\backend\bin\main\db\migration\V3__exam_seating.sql,,SQL,L33,,,--         reasons back to the coordinator.
c:\Users\kiran\Desktop\rvce-resource-allocator\backend\bin\main\db\migration\V3__exam_seating.sql,,SQL,L34,,,--
c:\Users\kiran\Desktop\rvce-resource-allocator\backend\bin\main\db\migration\V3__exam_seating.sql,,SQL,L35,,,--   [D17] exam_seats has a UNIQUE constraint on
c:\Users\kiran\Desktop\rvce-resource-allocator\backend\bin\main\db\migration\V3__exam_seating.sql,,SQL,L36,,,"--         (exam_id, hall_id, bench_row, bench_col)."
c:\Users\kiran\Desktop\rvce-resource-allocator\backend\bin\main\db\migration\V3__exam_seating.sql,,SQL,L37,,,--         This is the DB-level guarantee that no two students
c:\Users\kiran\Desktop\rvce-resource-allocator\backend\bin\main\db\migration\V3__exam_seating.sql,,SQL,L38,,,--         share the same physical bench. Even if the CSP algorithm
c:\Users\kiran\Desktop\rvce-resource-allocator\backend\bin\main\db\migration\V3__exam_seating.sql,,SQL,L39,,,"--         has a bug, the DB rejects the invalid insert."
c:\Users\kiran\Desktop\rvce-resource-allocator\backend\bin\main\db\migration\V3__exam_seating.sql,,SQL,L40,,,--
c:\Users\kiran\Desktop\rvce-resource-allocator\backend\bin\main\db\migration\V3__exam_seating.sql,,SQL,L41,,,--   [D18] exam_seats.is_manual_override = TRUE flags seats that
c:\Users\kiran\Desktop\rvce-resource-allocator\backend\bin\main\db\migration\V3__exam_seating.sql,,SQL,L42,,,--         were moved by the coordinator after CSP generation.
c:\Users\kiran\Desktop\rvce-resource-allocator\backend\bin\main\db\migration\V3__exam_seating.sql,,SQL,L43,,,"--         Used in audit queries: ""how many seats did we manually"
c:\Users\kiran\Desktop\rvce-resource-allocator\backend\bin\main\db\migration\V3__exam_seating.sql,,SQL,L44,,,"--         adjust?"" Helps evaluate algorithm quality over time."
c:\Users\kiran\Desktop\rvce-resource-allocator\backend\bin\main\db\migration\V3__exam_seating.sql,,SQL,L45,,,-- ============================================================
c:\Users\kiran\Desktop\rvce-resource-allocator\backend\bin\main\db\migration\V3__exam_seating.sql,,SQL,L47,,,-- ─── EXAM_SESSIONS ───────────────────────────────────────────
c:\Users\kiran\Desktop\rvce-resource-allocator\backend\bin\main\db\migration\V3__exam_seating.sql,,SQL,L71,,,-- DECISION: published_at only set when status=PUBLISHED
c:\Users\kiran\Desktop\rvce-resource-allocator\backend\bin\main\db\migration\V3__exam_seating.sql,,SQL,L82,,,-- ─── EXAM_HALLS ──────────────────────────────────────────────
c:\Users\kiran\Desktop\rvce-resource-allocator\backend\bin\main\db\migration\V3__exam_seating.sql,,SQL,L83,,,"-- DECISION [D13]: junction table, not a column on exam_sessions"
c:\Users\kiran\Desktop\rvce-resource-allocator\backend\bin\main\db\migration\V3__exam_seating.sql,,SQL,L84,,,-- Enables: 1 exam -> many halls
c:\Users\kiran\Desktop\rvce-resource-allocator\backend\bin\main\db\migration\V3__exam_seating.sql,,SQL,L90,,,-- assigned_capacity may be < room.capacity (DECISION [D13])
c:\Users\kiran\Desktop\rvce-resource-allocator\backend\bin\main\db\migration\V3__exam_seating.sql,,SQL,L105,,,-- ─── EXAM_STUDENTS ───────────────────────────────────────────
c:\Users\kiran\Desktop\rvce-resource-allocator\backend\bin\main\db\migration\V3__exam_seating.sql,,SQL,L106,,,-- DECISION [D15]: student_id nullable for external students
c:\Users\kiran\Desktop\rvce-resource-allocator\backend\bin\main\db\migration\V3__exam_seating.sql,,SQL,L111,,,-- NULL for external students (competitive exams at RVCE)
c:\Users\kiran\Desktop\rvce-resource-allocator\backend\bin\main\db\migration\V3__exam_seating.sql,,SQL,L121,,,-- DECISION: one student per exam (prevent duplicate enrollment)
c:\Users\kiran\Desktop\rvce-resource-allocator\backend\bin\main\db\migration\V3__exam_seating.sql,,SQL,L129,,,-- ─── SEATING_CONSTRAINTS ─────────────────────────────────────
c:\Users\kiran\Desktop\rvce-resource-allocator\backend\bin\main\db\migration\V3__exam_seating.sql,,SQL,L130,,,-- DECISION [D14]: JSONB parameters column
c:\Users\kiran\Desktop\rvce-resource-allocator\backend\bin\main\db\migration\V3__exam_seating.sql,,SQL,L131,,,-- Each constraint type has a different parameter shape.
c:\Users\kiran\Desktop\rvce-resource-allocator\backend\bin\main\db\migration\V3__exam_seating.sql,,SQL,L132,,,-- GIN index on parameters enables @> containment queries.
c:\Users\kiran\Desktop\rvce-resource-allocator\backend\bin\main\db\migration\V3__exam_seating.sql,,SQL,L138,,,-- JSONB: flexible per-type params (DECISION [D14])
c:\Users\kiran\Desktop\rvce-resource-allocator\backend\bin\main\db\migration\V3__exam_seating.sql,,SQL,L141,,,-- priority: lower number = evaluated first in CSP
c:\Users\kiran\Desktop\rvce-resource-allocator\backend\bin\main\db\migration\V3__exam_seating.sql,,SQL,L154,,,-- DECISION: each constraint type appears once per exam
c:\Users\kiran\Desktop\rvce-resource-allocator\backend\bin\main\db\migration\V3__exam_seating.sql,,SQL,L160,,,-- ─── SEATING_JOBS ────────────────────────────────────────────
c:\Users\kiran\Desktop\rvce-resource-allocator\backend\bin\main\db\migration\V3__exam_seating.sql,,SQL,L161,,,-- DECISION [D16]: async CSP tracking
c:\Users\kiran\Desktop\rvce-resource-allocator\backend\bin\main\db\migration\V3__exam_seating.sql,,SQL,L162,,,-- CSP may run 30 seconds. This table is polled by frontend.
c:\Users\kiran\Desktop\rvce-resource-allocator\backend\bin\main\db\migration\V3__exam_seating.sql,,SQL,L170,,,-- JSONB arrays stored here for partial result reporting
c:\Users\kiran\Desktop\rvce-resource-allocator\backend\bin\main\db\migration\V3__exam_seating.sql,,SQL,L185,,,-- ─── EXAM_SEATS ──────────────────────────────────────────────
c:\Users\kiran\Desktop\rvce-resource-allocator\backend\bin\main\db\migration\V3__exam_seating.sql,,SQL,L186,,,-- DECISION [D17]: DB-level unique bench guarantee
c:\Users\kiran\Desktop\rvce-resource-allocator\backend\bin\main\db\migration\V3__exam_seating.sql,,SQL,L187,,,-- DECISION [D18]: is_manual_override tracks algorithm quality
c:\Users\kiran\Desktop\rvce-resource-allocator\backend\bin\main\db\migration\V3__exam_seating.sql,,SQL,L206,,,-- DECISION [D17]: physical bench uniqueness enforced at DB level
c:\Users\kiran\Desktop\rvce-resource-allocator\backend\bin\main\db\migration\V3__exam_seating.sql,,SQL,L208,,,-- DECISION: student gets exactly one seat per exam
c:\Users\kiran\Desktop\rvce-resource-allocator\backend\bin\main\db\migration\V4__notifications_audit.sql,,File,V4__notifications_audit.sql,,,
c:\Users\kiran\Desktop\rvce-resource-allocator\backend\bin\main\db\migration\V4__notifications_audit.sql,,SQL,L1,,,-- ============================================================
c:\Users\kiran\Desktop\rvce-resource-allocator\backend\bin\main\db\migration\V4__notifications_audit.sql,,SQL,L2,,,-- V4__notifications_audit.sql
c:\Users\kiran\Desktop\rvce-resource-allocator\backend\bin\main\db\migration\V4__notifications_audit.sql,,SQL,L3,,,"-- SCAS - Notifications, FCM Tokens, Reports, Audit Logs"
c:\Users\kiran\Desktop\rvce-resource-allocator\backend\bin\main\db\migration\V4__notifications_audit.sql,,SQL,L4,,,--
c:\Users\kiran\Desktop\rvce-resource-allocator\backend\bin\main\db\migration\V4__notifications_audit.sql,,SQL,L5,,,-- DECISION LOG:
c:\Users\kiran\Desktop\rvce-resource-allocator\backend\bin\main\db\migration\V4__notifications_audit.sql,,SQL,L6,,,--   [D19] audit_logs has NO FOREIGN KEYS.
c:\Users\kiran\Desktop\rvce-resource-allocator\backend\bin\main\db\migration\V4__notifications_audit.sql,,SQL,L7,,,--         FKs on an audit table would prevent deleting a user
c:\Users\kiran\Desktop\rvce-resource-allocator\backend\bin\main\db\migration\V4__notifications_audit.sql,,SQL,L8,,,"--         (e.g., after legal retention period or GDPR request)"
c:\Users\kiran\Desktop\rvce-resource-allocator\backend\bin\main\db\migration\V4__notifications_audit.sql,,SQL,L9,,,"--         because audit records reference them. With NO FKs,"
c:\Users\kiran\Desktop\rvce-resource-allocator\backend\bin\main\db\migration\V4__notifications_audit.sql,,SQL,L10,,,--         audit records survive independently forever.
c:\Users\kiran\Desktop\rvce-resource-allocator\backend\bin\main\db\migration\V4__notifications_audit.sql,,SQL,L11,,,--         actor_email and actor_role are DENORMALISED here so
c:\Users\kiran\Desktop\rvce-resource-allocator\backend\bin\main\db\migration\V4__notifications_audit.sql,,SQL,L12,,,--         the audit trail is human-readable even after user deletion.
c:\Users\kiran\Desktop\rvce-resource-allocator\backend\bin\main\db\migration\V4__notifications_audit.sql,,SQL,L13,,,--
c:\Users\kiran\Desktop\rvce-resource-allocator\backend\bin\main\db\migration\V4__notifications_audit.sql,,SQL,L14,,,--   [D20] notifications.payload is JSONB.
c:\Users\kiran\Desktop\rvce-resource-allocator\backend\bin\main\db\migration\V4__notifications_audit.sql,,SQL,L15,,,"--         The notification body is a string (""Your seat is ready"")"
c:\Users\kiran\Desktop\rvce-resource-allocator\backend\bin\main\db\migration\V4__notifications_audit.sql,,SQL,L16,,,--         but the action data needs structure for deep-linking:
c:\Users\kiran\Desktop\rvce-resource-allocator\backend\bin\main\db\migration\V4__notifications_audit.sql,,SQL,L17,,,"--           {""exam_id"": ""..."", ""room"": ""A201"", ""floor"": 2, ""bench"": ""B-14""}"
c:\Users\kiran\Desktop\rvce-resource-allocator\backend\bin\main\db\migration\V4__notifications_audit.sql,,SQL,L18,,,"--         Without JSONB, frontend can't render a ""Navigate"" button."
c:\Users\kiran\Desktop\rvce-resource-allocator\backend\bin\main\db\migration\V4__notifications_audit.sql,,SQL,L19,,,--         Pre-defining every notification type's columns would
c:\Users\kiran\Desktop\rvce-resource-allocator\backend\bin\main\db\migration\V4__notifications_audit.sql,,SQL,L20,,,--         require schema changes for each new notification type.
c:\Users\kiran\Desktop\rvce-resource-allocator\backend\bin\main\db\migration\V4__notifications_audit.sql,,SQL,L21,,,--
c:\Users\kiran\Desktop\rvce-resource-allocator\backend\bin\main\db\migration\V4__notifications_audit.sql,,SQL,L22,,,--   [D21] fcm_device_tokens is a SEPARATE TABLE from users.
c:\Users\kiran\Desktop\rvce-resource-allocator\backend\bin\main\db\migration\V4__notifications_audit.sql,,SQL,L23,,,--         One user can have multiple devices (phone + laptop + tablet).
c:\Users\kiran\Desktop\rvce-resource-allocator\backend\bin\main\db\migration\V4__notifications_audit.sql,,SQL,L24,,,--         A single fcm_token column on users supports only the last
c:\Users\kiran\Desktop\rvce-resource-allocator\backend\bin\main\db\migration\V4__notifications_audit.sql,,SQL,L25,,,--         registered device. This table enables fan-out:
c:\Users\kiran\Desktop\rvce-resource-allocator\backend\bin\main\db\migration\V4__notifications_audit.sql,,SQL,L26,,,--           SELECT * FROM fcm_device_tokens
c:\Users\kiran\Desktop\rvce-resource-allocator\backend\bin\main\db\migration\V4__notifications_audit.sql,,SQL,L27,,,--           WHERE user_id = ? AND is_active = TRUE
c:\Users\kiran\Desktop\rvce-resource-allocator\backend\bin\main\db\migration\V4__notifications_audit.sql,,SQL,L28,,,--         -> send to ALL their devices simultaneously.
c:\Users\kiran\Desktop\rvce-resource-allocator\backend\bin\main\db\migration\V4__notifications_audit.sql,,SQL,L29,,,--
c:\Users\kiran\Desktop\rvce-resource-allocator\backend\bin\main\db\migration\V4__notifications_audit.sql,,SQL,L30,,,--   [D22] notification_batches tracks bulk sends.
c:\Users\kiran\Desktop\rvce-resource-allocator\backend\bin\main\db\migration\V4__notifications_audit.sql,,SQL,L31,,,"--         When exam seats are published, 500+ students are notified"
c:\Users\kiran\Desktop\rvce-resource-allocator\backend\bin\main\db\migration\V4__notifications_audit.sql,,SQL,L32,,,"--         simultaneously. Without batch tracking, there's no way to"
c:\Users\kiran\Desktop\rvce-resource-allocator\backend\bin\main\db\migration\V4__notifications_audit.sql,,SQL,L33,,,--         know: how many were delivered? how many failed? which failed?
c:\Users\kiran\Desktop\rvce-resource-allocator\backend\bin\main\db\migration\V4__notifications_audit.sql,,SQL,L34,,,--         This enables retry logic: re-send only to failed recipients.
c:\Users\kiran\Desktop\rvce-resource-allocator\backend\bin\main\db\migration\V4__notifications_audit.sql,,SQL,L35,,,--
c:\Users\kiran\Desktop\rvce-resource-allocator\backend\bin\main\db\migration\V4__notifications_audit.sql,,SQL,L36,,,--   [D23] reports table stores MinIO presigned URL + expiry.
c:\Users\kiran\Desktop\rvce-resource-allocator\backend\bin\main\db\migration\V4__notifications_audit.sql,,SQL,L37,,,--         PDFs are generated on-demand and cached in MinIO for 1 hour.
c:\Users\kiran\Desktop\rvce-resource-allocator\backend\bin\main\db\migration\V4__notifications_audit.sql,,SQL,L38,,,--         If the coordinator re-requests within 1 hour: return cached URL.
c:\Users\kiran\Desktop\rvce-resource-allocator\backend\bin\main\db\migration\V4__notifications_audit.sql,,SQL,L39,,,--         After expiry: generate fresh PDF. Avoids re-running expensive
c:\Users\kiran\Desktop\rvce-resource-allocator\backend\bin\main\db\migration\V4__notifications_audit.sql,,SQL,L40,,,--         iText PDF generation on every request.
c:\Users\kiran\Desktop\rvce-resource-allocator\backend\bin\main\db\migration\V4__notifications_audit.sql,,SQL,L41,,,--
c:\Users\kiran\Desktop\rvce-resource-allocator\backend\bin\main\db\migration\V4__notifications_audit.sql,,SQL,L42,,,--   [D24] audit_logs.created_at has no DEFAULT.
c:\Users\kiran\Desktop\rvce-resource-allocator\backend\bin\main\db\migration\V4__notifications_audit.sql,,SQL,L43,,,"--         It is set by the application at the moment of the event,"
c:\Users\kiran\Desktop\rvce-resource-allocator\backend\bin\main\db\migration\V4__notifications_audit.sql,,SQL,L44,,,--         not at DB insert time (which could be slightly later due to
c:\Users\kiran\Desktop\rvce-resource-allocator\backend\bin\main\db\migration\V4__notifications_audit.sql,,SQL,L45,,,--         async audit dispatch). Precise event timing matters for
c:\Users\kiran\Desktop\rvce-resource-allocator\backend\bin\main\db\migration\V4__notifications_audit.sql,,SQL,L46,,,--         forensic reconstruction of sequences.
c:\Users\kiran\Desktop\rvce-resource-allocator\backend\bin\main\db\migration\V4__notifications_audit.sql,,SQL,L47,,,--         CORRECTION: DEFAULT NOW() is fine and safer.
c:\Users\kiran\Desktop\rvce-resource-allocator\backend\bin\main\db\migration\V4__notifications_audit.sql,,SQL,L48,,,-- ============================================================
c:\Users\kiran\Desktop\rvce-resource-allocator\backend\bin\main\db\migration\V4__notifications_audit.sql,,SQL,L50,,,-- ─── FCM_DEVICE_TOKENS ───────────────────────────────────────
c:\Users\kiran\Desktop\rvce-resource-allocator\backend\bin\main\db\migration\V4__notifications_audit.sql,,SQL,L51,,,-- DECISION [D21]: separate table for multi-device fan-out
c:\Users\kiran\Desktop\rvce-resource-allocator\backend\bin\main\db\migration\V4__notifications_audit.sql,,SQL,L68,,,-- ─── NOTIFICATION_BATCHES ────────────────────────────────────
c:\Users\kiran\Desktop\rvce-resource-allocator\backend\bin\main\db\migration\V4__notifications_audit.sql,,SQL,L69,,,-- DECISION [D22]: tracks bulk notification sends
c:\Users\kiran\Desktop\rvce-resource-allocator\backend\bin\main\db\migration\V4__notifications_audit.sql,,SQL,L96,,,-- ─── NOTIFICATIONS ───────────────────────────────────────────
c:\Users\kiran\Desktop\rvce-resource-allocator\backend\bin\main\db\migration\V4__notifications_audit.sql,,SQL,L97,,,-- DECISION [D20]: JSONB payload for structured deep-link data
c:\Users\kiran\Desktop\rvce-resource-allocator\backend\bin\main\db\migration\V4__notifications_audit.sql,,SQL,L107,,,-- JSONB payload for frontend deep-linking (DECISION [D20])
c:\Users\kiran\Desktop\rvce-resource-allocator\backend\bin\main\db\migration\V4__notifications_audit.sql,,SQL,L125,,,-- read_at only set when is_read = TRUE
c:\Users\kiran\Desktop\rvce-resource-allocator\backend\bin\main\db\migration\V4__notifications_audit.sql,,SQL,L132,,,-- ─── REPORTS ─────────────────────────────────────────────────
c:\Users\kiran\Desktop\rvce-resource-allocator\backend\bin\main\db\migration\V4__notifications_audit.sql,,SQL,L133,,,-- DECISION [D23]: cache generated PDFs in MinIO with presigned URL
c:\Users\kiran\Desktop\rvce-resource-allocator\backend\bin\main\db\migration\V4__notifications_audit.sql,,SQL,L138,,,-- Parameters used to generate (for cache key matching)
c:\Users\kiran\Desktop\rvce-resource-allocator\backend\bin\main\db\migration\V4__notifications_audit.sql,,SQL,L154,,,-- ─── AUDIT_LOGS ──────────────────────────────────────────────
c:\Users\kiran\Desktop\rvce-resource-allocator\backend\bin\main\db\migration\V4__notifications_audit.sql,,SQL,L155,,,-- DECISION [D19]: NO FOREIGN KEYS. Immutable event log.
c:\Users\kiran\Desktop\rvce-resource-allocator\backend\bin\main\db\migration\V4__notifications_audit.sql,,SQL,L156,,,-- Denormalised actor fields survive user deletion.
c:\Users\kiran\Desktop\rvce-resource-allocator\backend\bin\main\db\migration\V4__notifications_audit.sql,,SQL,L157,,,--
c:\Users\kiran\Desktop\rvce-resource-allocator\backend\bin\main\db\migration\V4__notifications_audit.sql,,SQL,L158,,,-- DECISION: No UPDATE or DELETE should EVER run on this table.
c:\Users\kiran\Desktop\rvce-resource-allocator\backend\bin\main\db\migration\V4__notifications_audit.sql,,SQL,L159,,,-- Enforce with a trigger that raises an exception on any attempt.
c:\Users\kiran\Desktop\rvce-resource-allocator\backend\bin\main\db\migration\V4__notifications_audit.sql,,SQL,L162,,,-- NO FK - immutable (DECISION [D19])
c:\Users\kiran\Desktop\rvce-resource-allocator\backend\bin\main\db\migration\V4__notifications_audit.sql,,SQL,L196,,,-- DECISION: Prevent any modification to audit_logs after insert.
c:\Users\kiran\Desktop\rvce-resource-allocator\backend\bin\main\db\migration\V4__notifications_audit.sql,,SQL,L197,,,-- This is a security control - even a compromised DB user cannot
c:\Users\kiran\Desktop\rvce-resource-allocator\backend\bin\main\db\migration\V4__notifications_audit.sql,,SQL,L198,,,-- cover their tracks by updating audit records.
c:\Users\kiran\Desktop\rvce-resource-allocator\backend\bin\main\db\migration\V5__indexes_constraints.sql,,File,V5__indexes_constraints.sql,,,
c:\Users\kiran\Desktop\rvce-resource-allocator\backend\bin\main\db\migration\V5__indexes_constraints.sql,,SQL,L1,,,-- ============================================================
c:\Users\kiran\Desktop\rvce-resource-allocator\backend\bin\main\db\migration\V5__indexes_constraints.sql,,SQL,L2,,,-- V5__indexes_constraints.sql
c:\Users\kiran\Desktop\rvce-resource-allocator\backend\bin\main\db\migration\V5__indexes_constraints.sql,,SQL,L3,,,"-- SCAS - Performance Indexes, Check Constraints"
c:\Users\kiran\Desktop\rvce-resource-allocator\backend\bin\main\db\migration\V5__indexes_constraints.sql,,SQL,L4,,,--
c:\Users\kiran\Desktop\rvce-resource-allocator\backend\bin\main\db\migration\V5__indexes_constraints.sql,,SQL,L5,,,-- DECISION LOG - INDEX STRATEGY:
c:\Users\kiran\Desktop\rvce-resource-allocator\backend\bin\main\db\migration\V5__indexes_constraints.sql,,SQL,L6,,,--
c:\Users\kiran\Desktop\rvce-resource-allocator\backend\bin\main\db\migration\V5__indexes_constraints.sql,,SQL,L7,,,--   INDEX RULE: Every index speeds up reads but SLOWS writes
c:\Users\kiran\Desktop\rvce-resource-allocator\backend\bin\main\db\migration\V5__indexes_constraints.sql,,SQL,L8,,,--   (PostgreSQL must update the index on every INSERT/UPDATE/DELETE).
c:\Users\kiran\Desktop\rvce-resource-allocator\backend\bin\main\db\migration\V5__indexes_constraints.sql,,SQL,L9,,,--   Each index below has a documented query justification.
c:\Users\kiran\Desktop\rvce-resource-allocator\backend\bin\main\db\migration\V5__indexes_constraints.sql,,SQL,L10,,,"--   We do NOT index every column - only those in WHERE, JOIN ON,"
c:\Users\kiran\Desktop\rvce-resource-allocator\backend\bin\main\db\migration\V5__indexes_constraints.sql,,SQL,L11,,,--   and ORDER BY clauses of the TOP 10 hottest queries.
c:\Users\kiran\Desktop\rvce-resource-allocator\backend\bin\main\db\migration\V5__indexes_constraints.sql,,SQL,L12,,,--
c:\Users\kiran\Desktop\rvce-resource-allocator\backend\bin\main\db\migration\V5__indexes_constraints.sql,,SQL,L13,,,"--   [I1] idx_slots_room_day_period (COMPOSITE, B-TREE)"
c:\Users\kiran\Desktop\rvce-resource-allocator\backend\bin\main\db\migration\V5__indexes_constraints.sql,,SQL,L14,,,"--        Query: ""Is room A201 free on Wednesday period 3?"""
c:\Users\kiran\Desktop\rvce-resource-allocator\backend\bin\main\db\migration\V5__indexes_constraints.sql,,SQL,L15,,,--        SELECT * FROM timetable_slots
c:\Users\kiran\Desktop\rvce-resource-allocator\backend\bin\main\db\migration\V5__indexes_constraints.sql,,SQL,L16,,,--        WHERE room_id = ? AND day_of_week = ? AND period_number = ?
c:\Users\kiran\Desktop\rvce-resource-allocator\backend\bin\main\db\migration\V5__indexes_constraints.sql,,SQL,L17,,,"--        Without index: full seq scan of ~50,000 rows (all slots all semesters)."
c:\Users\kiran\Desktop\rvce-resource-allocator\backend\bin\main\db\migration\V5__indexes_constraints.sql,,SQL,L18,,,--        With index: binary search -> ~log2(50000) = 16 comparisons.
c:\Users\kiran\Desktop\rvce-resource-allocator\backend\bin\main\db\migration\V5__indexes_constraints.sql,,SQL,L19,,,--        Column order matters: room_id first (highest cardinality = most selective).
c:\Users\kiran\Desktop\rvce-resource-allocator\backend\bin\main\db\migration\V5__indexes_constraints.sql,,SQL,L20,,,--        Adding version_id: lets WHERE version_id = ? use the same index.
c:\Users\kiran\Desktop\rvce-resource-allocator\backend\bin\main\db\migration\V5__indexes_constraints.sql,,SQL,L21,,,--
c:\Users\kiran\Desktop\rvce-resource-allocator\backend\bin\main\db\migration\V5__indexes_constraints.sql,,SQL,L22,,,"--   [I2] idx_exam_seats_student_exam (COMPOSITE, B-TREE)"
c:\Users\kiran\Desktop\rvce-resource-allocator\backend\bin\main\db\migration\V5__indexes_constraints.sql,,SQL,L23,,,"--        Query: ""Show my exam seat"" - runs on EVERY student login."
c:\Users\kiran\Desktop\rvce-resource-allocator\backend\bin\main\db\migration\V5__indexes_constraints.sql,,SQL,L24,,,--        Peak load: all students check simultaneously after exam publish.
c:\Users\kiran\Desktop\rvce-resource-allocator\backend\bin\main\db\migration\V5__indexes_constraints.sql,,SQL,L25,,,--        student_id first because we always filter by logged-in user.
c:\Users\kiran\Desktop\rvce-resource-allocator\backend\bin\main\db\migration\V5__indexes_constraints.sql,,SQL,L26,,,--
c:\Users\kiran\Desktop\rvce-resource-allocator\backend\bin\main\db\migration\V5__indexes_constraints.sql,,SQL,L27,,,"--   [I3] idx_rooms_name_gin (GIN, full-text search)"
c:\Users\kiran\Desktop\rvce-resource-allocator\backend\bin\main\db\migration\V5__indexes_constraints.sql,,SQL,L28,,,--        GIN = Generalised Inverted Index. Tokenises text into
c:\Users\kiran\Desktop\rvce-resource-allocator\backend\bin\main\db\migration\V5__indexes_constraints.sql,,SQL,L29,,,--        words -> maps words back to rows. Supports @@ operator.
c:\Users\kiran\Desktop\rvce-resource-allocator\backend\bin\main\db\migration\V5__indexes_constraints.sql,,SQL,L30,,,--        B-TREE on VARCHAR only helps with LIKE 'prefix%' queries.
c:\Users\kiran\Desktop\rvce-resource-allocator\backend\bin\main\db\migration\V5__indexes_constraints.sql,,SQL,L31,,,"--        GIN supports: WHERE to_tsvector('english', name) @@ plainto_tsquery('seminar hall B')"
c:\Users\kiran\Desktop\rvce-resource-allocator\backend\bin\main\db\migration\V5__indexes_constraints.sql,,SQL,L32,,,"--        DECISION: 'english' dictionary applies stemming (rooms->room, halls->hall)."
c:\Users\kiran\Desktop\rvce-resource-allocator\backend\bin\main\db\migration\V5__indexes_constraints.sql,,SQL,L33,,,--
c:\Users\kiran\Desktop\rvce-resource-allocator\backend\bin\main\db\migration\V5__indexes_constraints.sql,,SQL,L34,,,"--   [I4] idx_day_overrides_slot_date (COMPOSITE, B-TREE)"
c:\Users\kiran\Desktop\rvce-resource-allocator\backend\bin\main\db\migration\V5__indexes_constraints.sql,,SQL,L35,,,--        The real-time dashboard joins timetable_slots + day_overrides
c:\Users\kiran\Desktop\rvce-resource-allocator\backend\bin\main\db\migration\V5__indexes_constraints.sql,,SQL,L36,,,"--        to check ""is this slot cancelled today?"""
c:\Users\kiran\Desktop\rvce-resource-allocator\backend\bin\main\db\migration\V5__indexes_constraints.sql,,SQL,L37,,,--        Without index: nested loop join degrades to O(n*m).
c:\Users\kiran\Desktop\rvce-resource-allocator\backend\bin\main\db\migration\V5__indexes_constraints.sql,,SQL,L38,,,--
c:\Users\kiran\Desktop\rvce-resource-allocator\backend\bin\main\db\migration\V5__indexes_constraints.sql,,SQL,L39,,,"--   [I5] idx_notifs_user_unread (PARTIAL, B-TREE)"
c:\Users\kiran\Desktop\rvce-resource-allocator\backend\bin\main\db\migration\V5__indexes_constraints.sql,,SQL,L40,,,--        PARTIAL index: WHERE is_read = FALSE.
c:\Users\kiran\Desktop\rvce-resource-allocator\backend\bin\main\db\migration\V5__indexes_constraints.sql,,SQL,L41,,,--        Only indexes unread rows - a tiny fraction of the table.
c:\Users\kiran\Desktop\rvce-resource-allocator\backend\bin\main\db\migration\V5__indexes_constraints.sql,,SQL,L42,,,--        Read notifications accumulate in millions but don't bloat index.
c:\Users\kiran\Desktop\rvce-resource-allocator\backend\bin\main\db\migration\V5__indexes_constraints.sql,,SQL,L43,,,"--        created_at DESC: pre-sorted for ""newest first"" display."
c:\Users\kiran\Desktop\rvce-resource-allocator\backend\bin\main\db\migration\V5__indexes_constraints.sql,,SQL,L44,,,--
c:\Users\kiran\Desktop\rvce-resource-allocator\backend\bin\main\db\migration\V5__indexes_constraints.sql,,SQL,L45,,,"--   [I6] idx_constraints_params_gin (GIN, JSONB)"
c:\Users\kiran\Desktop\rvce-resource-allocator\backend\bin\main\db\migration\V5__indexes_constraints.sql,,SQL,L46,,,"--        CSP engine queries: ""find EXCLUSION_ZONE constraints with"
c:\Users\kiran\Desktop\rvce-resource-allocator\backend\bin\main\db\migration\V5__indexes_constraints.sql,,SQL,L47,,,"--        positions containing [2,3]"" using @> (containment)."
c:\Users\kiran\Desktop\rvce-resource-allocator\backend\bin\main\db\migration\V5__indexes_constraints.sql,,SQL,L48,,,--        JSONB GIN is the only index type that supports @>.
c:\Users\kiran\Desktop\rvce-resource-allocator\backend\bin\main\db\migration\V5__indexes_constraints.sql,,SQL,L49,,,--
c:\Users\kiran\Desktop\rvce-resource-allocator\backend\bin\main\db\migration\V5__indexes_constraints.sql,,SQL,L50,,,"--   [I7] idx_occupancy_room_date (COMPOSITE, B-TREE)"
c:\Users\kiran\Desktop\rvce-resource-allocator\backend\bin\main\db\migration\V5__indexes_constraints.sql,,SQL,L51,,,"--        ""Show all occupancy checks for room X on date Y"""
c:\Users\kiran\Desktop\rvce-resource-allocator\backend\bin\main\db\migration\V5__indexes_constraints.sql,,SQL,L52,,,--        Used in the occupancy history dashboard.
c:\Users\kiran\Desktop\rvce-resource-allocator\backend\bin\main\db\migration\V5__indexes_constraints.sql,,SQL,L53,,,--
c:\Users\kiran\Desktop\rvce-resource-allocator\backend\bin\main\db\migration\V5__indexes_constraints.sql,,SQL,L54,,,"--   [I8] idx_audit_actor_date (COMPOSITE, B-TREE)"
c:\Users\kiran\Desktop\rvce-resource-allocator\backend\bin\main\db\migration\V5__indexes_constraints.sql,,SQL,L55,,,"--        ""Show all actions by user X in the last 7 days"""
c:\Users\kiran\Desktop\rvce-resource-allocator\backend\bin\main\db\migration\V5__indexes_constraints.sql,,SQL,L56,,,"--        actor_id first, created_at for range filter."
c:\Users\kiran\Desktop\rvce-resource-allocator\backend\bin\main\db\migration\V5__indexes_constraints.sql,,SQL,L57,,,--
c:\Users\kiran\Desktop\rvce-resource-allocator\backend\bin\main\db\migration\V5__indexes_constraints.sql,,SQL,L58,,,--   [I9] idx_slots_teacher (B-TREE)
c:\Users\kiran\Desktop\rvce-resource-allocator\backend\bin\main\db\migration\V5__indexes_constraints.sql,,SQL,L59,,,"--        Teacher substitution query: ""Find all slots where"
c:\Users\kiran\Desktop\rvce-resource-allocator\backend\bin\main\db\migration\V5__indexes_constraints.sql,,SQL,L60,,,"--        teacher_id = replaced_teacher"""
c:\Users\kiran\Desktop\rvce-resource-allocator\backend\bin\main\db\migration\V5__indexes_constraints.sql,,SQL,L61,,,--        Runs at every substitution event.
c:\Users\kiran\Desktop\rvce-resource-allocator\backend\bin\main\db\migration\V5__indexes_constraints.sql,,SQL,L62,,,--
c:\Users\kiran\Desktop\rvce-resource-allocator\backend\bin\main\db\migration\V5__indexes_constraints.sql,,SQL,L63,,,--   [I10] idx_exam_students_exam (B-TREE)
c:\Users\kiran\Desktop\rvce-resource-allocator\backend\bin\main\db\migration\V5__indexes_constraints.sql,,SQL,L64,,,"--         ""List all students in exam X"""
c:\Users\kiran\Desktop\rvce-resource-allocator\backend\bin\main\db\migration\V5__indexes_constraints.sql,,SQL,L65,,,--         Runs at CSP start and for seating plan display.
c:\Users\kiran\Desktop\rvce-resource-allocator\backend\bin\main\db\migration\V5__indexes_constraints.sql,,SQL,L66,,,-- ============================================================
c:\Users\kiran\Desktop\rvce-resource-allocator\backend\bin\main\db\migration\V5__indexes_constraints.sql,,SQL,L68,,,-- ── I1: Room availability (hottest query) ────────────────────
c:\Users\kiran\Desktop\rvce-resource-allocator\backend\bin\main\db\migration\V5__indexes_constraints.sql,,SQL,L69,,,-- DECISION: Include version_id as 4th column so queries filtering
c:\Users\kiran\Desktop\rvce-resource-allocator\backend\bin\main\db\migration\V5__indexes_constraints.sql,,SQL,L70,,,-- by active version can use this same index without a separate one.
c:\Users\kiran\Desktop\rvce-resource-allocator\backend\bin\main\db\migration\V5__indexes_constraints.sql,,SQL,L74,,,-- ── I2: Student exam seat lookup ─────────────────────────────
c:\Users\kiran\Desktop\rvce-resource-allocator\backend\bin\main\db\migration\V5__indexes_constraints.sql,,SQL,L78,,,"-- Also: coordinator view ""all seats for this exam"""
c:\Users\kiran\Desktop\rvce-resource-allocator\backend\bin\main\db\migration\V5__indexes_constraints.sql,,SQL,L82,,,-- ── I3: Full-text room search ────────────────────────────────
c:\Users\kiran\Desktop\rvce-resource-allocator\backend\bin\main\db\migration\V5__indexes_constraints.sql,,SQL,L83,,,-- DECISION: use 'simple' dictionary not 'english' because room names
c:\Users\kiran\Desktop\rvce-resource-allocator\backend\bin\main\db\migration\V5__indexes_constraints.sql,,SQL,L84,,,"-- like ""A201"" and ""SH-01"" are codes, not English words."
c:\Users\kiran\Desktop\rvce-resource-allocator\backend\bin\main\db\migration\V5__indexes_constraints.sql,,SQL,L85,,,-- 'simple' lowercases only; 'english' applies stemming (may mangle codes).
c:\Users\kiran\Desktop\rvce-resource-allocator\backend\bin\main\db\migration\V5__indexes_constraints.sql,,SQL,L89,,,-- ── I4: Day overrides lookup ─────────────────────────────────
c:\Users\kiran\Desktop\rvce-resource-allocator\backend\bin\main\db\migration\V5__indexes_constraints.sql,,SQL,L93,,,"-- Also: ""what overrides happened today?"" (admin dashboard)"
c:\Users\kiran\Desktop\rvce-resource-allocator\backend\bin\main\db\migration\V5__indexes_constraints.sql,,SQL,L97,,,-- ── I5: Unread notifications (partial index) ─────────────────
c:\Users\kiran\Desktop\rvce-resource-allocator\backend\bin\main\db\migration\V5__indexes_constraints.sql,,SQL,L98,,,-- DECISION: Partial index (WHERE is_read = FALSE) = only indexes
c:\Users\kiran\Desktop\rvce-resource-allocator\backend\bin\main\db\migration\V5__indexes_constraints.sql,,SQL,L99,,,"-- the minority of rows that are unread. As notifications are read,"
c:\Users\kiran\Desktop\rvce-resource-allocator\backend\bin\main\db\migration\V5__indexes_constraints.sql,,SQL,L100,,,-- they fall out of the index automatically. Stays small forever.
c:\Users\kiran\Desktop\rvce-resource-allocator\backend\bin\main\db\migration\V5__indexes_constraints.sql,,SQL,L105,,,-- ── I6: JSONB seating constraints ────────────────────────────
c:\Users\kiran\Desktop\rvce-resource-allocator\backend\bin\main\db\migration\V5__indexes_constraints.sql,,SQL,L109,,,-- ── I7: Occupancy history ────────────────────────────────────
c:\Users\kiran\Desktop\rvce-resource-allocator\backend\bin\main\db\migration\V5__indexes_constraints.sql,,SQL,L113,,,-- ── I8: Audit log by actor ───────────────────────────────────
c:\Users\kiran\Desktop\rvce-resource-allocator\backend\bin\main\db\migration\V5__indexes_constraints.sql,,SQL,L117,,,"-- Also: compliance query ""all actions of type X in date range"""
c:\Users\kiran\Desktop\rvce-resource-allocator\backend\bin\main\db\migration\V5__indexes_constraints.sql,,SQL,L121,,,-- ── I9: Teacher substitution query ───────────────────────────
c:\Users\kiran\Desktop\rvce-resource-allocator\backend\bin\main\db\migration\V5__indexes_constraints.sql,,SQL,L125,,,-- ── I10: Exam students list ───────────────────────────────────
c:\Users\kiran\Desktop\rvce-resource-allocator\backend\bin\main\db\migration\V5__indexes_constraints.sql,,SQL,L129,,,"-- Branch filter for CSP: ""students of branch CSE in this exam"""
c:\Users\kiran\Desktop\rvce-resource-allocator\backend\bin\main\db\migration\V5__indexes_constraints.sql,,SQL,L133,,,-- ── Additional useful indexes ─────────────────────────────────
c:\Users\kiran\Desktop\rvce-resource-allocator\backend\bin\main\db\migration\V5__indexes_constraints.sql,,SQL,L135,,,-- Active refresh tokens lookup (on every authenticated request)
c:\Users\kiran\Desktop\rvce-resource-allocator\backend\bin\main\db\migration\V5__indexes_constraints.sql,,SQL,L140,,,-- Seating job status polling
c:\Users\kiran\Desktop\rvce-resource-allocator\backend\bin\main\db\migration\V5__indexes_constraints.sql,,SQL,L144,,,-- Notification batches by exam
c:\Users\kiran\Desktop\rvce-resource-allocator\backend\bin\main\db\migration\V5__indexes_constraints.sql,,SQL,L149,,,-- FCM token lookup for fan-out
c:\Users\kiran\Desktop\rvce-resource-allocator\backend\bin\main\db\migration\V5__indexes_constraints.sql,,SQL,L154,,,-- Blackout dates range queries
c:\Users\kiran\Desktop\rvce-resource-allocator\backend\bin\main\db\migration\V5__indexes_constraints.sql,,SQL,L158,,,-- Timetable versions by semester
c:\Users\kiran\Desktop\rvce-resource-allocator\backend\bin\main\db\migration\V5__indexes_constraints.sql,,SQL,L162,,,-- Report cache lookup (same parameters = return cached URL)
c:\Users\kiran\Desktop\rvce-resource-allocator\backend\bin\main\db\migration\V5__indexes_constraints.sql,,SQL,L163,,,-- NOTE: partial index predicates cannot use non-IMMUTABLE functions
c:\Users\kiran\Desktop\rvce-resource-allocator\backend\bin\main\db\migration\V5__indexes_constraints.sql,,SQL,L164,,,"-- like NOW(), so keep predicate static and filter expires_at at query time."
c:\Users\kiran\Desktop\rvce-resource-allocator\backend\bin\main\db\migration\V5__indexes_constraints.sql,,SQL,L169,,,-- ── ADDITIONAL CHECK CONSTRAINTS ─────────────────────────────
c:\Users\kiran\Desktop\rvce-resource-allocator\backend\bin\main\db\migration\V5__indexes_constraints.sql,,SQL,L170,,,"-- DECISION: Add cross-table consistency checks as DB constraints,"
c:\Users\kiran\Desktop\rvce-resource-allocator\backend\bin\main\db\migration\V5__indexes_constraints.sql,,SQL,L171,,,-- not just application-level validation. DB is the last line of defence.
c:\Users\kiran\Desktop\rvce-resource-allocator\backend\bin\main\db\migration\V5__indexes_constraints.sql,,SQL,L173,,,"-- Exam seats: bench_number format must be ""LETTER-NUMBER"" (A-12)"
c:\Users\kiran\Desktop\rvce-resource-allocator\backend\bin\main\db\migration\V5__indexes_constraints.sql,,SQL,L178,,,-- Timetable slots: start/end times must be within college hours
c:\Users\kiran\Desktop\rvce-resource-allocator\backend\bin\main\db\migration\V5__indexes_constraints.sql,,SQL,L183,,,-- Occupancy AI confidence must be 4 decimal places max
c:\Users\kiran\Desktop\rvce-resource-allocator\backend\bin\main\db\migration\V5__indexes_constraints.sql,,SQL,L188,,,-- report presigned URLs must be https (security)
c:\Users\kiran\Desktop\rvce-resource-allocator\backend\bin\main\db\migration\V6__seed_data.sql,,File,V6__seed_data.sql,,,
c:\Users\kiran\Desktop\rvce-resource-allocator\backend\bin\main\db\migration\V6__seed_data.sql,,SQL,L1,,,-- ============================================================
c:\Users\kiran\Desktop\rvce-resource-allocator\backend\bin\main\db\migration\V6__seed_data.sql,,SQL,L2,,,-- V6__seed_data.sql
c:\Users\kiran\Desktop\rvce-resource-allocator\backend\bin\main\db\migration\V6__seed_data.sql,,SQL,L3,,,"-- SCAS - Seed Data: RVCE Rooms, Departments, Users, Roles"
c:\Users\kiran\Desktop\rvce-resource-allocator\backend\bin\main\db\migration\V6__seed_data.sql,,SQL,L4,,,--
c:\Users\kiran\Desktop\rvce-resource-allocator\backend\bin\main\db\migration\V6__seed_data.sql,,SQL,L5,,,-- DECISION LOG:
c:\Users\kiran\Desktop\rvce-resource-allocator\backend\bin\main\db\migration\V6__seed_data.sql,,SQL,L6,,,--   [S1] Passwords are BCrypt hash of 'Test@1234' at strength 12.
c:\Users\kiran\Desktop\rvce-resource-allocator\backend\bin\main\db\migration\V6__seed_data.sql,,SQL,L7,,,--        Generated externally (Spring's BCryptPasswordEncoder).
c:\Users\kiran\Desktop\rvce-resource-allocator\backend\bin\main\db\migration\V6__seed_data.sql,,SQL,L8,,,--        NEVER store plain text. Never use MD5 or SHA.
c:\Users\kiran\Desktop\rvce-resource-allocator\backend\bin\main\db\migration\V6__seed_data.sql,,SQL,L9,,,--        All test accounts use SAME password for convenience;
c:\Users\kiran\Desktop\rvce-resource-allocator\backend\bin\main\db\migration\V6__seed_data.sql,,SQL,L10,,,--        production would require unique passwords + forced reset.
c:\Users\kiran\Desktop\rvce-resource-allocator\backend\bin\main\db\migration\V6__seed_data.sql,,SQL,L11,,,--
c:\Users\kiran\Desktop\rvce-resource-allocator\backend\bin\main\db\migration\V6__seed_data.sql,,SQL,L12,,,--   [S2] UUIDs are hard-coded (not gen_random_uuid()) in seed data.
c:\Users\kiran\Desktop\rvce-resource-allocator\backend\bin\main\db\migration\V6__seed_data.sql,,SQL,L13,,,--        Reason: other migration files or test fixtures may reference
c:\Users\kiran\Desktop\rvce-resource-allocator\backend\bin\main\db\migration\V6__seed_data.sql,,SQL,L14,,,--        these UUIDs. gen_random_uuid() would generate different UUIDs
c:\Users\kiran\Desktop\rvce-resource-allocator\backend\bin\main\db\migration\V6__seed_data.sql,,SQL,L15,,,"--        on each environment, breaking cross-reference."
c:\Users\kiran\Desktop\rvce-resource-allocator\backend\bin\main\db\migration\V6__seed_data.sql,,SQL,L16,,,--
c:\Users\kiran\Desktop\rvce-resource-allocator\backend\bin\main\db\migration\V6__seed_data.sql,,SQL,L17,,,--   [S3] GPS coordinates are real RVCE coordinates (approximately).
c:\Users\kiran\Desktop\rvce-resource-allocator\backend\bin\main\db\migration\V6__seed_data.sql,,SQL,L18,,,--        Lat/lng for each block taken from Google Maps.
c:\Users\kiran\Desktop\rvce-resource-allocator\backend\bin\main\db\migration\V6__seed_data.sql,,SQL,L19,,,"--        Stored as NUMERIC(10,7) for ~1cm precision."
c:\Users\kiran\Desktop\rvce-resource-allocator\backend\bin\main\db\migration\V6__seed_data.sql,,SQL,L20,,,--
c:\Users\kiran\Desktop\rvce-resource-allocator\backend\bin\main\db\migration\V6__seed_data.sql,,SQL,L21,,,--   [S4] INSERT...ON CONFLICT DO NOTHING makes seed idempotent.
c:\Users\kiran\Desktop\rvce-resource-allocator\backend\bin\main\db\migration\V6__seed_data.sql,,SQL,L22,,,--        Running './gradlew flywayMigrate' twice won't fail
c:\Users\kiran\Desktop\rvce-resource-allocator\backend\bin\main\db\migration\V6__seed_data.sql,,SQL,L23,,,--        because Flyway checksums V6 and won't re-run it.
c:\Users\kiran\Desktop\rvce-resource-allocator\backend\bin\main\db\migration\V6__seed_data.sql,,SQL,L24,,,"--        But if someone manually runs this SQL, ON CONFLICT"
c:\Users\kiran\Desktop\rvce-resource-allocator\backend\bin\main\db\migration\V6__seed_data.sql,,SQL,L25,,,--        prevents duplicate key violations.
c:\Users\kiran\Desktop\rvce-resource-allocator\backend\bin\main\db\migration\V6__seed_data.sql,,SQL,L26,,,-- ============================================================
c:\Users\kiran\Desktop\rvce-resource-allocator\backend\bin\main\db\migration\V6__seed_data.sql,,SQL,L28,,,-- ─── DEPARTMENTS ─────────────────────────────────────────────
c:\Users\kiran\Desktop\rvce-resource-allocator\backend\bin\main\db\migration\V6__seed_data.sql,,SQL,L39,,,-- ─── ROLES ───────────────────────────────────────────────────
c:\Users\kiran\Desktop\rvce-resource-allocator\backend\bin\main\db\migration\V6__seed_data.sql,,SQL,L48,,,-- ─── PERMISSIONS ─────────────────────────────────────────────
c:\Users\kiran\Desktop\rvce-resource-allocator\backend\bin\main\db\migration\V6__seed_data.sql,,SQL,L66,,,-- ─── ROLE_PERMISSIONS mapping ─────────────────────────────────
c:\Users\kiran\Desktop\rvce-resource-allocator\backend\bin\main\db\migration\V6__seed_data.sql,,SQL,L67,,,"-- STUDENT: read rooms, timetable, exam, notifications"
c:\Users\kiran\Desktop\rvce-resource-allocator\backend\bin\main\db\migration\V6__seed_data.sql,,SQL,L75,,,-- TEACHER: all student perms + verify occupancy
c:\Users\kiran\Desktop\rvce-resource-allocator\backend\bin\main\db\migration\V6__seed_data.sql,,SQL,L85,,,-- TTO: timetable write + generate
c:\Users\kiran\Desktop\rvce-resource-allocator\backend\bin\main\db\migration\V6__seed_data.sql,,SQL,L95,,,-- DEPT_COORD: exam full access
c:\Users\kiran\Desktop\rvce-resource-allocator\backend\bin\main\db\migration\V6__seed_data.sql,,SQL,L107,,,-- ADMIN: all permissions
c:\Users\kiran\Desktop\rvce-resource-allocator\backend\bin\main\db\migration\V6__seed_data.sql,,SQL,L112,,,"-- ─── USERS (1 per role, password = BCrypt('Test@1234', 12)) ───"
c:\Users\kiran\Desktop\rvce-resource-allocator\backend\bin\main\db\migration\V6__seed_data.sql,,SQL,L113,,,"-- DECISION [S1]: BCrypt hash generated with Spring's BCryptPasswordEncoder.encode(""Test@1234"")"
c:\Users\kiran\Desktop\rvce-resource-allocator\backend\bin\main\db\migration\V6__seed_data.sql,,SQL,L114,,,"-- Hash is a BCrypt string with strength 12 (prefix $2a$, $2b$, or $2y$)."
c:\Users\kiran\Desktop\rvce-resource-allocator\backend\bin\main\db\migration\V6__seed_data.sql,,SQL,L152,,,-- Assign roles
c:\Users\kiran\Desktop\rvce-resource-allocator\backend\bin\main\db\migration\V6__seed_data.sql,,SQL,L161,,,-- Update HODs now that users exist (DEFERRABLE FK)
c:\Users\kiran\Desktop\rvce-resource-allocator\backend\bin\main\db\migration\V6__seed_data.sql,,SQL,L165,,,-- ─── 30 RVCE ROOMS ─────────────────────────────────────────────
c:\Users\kiran\Desktop\rvce-resource-allocator\backend\bin\main\db\migration\V6__seed_data.sql,,SQL,L166,,,"-- GPS coordinates are approximate for RVCE Bengaluru (~12.9237, 77.4994)"
c:\Users\kiran\Desktop\rvce-resource-allocator\backend\bin\main\db\migration\V6__seed_data.sql,,SQL,L167,,,-- DECISION [S3]: Real coordinates enable GPS navigation on campus map.
c:\Users\kiran\Desktop\rvce-resource-allocator\backend\bin\main\db\migration\V6__seed_data.sql,,SQL,L173,,,-- ── Block A: Classrooms ────────────────────────────────────────
c:\Users\kiran\Desktop\rvce-resource-allocator\backend\bin\main\db\migration\V6__seed_data.sql,,SQL,L198,,,-- ── Block B: Labs ──────────────────────────────────────────────
c:\Users\kiran\Desktop\rvce-resource-allocator\backend\bin\main\db\migration\V6__seed_data.sql,,SQL,L215,,,-- ── Block C: Classrooms ────────────────────────────────────────
c:\Users\kiran\Desktop\rvce-resource-allocator\backend\bin\main\db\migration\V6__seed_data.sql,,SQL,L236,,,-- ── Block D: Exam Halls (bench grid set) ──────────────────────
c:\Users\kiran\Desktop\rvce-resource-allocator\backend\bin\main\db\migration\V6__seed_data.sql,,SQL,L257,,,-- ── Seminar Halls ──────────────────────────────────────────────
c:\Users\kiran\Desktop\rvce-resource-allocator\backend\bin\main\db\migration\V6__seed_data.sql,,SQL,L270,,,-- ── Conference Rooms ───────────────────────────────────────────
c:\Users\kiran\Desktop\rvce-resource-allocator\backend\bin\main\db\migration\V6__seed_data.sql,,SQL,L279,,,-- ── More Classrooms ────────────────────────────────────────────
c:\Users\kiran\Desktop\rvce-resource-allocator\backend\bin\main\db\migration\V6__seed_data.sql,,SQL,L301,,,-- ─── TIMETABLE VERSION ────────────────────────────────────────
c:\Users\kiran\Desktop\rvce-resource-allocator\backend\bin\main\db\migration\V6__seed_data.sql,,SQL,L310,,,-- ─── SAMPLE TIMETABLE SLOTS ───────────────────────────────────
c:\Users\kiran\Desktop\rvce-resource-allocator\backend\bin\main\db\migration\V6__seed_data.sql,,SQL,L316,,,-- Monday period 1: DAA in A201 by Dr. Ramesh
c:\Users\kiran\Desktop\rvce-resource-allocator\backend\bin\main\db\migration\V6__seed_data.sql,,SQL,L325,,,-- Monday period 2: OS in A202 by Dr. Ramesh
c:\Users\kiran\Desktop\rvce-resource-allocator\backend\bin\main\db\migration\V6__seed_data.sql,,SQL,L334,,,-- Wednesday period 3: CN Lab in B101 by Dr. Priya
c:\Users\kiran\Desktop\rvce-resource-allocator\backend\bin\main\db\migration\V6__seed_data.sql,,SQL,L344,,,-- ─── VERIFY SEED DATA ─────────────────────────────────────────
c:\Users\kiran\Desktop\rvce-resource-allocator\backend\bin\main\db\migration\V7__add_missing_day_override_columns.sql,,File,V7__add_missing_day_override_columns.sql,,,
c:\Users\kiran\Desktop\rvce-resource-allocator\backend\bin\main\db\migration\V7__add_missing_day_override_columns.sql,,SQL,L1,,,-- ============================================================
c:\Users\kiran\Desktop\rvce-resource-allocator\backend\bin\main\db\migration\V7__add_missing_day_override_columns.sql,,SQL,L2,,,-- V7__add_missing_day_override_columns.sql
c:\Users\kiran\Desktop\rvce-resource-allocator\backend\bin\main\db\migration\V7__add_missing_day_override_columns.sql,,SQL,L3,,,-- Add missing columns to day_overrides table for schema alignment with JPA entity.
c:\Users\kiran\Desktop\rvce-resource-allocator\backend\bin\main\db\migration\V7__add_missing_day_override_columns.sql,,SQL,L4,,,--
c:\Users\kiran\Desktop\rvce-resource-allocator\backend\bin\main\db\migration\V7__add_missing_day_override_columns.sql,,SQL,L5,,,-- Context:
c:\Users\kiran\Desktop\rvce-resource-allocator\backend\bin\main\db\migration\V7__add_missing_day_override_columns.sql,,SQL,L6,,,--   Original V2 schema has day_overrides with UUID primary key (override_id).
c:\Users\kiran\Desktop\rvce-resource-allocator\backend\bin\main\db\migration\V7__add_missing_day_override_columns.sql,,SQL,L7,,,--   But DayOverride JPA entity expects:
c:\Users\kiran\Desktop\rvce-resource-allocator\backend\bin\main\db\migration\V7__add_missing_day_override_columns.sql,,SQL,L8,,,--     - id BIGINT (auto-increment)
c:\Users\kiran\Desktop\rvce-resource-allocator\backend\bin\main\db\migration\V7__add_missing_day_override_columns.sql,,SQL,L9,,,--     - created_by UUID (not null)
c:\Users\kiran\Desktop\rvce-resource-allocator\backend\bin\main\db\migration\V7__add_missing_day_override_columns.sql,,SQL,L10,,,--
c:\Users\kiran\Desktop\rvce-resource-allocator\backend\bin\main\db\migration\V7__add_missing_day_override_columns.sql,,SQL,L11,,,-- This migration safely adds missing columns for both:
c:\Users\kiran\Desktop\rvce-resource-allocator\backend\bin\main\db\migration\V7__add_missing_day_override_columns.sql,,SQL,L12,,,--   - Fresh installations (after V2)
c:\Users\kiran\Desktop\rvce-resource-allocator\backend\bin\main\db\migration\V7__add_missing_day_override_columns.sql,,SQL,L13,,,--   - Upgrades from legacy schema
c:\Users\kiran\Desktop\rvce-resource-allocator\backend\bin\main\db\migration\V7__add_missing_day_override_columns.sql,,SQL,L14,,,-- ============================================================
c:\Users\kiran\Desktop\rvce-resource-allocator\backend\bin\main\db\migration\V7__add_missing_day_override_columns.sql,,SQL,L16,,,-- Add created_by column if missing
c:\Users\kiran\Desktop\rvce-resource-allocator\backend\bin\main\db\migration\V7__add_missing_day_override_columns.sql,,SQL,L20,,,-- Add id BIGINT column if missing (for future PK migration)
c:\Users\kiran\Desktop\rvce-resource-allocator\backend\bin\main\db\migration\V7__add_missing_day_override_columns.sql,,SQL,L21,,,-- This allows the entity to work while we keep override_id as the current PK
c:\Users\kiran\Desktop\rvce-resource-allocator\backend\bin\main\db\migration\V7__add_missing_day_override_columns.sql,,SQL,L25,,,-- Backfill missing created_by values with system UUID (for upgrades)
c:\Users\kiran\Desktop\rvce-resource-allocator\backend\bin\main\db\migration\V7__add_missing_day_override_columns.sql,,SQL,L30,,,-- Add NOT NULL constraint to created_by
c:\Users\kiran\Desktop\rvce-resource-allocator\backend\bin\main\db\migration\V7__add_missing_day_override_columns.sql,,SQL,L34,,,-- Index for created_by queries
c:\Users\kiran\Desktop\rvce-resource-allocator\backend\bin\main\db\migration\V7__add_missing_day_override_columns.sql,,SQL,L37,,,-- Verify schema alignment (comment for verification)
c:\Users\kiran\Desktop\rvce-resource-allocator\backend\bin\main\db\migration\V7__add_missing_day_override_columns.sql,,SQL,L38,,,"-- Expected columns: override_id, slot_id, override_date, status, acting_teacher_id,"
c:\Users\kiran\Desktop\rvce-resource-allocator\backend\bin\main\db\migration\V7__add_missing_day_override_columns.sql,,SQL,L39,,,"--                  reason, source, created_at, created_by, id"
c:\Users\kiran\Desktop\rvce-resource-allocator\backend\bin\main\db\migration\V8__fix_timetable_slots_department.sql,,File,V8__fix_timetable_slots_department.sql,,,
c:\Users\kiran\Desktop\rvce-resource-allocator\backend\bin\main\db\migration\V8__fix_timetable_slots_department.sql,,SQL,L1,,,-- V8__fix_timetable_slots_department.sql
c:\Users\kiran\Desktop\rvce-resource-allocator\backend\bin\main\db\migration\V8__fix_timetable_slots_department.sql,,SQL,L2,,,-- Cleanup migration: remove department_id if it exists
c:\Users\kiran\Desktop\rvce-resource-allocator\backend\bin\main\db\migration\V8__fix_timetable_slots_department.sql,,SQL,L3,,,-- (V2 already created department as VARCHAR(100))
c:\Users\kiran\Desktop\rvce-resource-allocator\backend\bin\main\db\migration\V8__fix_timetable_slots_department.sql,,SQL,L4,,,-- This handles the case where department_id was created in an intermediate schema
c:\Users\kiran\Desktop\rvce-resource-allocator\backend\bin\main\db\migration\V8__fix_timetable_slots_department.sql,,SQL,L9,,,-- Note: department VARCHAR(100) column is already defined in V2
c:\Users\kiran\Desktop\rvce-resource-allocator\backend\bin\main\db\migration\V8__fix_timetable_slots_department.sql,,SQL,L10,,,-- and V6 seed data now uses the correct column name.
c:\Users\kiran\Desktop\rvce-resource-allocator\backend\bin\main\db\migration\V9__add_is_active_to_timetable_slots.sql,,File,V9__add_is_active_to_timetable_slots.sql,,,
c:\Users\kiran\Desktop\rvce-resource-allocator\backend\bin\main\db\migration\V9__add_is_active_to_timetable_slots.sql,,SQL,L1,,,-- V9__add_is_active_to_timetable_slots.sql
c:\Users\kiran\Desktop\rvce-resource-allocator\backend\bin\main\db\migration\V9__add_is_active_to_timetable_slots.sql,,SQL,L2,,,-- Add is_active column to timetable_slots table to match JPA entity
c:\Users\kiran\Desktop\rvce-resource-allocator\backend\bin\test\application-test.yml,,File,application-test.yml,,,
c:\Users\kiran\Desktop\rvce-resource-allocator\backend\gradle\libs.versions.toml,,File,libs.versions.toml,,,
c:\Users\kiran\Desktop\rvce-resource-allocator\backend\gradle\wrapper\gradle-wrapper.properties,,File,gradle-wrapper.properties,,,
c:\Users\kiran\Desktop\rvce-resource-allocator\backend\gradle\wrapper\gradle-wrapper.properties,,ENV,distributionBase,,,GRADLE_USER_HOME
c:\Users\kiran\Desktop\rvce-resource-allocator\backend\gradle\wrapper\gradle-wrapper.properties,,ENV,distributionPath,,,wrapper/dists
c:\Users\kiran\Desktop\rvce-resource-allocator\backend\gradle\wrapper\gradle-wrapper.properties,,ENV,distributionUrl,,,https\://services.gradle.org/distributions/gradle-8.14.4-bin.zip
c:\Users\kiran\Desktop\rvce-resource-allocator\backend\gradle\wrapper\gradle-wrapper.properties,,ENV,networkTimeout,,,10000
c:\Users\kiran\Desktop\rvce-resource-allocator\backend\gradle\wrapper\gradle-wrapper.properties,,ENV,validateDistributionUrl,,,true
c:\Users\kiran\Desktop\rvce-resource-allocator\backend\gradle\wrapper\gradle-wrapper.properties,,ENV,zipStoreBase,,,GRADLE_USER_HOME
c:\Users\kiran\Desktop\rvce-resource-allocator\backend\gradle\wrapper\gradle-wrapper.properties,,ENV,zipStorePath,,,wrapper/dists
c:\Users\kiran\Desktop\rvce-resource-allocator\backend\META-INF\spring-configuration-metadata.json,,File,spring-configuration-metadata.json,,,
c:\Users\kiran\Desktop\rvce-resource-allocator\backend\org\springframework\boot\test\autoconfigure\web\servlet\MockMvcPrint.java,,File,MockMvcPrint.java,,,
c:\Users\kiran\Desktop\rvce-resource-allocator\backend\org\springframework\boot\test\autoconfigure\web\servlet\MockMvcPrint.java,org.springframework.boot.test.autoconfigure.web.servlet,Enum,MockMvcPrint,,,
c:\Users\kiran\Desktop\rvce-resource-allocator\backend\src\main\java\com\rvce\scas\ScasApplication.java,,File,ScasApplication.java,,,
c:\Users\kiran\Desktop\rvce-resource-allocator\backend\src\main\java\com\rvce\scas\ScasApplication.java,com.rvce.scas,Class,ScasApplication,,,
c:\Users\kiran\Desktop\rvce-resource-allocator\backend\src\main\java\com\rvce\scas\ScasApplication.java,com.rvce.scas,Method,main,String[] args,,
c:\Users\kiran\Desktop\rvce-resource-allocator\backend\src\main\java\com\rvce\scas\ScasApplication.java,com.rvce.scas,Method,logRedisConfiguration,"Environment environment,
                                                   RedisProperties redisProperties,
                                                   RedisConnectionFactory redisConnectionFactory",,
c:\Users\kiran\Desktop\rvce-resource-allocator\backend\src\main\java\com\rvce\scas\cache\RoomAvailabilityCache.java,,File,RoomAvailabilityCache.java,,,
c:\Users\kiran\Desktop\rvce-resource-allocator\backend\src\main\java\com\rvce\scas\cache\RoomAvailabilityCache.java,com.rvce.scas.cache,Class,RoomAvailabilityCache,,,
c:\Users\kiran\Desktop\rvce-resource-allocator\backend\src\main\java\com\rvce\scas\cache\RoomAvailabilityCache.java,com.rvce.scas.cache,Method,get,String key,,
c:\Users\kiran\Desktop\rvce-resource-allocator\backend\src\main\java\com\rvce\scas\cache\RoomAvailabilityCache.java,com.rvce.scas.cache,Method,put,"String key, List<RoomAvailabilityDto> data",,
c:\Users\kiran\Desktop\rvce-resource-allocator\backend\src\main\java\com\rvce\scas\cache\RoomAvailabilityCache.java,com.rvce.scas.cache,Method,invalidateByDate,LocalDate date,,
c:\Users\kiran\Desktop\rvce-resource-allocator\backend\src\main\java\com\rvce\scas\cache\RoomAvailabilityCache.java,com.rvce.scas.cache,Method,invalidateAll,,,
c:\Users\kiran\Desktop\rvce-resource-allocator\backend\src\main\java\com\rvce\scas\cache\RoomAvailabilityCache.java,com.rvce.scas.cache,Method,invalidatePattern,String pattern,,
c:\Users\kiran\Desktop\rvce-resource-allocator\backend\src\main\java\com\rvce\scas\config\DevDataInitializer.java,,File,DevDataInitializer.java,,,
c:\Users\kiran\Desktop\rvce-resource-allocator\backend\src\main\java\com\rvce\scas\config\DevDataInitializer.java,com.rvce.scas.config,Class,DevDataInitializer,,,
c:\Users\kiran\Desktop\rvce-resource-allocator\backend\src\main\java\com\rvce\scas\config\DevDataInitializer.java,com.rvce.scas.config,Method,initDevUsers,"UserRepository userRepository, BCryptPasswordEncoder encoder",,
c:\Users\kiran\Desktop\rvce-resource-allocator\backend\src\main\java\com\rvce\scas\controller\AdminController.java,,File,AdminController.java,,,
c:\Users\kiran\Desktop\rvce-resource-allocator\backend\src\main\java\com\rvce\scas\controller\AdminController.java,com.rvce.scas.controller,Class,AdminController,,,
c:\Users\kiran\Desktop\rvce-resource-allocator\backend\src\main\java\com\rvce\scas\controller\AuthController.java,,File,AuthController.java,,,
c:\Users\kiran\Desktop\rvce-resource-allocator\backend\src\main\java\com\rvce\scas\controller\AuthController.java,com.rvce.scas.controller,Class,AuthController,,,
c:\Users\kiran\Desktop\rvce-resource-allocator\backend\src\main\java\com\rvce\scas\controller\AuthController.java,com.rvce.scas.controller,Method,login,@Valid @RequestBody LoginRequest request,,
c:\Users\kiran\Desktop\rvce-resource-allocator\backend\src\main\java\com\rvce\scas\controller\AuthController.java,com.rvce.scas.controller,Method,refresh,@Valid @RequestBody RefreshRequest request,,
c:\Users\kiran\Desktop\rvce-resource-allocator\backend\src\main\java\com\rvce\scas\controller\ExamController.java,,File,ExamController.java,,,
c:\Users\kiran\Desktop\rvce-resource-allocator\backend\src\main\java\com\rvce\scas\controller\ExamController.java,com.rvce.scas.controller,Class,ExamController,,,
c:\Users\kiran\Desktop\rvce-resource-allocator\backend\src\main\java\com\rvce\scas\controller\RoomsController.java,,File,RoomsController.java,,,
c:\Users\kiran\Desktop\rvce-resource-allocator\backend\src\main\java\com\rvce\scas\controller\RoomsController.java,com.rvce.scas.controller,Class,RoomsController,,,
c:\Users\kiran\Desktop\rvce-resource-allocator\backend\src\main\java\com\rvce\scas\controller\TestController.java,,File,TestController.java,,,
c:\Users\kiran\Desktop\rvce-resource-allocator\backend\src\main\java\com\rvce\scas\controller\TestController.java,com.rvce.scas.controller,Class,TestController,,,
c:\Users\kiran\Desktop\rvce-resource-allocator\backend\src\main\java\com\rvce\scas\controller\TestController.java,com.rvce.scas.controller,Method,TestController,TestService testService,,
c:\Users\kiran\Desktop\rvce-resource-allocator\backend\src\main\java\com\rvce\scas\controller\TestController.java,com.rvce.scas.controller,Method,hello,,,
c:\Users\kiran\Desktop\rvce-resource-allocator\backend\src\main\java\com\rvce\scas\controller\TimetableController.java,,File,TimetableController.java,,,
c:\Users\kiran\Desktop\rvce-resource-allocator\backend\src\main\java\com\rvce\scas\controller\TimetableController.java,com.rvce.scas.controller,Class,TimetableController,,,
c:\Users\kiran\Desktop\rvce-resource-allocator\backend\src\main\java\com\rvce\scas\controller\TimetableController.java,com.rvce.scas.controller,Method,substituteTeacher,@Valid @RequestBody SubstituteRequest request,,
c:\Users\kiran\Desktop\rvce-resource-allocator\backend\src\main\java\com\rvce\scas\controller\TimetableController.java,com.rvce.scas.controller,Method,createOverride,"@Valid @RequestBody OverrideRequest request,
            @AuthenticationPrincipal JwtPrincipal principal",,
c:\Users\kiran\Desktop\rvce-resource-allocator\backend\src\main\java\com\rvce\scas\controller\TimetableController.java,com.rvce.scas.controller,Method,deleteOverride,"@PathVariable java.util.UUID id,
            @AuthenticationPrincipal JwtPrincipal principal",,
c:\Users\kiran\Desktop\rvce-resource-allocator\backend\src\main\java\com\rvce\scas\controller\TimetableController.java,com.rvce.scas.controller,Method,getTeacherSchedule,"@PathVariable UUID teacherId,
            @RequestParam Integer dayOfWeek",,
c:\Users\kiran\Desktop\rvce-resource-allocator\backend\src\main\java\com\rvce\scas\controller\TimetableController.java,com.rvce.scas.controller,Method,getRoomSchedule,"@PathVariable Long roomId,
            @RequestParam Integer dayOfWeek",,
c:\Users\kiran\Desktop\rvce-resource-allocator\backend\src\main\java\com\rvce\scas\controller\TimetableController.java,com.rvce.scas.controller,Method,getTimetableAnalytics,,,
c:\Users\kiran\Desktop\rvce-resource-allocator\backend\src\main\java\com\rvce\scas\dto\ErrorResponseDto.java,,File,ErrorResponseDto.java,,,
c:\Users\kiran\Desktop\rvce-resource-allocator\backend\src\main\java\com\rvce\scas\dto\ErrorResponseDto.java,com.rvce.scas.dto,Class,ErrorResponseDto,,,
c:\Users\kiran\Desktop\rvce-resource-allocator\backend\src\main\java\com\rvce\scas\dto\LoginRequest.java,,File,LoginRequest.java,,,
c:\Users\kiran\Desktop\rvce-resource-allocator\backend\src\main\java\com\rvce\scas\dto\LoginRequest.java,com.rvce.scas.dto,Class,LoginRequest,,,
c:\Users\kiran\Desktop\rvce-resource-allocator\backend\src\main\java\com\rvce\scas\dto\LoginResponse.java,,File,LoginResponse.java,,,
c:\Users\kiran\Desktop\rvce-resource-allocator\backend\src\main\java\com\rvce\scas\dto\LoginResponse.java,com.rvce.scas.dto,Class,LoginResponse,,,
c:\Users\kiran\Desktop\rvce-resource-allocator\backend\src\main\java\com\rvce\scas\dto\LogoutRequest.java,,File,LogoutRequest.java,,,
c:\Users\kiran\Desktop\rvce-resource-allocator\backend\src\main\java\com\rvce\scas\dto\LogoutRequest.java,com.rvce.scas.dto,Class,LogoutRequest,,,
c:\Users\kiran\Desktop\rvce-resource-allocator\backend\src\main\java\com\rvce\scas\dto\RefreshRequest.java,,File,RefreshRequest.java,,,
c:\Users\kiran\Desktop\rvce-resource-allocator\backend\src\main\java\com\rvce\scas\dto\RefreshRequest.java,com.rvce.scas.dto,Class,RefreshRequest,,,
c:\Users\kiran\Desktop\rvce-resource-allocator\backend\src\main\java\com\rvce\scas\dto\TestResponseDto.java,,File,TestResponseDto.java,,,
c:\Users\kiran\Desktop\rvce-resource-allocator\backend\src\main\java\com\rvce\scas\dto\TestResponseDto.java,com.rvce.scas.dto,Class,TestResponseDto,,,
c:\Users\kiran\Desktop\rvce-resource-allocator\backend\src\main\java\com\rvce\scas\dto\TokenPair.java,,File,TokenPair.java,,,
c:\Users\kiran\Desktop\rvce-resource-allocator\backend\src\main\java\com\rvce\scas\dto\TokenPair.java,com.rvce.scas.dto,Class,TokenPair,,,
c:\Users\kiran\Desktop\rvce-resource-allocator\backend\src\main\java\com\rvce\scas\dto\request\OverrideRequest.java,,File,OverrideRequest.java,,,
c:\Users\kiran\Desktop\rvce-resource-allocator\backend\src\main\java\com\rvce\scas\dto\request\OverrideRequest.java,com.rvce.scas.dto.request,Class,OverrideRequest,,,
c:\Users\kiran\Desktop\rvce-resource-allocator\backend\src\main\java\com\rvce\scas\dto\request\SubstituteRequest.java,,File,SubstituteRequest.java,,,
c:\Users\kiran\Desktop\rvce-resource-allocator\backend\src\main\java\com\rvce\scas\dto\request\SubstituteRequest.java,com.rvce.scas.dto.request,Class,SubstituteRequest,,,
c:\Users\kiran\Desktop\rvce-resource-allocator\backend\src\main\java\com\rvce\scas\dto\response\ClashDetail.java,,File,ClashDetail.java,,,
c:\Users\kiran\Desktop\rvce-resource-allocator\backend\src\main\java\com\rvce\scas\dto\response\ClashDetail.java,com.rvce.scas.dto.response,Class,ClashDetail,,,
c:\Users\kiran\Desktop\rvce-resource-allocator\backend\src\main\java\com\rvce\scas\dto\response\OverrideDto.java,,File,OverrideDto.java,,,
c:\Users\kiran\Desktop\rvce-resource-allocator\backend\src\main\java\com\rvce\scas\dto\response\OverrideDto.java,com.rvce.scas.dto.response,Class,OverrideDto,,,
c:\Users\kiran\Desktop\rvce-resource-allocator\backend\src\main\java\com\rvce\scas\dto\response\RoomAvailabilityDto.java,,File,RoomAvailabilityDto.java,,,
c:\Users\kiran\Desktop\rvce-resource-allocator\backend\src\main\java\com\rvce\scas\dto\response\RoomAvailabilityDto.java,com.rvce.scas.dto.response,Class,RoomAvailabilityDto,,,
c:\Users\kiran\Desktop\rvce-resource-allocator\backend\src\main\java\com\rvce\scas\dto\response\RoomScheduleDto.java,,File,RoomScheduleDto.java,,,
c:\Users\kiran\Desktop\rvce-resource-allocator\backend\src\main\java\com\rvce\scas\dto\response\RoomScheduleDto.java,com.rvce.scas.dto.response,Class,RoomScheduleDto,,,
c:\Users\kiran\Desktop\rvce-resource-allocator\backend\src\main\java\com\rvce\scas\dto\response\SubstitutionResultDto.java,,File,SubstitutionResultDto.java,,,
c:\Users\kiran\Desktop\rvce-resource-allocator\backend\src\main\java\com\rvce\scas\dto\response\SubstitutionResultDto.java,com.rvce.scas.dto.response,Class,SubstitutionResultDto,,,
c:\Users\kiran\Desktop\rvce-resource-allocator\backend\src\main\java\com\rvce\scas\dto\response\TeacherScheduleDto.java,,File,TeacherScheduleDto.java,,,
c:\Users\kiran\Desktop\rvce-resource-allocator\backend\src\main\java\com\rvce\scas\dto\response\TeacherScheduleDto.java,com.rvce.scas.dto.response,Class,TeacherScheduleDto,,,
c:\Users\kiran\Desktop\rvce-resource-allocator\backend\src\main\java\com\rvce\scas\dto\response\TimetableAnalyticsDto.java,,File,TimetableAnalyticsDto.java,,,
c:\Users\kiran\Desktop\rvce-resource-allocator\backend\src\main\java\com\rvce\scas\dto\response\TimetableAnalyticsDto.java,com.rvce.scas.dto.response,Class,TimetableAnalyticsDto,,,
c:\Users\kiran\Desktop\rvce-resource-allocator\backend\src\main\java\com\rvce\scas\dto\response\UploadResultDto.java,,File,UploadResultDto.java,,,
c:\Users\kiran\Desktop\rvce-resource-allocator\backend\src\main\java\com\rvce\scas\dto\response\UploadResultDto.java,com.rvce.scas.dto.response,Class,UploadResultDto,,,
c:\Users\kiran\Desktop\rvce-resource-allocator\backend\src\main\java\com\rvce\scas\entity\DayOverride.java,,File,DayOverride.java,,,
c:\Users\kiran\Desktop\rvce-resource-allocator\backend\src\main\java\com\rvce\scas\entity\DayOverride.java,com.rvce.scas.entity,Class,DayOverride,,,
c:\Users\kiran\Desktop\rvce-resource-allocator\backend\src\main\java\com\rvce\scas\entity\Permission.java,,File,Permission.java,,,
c:\Users\kiran\Desktop\rvce-resource-allocator\backend\src\main\java\com\rvce\scas\entity\Permission.java,com.rvce.scas.entity,Class,Permission,,,
c:\Users\kiran\Desktop\rvce-resource-allocator\backend\src\main\java\com\rvce\scas\entity\Role.java,,File,Role.java,,,
c:\Users\kiran\Desktop\rvce-resource-allocator\backend\src\main\java\com\rvce\scas\entity\Role.java,com.rvce.scas.entity,Class,Role,,,
c:\Users\kiran\Desktop\rvce-resource-allocator\backend\src\main\java\com\rvce\scas\entity\RolePermission.java,,File,RolePermission.java,,,
c:\Users\kiran\Desktop\rvce-resource-allocator\backend\src\main\java\com\rvce\scas\entity\RolePermission.java,com.rvce.scas.entity,Class,RolePermission,,,
c:\Users\kiran\Desktop\rvce-resource-allocator\backend\src\main\java\com\rvce\scas\entity\RolePermissionId.java,,File,RolePermissionId.java,,,
c:\Users\kiran\Desktop\rvce-resource-allocator\backend\src\main\java\com\rvce\scas\entity\RolePermissionId.java,com.rvce.scas.entity,Class,RolePermissionId,,,
c:\Users\kiran\Desktop\rvce-resource-allocator\backend\src\main\java\com\rvce\scas\entity\RolePermissionId.java,com.rvce.scas.entity,Method,RolePermissionId,,,
c:\Users\kiran\Desktop\rvce-resource-allocator\backend\src\main\java\com\rvce\scas\entity\RolePermissionId.java,com.rvce.scas.entity,Method,RolePermissionId,"UUID roleId, UUID permissionId",,
c:\Users\kiran\Desktop\rvce-resource-allocator\backend\src\main\java\com\rvce\scas\entity\RolePermissionId.java,com.rvce.scas.entity,Method,getRoleId,,,
c:\Users\kiran\Desktop\rvce-resource-allocator\backend\src\main\java\com\rvce\scas\entity\RolePermissionId.java,com.rvce.scas.entity,Method,setRoleId,UUID roleId,,
c:\Users\kiran\Desktop\rvce-resource-allocator\backend\src\main\java\com\rvce\scas\entity\RolePermissionId.java,com.rvce.scas.entity,Method,getPermissionId,,,
c:\Users\kiran\Desktop\rvce-resource-allocator\backend\src\main\java\com\rvce\scas\entity\RolePermissionId.java,com.rvce.scas.entity,Method,setPermissionId,UUID permissionId,,
c:\Users\kiran\Desktop\rvce-resource-allocator\backend\src\main\java\com\rvce\scas\entity\RolePermissionId.java,com.rvce.scas.entity,Method,equals,Object o,,
c:\Users\kiran\Desktop\rvce-resource-allocator\backend\src\main\java\com\rvce\scas\entity\RolePermissionId.java,com.rvce.scas.entity,Method,hashCode,,,
c:\Users\kiran\Desktop\rvce-resource-allocator\backend\src\main\java\com\rvce\scas\entity\Room.java,,File,Room.java,,,
c:\Users\kiran\Desktop\rvce-resource-allocator\backend\src\main\java\com\rvce\scas\entity\Room.java,com.rvce.scas.entity,Class,Room,,,
c:\Users\kiran\Desktop\rvce-resource-allocator\backend\src\main\java\com\rvce\scas\entity\Room.java,com.rvce.scas.entity,Method,onCreate,,,
c:\Users\kiran\Desktop\rvce-resource-allocator\backend\src\main\java\com\rvce\scas\entity\Room.java,com.rvce.scas.entity,Method,onUpdate,,,
c:\Users\kiran\Desktop\rvce-resource-allocator\backend\src\main\java\com\rvce\scas\entity\TimetableSlot.java,,File,TimetableSlot.java,,,
c:\Users\kiran\Desktop\rvce-resource-allocator\backend\src\main\java\com\rvce\scas\entity\TimetableSlot.java,com.rvce.scas.entity,Class,TimetableSlot,,,
c:\Users\kiran\Desktop\rvce-resource-allocator\backend\src\main\java\com\rvce\scas\entity\User.java,,File,User.java,,,
c:\Users\kiran\Desktop\rvce-resource-allocator\backend\src\main\java\com\rvce\scas\entity\User.java,com.rvce.scas.entity,Class,User,,,
c:\Users\kiran\Desktop\rvce-resource-allocator\backend\src\main\java\com\rvce\scas\entity\UserRole.java,,File,UserRole.java,,,
c:\Users\kiran\Desktop\rvce-resource-allocator\backend\src\main\java\com\rvce\scas\entity\UserRole.java,com.rvce.scas.entity,Class,UserRole,,,
c:\Users\kiran\Desktop\rvce-resource-allocator\backend\src\main\java\com\rvce\scas\entity\UserRoleId.java,,File,UserRoleId.java,,,
c:\Users\kiran\Desktop\rvce-resource-allocator\backend\src\main\java\com\rvce\scas\entity\UserRoleId.java,com.rvce.scas.entity,Class,UserRoleId,,,
c:\Users\kiran\Desktop\rvce-resource-allocator\backend\src\main\java\com\rvce\scas\entity\UserRoleId.java,com.rvce.scas.entity,Method,UserRoleId,,,
c:\Users\kiran\Desktop\rvce-resource-allocator\backend\src\main\java\com\rvce\scas\entity\UserRoleId.java,com.rvce.scas.entity,Method,UserRoleId,"UUID userId, UUID roleId",,
c:\Users\kiran\Desktop\rvce-resource-allocator\backend\src\main\java\com\rvce\scas\entity\UserRoleId.java,com.rvce.scas.entity,Method,getUserId,,,
c:\Users\kiran\Desktop\rvce-resource-allocator\backend\src\main\java\com\rvce\scas\entity\UserRoleId.java,com.rvce.scas.entity,Method,setUserId,UUID userId,,
c:\Users\kiran\Desktop\rvce-resource-allocator\backend\src\main\java\com\rvce\scas\entity\UserRoleId.java,com.rvce.scas.entity,Method,getRoleId,,,
c:\Users\kiran\Desktop\rvce-resource-allocator\backend\src\main\java\com\rvce\scas\entity\UserRoleId.java,com.rvce.scas.entity,Method,setRoleId,UUID roleId,,
c:\Users\kiran\Desktop\rvce-resource-allocator\backend\src\main\java\com\rvce\scas\entity\UserRoleId.java,com.rvce.scas.entity,Method,equals,Object o,,
c:\Users\kiran\Desktop\rvce-resource-allocator\backend\src\main\java\com\rvce\scas\entity\UserRoleId.java,com.rvce.scas.entity,Method,hashCode,,,
c:\Users\kiran\Desktop\rvce-resource-allocator\backend\src\main\java\com\rvce\scas\event\ClassCancelledEvent.java,,File,ClassCancelledEvent.java,,,
c:\Users\kiran\Desktop\rvce-resource-allocator\backend\src\main\java\com\rvce\scas\event\ClassCancelledEvent.java,com.rvce.scas.event,Class,ClassCancelledEvent,,,
c:\Users\kiran\Desktop\rvce-resource-allocator\backend\src\main\java\com\rvce\scas\event\ClassCancelledEvent.java,com.rvce.scas.event,Method,ClassCancelledEvent,"Object source, Long slotId, LocalDate date, java.util.UUID cancelledBy, String reason",,
c:\Users\kiran\Desktop\rvce-resource-allocator\backend\src\main\java\com\rvce\scas\event\TimetableEventListener.java,,File,TimetableEventListener.java,,,
c:\Users\kiran\Desktop\rvce-resource-allocator\backend\src\main\java\com\rvce\scas\event\TimetableEventListener.java,,TODO,L62,,,// TODO: Integrate with notification system in future epic
c:\Users\kiran\Desktop\rvce-resource-allocator\backend\src\main\java\com\rvce\scas\event\TimetableEventListener.java,com.rvce.scas.event,Class,TimetableEventListener,,,
c:\Users\kiran\Desktop\rvce-resource-allocator\backend\src\main\java\com\rvce\scas\event\TimetableEventListener.java,com.rvce.scas.event,Method,handleTimetableUploaded,TimetableUploadedEvent event,,
c:\Users\kiran\Desktop\rvce-resource-allocator\backend\src\main\java\com\rvce\scas\event\TimetableEventListener.java,com.rvce.scas.event,Method,handleClassCancelled,ClassCancelledEvent event,,
c:\Users\kiran\Desktop\rvce-resource-allocator\backend\src\main\java\com\rvce\scas\event\TimetableUploadedEvent.java,,File,TimetableUploadedEvent.java,,,
c:\Users\kiran\Desktop\rvce-resource-allocator\backend\src\main\java\com\rvce\scas\event\TimetableUploadedEvent.java,com.rvce.scas.event,Class,TimetableUploadedEvent,,,
c:\Users\kiran\Desktop\rvce-resource-allocator\backend\src\main\java\com\rvce\scas\event\TimetableUploadedEvent.java,com.rvce.scas.event,Method,TimetableUploadedEvent,"Object source, int insertedCount",,
c:\Users\kiran\Desktop\rvce-resource-allocator\backend\src\main\java\com\rvce\scas\exception\AccountLockedException.java,,File,AccountLockedException.java,,,
c:\Users\kiran\Desktop\rvce-resource-allocator\backend\src\main\java\com\rvce\scas\exception\AccountLockedException.java,com.rvce.scas.exception,Class,AccountLockedException,,,
c:\Users\kiran\Desktop\rvce-resource-allocator\backend\src\main\java\com\rvce\scas\exception\AccountLockedException.java,com.rvce.scas.exception,Method,AccountLockedException,String message,,
c:\Users\kiran\Desktop\rvce-resource-allocator\backend\src\main\java\com\rvce\scas\exception\CsvValidationException.java,,File,CsvValidationException.java,,,
c:\Users\kiran\Desktop\rvce-resource-allocator\backend\src\main\java\com\rvce\scas\exception\CsvValidationException.java,com.rvce.scas.exception,Class,CsvValidationException,,,
c:\Users\kiran\Desktop\rvce-resource-allocator\backend\src\main\java\com\rvce\scas\exception\CsvValidationException.java,com.rvce.scas.exception,Method,CsvValidationException,String message,,
c:\Users\kiran\Desktop\rvce-resource-allocator\backend\src\main\java\com\rvce\scas\exception\InvalidTokenException.java,,File,InvalidTokenException.java,,,
c:\Users\kiran\Desktop\rvce-resource-allocator\backend\src\main\java\com\rvce\scas\exception\InvalidTokenException.java,com.rvce.scas.exception,Class,InvalidTokenException,,,
c:\Users\kiran\Desktop\rvce-resource-allocator\backend\src\main\java\com\rvce\scas\exception\InvalidTokenException.java,com.rvce.scas.exception,Method,InvalidTokenException,String message,,
c:\Users\kiran\Desktop\rvce-resource-allocator\backend\src\main\java\com\rvce\scas\exception\OverrideNotFoundException.java,,File,OverrideNotFoundException.java,,,
c:\Users\kiran\Desktop\rvce-resource-allocator\backend\src\main\java\com\rvce\scas\exception\OverrideNotFoundException.java,com.rvce.scas.exception,Class,OverrideNotFoundException,,,
c:\Users\kiran\Desktop\rvce-resource-allocator\backend\src\main\java\com\rvce\scas\exception\OverrideNotFoundException.java,com.rvce.scas.exception,Method,OverrideNotFoundException,String message,,
c:\Users\kiran\Desktop\rvce-resource-allocator\backend\src\main\java\com\rvce\scas\exception\RoomNotFoundException.java,,File,RoomNotFoundException.java,,,
c:\Users\kiran\Desktop\rvce-resource-allocator\backend\src\main\java\com\rvce\scas\exception\RoomNotFoundException.java,com.rvce.scas.exception,Class,RoomNotFoundException,,,
c:\Users\kiran\Desktop\rvce-resource-allocator\backend\src\main\java\com\rvce\scas\exception\RoomNotFoundException.java,com.rvce.scas.exception,Method,RoomNotFoundException,String message,,
c:\Users\kiran\Desktop\rvce-resource-allocator\backend\src\main\java\com\rvce\scas\exception\SlotAlreadyClaimedException.java,,File,SlotAlreadyClaimedException.java,,,
c:\Users\kiran\Desktop\rvce-resource-allocator\backend\src\main\java\com\rvce\scas\exception\SlotAlreadyClaimedException.java,com.rvce.scas.exception,Class,SlotAlreadyClaimedException,,,
c:\Users\kiran\Desktop\rvce-resource-allocator\backend\src\main\java\com\rvce\scas\exception\SlotAlreadyClaimedException.java,com.rvce.scas.exception,Method,SlotAlreadyClaimedException,String message,,
c:\Users\kiran\Desktop\rvce-resource-allocator\backend\src\main\java\com\rvce\scas\exception\SlotConflictException.java,,File,SlotConflictException.java,,,
c:\Users\kiran\Desktop\rvce-resource-allocator\backend\src\main\java\com\rvce\scas\exception\SlotConflictException.java,com.rvce.scas.exception,Class,SlotConflictException,,,
c:\Users\kiran\Desktop\rvce-resource-allocator\backend\src\main\java\com\rvce\scas\exception\SlotConflictException.java,com.rvce.scas.exception,Method,SlotConflictException,String message,,
c:\Users\kiran\Desktop\rvce-resource-allocator\backend\src\main\java\com\rvce\scas\exception\TeacherNotFoundException.java,,File,TeacherNotFoundException.java,,,
c:\Users\kiran\Desktop\rvce-resource-allocator\backend\src\main\java\com\rvce\scas\exception\TeacherNotFoundException.java,com.rvce.scas.exception,Class,TeacherNotFoundException,,,
c:\Users\kiran\Desktop\rvce-resource-allocator\backend\src\main\java\com\rvce\scas\exception\TeacherNotFoundException.java,com.rvce.scas.exception,Method,TeacherNotFoundException,String message,,
c:\Users\kiran\Desktop\rvce-resource-allocator\backend\src\main\java\com\rvce\scas\hardening\GlobalExceptionHandler.java,,File,GlobalExceptionHandler.java,,,
c:\Users\kiran\Desktop\rvce-resource-allocator\backend\src\main\java\com\rvce\scas\hardening\GlobalExceptionHandler.java,com.rvce.scas.hardening,Class,GlobalExceptionHandler,,,
c:\Users\kiran\Desktop\rvce-resource-allocator\backend\src\main\java\com\rvce\scas\hardening\GlobalExceptionHandler.java,com.rvce.scas.hardening,Method,handleValidation,"MethodArgumentNotValidException ex, HttpServletRequest request",,
c:\Users\kiran\Desktop\rvce-resource-allocator\backend\src\main\java\com\rvce\scas\hardening\GlobalExceptionHandler.java,com.rvce.scas.hardening,Method,handleConstraintViolation,"ConstraintViolationException ex, HttpServletRequest request",,
c:\Users\kiran\Desktop\rvce-resource-allocator\backend\src\main\java\com\rvce\scas\hardening\GlobalExceptionHandler.java,com.rvce.scas.hardening,Method,handleMissingRequestParameter,"MissingServletRequestParameterException ex, HttpServletRequest request",,
c:\Users\kiran\Desktop\rvce-resource-allocator\backend\src\main\java\com\rvce\scas\hardening\GlobalExceptionHandler.java,com.rvce.scas.hardening,Method,handleTypeMismatch,"MethodArgumentTypeMismatchException ex, HttpServletRequest request",,
c:\Users\kiran\Desktop\rvce-resource-allocator\backend\src\main\java\com\rvce\scas\hardening\GlobalExceptionHandler.java,com.rvce.scas.hardening,Method,handleBadCredentials,"BadCredentialsException ex, HttpServletRequest request",,
c:\Users\kiran\Desktop\rvce-resource-allocator\backend\src\main\java\com\rvce\scas\hardening\GlobalExceptionHandler.java,com.rvce.scas.hardening,Method,handleLocked,"AccountLockedException ex, HttpServletRequest request",,
c:\Users\kiran\Desktop\rvce-resource-allocator\backend\src\main\java\com\rvce\scas\hardening\GlobalExceptionHandler.java,com.rvce.scas.hardening,Method,handleInvalidToken,"InvalidTokenException ex, HttpServletRequest request",,
c:\Users\kiran\Desktop\rvce-resource-allocator\backend\src\main\java\com\rvce\scas\hardening\GlobalExceptionHandler.java,com.rvce.scas.hardening,Method,handleSlotClaimed,"SlotAlreadyClaimedException ex, HttpServletRequest request",,
c:\Users\kiran\Desktop\rvce-resource-allocator\backend\src\main\java\com\rvce\scas\hardening\GlobalExceptionHandler.java,com.rvce.scas.hardening,Method,handleDbConstraint,"DataIntegrityViolationException ex, HttpServletRequest request",,
c:\Users\kiran\Desktop\rvce-resource-allocator\backend\src\main\java\com\rvce\scas\hardening\GlobalExceptionHandler.java,com.rvce.scas.hardening,Method,handleAccessDenied,"AccessDeniedException ex, HttpServletRequest request",,
c:\Users\kiran\Desktop\rvce-resource-allocator\backend\src\main\java\com\rvce\scas\hardening\GlobalExceptionHandler.java,com.rvce.scas.hardening,Method,handleIllegalArgument,"IllegalArgumentException ex, HttpServletRequest request",,
c:\Users\kiran\Desktop\rvce-resource-allocator\backend\src\main\java\com\rvce\scas\hardening\GlobalExceptionHandler.java,com.rvce.scas.hardening,Method,handleUnexpected,"Exception ex, HttpServletRequest request",,
c:\Users\kiran\Desktop\rvce-resource-allocator\backend\src\main\java\com\rvce\scas\hardening\GlobalExceptionHandler.java,com.rvce.scas.hardening,Method,base,"HttpServletRequest request, int status, String error, String code, String message",,
c:\Users\kiran\Desktop\rvce-resource-allocator\backend\src\main\java\com\rvce\scas\hardening\SecurityHeadersFilter.java,,File,SecurityHeadersFilter.java,,,
c:\Users\kiran\Desktop\rvce-resource-allocator\backend\src\main\java\com\rvce\scas\hardening\SecurityHeadersFilter.java,com.rvce.scas.hardening,Class,SecurityHeadersFilter,,,
c:\Users\kiran\Desktop\rvce-resource-allocator\backend\src\main\java\com\rvce\scas\mapper\RoomMapper.java,,File,RoomMapper.java,,,
c:\Users\kiran\Desktop\rvce-resource-allocator\backend\src\main\java\com\rvce\scas\mapper\RoomMapper.java,com.rvce.scas.mapper,Interface,RoomMapper,,,
c:\Users\kiran\Desktop\rvce-resource-allocator\backend\src\main\java\com\rvce\scas\mapper\TimetableMapper.java,,File,TimetableMapper.java,,,
c:\Users\kiran\Desktop\rvce-resource-allocator\backend\src\main\java\com\rvce\scas\mapper\TimetableMapper.java,com.rvce.scas.mapper,Interface,TimetableMapper,,,
c:\Users\kiran\Desktop\rvce-resource-allocator\backend\src\main\java\com\rvce\scas\rbac\CustomAccessDeniedHandler.java,,File,CustomAccessDeniedHandler.java,,,
c:\Users\kiran\Desktop\rvce-resource-allocator\backend\src\main\java\com\rvce\scas\rbac\CustomAccessDeniedHandler.java,com.rvce.scas.rbac,Class,CustomAccessDeniedHandler,,,
c:\Users\kiran\Desktop\rvce-resource-allocator\backend\src\main\java\com\rvce\scas\rbac\PermissionConstants.java,,File,PermissionConstants.java,,,
c:\Users\kiran\Desktop\rvce-resource-allocator\backend\src\main\java\com\rvce\scas\rbac\PermissionConstants.java,com.rvce.scas.rbac,Method,PermissionConstants,,,
c:\Users\kiran\Desktop\rvce-resource-allocator\backend\src\main\java\com\rvce\scas\repository\DayOverrideRepository.java,,File,DayOverrideRepository.java,,,
c:\Users\kiran\Desktop\rvce-resource-allocator\backend\src\main\java\com\rvce\scas\repository\DayOverrideRepository.java,com.rvce.scas.repository,Interface,DayOverrideRepository,,,
c:\Users\kiran\Desktop\rvce-resource-allocator\backend\src\main\java\com\rvce\scas\repository\RoomRepository.java,,File,RoomRepository.java,,,
c:\Users\kiran\Desktop\rvce-resource-allocator\backend\src\main\java\com\rvce\scas\repository\RoomRepository.java,com.rvce.scas.repository,Interface,RoomRepository,,,
c:\Users\kiran\Desktop\rvce-resource-allocator\backend\src\main\java\com\rvce\scas\repository\TimetableSlotRepository.java,,File,TimetableSlotRepository.java,,,
c:\Users\kiran\Desktop\rvce-resource-allocator\backend\src\main\java\com\rvce\scas\repository\TimetableSlotRepository.java,com.rvce.scas.repository,Interface,TimetableSlotRepository,,,
c:\Users\kiran\Desktop\rvce-resource-allocator\backend\src\main\java\com\rvce\scas\repository\UserRepository.java,,File,UserRepository.java,,,
c:\Users\kiran\Desktop\rvce-resource-allocator\backend\src\main\java\com\rvce\scas\repository\UserRepository.java,com.rvce.scas.repository,Interface,UserRepository,,,
c:\Users\kiran\Desktop\rvce-resource-allocator\backend\src\main\java\com\rvce\scas\security\JwtAuthFilter.java,,File,JwtAuthFilter.java,,,
c:\Users\kiran\Desktop\rvce-resource-allocator\backend\src\main\java\com\rvce\scas\security\JwtAuthFilter.java,com.rvce.scas.security,Class,JwtAuthFilter,,,
c:\Users\kiran\Desktop\rvce-resource-allocator\backend\src\main\java\com\rvce\scas\security\JwtAuthFilter.java,com.rvce.scas.security,Method,extractTokenFromRequest,HttpServletRequest request,,
c:\Users\kiran\Desktop\rvce-resource-allocator\backend\src\main\java\com\rvce\scas\security\JwtAuthFilter.java,com.rvce.scas.security,Method,setSecurityContext,"Claims claims, HttpServletRequest request",,
c:\Users\kiran\Desktop\rvce-resource-allocator\backend\src\main\java\com\rvce\scas\security\JwtAuthFilter.java,com.rvce.scas.security,Method,shouldNotFilter,@NonNull HttpServletRequest request,,
c:\Users\kiran\Desktop\rvce-resource-allocator\backend\src\main\java\com\rvce\scas\security\JwtPrincipal.java,,File,JwtPrincipal.java,,,
c:\Users\kiran\Desktop\rvce-resource-allocator\backend\src\main\java\com\rvce\scas\security\JwtPrincipal.java,com.rvce.scas.security,Class,JwtPrincipal,,,
c:\Users\kiran\Desktop\rvce-resource-allocator\backend\src\main\java\com\rvce\scas\security\JwtTokenProvider.java,,File,JwtTokenProvider.java,,,
c:\Users\kiran\Desktop\rvce-resource-allocator\backend\src\main\java\com\rvce\scas\security\JwtTokenProvider.java,com.rvce.scas.security,Class,JwtTokenProvider,,,
c:\Users\kiran\Desktop\rvce-resource-allocator\backend\src\main\java\com\rvce\scas\security\JwtTokenProvider.java,com.rvce.scas.security,Method,generateAccessToken,"UUID userId, String email, List<String> roles",,
c:\Users\kiran\Desktop\rvce-resource-allocator\backend\src\main\java\com\rvce\scas\security\JwtTokenProvider.java,com.rvce.scas.security,Method,generateRefreshToken,UUID userId,,
c:\Users\kiran\Desktop\rvce-resource-allocator\backend\src\main\java\com\rvce\scas\security\JwtTokenProvider.java,com.rvce.scas.security,Method,validateAccessToken,String token,,
c:\Users\kiran\Desktop\rvce-resource-allocator\backend\src\main\java\com\rvce\scas\security\JwtTokenProvider.java,com.rvce.scas.security,Method,validateRefreshToken,"UUID userId, String tokenId",,
c:\Users\kiran\Desktop\rvce-resource-allocator\backend\src\main\java\com\rvce\scas\security\JwtTokenProvider.java,com.rvce.scas.security,Method,rotateRefreshToken,"UUID userId, String oldTokenId",,
c:\Users\kiran\Desktop\rvce-resource-allocator\backend\src\main\java\com\rvce\scas\security\JwtTokenProvider.java,com.rvce.scas.security,Method,logout,"String accessToken, UUID userId, String refreshTokenId",,
c:\Users\kiran\Desktop\rvce-resource-allocator\backend\src\main\java\com\rvce\scas\security\JwtTokenProvider.java,com.rvce.scas.security,Method,logoutAllDevices,UUID userId,,
c:\Users\kiran\Desktop\rvce-resource-allocator\backend\src\main\java\com\rvce\scas\security\JwtTokenProvider.java,com.rvce.scas.security,Method,extractUserId,Claims claims,,
c:\Users\kiran\Desktop\rvce-resource-allocator\backend\src\main\java\com\rvce\scas\security\JwtTokenProvider.java,com.rvce.scas.security,Method,extractEmail,Claims claims,,
c:\Users\kiran\Desktop\rvce-resource-allocator\backend\src\main\java\com\rvce\scas\security\JwtTokenProvider.java,com.rvce.scas.security,Method,extractRoles,Claims claims,,
c:\Users\kiran\Desktop\rvce-resource-allocator\backend\src\main\java\com\rvce\scas\security\JwtTokenProvider.java,com.rvce.scas.security,Method,parseClaims,String token,,
c:\Users\kiran\Desktop\rvce-resource-allocator\backend\src\main\java\com\rvce\scas\security\JwtTokenProvider.java,com.rvce.scas.security,Method,isBlacklisted,String jti,,
c:\Users\kiran\Desktop\rvce-resource-allocator\backend\src\main\java\com\rvce\scas\security\JwtTokenProvider.java,com.rvce.scas.security,Method,JwtValidationResult,"boolean valid, boolean expired, Claims claims",,
c:\Users\kiran\Desktop\rvce-resource-allocator\backend\src\main\java\com\rvce\scas\security\JwtTokenProvider.java,com.rvce.scas.security,Method,valid,Claims claims,,
c:\Users\kiran\Desktop\rvce-resource-allocator\backend\src\main\java\com\rvce\scas\security\JwtTokenProvider.java,com.rvce.scas.security,Method,expired,,,
c:\Users\kiran\Desktop\rvce-resource-allocator\backend\src\main\java\com\rvce\scas\security\JwtTokenProvider.java,com.rvce.scas.security,Method,invalid,,,
c:\Users\kiran\Desktop\rvce-resource-allocator\backend\src\main\java\com\rvce\scas\security\ScasPrincipal.java,,File,ScasPrincipal.java,,,
c:\Users\kiran\Desktop\rvce-resource-allocator\backend\src\main\java\com\rvce\scas\security\ScasPrincipal.java,com.rvce.scas.security,Class,ScasPrincipal,,,
c:\Users\kiran\Desktop\rvce-resource-allocator\backend\src\main\java\com\rvce\scas\security\ScasPrincipal.java,com.rvce.scas.security,Method,ScasPrincipal,"User user, Collection<? extends GrantedAuthority> authorities",,
c:\Users\kiran\Desktop\rvce-resource-allocator\backend\src\main\java\com\rvce\scas\security\ScasPrincipal.java,com.rvce.scas.security,Method,getUsername,,,
c:\Users\kiran\Desktop\rvce-resource-allocator\backend\src\main\java\com\rvce\scas\security\ScasPrincipal.java,com.rvce.scas.security,Method,getPassword,,,
c:\Users\kiran\Desktop\rvce-resource-allocator\backend\src\main\java\com\rvce\scas\security\ScasPrincipal.java,com.rvce.scas.security,Method,isEnabled,,,
c:\Users\kiran\Desktop\rvce-resource-allocator\backend\src\main\java\com\rvce\scas\security\ScasPrincipal.java,com.rvce.scas.security,Method,isAccountNonLocked,,,
c:\Users\kiran\Desktop\rvce-resource-allocator\backend\src\main\java\com\rvce\scas\security\ScasPrincipal.java,com.rvce.scas.security,Method,isAccountNonExpired,,,
c:\Users\kiran\Desktop\rvce-resource-allocator\backend\src\main\java\com\rvce\scas\security\ScasPrincipal.java,com.rvce.scas.security,Method,isCredentialsNonExpired,,,
c:\Users\kiran\Desktop\rvce-resource-allocator\backend\src\main\java\com\rvce\scas\security\SecurityConfig.java,,File,SecurityConfig.java,,,
c:\Users\kiran\Desktop\rvce-resource-allocator\backend\src\main\java\com\rvce\scas\security\SecurityConfig.java,com.rvce.scas.security,Class,SecurityConfig,,,
c:\Users\kiran\Desktop\rvce-resource-allocator\backend\src\main\java\com\rvce\scas\security\SecurityConfig.java,com.rvce.scas.security,Method,authenticationProvider,,,
c:\Users\kiran\Desktop\rvce-resource-allocator\backend\src\main\java\com\rvce\scas\security\SecurityConfig.java,com.rvce.scas.security,Method,passwordEncoder,,,
c:\Users\kiran\Desktop\rvce-resource-allocator\backend\src\main\java\com\rvce\scas\security\SecurityConfig.java,com.rvce.scas.security,Method,corsConfigurationSource,,,
c:\Users\kiran\Desktop\rvce-resource-allocator\backend\src\main\java\com\rvce\scas\security\UserDetailsServiceImpl.java,,File,UserDetailsServiceImpl.java,,,
c:\Users\kiran\Desktop\rvce-resource-allocator\backend\src\main\java\com\rvce\scas\security\UserDetailsServiceImpl.java,com.rvce.scas.security,Class,UserDetailsServiceImpl,,,
c:\Users\kiran\Desktop\rvce-resource-allocator\backend\src\main\java\com\rvce\scas\security\UserDetailsServiceImpl.java,com.rvce.scas.security,Method,buildAuthorities,User user,,
c:\Users\kiran\Desktop\rvce-resource-allocator\backend\src\main\java\com\rvce\scas\service\AuditService.java,,File,AuditService.java,,,
c:\Users\kiran\Desktop\rvce-resource-allocator\backend\src\main\java\com\rvce\scas\service\AuditService.java,com.rvce.scas.service,Class,AuditService,,,
c:\Users\kiran\Desktop\rvce-resource-allocator\backend\src\main\java\com\rvce\scas\service\AuditService.java,com.rvce.scas.service,Method,logLogin,"UUID userId, String email, boolean success, String reason",,
c:\Users\kiran\Desktop\rvce-resource-allocator\backend\src\main\java\com\rvce\scas\service\AuditService.java,com.rvce.scas.service,Method,logLogout,UUID userId,,
c:\Users\kiran\Desktop\rvce-resource-allocator\backend\src\main\java\com\rvce\scas\service\AuthService.java,,File,AuthService.java,,,
c:\Users\kiran\Desktop\rvce-resource-allocator\backend\src\main\java\com\rvce\scas\service\AuthService.java,com.rvce.scas.service,Class,AuthService,,,
c:\Users\kiran\Desktop\rvce-resource-allocator\backend\src\main\java\com\rvce\scas\service\AuthService.java,com.rvce.scas.service,Method,login,"String email, String rawPassword",,
c:\Users\kiran\Desktop\rvce-resource-allocator\backend\src\main\java\com\rvce\scas\service\AuthService.java,com.rvce.scas.service,Method,refresh,"UUID userId, String refreshTokenId",,
c:\Users\kiran\Desktop\rvce-resource-allocator\backend\src\main\java\com\rvce\scas\service\AuthService.java,com.rvce.scas.service,Method,buildAuthoritiesForRefresh,User user,,
c:\Users\kiran\Desktop\rvce-resource-allocator\backend\src\main\java\com\rvce\scas\service\AuthService.java,com.rvce.scas.service,Method,logout,"String accessToken, UUID userId, String refreshTokenId",,
c:\Users\kiran\Desktop\rvce-resource-allocator\backend\src\main\java\com\rvce\scas\service\AuthService.java,com.rvce.scas.service,Method,logoutAllDevices,"String accessToken, UUID userId",,
c:\Users\kiran\Desktop\rvce-resource-allocator\backend\src\main\java\com\rvce\scas\service\AuthService.java,com.rvce.scas.service,Method,checkLockout,String email,,
c:\Users\kiran\Desktop\rvce-resource-allocator\backend\src\main\java\com\rvce\scas\service\AuthService.java,com.rvce.scas.service,Method,incrementFailCount,String email,,
c:\Users\kiran\Desktop\rvce-resource-allocator\backend\src\main\java\com\rvce\scas\service\AuthService.java,com.rvce.scas.service,Method,lockAccount,String email,,
c:\Users\kiran\Desktop\rvce-resource-allocator\backend\src\main\java\com\rvce\scas\service\AuthService.java,com.rvce.scas.service,Method,clearFailCount,String email,,
c:\Users\kiran\Desktop\rvce-resource-allocator\backend\src\main\java\com\rvce\scas\service\DayOverrideService.java,,File,DayOverrideService.java,,,
c:\Users\kiran\Desktop\rvce-resource-allocator\backend\src\main\java\com\rvce\scas\service\DayOverrideService.java,com.rvce.scas.service,Class,DayOverrideService,,,
c:\Users\kiran\Desktop\rvce-resource-allocator\backend\src\main\java\com\rvce\scas\service\DayOverrideService.java,com.rvce.scas.service,Method,createOverride,"OverrideRequest req, JwtPrincipal actor",,
c:\Users\kiran\Desktop\rvce-resource-allocator\backend\src\main\java\com\rvce\scas\service\DayOverrideService.java,com.rvce.scas.service,Method,getOverrides,"LocalDate date, java.util.UUID roomId",,
c:\Users\kiran\Desktop\rvce-resource-allocator\backend\src\main\java\com\rvce\scas\service\DayOverrideService.java,com.rvce.scas.service,Method,deleteOverride,"java.util.UUID overrideId, JwtPrincipal actor",,
c:\Users\kiran\Desktop\rvce-resource-allocator\backend\src\main\java\com\rvce\scas\service\DayOverrideService.java,com.rvce.scas.service,Method,validateOwnership,"TimetableSlot slot, JwtPrincipal actor",,
c:\Users\kiran\Desktop\rvce-resource-allocator\backend\src\main\java\com\rvce\scas\service\RoomAvailabilityService.java,,File,RoomAvailabilityService.java,,,
c:\Users\kiran\Desktop\rvce-resource-allocator\backend\src\main\java\com\rvce\scas\service\RoomAvailabilityService.java,com.rvce.scas.service,Class,RoomAvailabilityService,,,
c:\Users\kiran\Desktop\rvce-resource-allocator\backend\src\main\java\com\rvce\scas\service\RoomAvailabilityService.java,com.rvce.scas.service,Method,getAvailable,"LocalDate date,
            LocalTime startTime,
            LocalTime endTime,
            Integer minCapacity,
            String building",,
c:\Users\kiran\Desktop\rvce-resource-allocator\backend\src\main\java\com\rvce\scas\service\RoomAvailabilityService.java,com.rvce.scas.service,Method,buildCacheKey,AvailabilityQuery query,,
c:\Users\kiran\Desktop\rvce-resource-allocator\backend\src\main\java\com\rvce\scas\service\RoomAvailabilityService.java,com.rvce.scas.service,Method,AvailabilityQuery,"LocalDate date,
        LocalTime startTime,
        LocalTime endTime,
        Integer minCapacity,
        String building",,
c:\Users\kiran\Desktop\rvce-resource-allocator\backend\src\main\java\com\rvce\scas\service\SubstitutionService.java,,File,SubstitutionService.java,,,
c:\Users\kiran\Desktop\rvce-resource-allocator\backend\src\main\java\com\rvce\scas\service\SubstitutionService.java,com.rvce.scas.service,Class,SubstitutionService,,,
c:\Users\kiran\Desktop\rvce-resource-allocator\backend\src\main\java\com\rvce\scas\service\SubstitutionService.java,com.rvce.scas.service,Method,substitute,SubstituteRequest req,,
c:\Users\kiran\Desktop\rvce-resource-allocator\backend\src\main\java\com\rvce\scas\service\SubstitutionService.java,com.rvce.scas.service,Method,fetchSlotsForSubstitution,SubstituteRequest req,,
c:\Users\kiran\Desktop\rvce-resource-allocator\backend\src\main\java\com\rvce\scas\service\SubstitutionService.java,com.rvce.scas.service,Method,validateRequest,SubstituteRequest req,,
c:\Users\kiran\Desktop\rvce-resource-allocator\backend\src\main\java\com\rvce\scas\service\SubstitutionService.java,com.rvce.scas.service,Method,clashCheck,"List<TimetableSlot> slots, SubstituteRequest req",,
c:\Users\kiran\Desktop\rvce-resource-allocator\backend\src\main\java\com\rvce\scas\service\SubstitutionService.java,com.rvce.scas.service,Method,applySubstitution,"List<TimetableSlot> slots, UUID replacementId",,
c:\Users\kiran\Desktop\rvce-resource-allocator\backend\src\main\java\com\rvce\scas\service\SubstitutionService.java,com.rvce.scas.service,Method,buildClashDetail,"TimetableSlot slot, SubstituteRequest req",,
c:\Users\kiran\Desktop\rvce-resource-allocator\backend\src\main\java\com\rvce\scas\service\SubstitutionService.java,com.rvce.scas.service,Method,findFirstMatchingDate,"TimetableSlot slot, LocalDate startDate, LocalDate endDate",,
c:\Users\kiran\Desktop\rvce-resource-allocator\backend\src\main\java\com\rvce\scas\service\SubstitutionService.java,com.rvce.scas.service,Method,getDayOfWeeksInRange,"LocalDate startDate, LocalDate endDate",,
c:\Users\kiran\Desktop\rvce-resource-allocator\backend\src\main\java\com\rvce\scas\service\SubstitutionService.java,com.rvce.scas.service,Method,buildResult,"int reassigned, List<ClashDetail> clashes",,
c:\Users\kiran\Desktop\rvce-resource-allocator\backend\src\main\java\com\rvce\scas\service\TestService.java,,File,TestService.java,,,
c:\Users\kiran\Desktop\rvce-resource-allocator\backend\src\main\java\com\rvce\scas\service\TestService.java,com.rvce.scas.service,Class,TestService,,,
c:\Users\kiran\Desktop\rvce-resource-allocator\backend\src\main\java\com\rvce\scas\service\TestService.java,com.rvce.scas.service,Method,getMessage,,,
c:\Users\kiran\Desktop\rvce-resource-allocator\backend\src\main\java\com\rvce\scas\service\TimetableQueryService.java,,File,TimetableQueryService.java,,,
c:\Users\kiran\Desktop\rvce-resource-allocator\backend\src\main\java\com\rvce\scas\service\TimetableQueryService.java,com.rvce.scas.service,Class,TimetableQueryService,,,
c:\Users\kiran\Desktop\rvce-resource-allocator\backend\src\main\java\com\rvce\scas\service\TimetableQueryService.java,com.rvce.scas.service,Method,getTeacherSchedule,"UUID teacherId, Integer dayOfWeek",,
c:\Users\kiran\Desktop\rvce-resource-allocator\backend\src\main\java\com\rvce\scas\service\TimetableQueryService.java,com.rvce.scas.service,Method,getRoomSchedule,"Long roomId, Integer dayOfWeek",,
c:\Users\kiran\Desktop\rvce-resource-allocator\backend\src\main\java\com\rvce\scas\service\TimetableQueryService.java,com.rvce.scas.service,Method,getTimetableAnalytics,,,
c:\Users\kiran\Desktop\rvce-resource-allocator\backend\src\main\java\com\rvce\scas\service\TimetableQueryService.java,com.rvce.scas.service,Method,mapToTeacherScheduleDto,TimetableSlot slot,,
c:\Users\kiran\Desktop\rvce-resource-allocator\backend\src\main\java\com\rvce\scas\service\TimetableQueryService.java,com.rvce.scas.service,Method,mapToRoomScheduleDto,TimetableSlot slot,,
c:\Users\kiran\Desktop\rvce-resource-allocator\backend\src\main\java\com\rvce\scas\service\TimetableUploadService.java,,File,TimetableUploadService.java,,,
c:\Users\kiran\Desktop\rvce-resource-allocator\backend\src\main\java\com\rvce\scas\service\TimetableUploadService.java,com.rvce.scas.service,Class,TimetableUploadService,,,
c:\Users\kiran\Desktop\rvce-resource-allocator\backend\src\main\java\com\rvce\scas\service\TimetableUploadService.java,com.rvce.scas.service,Method,upload,MultipartFile file,,
c:\Users\kiran\Desktop\rvce-resource-allocator\backend\src\main\java\com\rvce\scas\service\TimetableUploadService.java,com.rvce.scas.service,Method,parseAndValidate,java.io.InputStream inputStream,,
c:\Users\kiran\Desktop\rvce-resource-allocator\backend\src\main\java\com\rvce\scas\service\TimetableUploadService.java,com.rvce.scas.service,Method,persistSlots,List<CsvRowValidator.CsvRowDto> rows,,
c:\Users\kiran\Desktop\rvce-resource-allocator\backend\src\main\java\com\rvce\scas\service\TimetableUploadService.java,com.rvce.scas.service,Method,ParseResult,"List<CsvRowValidator.CsvRowDto> validRows, List<String> errors",,
c:\Users\kiran\Desktop\rvce-resource-allocator\backend\src\main\java\com\rvce\scas\validation\CsvRowValidator.java,,File,CsvRowValidator.java,,,
c:\Users\kiran\Desktop\rvce-resource-allocator\backend\src\main\java\com\rvce\scas\validation\CsvRowValidator.java,com.rvce.scas.validation,Class,CsvRowValidator,,,
c:\Users\kiran\Desktop\rvce-resource-allocator\backend\src\main\java\com\rvce\scas\validation\CsvRowValidator.java,com.rvce.scas.validation,Method,validateRow,"CsvRowDto row, int rowNumber",,
c:\Users\kiran\Desktop\rvce-resource-allocator\backend\src\main\java\com\rvce\scas\validation\CsvRowValidator.java,com.rvce.scas.validation,Method,validateTimeRange,"LocalTime startTime, LocalTime endTime, int rowNumber",,
c:\Users\kiran\Desktop\rvce-resource-allocator\backend\src\main\java\com\rvce\scas\validation\CsvRowValidator.java,com.rvce.scas.validation,Method,getRoomId,,,
c:\Users\kiran\Desktop\rvce-resource-allocator\backend\src\main\java\com\rvce\scas\validation\CsvRowValidator.java,com.rvce.scas.validation,Method,setRoomId,UUID roomId,,
c:\Users\kiran\Desktop\rvce-resource-allocator\backend\src\main\java\com\rvce\scas\validation\CsvRowValidator.java,com.rvce.scas.validation,Method,getTeacherId,,,
c:\Users\kiran\Desktop\rvce-resource-allocator\backend\src\main\java\com\rvce\scas\validation\CsvRowValidator.java,com.rvce.scas.validation,Method,setTeacherId,UUID teacherId,,
c:\Users\kiran\Desktop\rvce-resource-allocator\backend\src\main\java\com\rvce\scas\validation\CsvRowValidator.java,com.rvce.scas.validation,Method,getDayOfWeek,,,
c:\Users\kiran\Desktop\rvce-resource-allocator\backend\src\main\java\com\rvce\scas\validation\CsvRowValidator.java,com.rvce.scas.validation,Method,setDayOfWeek,Integer dayOfWeek,,
c:\Users\kiran\Desktop\rvce-resource-allocator\backend\src\main\java\com\rvce\scas\validation\CsvRowValidator.java,com.rvce.scas.validation,Method,getStartTime,,,
c:\Users\kiran\Desktop\rvce-resource-allocator\backend\src\main\java\com\rvce\scas\validation\CsvRowValidator.java,com.rvce.scas.validation,Method,setStartTime,LocalTime startTime,,
c:\Users\kiran\Desktop\rvce-resource-allocator\backend\src\main\java\com\rvce\scas\validation\CsvRowValidator.java,com.rvce.scas.validation,Method,getEndTime,,,
c:\Users\kiran\Desktop\rvce-resource-allocator\backend\src\main\java\com\rvce\scas\validation\CsvRowValidator.java,com.rvce.scas.validation,Method,setEndTime,LocalTime endTime,,
c:\Users\kiran\Desktop\rvce-resource-allocator\backend\src\main\java\com\rvce\scas\validation\CsvRowValidator.java,com.rvce.scas.validation,Method,getSubject,,,
c:\Users\kiran\Desktop\rvce-resource-allocator\backend\src\main\java\com\rvce\scas\validation\CsvRowValidator.java,com.rvce.scas.validation,Method,setSubject,String subject,,
c:\Users\kiran\Desktop\rvce-resource-allocator\backend\src\main\java\com\rvce\scas\validation\CsvRowValidator.java,com.rvce.scas.validation,Method,getDepartment,,,
c:\Users\kiran\Desktop\rvce-resource-allocator\backend\src\main\java\com\rvce\scas\validation\CsvRowValidator.java,com.rvce.scas.validation,Method,setDepartment,String department,,
c:\Users\kiran\Desktop\rvce-resource-allocator\backend\src\main\resources\application-test.yml,,File,application-test.yml,,,
c:\Users\kiran\Desktop\rvce-resource-allocator\backend\src\main\resources\application.yaml,,File,application.yaml,,,
c:\Users\kiran\Desktop\rvce-resource-allocator\backend\src\main\resources\db\migration\V10__fix_seeded_user_passwords.sql,,File,V10__fix_seeded_user_passwords.sql,,,
c:\Users\kiran\Desktop\rvce-resource-allocator\backend\src\main\resources\db\migration\V10__fix_seeded_user_passwords.sql,,SQL,L1,,,-- ============================================================
c:\Users\kiran\Desktop\rvce-resource-allocator\backend\src\main\resources\db\migration\V10__fix_seeded_user_passwords.sql,,SQL,L2,,,-- V10__fix_seeded_user_passwords.sql [REMOVED - SECURITY FIX]
c:\Users\kiran\Desktop\rvce-resource-allocator\backend\src\main\resources\db\migration\V10__fix_seeded_user_passwords.sql,,SQL,L3,,,-- This migration has been removed to prevent hardcoded password
c:\Users\kiran\Desktop\rvce-resource-allocator\backend\src\main\resources\db\migration\V10__fix_seeded_user_passwords.sql,,SQL,L4,,,-- hashes from being exposed in version control.
c:\Users\kiran\Desktop\rvce-resource-allocator\backend\src\main\resources\db\migration\V10__fix_seeded_user_passwords.sql,,SQL,L5,,,--
c:\Users\kiran\Desktop\rvce-resource-allocator\backend\src\main\resources\db\migration\V10__fix_seeded_user_passwords.sql,,SQL,L6,,,-- The passwords were already applied in the database from
c:\Users\kiran\Desktop\rvce-resource-allocator\backend\src\main\resources\db\migration\V10__fix_seeded_user_passwords.sql,,SQL,L7,,,"-- previous migration runs, so this file is no longer needed."
c:\Users\kiran\Desktop\rvce-resource-allocator\backend\src\main\resources\db\migration\V10__fix_seeded_user_passwords.sql,,SQL,L8,,,--
c:\Users\kiran\Desktop\rvce-resource-allocator\backend\src\main\resources\db\migration\V10__fix_seeded_user_passwords.sql,,SQL,L9,,,"-- For future test account setup, use environment variables"
c:\Users\kiran\Desktop\rvce-resource-allocator\backend\src\main\resources\db\migration\V10__fix_seeded_user_passwords.sql,,SQL,L10,,,"-- or Spring Boot configuration profiles (dev, test, prod)."
c:\Users\kiran\Desktop\rvce-resource-allocator\backend\src\main\resources\db\migration\V10__fix_seeded_user_passwords.sql,,SQL,L11,,,-- ============================================================
c:\Users\kiran\Desktop\rvce-resource-allocator\backend\src\main\resources\db\migration\V10__fix_seeded_user_passwords.sql,,SQL,L12,,,-- DO NOT DELETE THIS FILE - Flyway tracks executed migrations.
c:\Users\kiran\Desktop\rvce-resource-allocator\backend\src\main\resources\db\migration\V10__fix_seeded_user_passwords.sql,,SQL,L13,,,-- Keep it as a placeholder so Flyway knows it was executed.
c:\Users\kiran\Desktop\rvce-resource-allocator\backend\src\main\resources\db\migration\V1__users_roles.sql,,File,V1__users_roles.sql,,,
c:\Users\kiran\Desktop\rvce-resource-allocator\backend\src\main\resources\db\migration\V1__users_roles.sql,,SQL,L1,,,-- ============================================================
c:\Users\kiran\Desktop\rvce-resource-allocator\backend\src\main\resources\db\migration\V1__users_roles.sql,,SQL,L2,,,-- V1__users_roles.sql
c:\Users\kiran\Desktop\rvce-resource-allocator\backend\src\main\resources\db\migration\V1__users_roles.sql,,SQL,L3,,,-- SCAS - Smart Campus Allocation System
c:\Users\kiran\Desktop\rvce-resource-allocator\backend\src\main\resources\db\migration\V1__users_roles.sql,,SQL,L4,,,"-- Auth, RBAC and user identity layer"
c:\Users\kiran\Desktop\rvce-resource-allocator\backend\src\main\resources\db\migration\V1__users_roles.sql,,SQL,L5,,,--
c:\Users\kiran\Desktop\rvce-resource-allocator\backend\src\main\resources\db\migration\V1__users_roles.sql,,SQL,L6,,,-- DECISION LOG:
c:\Users\kiran\Desktop\rvce-resource-allocator\backend\src\main\resources\db\migration\V1__users_roles.sql,,SQL,L7,,,--   [D1] UUID PKs (gen_random_uuid): avoids central sequence
c:\Users\kiran\Desktop\rvce-resource-allocator\backend\src\main\resources\db\migration\V1__users_roles.sql,,SQL,L8,,,--        bottleneck when we scale to multiple Spring pods.
c:\Users\kiran\Desktop\rvce-resource-allocator\backend\src\main\resources\db\migration\V1__users_roles.sql,,SQL,L9,,,--        PostgreSQL's gen_random_uuid() is CRYPTOGRAPHICALLY
c:\Users\kiran\Desktop\rvce-resource-allocator\backend\src\main\resources\db\migration\V1__users_roles.sql,,SQL,L10,,,--        random - no guessable sequential IDs exposed in URLs.
c:\Users\kiran\Desktop\rvce-resource-allocator\backend\src\main\resources\db\migration\V1__users_roles.sql,,SQL,L11,,,--
c:\Users\kiran\Desktop\rvce-resource-allocator\backend\src\main\resources\db\migration\V1__users_roles.sql,,SQL,L12,,,--   [D2] departments created BEFORE users because users carry
c:\Users\kiran\Desktop\rvce-resource-allocator\backend\src\main\resources\db\migration\V1__users_roles.sql,,SQL,L13,,,"--        a FK to departments. HOD is set AFTER users exist, so"
c:\Users\kiran\Desktop\rvce-resource-allocator\backend\src\main\resources\db\migration\V1__users_roles.sql,,SQL,L14,,,--        hod_user_id is DEFERRABLE to allow circular inserts
c:\Users\kiran\Desktop\rvce-resource-allocator\backend\src\main\resources\db\migration\V1__users_roles.sql,,SQL,L15,,,--        in a single transaction.
c:\Users\kiran\Desktop\rvce-resource-allocator\backend\src\main\resources\db\migration\V1__users_roles.sql,,SQL,L16,,,--
c:\Users\kiran\Desktop\rvce-resource-allocator\backend\src\main\resources\db\migration\V1__users_roles.sql,,SQL,L17,,,--   [D3] password_hash is VARCHAR(72) not TEXT. BCrypt always
c:\Users\kiran\Desktop\rvce-resource-allocator\backend\src\main\resources\db\migration\V1__users_roles.sql,,SQL,L18,,,--        produces exactly 60 chars. 72 gives headroom for
c:\Users\kiran\Desktop\rvce-resource-allocator\backend\src\main\resources\db\migration\V1__users_roles.sql,,SQL,L19,,,--        algorithm prefix. Prevents accidental plain-text
c:\Users\kiran\Desktop\rvce-resource-allocator\backend\src\main\resources\db\migration\V1__users_roles.sql,,SQL,L20,,,"--        storage (a 500-char raw password would truncate,"
c:\Users\kiran\Desktop\rvce-resource-allocator\backend\src\main\resources\db\migration\V1__users_roles.sql,,SQL,L21,,,--        alerting developers immediately).
c:\Users\kiran\Desktop\rvce-resource-allocator\backend\src\main\resources\db\migration\V1__users_roles.sql,,SQL,L22,,,--
c:\Users\kiran\Desktop\rvce-resource-allocator\backend\src\main\resources\db\migration\V1__users_roles.sql,,SQL,L23,,,"--   [D4] usn is NULLABLE. Non-student users (teachers, admins)"
c:\Users\kiran\Desktop\rvce-resource-allocator\backend\src\main\resources\db\migration\V1__users_roles.sql,,SQL,L24,,,--        have no USN. Making it NOT NULL would force dummy
c:\Users\kiran\Desktop\rvce-resource-allocator\backend\src\main\resources\db\migration\V1__users_roles.sql,,SQL,L25,,,"--        values, polluting data integrity."
c:\Users\kiran\Desktop\rvce-resource-allocator\backend\src\main\resources\db\migration\V1__users_roles.sql,,SQL,L26,,,--
c:\Users\kiran\Desktop\rvce-resource-allocator\backend\src\main\resources\db\migration\V1__users_roles.sql,,SQL,L27,,,--   [D5] email uses CITEXT extension (case-insensitive text)
c:\Users\kiran\Desktop\rvce-resource-allocator\backend\src\main\resources\db\migration\V1__users_roles.sql,,SQL,L28,,,--        so 'Kiran@RVCE.edu' and 'kiran@rvce.edu' are treated
c:\Users\kiran\Desktop\rvce-resource-allocator\backend\src\main\resources\db\migration\V1__users_roles.sql,,SQL,L29,,,"--        as duplicates. Without this, case variations bypass"
c:\Users\kiran\Desktop\rvce-resource-allocator\backend\src\main\resources\db\migration\V1__users_roles.sql,,SQL,L30,,,--        the UNIQUE constraint.
c:\Users\kiran\Desktop\rvce-resource-allocator\backend\src\main\resources\db\migration\V1__users_roles.sql,,SQL,L31,,,--
c:\Users\kiran\Desktop\rvce-resource-allocator\backend\src\main\resources\db\migration\V1__users_roles.sql,,SQL,L32,,,--   [D6] refresh_tokens stores token_hash (SHA-256 of the raw
c:\Users\kiran\Desktop\rvce-resource-allocator\backend\src\main\resources\db\migration\V1__users_roles.sql,,SQL,L33,,,"--        token), NEVER the raw token. If the DB is breached,"
c:\Users\kiran\Desktop\rvce-resource-allocator\backend\src\main\resources\db\migration\V1__users_roles.sql,,SQL,L34,,,--        the hash is useless - attacker needs the original.
c:\Users\kiran\Desktop\rvce-resource-allocator\backend\src\main\resources\db\migration\V1__users_roles.sql,,SQL,L35,,,--        Same principle as password hashing.
c:\Users\kiran\Desktop\rvce-resource-allocator\backend\src\main\resources\db\migration\V1__users_roles.sql,,SQL,L36,,,-- ============================================================
c:\Users\kiran\Desktop\rvce-resource-allocator\backend\src\main\resources\db\migration\V1__users_roles.sql,,SQL,L38,,,-- Enable case-insensitive text support
c:\Users\kiran\Desktop\rvce-resource-allocator\backend\src\main\resources\db\migration\V1__users_roles.sql,,SQL,L40,,,-- Enable UUID generation without external tools
c:\Users\kiran\Desktop\rvce-resource-allocator\backend\src\main\resources\db\migration\V1__users_roles.sql,,SQL,L43,,,-- ─── DEPARTMENTS ─────────────────────────────────────────────
c:\Users\kiran\Desktop\rvce-resource-allocator\backend\src\main\resources\db\migration\V1__users_roles.sql,,SQL,L44,,,-- Created first because users FK to departments.
c:\Users\kiran\Desktop\rvce-resource-allocator\backend\src\main\resources\db\migration\V1__users_roles.sql,,SQL,L45,,,-- hod_user_id FK is DEFERRABLE (circular: dept→user→dept).
c:\Users\kiran\Desktop\rvce-resource-allocator\backend\src\main\resources\db\migration\V1__users_roles.sql,,SQL,L50,,,"-- DECISION: hod_user_id set after users exist, so deferred FK"
c:\Users\kiran\Desktop\rvce-resource-allocator\backend\src\main\resources\db\migration\V1__users_roles.sql,,SQL,L62,,,-- ─── USERS ───────────────────────────────────────────────────
c:\Users\kiran\Desktop\rvce-resource-allocator\backend\src\main\resources\db\migration\V1__users_roles.sql,,SQL,L63,,,-- DECISION: CITEXT on email for case-insensitive uniqueness.
c:\Users\kiran\Desktop\rvce-resource-allocator\backend\src\main\resources\db\migration\V1__users_roles.sql,,SQL,L64,,,-- DECISION: usn nullable - only students have USNs.
c:\Users\kiran\Desktop\rvce-resource-allocator\backend\src\main\resources\db\migration\V1__users_roles.sql,,SQL,L65,,,-- DECISION: is_active soft-delete instead of hard delete because
c:\Users\kiran\Desktop\rvce-resource-allocator\backend\src\main\resources\db\migration\V1__users_roles.sql,,SQL,L66,,,"--   audit_logs reference actor by email string (denormalised),"
c:\Users\kiran\Desktop\rvce-resource-allocator\backend\src\main\resources\db\migration\V1__users_roles.sql,,SQL,L67,,,"--   but exam_seats, timetable_slots still reference user_id FK."
c:\Users\kiran\Desktop\rvce-resource-allocator\backend\src\main\resources\db\migration\V1__users_roles.sql,,SQL,L68,,,--   Hard delete would cascade and destroy scheduling history.
c:\Users\kiran\Desktop\rvce-resource-allocator\backend\src\main\resources\db\migration\V1__users_roles.sql,,SQL,L97,,,-- Now add the deferred HOD FK (departments → users circular ref)
c:\Users\kiran\Desktop\rvce-resource-allocator\backend\src\main\resources\db\migration\V1__users_roles.sql,,SQL,L98,,,-- DEFERRABLE INITIALLY DEFERRED: constraint checked at END of
c:\Users\kiran\Desktop\rvce-resource-allocator\backend\src\main\resources\db\migration\V1__users_roles.sql,,SQL,L99,,,"-- transaction, not per-statement. Allows: INSERT dept (no hod),"
c:\Users\kiran\Desktop\rvce-resource-allocator\backend\src\main\resources\db\migration\V1__users_roles.sql,,SQL,L100,,,"-- INSERT user, UPDATE dept SET hod = user_id - all in one txn."
c:\Users\kiran\Desktop\rvce-resource-allocator\backend\src\main\resources\db\migration\V1__users_roles.sql,,SQL,L108,,,-- ─── ROLES ───────────────────────────────────────────────────
c:\Users\kiran\Desktop\rvce-resource-allocator\backend\src\main\resources\db\migration\V1__users_roles.sql,,SQL,L109,,,"-- DECISION: roles as a table, not a ENUM column on users."
c:\Users\kiran\Desktop\rvce-resource-allocator\backend\src\main\resources\db\migration\V1__users_roles.sql,,SQL,L110,,,-- With ENUM you need ALTER TYPE (full table rewrite in old PG)
c:\Users\kiran\Desktop\rvce-resource-allocator\backend\src\main\resources\db\migration\V1__users_roles.sql,,SQL,L111,,,-- to add a role. With this table: INSERT INTO roles - zero downtime.
c:\Users\kiran\Desktop\rvce-resource-allocator\backend\src\main\resources\db\migration\V1__users_roles.sql,,SQL,L112,,,"-- Also enables role metadata (description, created_at) for audit."
c:\Users\kiran\Desktop\rvce-resource-allocator\backend\src\main\resources\db\migration\V1__users_roles.sql,,SQL,L120,,,-- DECISION: CHECK constraint documents valid values at DB level.
c:\Users\kiran\Desktop\rvce-resource-allocator\backend\src\main\resources\db\migration\V1__users_roles.sql,,SQL,L121,,,"-- Spring RBAC also enforces this, but DB is the last line of defence."
c:\Users\kiran\Desktop\rvce-resource-allocator\backend\src\main\resources\db\migration\V1__users_roles.sql,,SQL,L129,,,-- ─── PERMISSIONS ─────────────────────────────────────────────
c:\Users\kiran\Desktop\rvce-resource-allocator\backend\src\main\resources\db\migration\V1__users_roles.sql,,SQL,L130,,,-- DECISION: fine-grained permission model (resource + action pairs)
c:\Users\kiran\Desktop\rvce-resource-allocator\backend\src\main\resources\db\migration\V1__users_roles.sql,,SQL,L131,,,"-- not just role names. This allows future: ""teacher can READ rooms"
c:\Users\kiran\Desktop\rvce-resource-allocator\backend\src\main\resources\db\migration\V1__users_roles.sql,,SQL,L132,,,"-- but not WRITE timetable"" without schema change."
c:\Users\kiran\Desktop\rvce-resource-allocator\backend\src\main\resources\db\migration\V1__users_roles.sql,,SQL,L148,,,-- ─── USER_ROLES (junction) ────────────────────────────────────
c:\Users\kiran\Desktop\rvce-resource-allocator\backend\src\main\resources\db\migration\V1__users_roles.sql,,SQL,L149,,,-- DECISION: composite PK (user_id + role_id) prevents duplicate
c:\Users\kiran\Desktop\rvce-resource-allocator\backend\src\main\resources\db\migration\V1__users_roles.sql,,SQL,L150,,,-- role assignments. granted_by creates accountability chain.
c:\Users\kiran\Desktop\rvce-resource-allocator\backend\src\main\resources\db\migration\V1__users_roles.sql,,SQL,L151,,,"-- expires_at supports time-limited roles (e.g., temp exam coordinator)."
c:\Users\kiran\Desktop\rvce-resource-allocator\backend\src\main\resources\db\migration\V1__users_roles.sql,,SQL,L162,,,-- ─── ROLE_PERMISSIONS (junction) ─────────────────────────────
c:\Users\kiran\Desktop\rvce-resource-allocator\backend\src\main\resources\db\migration\V1__users_roles.sql,,SQL,L170,,,-- ─── REFRESH_TOKENS ──────────────────────────────────────────
c:\Users\kiran\Desktop\rvce-resource-allocator\backend\src\main\resources\db\migration\V1__users_roles.sql,,SQL,L171,,,-- DECISION: token_hash is SHA-256 of the raw token.
c:\Users\kiran\Desktop\rvce-resource-allocator\backend\src\main\resources\db\migration\V1__users_roles.sql,,SQL,L172,,,-- Raw token is returned to client ONCE and never stored.
c:\Users\kiran\Desktop\rvce-resource-allocator\backend\src\main\resources\db\migration\V1__users_roles.sql,,SQL,L173,,,-- DECISION: ip_address + user_agent stored for anomaly detection
c:\Users\kiran\Desktop\rvce-resource-allocator\backend\src\main\resources\db\migration\V1__users_roles.sql,,SQL,L174,,,"-- (new device from different country = suspicious, force re-auth)."
c:\Users\kiran\Desktop\rvce-resource-allocator\backend\src\main\resources\db\migration\V1__users_roles.sql,,SQL,L188,,,-- Trigger: auto-update updated_at on users
c:\Users\kiran\Desktop\rvce-resource-allocator\backend\src\main\resources\db\migration\V1__users_roles.sql,,SQL,L189,,,-- DECISION: trigger over application-layer update because if
c:\Users\kiran\Desktop\rvce-resource-allocator\backend\src\main\resources\db\migration\V1__users_roles.sql,,SQL,L190,,,"-- any DB tool (psql CLI, migration script) updates the row"
c:\Users\kiran\Desktop\rvce-resource-allocator\backend\src\main\resources\db\migration\V1__users_roles.sql,,SQL,L191,,,"-- directly, updated_at still gets set correctly."
c:\Users\kiran\Desktop\rvce-resource-allocator\backend\src\main\resources\db\migration\V2__rooms_timetable.sql,,File,V2__rooms_timetable.sql,,,
c:\Users\kiran\Desktop\rvce-resource-allocator\backend\src\main\resources\db\migration\V2__rooms_timetable.sql,,SQL,L1,,,-- ============================================================
c:\Users\kiran\Desktop\rvce-resource-allocator\backend\src\main\resources\db\migration\V2__rooms_timetable.sql,,SQL,L2,,,-- V2__rooms_timetable.sql
c:\Users\kiran\Desktop\rvce-resource-allocator\backend\src\main\resources\db\migration\V2__rooms_timetable.sql,,SQL,L3,,,"-- SCAS - Rooms, Timetable Slots, Overrides, Occupancy"
c:\Users\kiran\Desktop\rvce-resource-allocator\backend\src\main\resources\db\migration\V2__rooms_timetable.sql,,SQL,L4,,,--
c:\Users\kiran\Desktop\rvce-resource-allocator\backend\src\main\resources\db\migration\V2__rooms_timetable.sql,,SQL,L5,,,-- DECISION LOG:
c:\Users\kiran\Desktop\rvce-resource-allocator\backend\src\main\resources\db\migration\V2__rooms_timetable.sql,,SQL,L6,,,--   [D7] rooms.bench_rows/bench_cols NULL for non-exam rooms.
c:\Users\kiran\Desktop\rvce-resource-allocator\backend\src\main\resources\db\migration\V2__rooms_timetable.sql,,SQL,L7,,,--        Only exam halls need a bench grid. Storing zeroes
c:\Users\kiran\Desktop\rvce-resource-allocator\backend\src\main\resources\db\migration\V2__rooms_timetable.sql,,SQL,L8,,,--        would pass CHECK constraints but mislead readers.
c:\Users\kiran\Desktop\rvce-resource-allocator\backend\src\main\resources\db\migration\V2__rooms_timetable.sql,,SQL,L9,,,"--        NULL explicitly communicates ""not applicable."""
c:\Users\kiran\Desktop\rvce-resource-allocator\backend\src\main\resources\db\migration\V2__rooms_timetable.sql,,SQL,L10,,,--
c:\Users\kiran\Desktop\rvce-resource-allocator\backend\src\main\resources\db\migration\V2__rooms_timetable.sql,,SQL,L11,,,--   [D8] timetable_versions table exists so that when a new
c:\Users\kiran\Desktop\rvce-resource-allocator\backend\src\main\resources\db\migration\V2__rooms_timetable.sql,,SQL,L12,,,"--        semester timetable is uploaded, old slots are NOT"
c:\Users\kiran\Desktop\rvce-resource-allocator\backend\src\main\resources\db\migration\V2__rooms_timetable.sql,,SQL,L13,,,"--        deleted. Set new version status=ACTIVE, old=ARCHIVED."
c:\Users\kiran\Desktop\rvce-resource-allocator\backend\src\main\resources\db\migration\V2__rooms_timetable.sql,,SQL,L14,,,--        This gives instant rollback (flip status) and full
c:\Users\kiran\Desktop\rvce-resource-allocator\backend\src\main\resources\db\migration\V2__rooms_timetable.sql,,SQL,L15,,,--        scheduling history without complex migration scripts.
c:\Users\kiran\Desktop\rvce-resource-allocator\backend\src\main\resources\db\migration\V2__rooms_timetable.sql,,SQL,L16,,,--
c:\Users\kiran\Desktop\rvce-resource-allocator\backend\src\main\resources\db\migration\V2__rooms_timetable.sql,,SQL,L17,,,--   [D9] timetable_slots.row_version (INTEGER) for optimistic
c:\Users\kiran\Desktop\rvce-resource-allocator\backend\src\main\resources\db\migration\V2__rooms_timetable.sql,,SQL,L18,,,--        locking. When two teachers simultaneously try to claim
c:\Users\kiran\Desktop\rvce-resource-allocator\backend\src\main\resources\db\migration\V2__rooms_timetable.sql,,SQL,L19,,,"--        the same freed slot, JPA includes row_version in the"
c:\Users\kiran\Desktop\rvce-resource-allocator\backend\src\main\resources\db\migration\V2__rooms_timetable.sql,,SQL,L20,,,--        UPDATE WHERE clause. Second writer's version doesn't
c:\Users\kiran\Desktop\rvce-resource-allocator\backend\src\main\resources\db\migration\V2__rooms_timetable.sql,,SQL,L21,,,--        match -> OptimisticLockException -> clean 409 response.
c:\Users\kiran\Desktop\rvce-resource-allocator\backend\src\main\resources\db\migration\V2__rooms_timetable.sql,,SQL,L22,,,--        Alternative (pessimistic SELECT FOR UPDATE) blocks the
c:\Users\kiran\Desktop\rvce-resource-allocator\backend\src\main\resources\db\migration\V2__rooms_timetable.sql,,SQL,L23,,,--        second connection thread entirely - bad under load.
c:\Users\kiran\Desktop\rvce-resource-allocator\backend\src\main\resources\db\migration\V2__rooms_timetable.sql,,SQL,L24,,,--
c:\Users\kiran\Desktop\rvce-resource-allocator\backend\src\main\resources\db\migration\V2__rooms_timetable.sql,,SQL,L25,,,--   [D10] day_overrides is SEPARATE from timetable_slots.
c:\Users\kiran\Desktop\rvce-resource-allocator\backend\src\main\resources\db\migration\V2__rooms_timetable.sql,,SQL,L26,,,--         timetable_slots = immutable canonical schedule.
c:\Users\kiran\Desktop\rvce-resource-allocator\backend\src\main\resources\db\migration\V2__rooms_timetable.sql,,SQL,L27,,,--         day_overrides = ephemeral day-level events.
c:\Users\kiran\Desktop\rvce-resource-allocator\backend\src\main\resources\db\migration\V2__rooms_timetable.sql,,SQL,L28,,,--         Keeps the schedule auditable and rollback-safe.
c:\Users\kiran\Desktop\rvce-resource-allocator\backend\src\main\resources\db\migration\V2__rooms_timetable.sql,,SQL,L29,,,--         A cancelled class doesn't touch the master timetable.
c:\Users\kiran\Desktop\rvce-resource-allocator\backend\src\main\resources\db\migration\V2__rooms_timetable.sql,,SQL,L30,,,--
c:\Users\kiran\Desktop\rvce-resource-allocator\backend\src\main\resources\db\migration\V2__rooms_timetable.sql,,SQL,L31,,,--   [D11] occupancy_records.slot_id is NULLABLE.
c:\Users\kiran\Desktop\rvce-resource-allocator\backend\src\main\resources\db\migration\V2__rooms_timetable.sql,,SQL,L32,,,--         Teachers can check if a room is empty OUTSIDE a
c:\Users\kiran\Desktop\rvce-resource-allocator\backend\src\main\resources\db\migration\V2__rooms_timetable.sql,,SQL,L33,,,--         scheduled slot (ad-hoc check). Forcing NOT NULL would
c:\Users\kiran\Desktop\rvce-resource-allocator\backend\src\main\resources\db\migration\V2__rooms_timetable.sql,,SQL,L34,,,--         block this valid use case entirely.
c:\Users\kiran\Desktop\rvce-resource-allocator\backend\src\main\resources\db\migration\V2__rooms_timetable.sql,,SQL,L35,,,--
c:\Users\kiran\Desktop\rvce-resource-allocator\backend\src\main\resources\db\migration\V2__rooms_timetable.sql,,SQL,L36,,,"--   [D12] latitude/longitude stored as NUMERIC(10,7) not FLOAT."
c:\Users\kiran\Desktop\rvce-resource-allocator\backend\src\main\resources\db\migration\V2__rooms_timetable.sql,,SQL,L37,,,--         FLOAT has representation errors (0.1+0.2 != 0.3).
c:\Users\kiran\Desktop\rvce-resource-allocator\backend\src\main\resources\db\migration\V2__rooms_timetable.sql,,SQL,L38,,,--         GPS coordinates at 7 decimal places = 1cm precision.
c:\Users\kiran\Desktop\rvce-resource-allocator\backend\src\main\resources\db\migration\V2__rooms_timetable.sql,,SQL,L39,,,--         NUMERIC is exact decimal arithmetic.
c:\Users\kiran\Desktop\rvce-resource-allocator\backend\src\main\resources\db\migration\V2__rooms_timetable.sql,,SQL,L40,,,-- ============================================================
c:\Users\kiran\Desktop\rvce-resource-allocator\backend\src\main\resources\db\migration\V2__rooms_timetable.sql,,SQL,L42,,,-- ─── ROOMS ───────────────────────────────────────────────────
c:\Users\kiran\Desktop\rvce-resource-allocator\backend\src\main\resources\db\migration\V2__rooms_timetable.sql,,SQL,L49,,,-- bench grid (NULL for non-exam rooms - DECISION [D7])
c:\Users\kiran\Desktop\rvce-resource-allocator\backend\src\main\resources\db\migration\V2__rooms_timetable.sql,,SQL,L55,,,-- GPS for campus map (NUMERIC not FLOAT - DECISION [D12])
c:\Users\kiran\Desktop\rvce-resource-allocator\backend\src\main\resources\db\migration\V2__rooms_timetable.sql,,SQL,L85,,,-- ─── TIMETABLE_VERSIONS ──────────────────────────────────────
c:\Users\kiran\Desktop\rvce-resource-allocator\backend\src\main\resources\db\migration\V2__rooms_timetable.sql,,SQL,L86,,,-- DECISION [D8]: versioning without deleting old data
c:\Users\kiran\Desktop\rvce-resource-allocator\backend\src\main\resources\db\migration\V2__rooms_timetable.sql,,SQL,L100,,,-- DECISION: only one ACTIVE version per semester per year
c:\Users\kiran\Desktop\rvce-resource-allocator\backend\src\main\resources\db\migration\V2__rooms_timetable.sql,,SQL,L101,,,"-- Prevents ambiguity when querying ""what is today's schedule?"""
c:\Users\kiran\Desktop\rvce-resource-allocator\backend\src\main\resources\db\migration\V2__rooms_timetable.sql,,SQL,L106,,,-- ─── TIMETABLE_SLOTS ─────────────────────────────────────────
c:\Users\kiran\Desktop\rvce-resource-allocator\backend\src\main\resources\db\migration\V2__rooms_timetable.sql,,SQL,L107,,,-- Core scheduling table. One row = one recurring weekly slot.
c:\Users\kiran\Desktop\rvce-resource-allocator\backend\src\main\resources\db\migration\V2__rooms_timetable.sql,,SQL,L108,,,-- DECISION: stores day_of_week + period_number (recurring pattern)
c:\Users\kiran\Desktop\rvce-resource-allocator\backend\src\main\resources\db\migration\V2__rooms_timetable.sql,,SQL,L109,,,-- not specific dates. day_overrides handles specific-date exceptions.
c:\Users\kiran\Desktop\rvce-resource-allocator\backend\src\main\resources\db\migration\V2__rooms_timetable.sql,,SQL,L110,,,-- This avoids inserting 180 rows (one per semester day) per slot.
c:\Users\kiran\Desktop\rvce-resource-allocator\backend\src\main\resources\db\migration\V2__rooms_timetable.sql,,SQL,L125,,,-- DECISION [D9]: optimistic locking column
c:\Users\kiran\Desktop\rvce-resource-allocator\backend\src\main\resources\db\migration\V2__rooms_timetable.sql,,SQL,L126,,,-- JPA @Version maps to this. Never set manually.
c:\Users\kiran\Desktop\rvce-resource-allocator\backend\src\main\resources\db\migration\V2__rooms_timetable.sql,,SQL,L133,,,-- DECISION: room cannot be double-booked in same version
c:\Users\kiran\Desktop\rvce-resource-allocator\backend\src\main\resources\db\migration\V2__rooms_timetable.sql,,SQL,L134,,,-- DB enforces this even if application validation is bypassed
c:\Users\kiran\Desktop\rvce-resource-allocator\backend\src\main\resources\db\migration\V2__rooms_timetable.sql,,SQL,L136,,,-- DECISION: teacher cannot be in two rooms simultaneously
c:\Users\kiran\Desktop\rvce-resource-allocator\backend\src\main\resources\db\migration\V2__rooms_timetable.sql,,SQL,L143,,,-- ─── DAY_OVERRIDES ───────────────────────────────────────────
c:\Users\kiran\Desktop\rvce-resource-allocator\backend\src\main\resources\db\migration\V2__rooms_timetable.sql,,SQL,L144,,,-- DECISION [D10]: separate from timetable_slots
c:\Users\kiran\Desktop\rvce-resource-allocator\backend\src\main\resources\db\migration\V2__rooms_timetable.sql,,SQL,L145,,,-- Records: class cancelled today / room claimed by another teacher
c:\Users\kiran\Desktop\rvce-resource-allocator\backend\src\main\resources\db\migration\V2__rooms_timetable.sql,,SQL,L146,,,-- DECISION: override_id uses BIGSERIAL for auto-increment IDs (aligns with JPA entity)
c:\Users\kiran\Desktop\rvce-resource-allocator\backend\src\main\resources\db\migration\V2__rooms_timetable.sql,,SQL,L153,,,-- acting_teacher_id: who claimed this slot (NULL if just cancelled)
c:\Users\kiran\Desktop\rvce-resource-allocator\backend\src\main\resources\db\migration\V2__rooms_timetable.sql,,SQL,L159,,,-- DECISION: one override per slot per date
c:\Users\kiran\Desktop\rvce-resource-allocator\backend\src\main\resources\db\migration\V2__rooms_timetable.sql,,SQL,L160,,,"-- Prevents: teacher cancels, then tries to cancel again same day"
c:\Users\kiran\Desktop\rvce-resource-allocator\backend\src\main\resources\db\migration\V2__rooms_timetable.sql,,SQL,L172,,,-- ─── BLACKOUT_DATES ──────────────────────────────────────────
c:\Users\kiran\Desktop\rvce-resource-allocator\backend\src\main\resources\db\migration\V2__rooms_timetable.sql,,SQL,L173,,,-- DECISION: separate from day_overrides because blackouts are
c:\Users\kiran\Desktop\rvce-resource-allocator\backend\src\main\resources\db\migration\V2__rooms_timetable.sql,,SQL,L174,,,-- GLOBAL policy (no classes on Diwali) not slot-specific.
c:\Users\kiran\Desktop\rvce-resource-allocator\backend\src\main\resources\db\migration\V2__rooms_timetable.sql,,SQL,L175,,,-- dept_id NULL = college-wide blackout. Set = dept-only holiday.
c:\Users\kiran\Desktop\rvce-resource-allocator\backend\src\main\resources\db\migration\V2__rooms_timetable.sql,,SQL,L189,,,-- ─── OCCUPANCY_RECORDS ───────────────────────────────────────
c:\Users\kiran\Desktop\rvce-resource-allocator\backend\src\main\resources\db\migration\V2__rooms_timetable.sql,,SQL,L190,,,"-- DECISION [D11]: event log, not current status column"
c:\Users\kiran\Desktop\rvce-resource-allocator\backend\src\main\resources\db\migration\V2__rooms_timetable.sql,,SQL,L191,,,-- Each check is a timestamped record. Enables:
c:\Users\kiran\Desktop\rvce-resource-allocator\backend\src\main\resources\db\migration\V2__rooms_timetable.sql,,SQL,L192,,,"--   ""Was room A201 occupied at 10am yesterday?"" (forensic query)"
c:\Users\kiran\Desktop\rvce-resource-allocator\backend\src\main\resources\db\migration\V2__rooms_timetable.sql,,SQL,L193,,,"-- If we stored only current status on rooms table, history is lost."
c:\Users\kiran\Desktop\rvce-resource-allocator\backend\src\main\resources\db\migration\V2__rooms_timetable.sql,,SQL,L197,,,-- NULL slot_id = ad-hoc check outside scheduled slot
c:\Users\kiran\Desktop\rvce-resource-allocator\backend\src\main\resources\db\migration\V2__rooms_timetable.sql,,SQL,L216,,,-- AI checks must have confidence score
c:\Users\kiran\Desktop\rvce-resource-allocator\backend\src\main\resources\db\migration\V3__exam_seating.sql,,File,V3__exam_seating.sql,,,
c:\Users\kiran\Desktop\rvce-resource-allocator\backend\src\main\resources\db\migration\V3__exam_seating.sql,,SQL,L1,,,-- ============================================================
c:\Users\kiran\Desktop\rvce-resource-allocator\backend\src\main\resources\db\migration\V3__exam_seating.sql,,SQL,L2,,,-- V3__exam_seating.sql
c:\Users\kiran\Desktop\rvce-resource-allocator\backend\src\main\resources\db\migration\V3__exam_seating.sql,,SQL,L3,,,"-- SCAS - Exam Sessions, Halls, Constraints, Seats, Jobs"
c:\Users\kiran\Desktop\rvce-resource-allocator\backend\src\main\resources\db\migration\V3__exam_seating.sql,,SQL,L4,,,--
c:\Users\kiran\Desktop\rvce-resource-allocator\backend\src\main\resources\db\migration\V3__exam_seating.sql,,SQL,L5,,,-- DECISION LOG:
c:\Users\kiran\Desktop\rvce-resource-allocator\backend\src\main\resources\db\migration\V3__exam_seating.sql,,SQL,L6,,,--   [D13] exam_halls is a junction between exam_sessions and
c:\Users\kiran\Desktop\rvce-resource-allocator\backend\src\main\resources\db\migration\V3__exam_seating.sql,,SQL,L7,,,--         rooms. One exam may use 5 rooms simultaneously.
c:\Users\kiran\Desktop\rvce-resource-allocator\backend\src\main\resources\db\migration\V3__exam_seating.sql,,SQL,L8,,,--         assigned_capacity is stored separately from rooms.capacity
c:\Users\kiran\Desktop\rvce-resource-allocator\backend\src\main\resources\db\migration\V3__exam_seating.sql,,SQL,L9,,,--         because you might intentionally use only 80 of 100 seats
c:\Users\kiran\Desktop\rvce-resource-allocator\backend\src\main\resources\db\migration\V3__exam_seating.sql,,SQL,L10,,,"--         (reserve for last-minute additions). Without this, you'd"
c:\Users\kiran\Desktop\rvce-resource-allocator\backend\src\main\resources\db\migration\V3__exam_seating.sql,,SQL,L11,,,--         have no record of the intended exam capacity.
c:\Users\kiran\Desktop\rvce-resource-allocator\backend\src\main\resources\db\migration\V3__exam_seating.sql,,SQL,L12,,,--
c:\Users\kiran\Desktop\rvce-resource-allocator\backend\src\main\resources\db\migration\V3__exam_seating.sql,,SQL,L13,,,--   [D14] seating_constraints.parameters is JSONB not separate
c:\Users\kiran\Desktop\rvce-resource-allocator\backend\src\main\resources\db\migration\V3__exam_seating.sql,,SQL,L14,,,--         columns. Each constraint type has a completely different
c:\Users\kiran\Desktop\rvce-resource-allocator\backend\src\main\resources\db\migration\V3__exam_seating.sql,,SQL,L15,,,--         parameter shape:
c:\Users\kiran\Desktop\rvce-resource-allocator\backend\src\main\resources\db\migration\V3__exam_seating.sql,,SQL,L16,,,--           NoBranchAdjacent    -> {}  (no params)
c:\Users\kiran\Desktop\rvce-resource-allocator\backend\src\main\resources\db\migration\V3__exam_seating.sql,,SQL,L17,,,"--           FrontRowReserved    -> {""rows"": 2}"
c:\Users\kiran\Desktop\rvce-resource-allocator\backend\src\main\resources\db\migration\V3__exam_seating.sql,,SQL,L18,,,"--           ExclusionZone       -> {""positions"": [[1,3],[2,4],[5,2]]}"
c:\Users\kiran\Desktop\rvce-resource-allocator\backend\src\main\resources\db\migration\V3__exam_seating.sql,,SQL,L19,,,"--           MaxSameBranchPerRow -> {""max"": 3}"
c:\Users\kiran\Desktop\rvce-resource-allocator\backend\src\main\resources\db\migration\V3__exam_seating.sql,,SQL,L20,,,--         A fixed column schema would require NULLs in 90% of cells.
c:\Users\kiran\Desktop\rvce-resource-allocator\backend\src\main\resources\db\migration\V3__exam_seating.sql,,SQL,L21,,,--         JSONB + GIN index handles containment queries efficiently.
c:\Users\kiran\Desktop\rvce-resource-allocator\backend\src\main\resources\db\migration\V3__exam_seating.sql,,SQL,L22,,,--
c:\Users\kiran\Desktop\rvce-resource-allocator\backend\src\main\resources\db\migration\V3__exam_seating.sql,,SQL,L23,,,--   [D15] exam_students.student_id FK is NULLABLE.
c:\Users\kiran\Desktop\rvce-resource-allocator\backend\src\main\resources\db\migration\V3__exam_seating.sql,,SQL,L24,,,--         External students (competitive exams hosted at RVCE)
c:\Users\kiran\Desktop\rvce-resource-allocator\backend\src\main\resources\db\migration\V3__exam_seating.sql,,SQL,L25,,,--         have no user accounts in the system. They're identified
c:\Users\kiran\Desktop\rvce-resource-allocator\backend\src\main\resources\db\migration\V3__exam_seating.sql,,SQL,L26,,,--         by USN only. Forcing NOT NULL would block this real use case.
c:\Users\kiran\Desktop\rvce-resource-allocator\backend\src\main\resources\db\migration\V3__exam_seating.sql,,SQL,L27,,,--
c:\Users\kiran\Desktop\rvce-resource-allocator\backend\src\main\resources\db\migration\V3__exam_seating.sql,,SQL,L28,,,--   [D16] seating_jobs table exists because CSP algorithm runs
c:\Users\kiran\Desktop\rvce-resource-allocator\backend\src\main\resources\db\migration\V3__exam_seating.sql,,SQL,L29,,,--         async (up to 30 seconds for 600 students). The POST
c:\Users\kiran\Desktop\rvce-resource-allocator\backend\src\main\resources\db\migration\V3__exam_seating.sql,,SQL,L30,,,--         /generate endpoint returns job_id immediately; frontend
c:\Users\kiran\Desktop\rvce-resource-allocator\backend\src\main\resources\db\migration\V3__exam_seating.sql,,SQL,L31,,,--         polls GET /jobs/{id}. Without this table: no way to
c:\Users\kiran\Desktop\rvce-resource-allocator\backend\src\main\resources\db\migration\V3__exam_seating.sql,,SQL,L32,,,"--         report partial results, constraint violations, or failure"
c:\Users\kiran\Desktop\rvce-resource-allocator\backend\src\main\resources\db\migration\V3__exam_seating.sql,,SQL,L33,,,--         reasons back to the coordinator.
c:\Users\kiran\Desktop\rvce-resource-allocator\backend\src\main\resources\db\migration\V3__exam_seating.sql,,SQL,L34,,,--
c:\Users\kiran\Desktop\rvce-resource-allocator\backend\src\main\resources\db\migration\V3__exam_seating.sql,,SQL,L35,,,--   [D17] exam_seats has a UNIQUE constraint on
c:\Users\kiran\Desktop\rvce-resource-allocator\backend\src\main\resources\db\migration\V3__exam_seating.sql,,SQL,L36,,,"--         (exam_id, hall_id, bench_row, bench_col)."
c:\Users\kiran\Desktop\rvce-resource-allocator\backend\src\main\resources\db\migration\V3__exam_seating.sql,,SQL,L37,,,--         This is the DB-level guarantee that no two students
c:\Users\kiran\Desktop\rvce-resource-allocator\backend\src\main\resources\db\migration\V3__exam_seating.sql,,SQL,L38,,,--         share the same physical bench. Even if the CSP algorithm
c:\Users\kiran\Desktop\rvce-resource-allocator\backend\src\main\resources\db\migration\V3__exam_seating.sql,,SQL,L39,,,"--         has a bug, the DB rejects the invalid insert."
c:\Users\kiran\Desktop\rvce-resource-allocator\backend\src\main\resources\db\migration\V3__exam_seating.sql,,SQL,L40,,,--
c:\Users\kiran\Desktop\rvce-resource-allocator\backend\src\main\resources\db\migration\V3__exam_seating.sql,,SQL,L41,,,--   [D18] exam_seats.is_manual_override = TRUE flags seats that
c:\Users\kiran\Desktop\rvce-resource-allocator\backend\src\main\resources\db\migration\V3__exam_seating.sql,,SQL,L42,,,--         were moved by the coordinator after CSP generation.
c:\Users\kiran\Desktop\rvce-resource-allocator\backend\src\main\resources\db\migration\V3__exam_seating.sql,,SQL,L43,,,"--         Used in audit queries: ""how many seats did we manually"
c:\Users\kiran\Desktop\rvce-resource-allocator\backend\src\main\resources\db\migration\V3__exam_seating.sql,,SQL,L44,,,"--         adjust?"" Helps evaluate algorithm quality over time."
c:\Users\kiran\Desktop\rvce-resource-allocator\backend\src\main\resources\db\migration\V3__exam_seating.sql,,SQL,L45,,,-- ============================================================
c:\Users\kiran\Desktop\rvce-resource-allocator\backend\src\main\resources\db\migration\V3__exam_seating.sql,,SQL,L47,,,-- ─── EXAM_SESSIONS ───────────────────────────────────────────
c:\Users\kiran\Desktop\rvce-resource-allocator\backend\src\main\resources\db\migration\V3__exam_seating.sql,,SQL,L71,,,-- DECISION: published_at only set when status=PUBLISHED
c:\Users\kiran\Desktop\rvce-resource-allocator\backend\src\main\resources\db\migration\V3__exam_seating.sql,,SQL,L82,,,-- ─── EXAM_HALLS ──────────────────────────────────────────────
c:\Users\kiran\Desktop\rvce-resource-allocator\backend\src\main\resources\db\migration\V3__exam_seating.sql,,SQL,L83,,,"-- DECISION [D13]: junction table, not a column on exam_sessions"
c:\Users\kiran\Desktop\rvce-resource-allocator\backend\src\main\resources\db\migration\V3__exam_seating.sql,,SQL,L84,,,-- Enables: 1 exam -> many halls
c:\Users\kiran\Desktop\rvce-resource-allocator\backend\src\main\resources\db\migration\V3__exam_seating.sql,,SQL,L90,,,-- assigned_capacity may be < room.capacity (DECISION [D13])
c:\Users\kiran\Desktop\rvce-resource-allocator\backend\src\main\resources\db\migration\V3__exam_seating.sql,,SQL,L105,,,-- ─── EXAM_STUDENTS ───────────────────────────────────────────
c:\Users\kiran\Desktop\rvce-resource-allocator\backend\src\main\resources\db\migration\V3__exam_seating.sql,,SQL,L106,,,-- DECISION [D15]: student_id nullable for external students
c:\Users\kiran\Desktop\rvce-resource-allocator\backend\src\main\resources\db\migration\V3__exam_seating.sql,,SQL,L111,,,-- NULL for external students (competitive exams at RVCE)
c:\Users\kiran\Desktop\rvce-resource-allocator\backend\src\main\resources\db\migration\V3__exam_seating.sql,,SQL,L121,,,-- DECISION: one student per exam (prevent duplicate enrollment)
c:\Users\kiran\Desktop\rvce-resource-allocator\backend\src\main\resources\db\migration\V3__exam_seating.sql,,SQL,L129,,,-- ─── SEATING_CONSTRAINTS ─────────────────────────────────────
c:\Users\kiran\Desktop\rvce-resource-allocator\backend\src\main\resources\db\migration\V3__exam_seating.sql,,SQL,L130,,,-- DECISION [D14]: JSONB parameters column
c:\Users\kiran\Desktop\rvce-resource-allocator\backend\src\main\resources\db\migration\V3__exam_seating.sql,,SQL,L131,,,-- Each constraint type has a different parameter shape.
c:\Users\kiran\Desktop\rvce-resource-allocator\backend\src\main\resources\db\migration\V3__exam_seating.sql,,SQL,L132,,,-- GIN index on parameters enables @> containment queries.
c:\Users\kiran\Desktop\rvce-resource-allocator\backend\src\main\resources\db\migration\V3__exam_seating.sql,,SQL,L138,,,-- JSONB: flexible per-type params (DECISION [D14])
c:\Users\kiran\Desktop\rvce-resource-allocator\backend\src\main\resources\db\migration\V3__exam_seating.sql,,SQL,L141,,,-- priority: lower number = evaluated first in CSP
c:\Users\kiran\Desktop\rvce-resource-allocator\backend\src\main\resources\db\migration\V3__exam_seating.sql,,SQL,L154,,,-- DECISION: each constraint type appears once per exam
c:\Users\kiran\Desktop\rvce-resource-allocator\backend\src\main\resources\db\migration\V3__exam_seating.sql,,SQL,L160,,,-- ─── SEATING_JOBS ────────────────────────────────────────────
c:\Users\kiran\Desktop\rvce-resource-allocator\backend\src\main\resources\db\migration\V3__exam_seating.sql,,SQL,L161,,,-- DECISION [D16]: async CSP tracking
c:\Users\kiran\Desktop\rvce-resource-allocator\backend\src\main\resources\db\migration\V3__exam_seating.sql,,SQL,L162,,,-- CSP may run 30 seconds. This table is polled by frontend.
c:\Users\kiran\Desktop\rvce-resource-allocator\backend\src\main\resources\db\migration\V3__exam_seating.sql,,SQL,L170,,,-- JSONB arrays stored here for partial result reporting
c:\Users\kiran\Desktop\rvce-resource-allocator\backend\src\main\resources\db\migration\V3__exam_seating.sql,,SQL,L185,,,-- ─── EXAM_SEATS ──────────────────────────────────────────────
c:\Users\kiran\Desktop\rvce-resource-allocator\backend\src\main\resources\db\migration\V3__exam_seating.sql,,SQL,L186,,,-- DECISION [D17]: DB-level unique bench guarantee
c:\Users\kiran\Desktop\rvce-resource-allocator\backend\src\main\resources\db\migration\V3__exam_seating.sql,,SQL,L187,,,-- DECISION [D18]: is_manual_override tracks algorithm quality
c:\Users\kiran\Desktop\rvce-resource-allocator\backend\src\main\resources\db\migration\V3__exam_seating.sql,,SQL,L206,,,-- DECISION [D17]: physical bench uniqueness enforced at DB level
c:\Users\kiran\Desktop\rvce-resource-allocator\backend\src\main\resources\db\migration\V3__exam_seating.sql,,SQL,L208,,,-- DECISION: student gets exactly one seat per exam
c:\Users\kiran\Desktop\rvce-resource-allocator\backend\src\main\resources\db\migration\V4__notifications_audit.sql,,File,V4__notifications_audit.sql,,,
c:\Users\kiran\Desktop\rvce-resource-allocator\backend\src\main\resources\db\migration\V4__notifications_audit.sql,,SQL,L1,,,-- ============================================================
c:\Users\kiran\Desktop\rvce-resource-allocator\backend\src\main\resources\db\migration\V4__notifications_audit.sql,,SQL,L2,,,-- V4__notifications_audit.sql
c:\Users\kiran\Desktop\rvce-resource-allocator\backend\src\main\resources\db\migration\V4__notifications_audit.sql,,SQL,L3,,,"-- SCAS - Notifications, FCM Tokens, Reports, Audit Logs"
c:\Users\kiran\Desktop\rvce-resource-allocator\backend\src\main\resources\db\migration\V4__notifications_audit.sql,,SQL,L4,,,--
c:\Users\kiran\Desktop\rvce-resource-allocator\backend\src\main\resources\db\migration\V4__notifications_audit.sql,,SQL,L5,,,-- DECISION LOG:
c:\Users\kiran\Desktop\rvce-resource-allocator\backend\src\main\resources\db\migration\V4__notifications_audit.sql,,SQL,L6,,,--   [D19] audit_logs has NO FOREIGN KEYS.
c:\Users\kiran\Desktop\rvce-resource-allocator\backend\src\main\resources\db\migration\V4__notifications_audit.sql,,SQL,L7,,,--         FKs on an audit table would prevent deleting a user
c:\Users\kiran\Desktop\rvce-resource-allocator\backend\src\main\resources\db\migration\V4__notifications_audit.sql,,SQL,L8,,,"--         (e.g., after legal retention period or GDPR request)"
c:\Users\kiran\Desktop\rvce-resource-allocator\backend\src\main\resources\db\migration\V4__notifications_audit.sql,,SQL,L9,,,"--         because audit records reference them. With NO FKs,"
c:\Users\kiran\Desktop\rvce-resource-allocator\backend\src\main\resources\db\migration\V4__notifications_audit.sql,,SQL,L10,,,--         audit records survive independently forever.
c:\Users\kiran\Desktop\rvce-resource-allocator\backend\src\main\resources\db\migration\V4__notifications_audit.sql,,SQL,L11,,,--         actor_email and actor_role are DENORMALISED here so
c:\Users\kiran\Desktop\rvce-resource-allocator\backend\src\main\resources\db\migration\V4__notifications_audit.sql,,SQL,L12,,,--         the audit trail is human-readable even after user deletion.
c:\Users\kiran\Desktop\rvce-resource-allocator\backend\src\main\resources\db\migration\V4__notifications_audit.sql,,SQL,L13,,,--
c:\Users\kiran\Desktop\rvce-resource-allocator\backend\src\main\resources\db\migration\V4__notifications_audit.sql,,SQL,L14,,,--   [D20] notifications.payload is JSONB.
c:\Users\kiran\Desktop\rvce-resource-allocator\backend\src\main\resources\db\migration\V4__notifications_audit.sql,,SQL,L15,,,"--         The notification body is a string (""Your seat is ready"")"
c:\Users\kiran\Desktop\rvce-resource-allocator\backend\src\main\resources\db\migration\V4__notifications_audit.sql,,SQL,L16,,,--         but the action data needs structure for deep-linking:
c:\Users\kiran\Desktop\rvce-resource-allocator\backend\src\main\resources\db\migration\V4__notifications_audit.sql,,SQL,L17,,,"--           {""exam_id"": ""..."", ""room"": ""A201"", ""floor"": 2, ""bench"": ""B-14""}"
c:\Users\kiran\Desktop\rvce-resource-allocator\backend\src\main\resources\db\migration\V4__notifications_audit.sql,,SQL,L18,,,"--         Without JSONB, frontend can't render a ""Navigate"" button."
c:\Users\kiran\Desktop\rvce-resource-allocator\backend\src\main\resources\db\migration\V4__notifications_audit.sql,,SQL,L19,,,--         Pre-defining every notification type's columns would
c:\Users\kiran\Desktop\rvce-resource-allocator\backend\src\main\resources\db\migration\V4__notifications_audit.sql,,SQL,L20,,,--         require schema changes for each new notification type.
c:\Users\kiran\Desktop\rvce-resource-allocator\backend\src\main\resources\db\migration\V4__notifications_audit.sql,,SQL,L21,,,--
c:\Users\kiran\Desktop\rvce-resource-allocator\backend\src\main\resources\db\migration\V4__notifications_audit.sql,,SQL,L22,,,--   [D21] fcm_device_tokens is a SEPARATE TABLE from users.
c:\Users\kiran\Desktop\rvce-resource-allocator\backend\src\main\resources\db\migration\V4__notifications_audit.sql,,SQL,L23,,,--         One user can have multiple devices (phone + laptop + tablet).
c:\Users\kiran\Desktop\rvce-resource-allocator\backend\src\main\resources\db\migration\V4__notifications_audit.sql,,SQL,L24,,,--         A single fcm_token column on users supports only the last
c:\Users\kiran\Desktop\rvce-resource-allocator\backend\src\main\resources\db\migration\V4__notifications_audit.sql,,SQL,L25,,,--         registered device. This table enables fan-out:
c:\Users\kiran\Desktop\rvce-resource-allocator\backend\src\main\resources\db\migration\V4__notifications_audit.sql,,SQL,L26,,,--           SELECT * FROM fcm_device_tokens
c:\Users\kiran\Desktop\rvce-resource-allocator\backend\src\main\resources\db\migration\V4__notifications_audit.sql,,SQL,L27,,,--           WHERE user_id = ? AND is_active = TRUE
c:\Users\kiran\Desktop\rvce-resource-allocator\backend\src\main\resources\db\migration\V4__notifications_audit.sql,,SQL,L28,,,--         -> send to ALL their devices simultaneously.
c:\Users\kiran\Desktop\rvce-resource-allocator\backend\src\main\resources\db\migration\V4__notifications_audit.sql,,SQL,L29,,,--
c:\Users\kiran\Desktop\rvce-resource-allocator\backend\src\main\resources\db\migration\V4__notifications_audit.sql,,SQL,L30,,,--   [D22] notification_batches tracks bulk sends.
c:\Users\kiran\Desktop\rvce-resource-allocator\backend\src\main\resources\db\migration\V4__notifications_audit.sql,,SQL,L31,,,"--         When exam seats are published, 500+ students are notified"
c:\Users\kiran\Desktop\rvce-resource-allocator\backend\src\main\resources\db\migration\V4__notifications_audit.sql,,SQL,L32,,,"--         simultaneously. Without batch tracking, there's no way to"
c:\Users\kiran\Desktop\rvce-resource-allocator\backend\src\main\resources\db\migration\V4__notifications_audit.sql,,SQL,L33,,,--         know: how many were delivered? how many failed? which failed?
c:\Users\kiran\Desktop\rvce-resource-allocator\backend\src\main\resources\db\migration\V4__notifications_audit.sql,,SQL,L34,,,--         This enables retry logic: re-send only to failed recipients.
c:\Users\kiran\Desktop\rvce-resource-allocator\backend\src\main\resources\db\migration\V4__notifications_audit.sql,,SQL,L35,,,--
c:\Users\kiran\Desktop\rvce-resource-allocator\backend\src\main\resources\db\migration\V4__notifications_audit.sql,,SQL,L36,,,--   [D23] reports table stores MinIO presigned URL + expiry.
c:\Users\kiran\Desktop\rvce-resource-allocator\backend\src\main\resources\db\migration\V4__notifications_audit.sql,,SQL,L37,,,--         PDFs are generated on-demand and cached in MinIO for 1 hour.
c:\Users\kiran\Desktop\rvce-resource-allocator\backend\src\main\resources\db\migration\V4__notifications_audit.sql,,SQL,L38,,,--         If the coordinator re-requests within 1 hour: return cached URL.
c:\Users\kiran\Desktop\rvce-resource-allocator\backend\src\main\resources\db\migration\V4__notifications_audit.sql,,SQL,L39,,,--         After expiry: generate fresh PDF. Avoids re-running expensive
c:\Users\kiran\Desktop\rvce-resource-allocator\backend\src\main\resources\db\migration\V4__notifications_audit.sql,,SQL,L40,,,--         iText PDF generation on every request.
c:\Users\kiran\Desktop\rvce-resource-allocator\backend\src\main\resources\db\migration\V4__notifications_audit.sql,,SQL,L41,,,--
c:\Users\kiran\Desktop\rvce-resource-allocator\backend\src\main\resources\db\migration\V4__notifications_audit.sql,,SQL,L42,,,--   [D24] audit_logs.created_at has no DEFAULT.
c:\Users\kiran\Desktop\rvce-resource-allocator\backend\src\main\resources\db\migration\V4__notifications_audit.sql,,SQL,L43,,,"--         It is set by the application at the moment of the event,"
c:\Users\kiran\Desktop\rvce-resource-allocator\backend\src\main\resources\db\migration\V4__notifications_audit.sql,,SQL,L44,,,--         not at DB insert time (which could be slightly later due to
c:\Users\kiran\Desktop\rvce-resource-allocator\backend\src\main\resources\db\migration\V4__notifications_audit.sql,,SQL,L45,,,--         async audit dispatch). Precise event timing matters for
c:\Users\kiran\Desktop\rvce-resource-allocator\backend\src\main\resources\db\migration\V4__notifications_audit.sql,,SQL,L46,,,--         forensic reconstruction of sequences.
c:\Users\kiran\Desktop\rvce-resource-allocator\backend\src\main\resources\db\migration\V4__notifications_audit.sql,,SQL,L47,,,--         CORRECTION: DEFAULT NOW() is fine and safer.
c:\Users\kiran\Desktop\rvce-resource-allocator\backend\src\main\resources\db\migration\V4__notifications_audit.sql,,SQL,L48,,,-- ============================================================
c:\Users\kiran\Desktop\rvce-resource-allocator\backend\src\main\resources\db\migration\V4__notifications_audit.sql,,SQL,L50,,,-- ─── FCM_DEVICE_TOKENS ───────────────────────────────────────
c:\Users\kiran\Desktop\rvce-resource-allocator\backend\src\main\resources\db\migration\V4__notifications_audit.sql,,SQL,L51,,,-- DECISION [D21]: separate table for multi-device fan-out
c:\Users\kiran\Desktop\rvce-resource-allocator\backend\src\main\resources\db\migration\V4__notifications_audit.sql,,SQL,L68,,,-- ─── NOTIFICATION_BATCHES ────────────────────────────────────
c:\Users\kiran\Desktop\rvce-resource-allocator\backend\src\main\resources\db\migration\V4__notifications_audit.sql,,SQL,L69,,,-- DECISION [D22]: tracks bulk notification sends
c:\Users\kiran\Desktop\rvce-resource-allocator\backend\src\main\resources\db\migration\V4__notifications_audit.sql,,SQL,L96,,,-- ─── NOTIFICATIONS ───────────────────────────────────────────
c:\Users\kiran\Desktop\rvce-resource-allocator\backend\src\main\resources\db\migration\V4__notifications_audit.sql,,SQL,L97,,,-- DECISION [D20]: JSONB payload for structured deep-link data
c:\Users\kiran\Desktop\rvce-resource-allocator\backend\src\main\resources\db\migration\V4__notifications_audit.sql,,SQL,L107,,,-- JSONB payload for frontend deep-linking (DECISION [D20])
c:\Users\kiran\Desktop\rvce-resource-allocator\backend\src\main\resources\db\migration\V4__notifications_audit.sql,,SQL,L125,,,-- read_at only set when is_read = TRUE
c:\Users\kiran\Desktop\rvce-resource-allocator\backend\src\main\resources\db\migration\V4__notifications_audit.sql,,SQL,L132,,,-- ─── REPORTS ─────────────────────────────────────────────────
c:\Users\kiran\Desktop\rvce-resource-allocator\backend\src\main\resources\db\migration\V4__notifications_audit.sql,,SQL,L133,,,-- DECISION [D23]: cache generated PDFs in MinIO with presigned URL
c:\Users\kiran\Desktop\rvce-resource-allocator\backend\src\main\resources\db\migration\V4__notifications_audit.sql,,SQL,L138,,,-- Parameters used to generate (for cache key matching)
c:\Users\kiran\Desktop\rvce-resource-allocator\backend\src\main\resources\db\migration\V4__notifications_audit.sql,,SQL,L154,,,-- ─── AUDIT_LOGS ──────────────────────────────────────────────
c:\Users\kiran\Desktop\rvce-resource-allocator\backend\src\main\resources\db\migration\V4__notifications_audit.sql,,SQL,L155,,,-- DECISION [D19]: NO FOREIGN KEYS. Immutable event log.
c:\Users\kiran\Desktop\rvce-resource-allocator\backend\src\main\resources\db\migration\V4__notifications_audit.sql,,SQL,L156,,,-- Denormalised actor fields survive user deletion.
c:\Users\kiran\Desktop\rvce-resource-allocator\backend\src\main\resources\db\migration\V4__notifications_audit.sql,,SQL,L157,,,--
c:\Users\kiran\Desktop\rvce-resource-allocator\backend\src\main\resources\db\migration\V4__notifications_audit.sql,,SQL,L158,,,-- DECISION: No UPDATE or DELETE should EVER run on this table.
c:\Users\kiran\Desktop\rvce-resource-allocator\backend\src\main\resources\db\migration\V4__notifications_audit.sql,,SQL,L159,,,-- Enforce with a trigger that raises an exception on any attempt.
c:\Users\kiran\Desktop\rvce-resource-allocator\backend\src\main\resources\db\migration\V4__notifications_audit.sql,,SQL,L162,,,-- NO FK - immutable (DECISION [D19])
c:\Users\kiran\Desktop\rvce-resource-allocator\backend\src\main\resources\db\migration\V4__notifications_audit.sql,,SQL,L196,,,-- DECISION: Prevent any modification to audit_logs after insert.
c:\Users\kiran\Desktop\rvce-resource-allocator\backend\src\main\resources\db\migration\V4__notifications_audit.sql,,SQL,L197,,,-- This is a security control - even a compromised DB user cannot
c:\Users\kiran\Desktop\rvce-resource-allocator\backend\src\main\resources\db\migration\V4__notifications_audit.sql,,SQL,L198,,,-- cover their tracks by updating audit records.
c:\Users\kiran\Desktop\rvce-resource-allocator\backend\src\main\resources\db\migration\V5__indexes_constraints.sql,,File,V5__indexes_constraints.sql,,,
c:\Users\kiran\Desktop\rvce-resource-allocator\backend\src\main\resources\db\migration\V5__indexes_constraints.sql,,SQL,L1,,,-- ============================================================
c:\Users\kiran\Desktop\rvce-resource-allocator\backend\src\main\resources\db\migration\V5__indexes_constraints.sql,,SQL,L2,,,-- V5__indexes_constraints.sql
c:\Users\kiran\Desktop\rvce-resource-allocator\backend\src\main\resources\db\migration\V5__indexes_constraints.sql,,SQL,L3,,,"-- SCAS - Performance Indexes, Check Constraints"
c:\Users\kiran\Desktop\rvce-resource-allocator\backend\src\main\resources\db\migration\V5__indexes_constraints.sql,,SQL,L4,,,--
c:\Users\kiran\Desktop\rvce-resource-allocator\backend\src\main\resources\db\migration\V5__indexes_constraints.sql,,SQL,L5,,,-- DECISION LOG - INDEX STRATEGY:
c:\Users\kiran\Desktop\rvce-resource-allocator\backend\src\main\resources\db\migration\V5__indexes_constraints.sql,,SQL,L6,,,--
c:\Users\kiran\Desktop\rvce-resource-allocator\backend\src\main\resources\db\migration\V5__indexes_constraints.sql,,SQL,L7,,,--   INDEX RULE: Every index speeds up reads but SLOWS writes
c:\Users\kiran\Desktop\rvce-resource-allocator\backend\src\main\resources\db\migration\V5__indexes_constraints.sql,,SQL,L8,,,--   (PostgreSQL must update the index on every INSERT/UPDATE/DELETE).
c:\Users\kiran\Desktop\rvce-resource-allocator\backend\src\main\resources\db\migration\V5__indexes_constraints.sql,,SQL,L9,,,--   Each index below has a documented query justification.
c:\Users\kiran\Desktop\rvce-resource-allocator\backend\src\main\resources\db\migration\V5__indexes_constraints.sql,,SQL,L10,,,"--   We do NOT index every column - only those in WHERE, JOIN ON,"
c:\Users\kiran\Desktop\rvce-resource-allocator\backend\src\main\resources\db\migration\V5__indexes_constraints.sql,,SQL,L11,,,--   and ORDER BY clauses of the TOP 10 hottest queries.
c:\Users\kiran\Desktop\rvce-resource-allocator\backend\src\main\resources\db\migration\V5__indexes_constraints.sql,,SQL,L12,,,--
c:\Users\kiran\Desktop\rvce-resource-allocator\backend\src\main\resources\db\migration\V5__indexes_constraints.sql,,SQL,L13,,,"--   [I1] idx_slots_room_day_period (COMPOSITE, B-TREE)"
c:\Users\kiran\Desktop\rvce-resource-allocator\backend\src\main\resources\db\migration\V5__indexes_constraints.sql,,SQL,L14,,,"--        Query: ""Is room A201 free on Wednesday period 3?"""
c:\Users\kiran\Desktop\rvce-resource-allocator\backend\src\main\resources\db\migration\V5__indexes_constraints.sql,,SQL,L15,,,--        SELECT * FROM timetable_slots
c:\Users\kiran\Desktop\rvce-resource-allocator\backend\src\main\resources\db\migration\V5__indexes_constraints.sql,,SQL,L16,,,--        WHERE room_id = ? AND day_of_week = ? AND period_number = ?
c:\Users\kiran\Desktop\rvce-resource-allocator\backend\src\main\resources\db\migration\V5__indexes_constraints.sql,,SQL,L17,,,"--        Without index: full seq scan of ~50,000 rows (all slots all semesters)."
c:\Users\kiran\Desktop\rvce-resource-allocator\backend\src\main\resources\db\migration\V5__indexes_constraints.sql,,SQL,L18,,,--        With index: binary search -> ~log2(50000) = 16 comparisons.
c:\Users\kiran\Desktop\rvce-resource-allocator\backend\src\main\resources\db\migration\V5__indexes_constraints.sql,,SQL,L19,,,--        Column order matters: room_id first (highest cardinality = most selective).
c:\Users\kiran\Desktop\rvce-resource-allocator\backend\src\main\resources\db\migration\V5__indexes_constraints.sql,,SQL,L20,,,--        Adding version_id: lets WHERE version_id = ? use the same index.
c:\Users\kiran\Desktop\rvce-resource-allocator\backend\src\main\resources\db\migration\V5__indexes_constraints.sql,,SQL,L21,,,--
c:\Users\kiran\Desktop\rvce-resource-allocator\backend\src\main\resources\db\migration\V5__indexes_constraints.sql,,SQL,L22,,,"--   [I2] idx_exam_seats_student_exam (COMPOSITE, B-TREE)"
c:\Users\kiran\Desktop\rvce-resource-allocator\backend\src\main\resources\db\migration\V5__indexes_constraints.sql,,SQL,L23,,,"--        Query: ""Show my exam seat"" - runs on EVERY student login."
c:\Users\kiran\Desktop\rvce-resource-allocator\backend\src\main\resources\db\migration\V5__indexes_constraints.sql,,SQL,L24,,,--        Peak load: all students check simultaneously after exam publish.
c:\Users\kiran\Desktop\rvce-resource-allocator\backend\src\main\resources\db\migration\V5__indexes_constraints.sql,,SQL,L25,,,--        student_id first because we always filter by logged-in user.
c:\Users\kiran\Desktop\rvce-resource-allocator\backend\src\main\resources\db\migration\V5__indexes_constraints.sql,,SQL,L26,,,--
c:\Users\kiran\Desktop\rvce-resource-allocator\backend\src\main\resources\db\migration\V5__indexes_constraints.sql,,SQL,L27,,,"--   [I3] idx_rooms_name_gin (GIN, full-text search)"
c:\Users\kiran\Desktop\rvce-resource-allocator\backend\src\main\resources\db\migration\V5__indexes_constraints.sql,,SQL,L28,,,--        GIN = Generalised Inverted Index. Tokenises text into
c:\Users\kiran\Desktop\rvce-resource-allocator\backend\src\main\resources\db\migration\V5__indexes_constraints.sql,,SQL,L29,,,--        words -> maps words back to rows. Supports @@ operator.
c:\Users\kiran\Desktop\rvce-resource-allocator\backend\src\main\resources\db\migration\V5__indexes_constraints.sql,,SQL,L30,,,--        B-TREE on VARCHAR only helps with LIKE 'prefix%' queries.
c:\Users\kiran\Desktop\rvce-resource-allocator\backend\src\main\resources\db\migration\V5__indexes_constraints.sql,,SQL,L31,,,"--        GIN supports: WHERE to_tsvector('english', name) @@ plainto_tsquery('seminar hall B')"
c:\Users\kiran\Desktop\rvce-resource-allocator\backend\src\main\resources\db\migration\V5__indexes_constraints.sql,,SQL,L32,,,"--        DECISION: 'english' dictionary applies stemming (rooms->room, halls->hall)."
c:\Users\kiran\Desktop\rvce-resource-allocator\backend\src\main\resources\db\migration\V5__indexes_constraints.sql,,SQL,L33,,,--
c:\Users\kiran\Desktop\rvce-resource-allocator\backend\src\main\resources\db\migration\V5__indexes_constraints.sql,,SQL,L34,,,"--   [I4] idx_day_overrides_slot_date (COMPOSITE, B-TREE)"
c:\Users\kiran\Desktop\rvce-resource-allocator\backend\src\main\resources\db\migration\V5__indexes_constraints.sql,,SQL,L35,,,--        The real-time dashboard joins timetable_slots + day_overrides
c:\Users\kiran\Desktop\rvce-resource-allocator\backend\src\main\resources\db\migration\V5__indexes_constraints.sql,,SQL,L36,,,"--        to check ""is this slot cancelled today?"""
c:\Users\kiran\Desktop\rvce-resource-allocator\backend\src\main\resources\db\migration\V5__indexes_constraints.sql,,SQL,L37,,,--        Without index: nested loop join degrades to O(n*m).
c:\Users\kiran\Desktop\rvce-resource-allocator\backend\src\main\resources\db\migration\V5__indexes_constraints.sql,,SQL,L38,,,--
c:\Users\kiran\Desktop\rvce-resource-allocator\backend\src\main\resources\db\migration\V5__indexes_constraints.sql,,SQL,L39,,,"--   [I5] idx_notifs_user_unread (PARTIAL, B-TREE)"
c:\Users\kiran\Desktop\rvce-resource-allocator\backend\src\main\resources\db\migration\V5__indexes_constraints.sql,,SQL,L40,,,--        PARTIAL index: WHERE is_read = FALSE.
c:\Users\kiran\Desktop\rvce-resource-allocator\backend\src\main\resources\db\migration\V5__indexes_constraints.sql,,SQL,L41,,,--        Only indexes unread rows - a tiny fraction of the table.
c:\Users\kiran\Desktop\rvce-resource-allocator\backend\src\main\resources\db\migration\V5__indexes_constraints.sql,,SQL,L42,,,--        Read notifications accumulate in millions but don't bloat index.
c:\Users\kiran\Desktop\rvce-resource-allocator\backend\src\main\resources\db\migration\V5__indexes_constraints.sql,,SQL,L43,,,"--        created_at DESC: pre-sorted for ""newest first"" display."
c:\Users\kiran\Desktop\rvce-resource-allocator\backend\src\main\resources\db\migration\V5__indexes_constraints.sql,,SQL,L44,,,--
c:\Users\kiran\Desktop\rvce-resource-allocator\backend\src\main\resources\db\migration\V5__indexes_constraints.sql,,SQL,L45,,,"--   [I6] idx_constraints_params_gin (GIN, JSONB)"
c:\Users\kiran\Desktop\rvce-resource-allocator\backend\src\main\resources\db\migration\V5__indexes_constraints.sql,,SQL,L46,,,"--        CSP engine queries: ""find EXCLUSION_ZONE constraints with"
c:\Users\kiran\Desktop\rvce-resource-allocator\backend\src\main\resources\db\migration\V5__indexes_constraints.sql,,SQL,L47,,,"--        positions containing [2,3]"" using @> (containment)."
c:\Users\kiran\Desktop\rvce-resource-allocator\backend\src\main\resources\db\migration\V5__indexes_constraints.sql,,SQL,L48,,,--        JSONB GIN is the only index type that supports @>.
c:\Users\kiran\Desktop\rvce-resource-allocator\backend\src\main\resources\db\migration\V5__indexes_constraints.sql,,SQL,L49,,,--
c:\Users\kiran\Desktop\rvce-resource-allocator\backend\src\main\resources\db\migration\V5__indexes_constraints.sql,,SQL,L50,,,"--   [I7] idx_occupancy_room_date (COMPOSITE, B-TREE)"
c:\Users\kiran\Desktop\rvce-resource-allocator\backend\src\main\resources\db\migration\V5__indexes_constraints.sql,,SQL,L51,,,"--        ""Show all occupancy checks for room X on date Y"""
c:\Users\kiran\Desktop\rvce-resource-allocator\backend\src\main\resources\db\migration\V5__indexes_constraints.sql,,SQL,L52,,,--        Used in the occupancy history dashboard.
c:\Users\kiran\Desktop\rvce-resource-allocator\backend\src\main\resources\db\migration\V5__indexes_constraints.sql,,SQL,L53,,,--
c:\Users\kiran\Desktop\rvce-resource-allocator\backend\src\main\resources\db\migration\V5__indexes_constraints.sql,,SQL,L54,,,"--   [I8] idx_audit_actor_date (COMPOSITE, B-TREE)"
c:\Users\kiran\Desktop\rvce-resource-allocator\backend\src\main\resources\db\migration\V5__indexes_constraints.sql,,SQL,L55,,,"--        ""Show all actions by user X in the last 7 days"""
c:\Users\kiran\Desktop\rvce-resource-allocator\backend\src\main\resources\db\migration\V5__indexes_constraints.sql,,SQL,L56,,,"--        actor_id first, created_at for range filter."
c:\Users\kiran\Desktop\rvce-resource-allocator\backend\src\main\resources\db\migration\V5__indexes_constraints.sql,,SQL,L57,,,--
c:\Users\kiran\Desktop\rvce-resource-allocator\backend\src\main\resources\db\migration\V5__indexes_constraints.sql,,SQL,L58,,,--   [I9] idx_slots_teacher (B-TREE)
c:\Users\kiran\Desktop\rvce-resource-allocator\backend\src\main\resources\db\migration\V5__indexes_constraints.sql,,SQL,L59,,,"--        Teacher substitution query: ""Find all slots where"
c:\Users\kiran\Desktop\rvce-resource-allocator\backend\src\main\resources\db\migration\V5__indexes_constraints.sql,,SQL,L60,,,"--        teacher_id = replaced_teacher"""
c:\Users\kiran\Desktop\rvce-resource-allocator\backend\src\main\resources\db\migration\V5__indexes_constraints.sql,,SQL,L61,,,--        Runs at every substitution event.
c:\Users\kiran\Desktop\rvce-resource-allocator\backend\src\main\resources\db\migration\V5__indexes_constraints.sql,,SQL,L62,,,--
c:\Users\kiran\Desktop\rvce-resource-allocator\backend\src\main\resources\db\migration\V5__indexes_constraints.sql,,SQL,L63,,,--   [I10] idx_exam_students_exam (B-TREE)
c:\Users\kiran\Desktop\rvce-resource-allocator\backend\src\main\resources\db\migration\V5__indexes_constraints.sql,,SQL,L64,,,"--         ""List all students in exam X"""
c:\Users\kiran\Desktop\rvce-resource-allocator\backend\src\main\resources\db\migration\V5__indexes_constraints.sql,,SQL,L65,,,--         Runs at CSP start and for seating plan display.
c:\Users\kiran\Desktop\rvce-resource-allocator\backend\src\main\resources\db\migration\V5__indexes_constraints.sql,,SQL,L66,,,-- ============================================================
c:\Users\kiran\Desktop\rvce-resource-allocator\backend\src\main\resources\db\migration\V5__indexes_constraints.sql,,SQL,L68,,,-- ── I1: Room availability (hottest query) ────────────────────
c:\Users\kiran\Desktop\rvce-resource-allocator\backend\src\main\resources\db\migration\V5__indexes_constraints.sql,,SQL,L69,,,-- DECISION: Include version_id as 4th column so queries filtering
c:\Users\kiran\Desktop\rvce-resource-allocator\backend\src\main\resources\db\migration\V5__indexes_constraints.sql,,SQL,L70,,,-- by active version can use this same index without a separate one.
c:\Users\kiran\Desktop\rvce-resource-allocator\backend\src\main\resources\db\migration\V5__indexes_constraints.sql,,SQL,L74,,,-- ── I2: Student exam seat lookup ─────────────────────────────
c:\Users\kiran\Desktop\rvce-resource-allocator\backend\src\main\resources\db\migration\V5__indexes_constraints.sql,,SQL,L78,,,"-- Also: coordinator view ""all seats for this exam"""
c:\Users\kiran\Desktop\rvce-resource-allocator\backend\src\main\resources\db\migration\V5__indexes_constraints.sql,,SQL,L82,,,-- ── I3: Full-text room search ────────────────────────────────
c:\Users\kiran\Desktop\rvce-resource-allocator\backend\src\main\resources\db\migration\V5__indexes_constraints.sql,,SQL,L83,,,-- DECISION: use 'simple' dictionary not 'english' because room names
c:\Users\kiran\Desktop\rvce-resource-allocator\backend\src\main\resources\db\migration\V5__indexes_constraints.sql,,SQL,L84,,,"-- like ""A201"" and ""SH-01"" are codes, not English words."
c:\Users\kiran\Desktop\rvce-resource-allocator\backend\src\main\resources\db\migration\V5__indexes_constraints.sql,,SQL,L85,,,-- 'simple' lowercases only; 'english' applies stemming (may mangle codes).
c:\Users\kiran\Desktop\rvce-resource-allocator\backend\src\main\resources\db\migration\V5__indexes_constraints.sql,,SQL,L89,,,-- ── I4: Day overrides lookup ─────────────────────────────────
c:\Users\kiran\Desktop\rvce-resource-allocator\backend\src\main\resources\db\migration\V5__indexes_constraints.sql,,SQL,L93,,,"-- Also: ""what overrides happened today?"" (admin dashboard)"
c:\Users\kiran\Desktop\rvce-resource-allocator\backend\src\main\resources\db\migration\V5__indexes_constraints.sql,,SQL,L97,,,-- ── I5: Unread notifications (partial index) ─────────────────
c:\Users\kiran\Desktop\rvce-resource-allocator\backend\src\main\resources\db\migration\V5__indexes_constraints.sql,,SQL,L98,,,-- DECISION: Partial index (WHERE is_read = FALSE) = only indexes
c:\Users\kiran\Desktop\rvce-resource-allocator\backend\src\main\resources\db\migration\V5__indexes_constraints.sql,,SQL,L99,,,"-- the minority of rows that are unread. As notifications are read,"
c:\Users\kiran\Desktop\rvce-resource-allocator\backend\src\main\resources\db\migration\V5__indexes_constraints.sql,,SQL,L100,,,-- they fall out of the index automatically. Stays small forever.
c:\Users\kiran\Desktop\rvce-resource-allocator\backend\src\main\resources\db\migration\V5__indexes_constraints.sql,,SQL,L105,,,-- ── I6: JSONB seating constraints ────────────────────────────
c:\Users\kiran\Desktop\rvce-resource-allocator\backend\src\main\resources\db\migration\V5__indexes_constraints.sql,,SQL,L109,,,-- ── I7: Occupancy history ────────────────────────────────────
c:\Users\kiran\Desktop\rvce-resource-allocator\backend\src\main\resources\db\migration\V5__indexes_constraints.sql,,SQL,L113,,,-- ── I8: Audit log by actor ───────────────────────────────────
c:\Users\kiran\Desktop\rvce-resource-allocator\backend\src\main\resources\db\migration\V5__indexes_constraints.sql,,SQL,L117,,,"-- Also: compliance query ""all actions of type X in date range"""
c:\Users\kiran\Desktop\rvce-resource-allocator\backend\src\main\resources\db\migration\V5__indexes_constraints.sql,,SQL,L121,,,-- ── I9: Teacher substitution query ───────────────────────────
c:\Users\kiran\Desktop\rvce-resource-allocator\backend\src\main\resources\db\migration\V5__indexes_constraints.sql,,SQL,L125,,,-- ── I10: Exam students list ───────────────────────────────────
c:\Users\kiran\Desktop\rvce-resource-allocator\backend\src\main\resources\db\migration\V5__indexes_constraints.sql,,SQL,L129,,,"-- Branch filter for CSP: ""students of branch CSE in this exam"""
c:\Users\kiran\Desktop\rvce-resource-allocator\backend\src\main\resources\db\migration\V5__indexes_constraints.sql,,SQL,L133,,,-- ── Additional useful indexes ─────────────────────────────────
c:\Users\kiran\Desktop\rvce-resource-allocator\backend\src\main\resources\db\migration\V5__indexes_constraints.sql,,SQL,L135,,,-- Active refresh tokens lookup (on every authenticated request)
c:\Users\kiran\Desktop\rvce-resource-allocator\backend\src\main\resources\db\migration\V5__indexes_constraints.sql,,SQL,L140,,,-- Seating job status polling
c:\Users\kiran\Desktop\rvce-resource-allocator\backend\src\main\resources\db\migration\V5__indexes_constraints.sql,,SQL,L144,,,-- Notification batches by exam
c:\Users\kiran\Desktop\rvce-resource-allocator\backend\src\main\resources\db\migration\V5__indexes_constraints.sql,,SQL,L149,,,-- FCM token lookup for fan-out
c:\Users\kiran\Desktop\rvce-resource-allocator\backend\src\main\resources\db\migration\V5__indexes_constraints.sql,,SQL,L154,,,-- Blackout dates range queries
c:\Users\kiran\Desktop\rvce-resource-allocator\backend\src\main\resources\db\migration\V5__indexes_constraints.sql,,SQL,L158,,,-- Timetable versions by semester
c:\Users\kiran\Desktop\rvce-resource-allocator\backend\src\main\resources\db\migration\V5__indexes_constraints.sql,,SQL,L162,,,-- Report cache lookup (same parameters = return cached URL)
c:\Users\kiran\Desktop\rvce-resource-allocator\backend\src\main\resources\db\migration\V5__indexes_constraints.sql,,SQL,L163,,,-- NOTE: partial index predicates cannot use non-IMMUTABLE functions
c:\Users\kiran\Desktop\rvce-resource-allocator\backend\src\main\resources\db\migration\V5__indexes_constraints.sql,,SQL,L164,,,"-- like NOW(), so keep predicate static and filter expires_at at query time."
c:\Users\kiran\Desktop\rvce-resource-allocator\backend\src\main\resources\db\migration\V5__indexes_constraints.sql,,SQL,L169,,,-- ── ADDITIONAL CHECK CONSTRAINTS ─────────────────────────────
c:\Users\kiran\Desktop\rvce-resource-allocator\backend\src\main\resources\db\migration\V5__indexes_constraints.sql,,SQL,L170,,,"-- DECISION: Add cross-table consistency checks as DB constraints,"
c:\Users\kiran\Desktop\rvce-resource-allocator\backend\src\main\resources\db\migration\V5__indexes_constraints.sql,,SQL,L171,,,-- not just application-level validation. DB is the last line of defence.
c:\Users\kiran\Desktop\rvce-resource-allocator\backend\src\main\resources\db\migration\V5__indexes_constraints.sql,,SQL,L173,,,"-- Exam seats: bench_number format must be ""LETTER-NUMBER"" (A-12)"
c:\Users\kiran\Desktop\rvce-resource-allocator\backend\src\main\resources\db\migration\V5__indexes_constraints.sql,,SQL,L178,,,-- Timetable slots: start/end times must be within college hours
c:\Users\kiran\Desktop\rvce-resource-allocator\backend\src\main\resources\db\migration\V5__indexes_constraints.sql,,SQL,L183,,,-- Occupancy AI confidence must be 4 decimal places max
c:\Users\kiran\Desktop\rvce-resource-allocator\backend\src\main\resources\db\migration\V5__indexes_constraints.sql,,SQL,L188,,,-- report presigned URLs must be https (security)
c:\Users\kiran\Desktop\rvce-resource-allocator\backend\src\main\resources\db\migration\V6__seed_data.sql,,File,V6__seed_data.sql,,,
c:\Users\kiran\Desktop\rvce-resource-allocator\backend\src\main\resources\db\migration\V6__seed_data.sql,,SQL,L1,,,-- ============================================================
c:\Users\kiran\Desktop\rvce-resource-allocator\backend\src\main\resources\db\migration\V6__seed_data.sql,,SQL,L2,,,-- V6__seed_data.sql
c:\Users\kiran\Desktop\rvce-resource-allocator\backend\src\main\resources\db\migration\V6__seed_data.sql,,SQL,L3,,,"-- SCAS - Seed Data: RVCE Rooms, Departments, Users, Roles"
c:\Users\kiran\Desktop\rvce-resource-allocator\backend\src\main\resources\db\migration\V6__seed_data.sql,,SQL,L4,,,--
c:\Users\kiran\Desktop\rvce-resource-allocator\backend\src\main\resources\db\migration\V6__seed_data.sql,,SQL,L5,,,-- DECISION LOG:
c:\Users\kiran\Desktop\rvce-resource-allocator\backend\src\main\resources\db\migration\V6__seed_data.sql,,SQL,L6,,,--   [S1] Passwords are BCrypt hash of 'Test@1234' at strength 12.
c:\Users\kiran\Desktop\rvce-resource-allocator\backend\src\main\resources\db\migration\V6__seed_data.sql,,SQL,L7,,,--        Generated externally (Spring's BCryptPasswordEncoder).
c:\Users\kiran\Desktop\rvce-resource-allocator\backend\src\main\resources\db\migration\V6__seed_data.sql,,SQL,L8,,,--        NEVER store plain text. Never use MD5 or SHA.
c:\Users\kiran\Desktop\rvce-resource-allocator\backend\src\main\resources\db\migration\V6__seed_data.sql,,SQL,L9,,,--        All test accounts use SAME password for convenience;
c:\Users\kiran\Desktop\rvce-resource-allocator\backend\src\main\resources\db\migration\V6__seed_data.sql,,SQL,L10,,,--        production would require unique passwords + forced reset.
c:\Users\kiran\Desktop\rvce-resource-allocator\backend\src\main\resources\db\migration\V6__seed_data.sql,,SQL,L11,,,--
c:\Users\kiran\Desktop\rvce-resource-allocator\backend\src\main\resources\db\migration\V6__seed_data.sql,,SQL,L12,,,--   [S2] UUIDs are hard-coded (not gen_random_uuid()) in seed data.
c:\Users\kiran\Desktop\rvce-resource-allocator\backend\src\main\resources\db\migration\V6__seed_data.sql,,SQL,L13,,,--        Reason: other migration files or test fixtures may reference
c:\Users\kiran\Desktop\rvce-resource-allocator\backend\src\main\resources\db\migration\V6__seed_data.sql,,SQL,L14,,,--        these UUIDs. gen_random_uuid() would generate different UUIDs
c:\Users\kiran\Desktop\rvce-resource-allocator\backend\src\main\resources\db\migration\V6__seed_data.sql,,SQL,L15,,,"--        on each environment, breaking cross-reference."
c:\Users\kiran\Desktop\rvce-resource-allocator\backend\src\main\resources\db\migration\V6__seed_data.sql,,SQL,L16,,,--
c:\Users\kiran\Desktop\rvce-resource-allocator\backend\src\main\resources\db\migration\V6__seed_data.sql,,SQL,L17,,,--   [S3] GPS coordinates are real RVCE coordinates (approximately).
c:\Users\kiran\Desktop\rvce-resource-allocator\backend\src\main\resources\db\migration\V6__seed_data.sql,,SQL,L18,,,--        Lat/lng for each block taken from Google Maps.
c:\Users\kiran\Desktop\rvce-resource-allocator\backend\src\main\resources\db\migration\V6__seed_data.sql,,SQL,L19,,,"--        Stored as NUMERIC(10,7) for ~1cm precision."
c:\Users\kiran\Desktop\rvce-resource-allocator\backend\src\main\resources\db\migration\V6__seed_data.sql,,SQL,L20,,,--
c:\Users\kiran\Desktop\rvce-resource-allocator\backend\src\main\resources\db\migration\V6__seed_data.sql,,SQL,L21,,,--   [S4] INSERT...ON CONFLICT DO NOTHING makes seed idempotent.
c:\Users\kiran\Desktop\rvce-resource-allocator\backend\src\main\resources\db\migration\V6__seed_data.sql,,SQL,L22,,,--        Running './gradlew flywayMigrate' twice won't fail
c:\Users\kiran\Desktop\rvce-resource-allocator\backend\src\main\resources\db\migration\V6__seed_data.sql,,SQL,L23,,,--        because Flyway checksums V6 and won't re-run it.
c:\Users\kiran\Desktop\rvce-resource-allocator\backend\src\main\resources\db\migration\V6__seed_data.sql,,SQL,L24,,,"--        But if someone manually runs this SQL, ON CONFLICT"
c:\Users\kiran\Desktop\rvce-resource-allocator\backend\src\main\resources\db\migration\V6__seed_data.sql,,SQL,L25,,,--        prevents duplicate key violations.
c:\Users\kiran\Desktop\rvce-resource-allocator\backend\src\main\resources\db\migration\V6__seed_data.sql,,SQL,L26,,,-- ============================================================
c:\Users\kiran\Desktop\rvce-resource-allocator\backend\src\main\resources\db\migration\V6__seed_data.sql,,SQL,L28,,,-- ─── DEPARTMENTS ─────────────────────────────────────────────
c:\Users\kiran\Desktop\rvce-resource-allocator\backend\src\main\resources\db\migration\V6__seed_data.sql,,SQL,L39,,,-- ─── ROLES ───────────────────────────────────────────────────
c:\Users\kiran\Desktop\rvce-resource-allocator\backend\src\main\resources\db\migration\V6__seed_data.sql,,SQL,L48,,,-- ─── PERMISSIONS ─────────────────────────────────────────────
c:\Users\kiran\Desktop\rvce-resource-allocator\backend\src\main\resources\db\migration\V6__seed_data.sql,,SQL,L66,,,-- ─── ROLE_PERMISSIONS mapping ─────────────────────────────────
c:\Users\kiran\Desktop\rvce-resource-allocator\backend\src\main\resources\db\migration\V6__seed_data.sql,,SQL,L67,,,"-- STUDENT: read rooms, timetable, exam, notifications"
c:\Users\kiran\Desktop\rvce-resource-allocator\backend\src\main\resources\db\migration\V6__seed_data.sql,,SQL,L75,,,-- TEACHER: all student perms + verify occupancy
c:\Users\kiran\Desktop\rvce-resource-allocator\backend\src\main\resources\db\migration\V6__seed_data.sql,,SQL,L85,,,-- TTO: timetable write + generate
c:\Users\kiran\Desktop\rvce-resource-allocator\backend\src\main\resources\db\migration\V6__seed_data.sql,,SQL,L95,,,-- DEPT_COORD: exam full access
c:\Users\kiran\Desktop\rvce-resource-allocator\backend\src\main\resources\db\migration\V6__seed_data.sql,,SQL,L107,,,-- ADMIN: all permissions
c:\Users\kiran\Desktop\rvce-resource-allocator\backend\src\main\resources\db\migration\V6__seed_data.sql,,SQL,L112,,,"-- ─── USERS (1 per role, password = BCrypt('Test@1234', 12)) ───"
c:\Users\kiran\Desktop\rvce-resource-allocator\backend\src\main\resources\db\migration\V6__seed_data.sql,,SQL,L113,,,"-- DECISION [S1]: BCrypt hash generated with Spring's BCryptPasswordEncoder.encode(""Test@1234"")"
c:\Users\kiran\Desktop\rvce-resource-allocator\backend\src\main\resources\db\migration\V6__seed_data.sql,,SQL,L114,,,"-- Hash is a BCrypt string with strength 12 (prefix $2a$, $2b$, or $2y$)."
c:\Users\kiran\Desktop\rvce-resource-allocator\backend\src\main\resources\db\migration\V6__seed_data.sql,,SQL,L152,,,-- Assign roles
c:\Users\kiran\Desktop\rvce-resource-allocator\backend\src\main\resources\db\migration\V6__seed_data.sql,,SQL,L161,,,-- Update HODs now that users exist (DEFERRABLE FK)
c:\Users\kiran\Desktop\rvce-resource-allocator\backend\src\main\resources\db\migration\V6__seed_data.sql,,SQL,L165,,,-- ─── 30 RVCE ROOMS ─────────────────────────────────────────────
c:\Users\kiran\Desktop\rvce-resource-allocator\backend\src\main\resources\db\migration\V6__seed_data.sql,,SQL,L166,,,"-- GPS coordinates are approximate for RVCE Bengaluru (~12.9237, 77.4994)"
c:\Users\kiran\Desktop\rvce-resource-allocator\backend\src\main\resources\db\migration\V6__seed_data.sql,,SQL,L167,,,-- DECISION [S3]: Real coordinates enable GPS navigation on campus map.
c:\Users\kiran\Desktop\rvce-resource-allocator\backend\src\main\resources\db\migration\V6__seed_data.sql,,SQL,L173,,,-- ── Block A: Classrooms ────────────────────────────────────────
c:\Users\kiran\Desktop\rvce-resource-allocator\backend\src\main\resources\db\migration\V6__seed_data.sql,,SQL,L198,,,-- ── Block B: Labs ──────────────────────────────────────────────
c:\Users\kiran\Desktop\rvce-resource-allocator\backend\src\main\resources\db\migration\V6__seed_data.sql,,SQL,L215,,,-- ── Block C: Classrooms ────────────────────────────────────────
c:\Users\kiran\Desktop\rvce-resource-allocator\backend\src\main\resources\db\migration\V6__seed_data.sql,,SQL,L236,,,-- ── Block D: Exam Halls (bench grid set) ──────────────────────
c:\Users\kiran\Desktop\rvce-resource-allocator\backend\src\main\resources\db\migration\V6__seed_data.sql,,SQL,L257,,,-- ── Seminar Halls ──────────────────────────────────────────────
c:\Users\kiran\Desktop\rvce-resource-allocator\backend\src\main\resources\db\migration\V6__seed_data.sql,,SQL,L270,,,-- ── Conference Rooms ───────────────────────────────────────────
c:\Users\kiran\Desktop\rvce-resource-allocator\backend\src\main\resources\db\migration\V6__seed_data.sql,,SQL,L279,,,-- ── More Classrooms ────────────────────────────────────────────
c:\Users\kiran\Desktop\rvce-resource-allocator\backend\src\main\resources\db\migration\V6__seed_data.sql,,SQL,L301,,,-- ─── TIMETABLE VERSION ────────────────────────────────────────
c:\Users\kiran\Desktop\rvce-resource-allocator\backend\src\main\resources\db\migration\V6__seed_data.sql,,SQL,L310,,,-- ─── SAMPLE TIMETABLE SLOTS ───────────────────────────────────
c:\Users\kiran\Desktop\rvce-resource-allocator\backend\src\main\resources\db\migration\V6__seed_data.sql,,SQL,L316,,,-- Monday period 1: DAA in A201 by Dr. Ramesh
c:\Users\kiran\Desktop\rvce-resource-allocator\backend\src\main\resources\db\migration\V6__seed_data.sql,,SQL,L325,,,-- Monday period 2: OS in A202 by Dr. Ramesh
c:\Users\kiran\Desktop\rvce-resource-allocator\backend\src\main\resources\db\migration\V6__seed_data.sql,,SQL,L334,,,-- Wednesday period 3: CN Lab in B101 by Dr. Priya
c:\Users\kiran\Desktop\rvce-resource-allocator\backend\src\main\resources\db\migration\V6__seed_data.sql,,SQL,L344,,,-- ─── VERIFY SEED DATA ─────────────────────────────────────────
c:\Users\kiran\Desktop\rvce-resource-allocator\backend\src\main\resources\db\migration\V7__add_missing_day_override_columns.sql,,File,V7__add_missing_day_override_columns.sql,,,
c:\Users\kiran\Desktop\rvce-resource-allocator\backend\src\main\resources\db\migration\V7__add_missing_day_override_columns.sql,,SQL,L1,,,-- ============================================================
c:\Users\kiran\Desktop\rvce-resource-allocator\backend\src\main\resources\db\migration\V7__add_missing_day_override_columns.sql,,SQL,L2,,,-- V7__add_missing_day_override_columns.sql
c:\Users\kiran\Desktop\rvce-resource-allocator\backend\src\main\resources\db\migration\V7__add_missing_day_override_columns.sql,,SQL,L3,,,-- Add missing columns to day_overrides table for schema alignment with JPA entity.
c:\Users\kiran\Desktop\rvce-resource-allocator\backend\src\main\resources\db\migration\V7__add_missing_day_override_columns.sql,,SQL,L4,,,--
c:\Users\kiran\Desktop\rvce-resource-allocator\backend\src\main\resources\db\migration\V7__add_missing_day_override_columns.sql,,SQL,L5,,,-- Context:
c:\Users\kiran\Desktop\rvce-resource-allocator\backend\src\main\resources\db\migration\V7__add_missing_day_override_columns.sql,,SQL,L6,,,--   Original V2 schema has day_overrides with UUID primary key (override_id).
c:\Users\kiran\Desktop\rvce-resource-allocator\backend\src\main\resources\db\migration\V7__add_missing_day_override_columns.sql,,SQL,L7,,,--   But DayOverride JPA entity expects:
c:\Users\kiran\Desktop\rvce-resource-allocator\backend\src\main\resources\db\migration\V7__add_missing_day_override_columns.sql,,SQL,L8,,,--     - id BIGINT (auto-increment)
c:\Users\kiran\Desktop\rvce-resource-allocator\backend\src\main\resources\db\migration\V7__add_missing_day_override_columns.sql,,SQL,L9,,,--     - created_by UUID (not null)
c:\Users\kiran\Desktop\rvce-resource-allocator\backend\src\main\resources\db\migration\V7__add_missing_day_override_columns.sql,,SQL,L10,,,--
c:\Users\kiran\Desktop\rvce-resource-allocator\backend\src\main\resources\db\migration\V7__add_missing_day_override_columns.sql,,SQL,L11,,,-- This migration safely adds missing columns for both:
c:\Users\kiran\Desktop\rvce-resource-allocator\backend\src\main\resources\db\migration\V7__add_missing_day_override_columns.sql,,SQL,L12,,,--   - Fresh installations (after V2)
c:\Users\kiran\Desktop\rvce-resource-allocator\backend\src\main\resources\db\migration\V7__add_missing_day_override_columns.sql,,SQL,L13,,,--   - Upgrades from legacy schema
c:\Users\kiran\Desktop\rvce-resource-allocator\backend\src\main\resources\db\migration\V7__add_missing_day_override_columns.sql,,SQL,L14,,,-- ============================================================
c:\Users\kiran\Desktop\rvce-resource-allocator\backend\src\main\resources\db\migration\V7__add_missing_day_override_columns.sql,,SQL,L16,,,-- Add created_by column if missing
c:\Users\kiran\Desktop\rvce-resource-allocator\backend\src\main\resources\db\migration\V7__add_missing_day_override_columns.sql,,SQL,L20,,,-- Add id BIGINT column if missing (for future PK migration)
c:\Users\kiran\Desktop\rvce-resource-allocator\backend\src\main\resources\db\migration\V7__add_missing_day_override_columns.sql,,SQL,L21,,,-- This allows the entity to work while we keep override_id as the current PK
c:\Users\kiran\Desktop\rvce-resource-allocator\backend\src\main\resources\db\migration\V7__add_missing_day_override_columns.sql,,SQL,L25,,,-- Backfill missing created_by values with system UUID (for upgrades)
c:\Users\kiran\Desktop\rvce-resource-allocator\backend\src\main\resources\db\migration\V7__add_missing_day_override_columns.sql,,SQL,L30,,,-- Add NOT NULL constraint to created_by
c:\Users\kiran\Desktop\rvce-resource-allocator\backend\src\main\resources\db\migration\V7__add_missing_day_override_columns.sql,,SQL,L34,,,-- Index for created_by queries
c:\Users\kiran\Desktop\rvce-resource-allocator\backend\src\main\resources\db\migration\V7__add_missing_day_override_columns.sql,,SQL,L37,,,-- Verify schema alignment (comment for verification)
c:\Users\kiran\Desktop\rvce-resource-allocator\backend\src\main\resources\db\migration\V7__add_missing_day_override_columns.sql,,SQL,L38,,,"-- Expected columns: override_id, slot_id, override_date, status, acting_teacher_id,"
c:\Users\kiran\Desktop\rvce-resource-allocator\backend\src\main\resources\db\migration\V7__add_missing_day_override_columns.sql,,SQL,L39,,,"--                  reason, source, created_at, created_by, id"
c:\Users\kiran\Desktop\rvce-resource-allocator\backend\src\main\resources\db\migration\V8__fix_timetable_slots_department.sql,,File,V8__fix_timetable_slots_department.sql,,,
c:\Users\kiran\Desktop\rvce-resource-allocator\backend\src\main\resources\db\migration\V8__fix_timetable_slots_department.sql,,SQL,L1,,,-- V8__fix_timetable_slots_department.sql
c:\Users\kiran\Desktop\rvce-resource-allocator\backend\src\main\resources\db\migration\V8__fix_timetable_slots_department.sql,,SQL,L2,,,-- Cleanup migration: remove department_id if it exists
c:\Users\kiran\Desktop\rvce-resource-allocator\backend\src\main\resources\db\migration\V8__fix_timetable_slots_department.sql,,SQL,L3,,,-- (V2 already created department as VARCHAR(100))
c:\Users\kiran\Desktop\rvce-resource-allocator\backend\src\main\resources\db\migration\V8__fix_timetable_slots_department.sql,,SQL,L4,,,-- This handles the case where department_id was created in an intermediate schema
c:\Users\kiran\Desktop\rvce-resource-allocator\backend\src\main\resources\db\migration\V8__fix_timetable_slots_department.sql,,SQL,L9,,,-- Note: department VARCHAR(100) column is already defined in V2
c:\Users\kiran\Desktop\rvce-resource-allocator\backend\src\main\resources\db\migration\V8__fix_timetable_slots_department.sql,,SQL,L10,,,-- and V6 seed data now uses the correct column name.
c:\Users\kiran\Desktop\rvce-resource-allocator\backend\src\main\resources\db\migration\V9__add_is_active_to_timetable_slots.sql,,File,V9__add_is_active_to_timetable_slots.sql,,,
c:\Users\kiran\Desktop\rvce-resource-allocator\backend\src\main\resources\db\migration\V9__add_is_active_to_timetable_slots.sql,,SQL,L1,,,-- V9__add_is_active_to_timetable_slots.sql
c:\Users\kiran\Desktop\rvce-resource-allocator\backend\src\main\resources\db\migration\V9__add_is_active_to_timetable_slots.sql,,SQL,L2,,,-- Add is_active column to timetable_slots table to match JPA entity
c:\Users\kiran\Desktop\rvce-resource-allocator\backend\src\test\java\com\rvce\scas\ScasApplicationTests.java,,File,ScasApplicationTests.java,,,
c:\Users\kiran\Desktop\rvce-resource-allocator\backend\src\test\java\com\rvce\scas\ScasApplicationTests.java,com.rvce.scas,Class,ScasApplicationTests,,,
c:\Users\kiran\Desktop\rvce-resource-allocator\backend\src\test\java\com\rvce\scas\ScasApplicationTests.java,com.rvce.scas,Method,contextLoads,,,
c:\Users\kiran\Desktop\rvce-resource-allocator\backend\src\test\java\com\rvce\scas\config\EmbeddedRedisConfig.java,,File,EmbeddedRedisConfig.java,,,
c:\Users\kiran\Desktop\rvce-resource-allocator\backend\src\test\java\com\rvce\scas\config\EmbeddedRedisConfig.java,com.rvce.scas.config,Class,EmbeddedRedisConfig,,,
c:\Users\kiran\Desktop\rvce-resource-allocator\backend\src\test\java\com\rvce\scas\config\TestConfig.java,,File,TestConfig.java,,,
c:\Users\kiran\Desktop\rvce-resource-allocator\backend\src\test\java\com\rvce\scas\config\TestConfig.java,com.rvce.scas.config,Class,TestConfig,,,
c:\Users\kiran\Desktop\rvce-resource-allocator\backend\src\test\java\com\rvce\scas\config\TestConfig.java,com.rvce.scas.config,Method,passwordEncoder,,,
c:\Users\kiran\Desktop\rvce-resource-allocator\backend\src\test\java\com\rvce\scas\rbac\AccountLockoutIntegrationTest.java,,File,AccountLockoutIntegrationTest.java,,,
c:\Users\kiran\Desktop\rvce-resource-allocator\backend\src\test\java\com\rvce\scas\rbac\AccountLockoutIntegrationTest.java,com.rvce.scas.rbac,Class,AccountLockoutIntegrationTest,,,
c:\Users\kiran\Desktop\rvce-resource-allocator\backend\src\test\java\com\rvce\scas\rbac\AccountLockoutIntegrationTest.java,com.rvce.scas.rbac,Method,setUp,,,
c:\Users\kiran\Desktop\rvce-resource-allocator\backend\src\test\java\com\rvce\scas\rbac\RbacIntegrationTest.java,,File,RbacIntegrationTest.java,,,
c:\Users\kiran\Desktop\rvce-resource-allocator\backend\src\test\java\com\rvce\scas\rbac\RbacIntegrationTest.java,com.rvce.scas.rbac,Class,RbacIntegrationTest,,,
c:\Users\kiran\Desktop\rvce-resource-allocator\backend\src\test\java\com\rvce\scas\service\integration\TimetableUploadIntegrationTest.java,,File,TimetableUploadIntegrationTest.java,,,
c:\Users\kiran\Desktop\rvce-resource-allocator\backend\src\test\java\com\rvce\scas\service\integration\TimetableUploadIntegrationTest.java,com.rvce.scas.service.integration,Class,TimetableUploadIntegrationTest,,,
c:\Users\kiran\Desktop\rvce-resource-allocator\backend\src\test\java\com\rvce\scas\service\integration\TimetableUploadIntegrationTest.java,com.rvce.scas.service.integration,Method,setUp,,,
c:\Users\kiran\Desktop\rvce-resource-allocator\backend\src\test\java\com\rvce\scas\service\integration\TimetableUploadIntegrationTest.java,com.rvce.scas.service.integration,Method,testValidCsvUploadFullPipeline,,,
c:\Users\kiran\Desktop\rvce-resource-allocator\backend\src\test\java\com\rvce\scas\service\integration\TimetableUploadIntegrationTest.java,com.rvce.scas.service.integration,Method,testPartialFailureRollback,,,
c:\Users\kiran\Desktop\rvce-resource-allocator\backend\src\test\java\com\rvce\scas\service\integration\TimetableUploadIntegrationTest.java,com.rvce.scas.service.integration,Method,testEventPublishingAndCacheInvalidation,,,
c:\Users\kiran\Desktop\rvce-resource-allocator\backend\src\test\java\com\rvce\scas\service\integration\TimetableUploadIntegrationTest.java,com.rvce.scas.service.integration,Method,testConcurrentUploadConflict,,,
c:\Users\kiran\Desktop\rvce-resource-allocator\backend\src\test\java\com\rvce\scas\service\timetable\DayOverrideServiceTest.java,,File,DayOverrideServiceTest.java,,,
c:\Users\kiran\Desktop\rvce-resource-allocator\backend\src\test\java\com\rvce\scas\service\timetable\DayOverrideServiceTest.java,com.rvce.scas.service.timetable,Class,DayOverrideServiceTest,,,
c:\Users\kiran\Desktop\rvce-resource-allocator\backend\src\test\java\com\rvce\scas\service\timetable\DayOverrideServiceTest.java,com.rvce.scas.service.timetable,Method,setUp,,,
c:\Users\kiran\Desktop\rvce-resource-allocator\backend\src\test\java\com\rvce\scas\service\timetable\DayOverrideServiceTest.java,com.rvce.scas.service.timetable,Method,testTeacherCancelsOwnSlot,,,
c:\Users\kiran\Desktop\rvce-resource-allocator\backend\src\test\java\com\rvce\scas\service\timetable\DayOverrideServiceTest.java,com.rvce.scas.service.timetable,Method,testTeacherCancelsOtherTeacherSlot,,,
c:\Users\kiran\Desktop\rvce-resource-allocator\backend\src\test\java\com\rvce\scas\service\timetable\DayOverrideServiceTest.java,com.rvce.scas.service.timetable,Method,testAdminCancelsAnySlot,,,
c:\Users\kiran\Desktop\rvce-resource-allocator\backend\src\test\java\com\rvce\scas\service\timetable\DayOverrideServiceTest.java,com.rvce.scas.service.timetable,Method,testDuplicateOverride,,,
c:\Users\kiran\Desktop\rvce-resource-allocator\backend\src\test\java\com\rvce\scas\service\timetable\DayOverrideServiceTest.java,com.rvce.scas.service.timetable,Method,testCacheClearedAfterCancel,,,
c:\Users\kiran\Desktop\rvce-resource-allocator\backend\src\test\java\com\rvce\scas\service\timetable\DayOverrideServiceTest.java,com.rvce.scas.service.timetable,Method,testClassCancelledEventPublished,,,
c:\Users\kiran\Desktop\rvce-resource-allocator\backend\src\test\java\com\rvce\scas\service\timetable\DayOverrideServiceTest.java,com.rvce.scas.service.timetable,Method,testReinstateSlot,,,
c:\Users\kiran\Desktop\rvce-resource-allocator\backend\src\test\java\com\rvce\scas\service\timetable\DayOverrideServiceTest.java,com.rvce.scas.service.timetable,Method,testSlotNotFound,,,
c:\Users\kiran\Desktop\rvce-resource-allocator\backend\src\test\java\com\rvce\scas\service\timetable\DayOverrideServiceTest.java,com.rvce.scas.service.timetable,Method,testOverrideNotFound,,,
c:\Users\kiran\Desktop\rvce-resource-allocator\backend\src\test\java\com\rvce\scas\service\timetable\RoomAvailabilityServiceTest.java,,File,RoomAvailabilityServiceTest.java,,,
c:\Users\kiran\Desktop\rvce-resource-allocator\backend\src\test\java\com\rvce\scas\service\timetable\RoomAvailabilityServiceTest.java,com.rvce.scas.service.timetable,Class,RoomAvailabilityServiceTest,,,
c:\Users\kiran\Desktop\rvce-resource-allocator\backend\src\test\java\com\rvce\scas\service\timetable\RoomAvailabilityServiceTest.java,com.rvce.scas.service.timetable,Method,setUp,,,
c:\Users\kiran\Desktop\rvce-resource-allocator\backend\src\test\java\com\rvce\scas\service\timetable\RoomAvailabilityServiceTest.java,com.rvce.scas.service.timetable,Method,testQueryWithAllParams,,,
c:\Users\kiran\Desktop\rvce-resource-allocator\backend\src\test\java\com\rvce\scas\service\timetable\RoomAvailabilityServiceTest.java,com.rvce.scas.service.timetable,Method,testQueryWithNoParams,,,
c:\Users\kiran\Desktop\rvce-resource-allocator\backend\src\test\java\com\rvce\scas\service\timetable\RoomAvailabilityServiceTest.java,com.rvce.scas.service.timetable,Method,testRoomExcludedByTimetableSlot,,,
c:\Users\kiran\Desktop\rvce-resource-allocator\backend\src\test\java\com\rvce\scas\service\timetable\RoomAvailabilityServiceTest.java,com.rvce.scas.service.timetable,Method,testCacheMiss,,,
c:\Users\kiran\Desktop\rvce-resource-allocator\backend\src\test\java\com\rvce\scas\service\timetable\RoomAvailabilityServiceTest.java,com.rvce.scas.service.timetable,Method,testCacheHit,,,
c:\Users\kiran\Desktop\rvce-resource-allocator\backend\src\test\java\com\rvce\scas\service\timetable\RoomAvailabilityServiceTest.java,com.rvce.scas.service.timetable,Method,testCapacityFilter,,,
c:\Users\kiran\Desktop\rvce-resource-allocator\backend\src\test\java\com\rvce\scas\service\timetable\RoomAvailabilityServiceTest.java,com.rvce.scas.service.timetable,Method,testBuildingFilter,,,
c:\Users\kiran\Desktop\rvce-resource-allocator\backend\src\test\java\com\rvce\scas\service\timetable\RoomAvailabilityServiceTest.java,com.rvce.scas.service.timetable,Method,testCacheKeyGeneration,,,
c:\Users\kiran\Desktop\rvce-resource-allocator\backend\src\test\java\com\rvce\scas\service\timetable\SubstitutionServiceTest.java,,File,SubstitutionServiceTest.java,,,
c:\Users\kiran\Desktop\rvce-resource-allocator\backend\src\test\java\com\rvce\scas\service\timetable\SubstitutionServiceTest.java,com.rvce.scas.service.timetable,Class,SubstitutionServiceTest,,,
c:\Users\kiran\Desktop\rvce-resource-allocator\backend\src\test\java\com\rvce\scas\service\timetable\SubstitutionServiceTest.java,com.rvce.scas.service.timetable,Method,setUp,,,
c:\Users\kiran\Desktop\rvce-resource-allocator\backend\src\test\java\com\rvce\scas\service\timetable\SubstitutionServiceTest.java,com.rvce.scas.service.timetable,Method,createSlot,"Integer dayOfWeek, LocalTime startTime, LocalTime endTime, 
                                     UUID teacherId, String subject",,
c:\Users\kiran\Desktop\rvce-resource-allocator\backend\src\test\java\com\rvce\scas\service\timetable\SubstitutionServiceTest.java,com.rvce.scas.service.timetable,Method,createSubstituteRequest,"UUID original, UUID replacement, 
                                                      LocalDate start, LocalDate end",,
c:\Users\kiran\Desktop\rvce-resource-allocator\backend\src\test\java\com\rvce\scas\service\timetable\SubstitutionServiceTest.java,com.rvce.scas.service.timetable,Method,testZeroClashSubstitution,,,
c:\Users\kiran\Desktop\rvce-resource-allocator\backend\src\test\java\com\rvce\scas\service\timetable\SubstitutionServiceTest.java,com.rvce.scas.service.timetable,Method,testOneClashSubstitution,,,
c:\Users\kiran\Desktop\rvce-resource-allocator\backend\src\test\java\com\rvce\scas\service\timetable\SubstitutionServiceTest.java,com.rvce.scas.service.timetable,Method,testAllSlotsClash,,,
c:\Users\kiran\Desktop\rvce-resource-allocator\backend\src\test\java\com\rvce\scas\service\timetable\SubstitutionServiceTest.java,com.rvce.scas.service.timetable,Method,testOriginalTeacherNotFound,,,
c:\Users\kiran\Desktop\rvce-resource-allocator\backend\src\test\java\com\rvce\scas\service\timetable\SubstitutionServiceTest.java,com.rvce.scas.service.timetable,Method,testInvalidDateRange,,,
c:\Users\kiran\Desktop\rvce-resource-allocator\backend\src\test\java\com\rvce\scas\service\timetable\SubstitutionServiceTest.java,com.rvce.scas.service.timetable,Method,testDateRangeExceedsLimit,,,
c:\Users\kiran\Desktop\rvce-resource-allocator\backend\src\test\java\com\rvce\scas\service\timetable\SubstitutionServiceTest.java,com.rvce.scas.service.timetable,Method,testClashDetailsPopulated,,,
c:\Users\kiran\Desktop\rvce-resource-allocator\backend\src\test\java\com\rvce\scas\service\timetable\SubstitutionServiceTest.java,com.rvce.scas.service.timetable,Method,testMultipleTeachersSubstitution,,,
c:\Users\kiran\Desktop\rvce-resource-allocator\backend\src\test\java\com\rvce\scas\service\timetable\TimetableUploadServiceTest.java,,File,TimetableUploadServiceTest.java,,,
c:\Users\kiran\Desktop\rvce-resource-allocator\backend\src\test\java\com\rvce\scas\service\timetable\TimetableUploadServiceTest.java,com.rvce.scas.service.timetable,Class,TimetableUploadServiceTest,,,
c:\Users\kiran\Desktop\rvce-resource-allocator\backend\src\test\java\com\rvce\scas\service\timetable\TimetableUploadServiceTest.java,com.rvce.scas.service.timetable,Method,setUp,,,
c:\Users\kiran\Desktop\rvce-resource-allocator\backend\src\test\java\com\rvce\scas\service\timetable\TimetableUploadServiceTest.java,com.rvce.scas.service.timetable,Method,testValidCsvUpload,,,
c:\Users\kiran\Desktop\rvce-resource-allocator\backend\src\test\java\com\rvce\scas\service\timetable\TimetableUploadServiceTest.java,com.rvce.scas.service.timetable,Method,testInvalidCsvWithNonExistentRoom,,,
c:\Users\kiran\Desktop\rvce-resource-allocator\backend\src\test\java\com\rvce\scas\service\timetable\TimetableUploadServiceTest.java,com.rvce.scas.service.timetable,Method,testEmptyCsvUpload,,,
c:\Users\kiran\Desktop\rvce-resource-allocator\backend\src\test\java\com\rvce\scas\service\timetable\TimetableUploadServiceTest.java,com.rvce.scas.service.timetable,Method,testMalformedCsvHeader,,,
c:\Users\kiran\Desktop\rvce-resource-allocator\backend\src\test\resources\application-test.yml,,File,application-test.yml,,,
c:\Users\kiran\Desktop\rvce-resource-allocator\backend\tmpjar\BOOT-INF\classes\application.yaml,,File,application.yaml,,,
c:\Users\kiran\Desktop\rvce-resource-allocator\docs\AUTO_DOCS_README.md,,File,AUTO_DOCS_README.md,,,
c:\Users\kiran\Desktop\rvce-resource-allocator\docs\COMPLETE_FIX_PACKAGE.md,,File,COMPLETE_FIX_PACKAGE.md,,,
c:\Users\kiran\Desktop\rvce-resource-allocator\docs\COMPLETE_JAVADOCS_GUIDE.md,,File,COMPLETE_JAVADOCS_GUIDE.md,,,
c:\Users\kiran\Desktop\rvce-resource-allocator\docs\FIXES_SUMMARY.md,,File,FIXES_SUMMARY.md,,,
c:\Users\kiran\Desktop\rvce-resource-allocator\docs\JAVADOCS_REFERENCE.md,,File,JAVADOCS_REFERENCE.md,,,
c:\Users\kiran\Desktop\rvce-resource-allocator\docs\JAVADOCS_SUMMARY.md,,File,JAVADOCS_SUMMARY.md,,,
c:\Users\kiran\Desktop\rvce-resource-allocator\docs\README.md,,File,README.md,,,
c:\Users\kiran\Desktop\rvce-resource-allocator\docs\T005_INTERVIEW_PREP.md,,File,T005_INTERVIEW_PREP.md,,,
c:\Users\kiran\Desktop\rvce-resource-allocator\epic\SCAS_Epic1_Architecture_Analysis.docx,,File,SCAS_Epic1_Architecture_Analysis.docx,,,
c:\Users\kiran\Desktop\rvce-resource-allocator\frontend\.gitignore,,File,.gitignore,,,
c:\Users\kiran\Desktop\rvce-resource-allocator\frontend\Dockerfile,,File,Dockerfile,,,
c:\Users\kiran\Desktop\rvce-resource-allocator\frontend\Dockerfile,,Docker,L2,,,FROM node:20-alpine AS builder
c:\Users\kiran\Desktop\rvce-resource-allocator\frontend\Dockerfile,,Docker,L4,,,WORKDIR /app
c:\Users\kiran\Desktop\rvce-resource-allocator\frontend\Dockerfile,,Docker,L5,,,COPY package*.json ./
c:\Users\kiran\Desktop\rvce-resource-allocator\frontend\Dockerfile,,Docker,L6,,,RUN npm config set fetch-retries 5 && \
c:\Users\kiran\Desktop\rvce-resource-allocator\frontend\Dockerfile,,Docker,L13,,,COPY . .
c:\Users\kiran\Desktop\rvce-resource-allocator\frontend\Dockerfile,,Docker,L14,,,RUN npm run build
c:\Users\kiran\Desktop\rvce-resource-allocator\frontend\Dockerfile,,Docker,L17,,,FROM nginx:alpine
c:\Users\kiran\Desktop\rvce-resource-allocator\frontend\Dockerfile,,Docker,L19,,,COPY --from=builder /app/dist /usr/share/nginx/html
c:\Users\kiran\Desktop\rvce-resource-allocator\frontend\Dockerfile,,Docker,L20,,,COPY nginx.conf /etc/nginx/conf.d/default.conf
c:\Users\kiran\Desktop\rvce-resource-allocator\frontend\Dockerfile,,Docker,L22,,,EXPOSE 80
c:\Users\kiran\Desktop\rvce-resource-allocator\frontend\Dockerfile,,Docker,L24,,,"CMD [""nginx"", ""-g"", ""daemon off;""]"
c:\Users\kiran\Desktop\rvce-resource-allocator\frontend\eslint.config.js,,File,eslint.config.js,,,
c:\Users\kiran\Desktop\rvce-resource-allocator\frontend\index.html,,File,index.html,,,
c:\Users\kiran\Desktop\rvce-resource-allocator\frontend\nginx.conf,,File,nginx.conf,,,
c:\Users\kiran\Desktop\rvce-resource-allocator\frontend\package-lock.json,,File,package-lock.json,,,
c:\Users\kiran\Desktop\rvce-resource-allocator\frontend\package.json,,File,package.json,,,
c:\Users\kiran\Desktop\rvce-resource-allocator\frontend\postcss.config.js,,File,postcss.config.js,,,
c:\Users\kiran\Desktop\rvce-resource-allocator\frontend\README.md,,File,README.md,,,
c:\Users\kiran\Desktop\rvce-resource-allocator\frontend\tailwind.config.js,,File,tailwind.config.js,,,
c:\Users\kiran\Desktop\rvce-resource-allocator\frontend\tsconfig.app.json,,File,tsconfig.app.json,,,
c:\Users\kiran\Desktop\rvce-resource-allocator\frontend\tsconfig.app.tsbuildinfo,,File,tsconfig.app.tsbuildinfo,,,
c:\Users\kiran\Desktop\rvce-resource-allocator\frontend\tsconfig.json,,File,tsconfig.json,,,
c:\Users\kiran\Desktop\rvce-resource-allocator\frontend\tsconfig.node.json,,File,tsconfig.node.json,,,
c:\Users\kiran\Desktop\rvce-resource-allocator\frontend\tsconfig.node.tsbuildinfo,,File,tsconfig.node.tsbuildinfo,,,
c:\Users\kiran\Desktop\rvce-resource-allocator\frontend\vite.config.ts,,File,vite.config.ts,,,
c:\Users\kiran\Desktop\rvce-resource-allocator\frontend\vitest.config.ts,,File,vitest.config.ts,,,
c:\Users\kiran\Desktop\rvce-resource-allocator\frontend\public\mockServiceWorker.js,,File,mockServiceWorker.js,,,
c:\Users\kiran\Desktop\rvce-resource-allocator\frontend\public\vite.svg,,File,vite.svg,,,
c:\Users\kiran\Desktop\rvce-resource-allocator\frontend\scripts\test.mjs,,File,test.mjs,,,
c:\Users\kiran\Desktop\rvce-resource-allocator\frontend\src\App.css,,File,App.css,,,
c:\Users\kiran\Desktop\rvce-resource-allocator\frontend\src\App.tsx,,File,App.tsx,,,
c:\Users\kiran\Desktop\rvce-resource-allocator\frontend\src\index.css,,File,index.css,,,
c:\Users\kiran\Desktop\rvce-resource-allocator\frontend\src\main.tsx,,File,main.tsx,,,
c:\Users\kiran\Desktop\rvce-resource-allocator\frontend\src\vite-env.d.ts,,File,vite-env.d.ts,,,
c:\Users\kiran\Desktop\rvce-resource-allocator\frontend\src\assets\react.svg,,File,react.svg,,,
c:\Users\kiran\Desktop\rvce-resource-allocator\frontend\src\components\AnalyticsDashboard.tsx,,File,AnalyticsDashboard.tsx,,,
c:\Users\kiran\Desktop\rvce-resource-allocator\frontend\src\components\AuthenticatedLayout.tsx,,File,AuthenticatedLayout.tsx,,,
c:\Users\kiran\Desktop\rvce-resource-allocator\frontend\src\components\RoomCard.tsx,,File,RoomCard.tsx,,,
c:\Users\kiran\Desktop\rvce-resource-allocator\frontend\src\components\RoomScheduleDisplay.tsx,,File,RoomScheduleDisplay.tsx,,,
c:\Users\kiran\Desktop\rvce-resource-allocator\frontend\src\components\TeacherScheduleDisplay.tsx,,File,TeacherScheduleDisplay.tsx,,,
c:\Users\kiran\Desktop\rvce-resource-allocator\frontend\src\context\AuthContext.tsx,,File,AuthContext.tsx,,,
c:\Users\kiran\Desktop\rvce-resource-allocator\frontend\src\mocks\browser.ts,,File,browser.ts,,,
c:\Users\kiran\Desktop\rvce-resource-allocator\frontend\src\mocks\handlers.ts,,File,handlers.ts,,,
c:\Users\kiran\Desktop\rvce-resource-allocator\frontend\src\pages\AdminPage.tsx,,File,AdminPage.tsx,,,
c:\Users\kiran\Desktop\rvce-resource-allocator\frontend\src\pages\ExamCtrlPage.tsx,,File,ExamCtrlPage.tsx,,,
c:\Users\kiran\Desktop\rvce-resource-allocator\frontend\src\pages\LoginPage.tsx,,File,LoginPage.tsx,,,
c:\Users\kiran\Desktop\rvce-resource-allocator\frontend\src\pages\OverrideManagementPage.tsx,,File,OverrideManagementPage.tsx,,,
c:\Users\kiran\Desktop\rvce-resource-allocator\frontend\src\pages\RoomAvailabilityPage.tsx,,File,RoomAvailabilityPage.tsx,,,
c:\Users\kiran\Desktop\rvce-resource-allocator\frontend\src\pages\StudentPage.tsx,,File,StudentPage.tsx,,,
c:\Users\kiran\Desktop\rvce-resource-allocator\frontend\src\pages\SubstitutePage.tsx,,File,SubstitutePage.tsx,,,
c:\Users\kiran\Desktop\rvce-resource-allocator\frontend\src\pages\TeacherPage.tsx,,File,TeacherPage.tsx,,,
c:\Users\kiran\Desktop\rvce-resource-allocator\frontend\src\pages\TTOPage.tsx,,File,TTOPage.tsx,,,
c:\Users\kiran\Desktop\rvce-resource-allocator\frontend\src\pages\UnauthorizedPage.tsx,,File,UnauthorizedPage.tsx,,,
c:\Users\kiran\Desktop\rvce-resource-allocator\frontend\src\pages\UploadTimetablePage.tsx,,File,UploadTimetablePage.tsx,,,
c:\Users\kiran\Desktop\rvce-resource-allocator\frontend\src\services\authService.ts,,File,authService.ts,,,
c:\Users\kiran\Desktop\rvce-resource-allocator\frontend\src\services\timetableService.ts,,File,timetableService.ts,,,
c:\Users\kiran\Desktop\rvce-resource-allocator\frontend\src\test\setup.ts,,File,setup.ts,,,
c:\Users\kiran\Desktop\rvce-resource-allocator\frontend\src\types\auth.ts,,File,auth.ts,,,
c:\Users\kiran\Desktop\rvce-resource-allocator\frontend\src\types\timetable.ts,,File,timetable.ts,,,
c:\Users\kiran\Desktop\rvce-resource-allocator\infra\README.md,,File,README.md,,,
c:\Users\kiran\Desktop\rvce-resource-allocator\ml-service\README.md,,File,README.md,,,
c:\Users\kiran\Desktop\rvce-resource-allocator\tools\generate_docs.py,,File,generate_docs.py,,,
c:\Users\kiran\Desktop\rvce-resource-allocator\tools\generate_docs.py,,TODO,L6,,,"- Scans project files and emits `final_output.csv` with rows for files, Java symbols, TODOs, YAML keys, ENV vars, SQL comments, and Docker commands."
c:\Users\kiran\Desktop\rvce-resource-allocator\tools\generate_docs.py,,TODO,L80,,,"if ""TODO"" in line or ""FIXME"" in line:"
c:\Users\kiran\Desktop\rvce-resource-allocator\tools\generate_docs.py,,TODO,L81,,,"results.append((""TODO"", f""L{i}"", line.strip()))"
c:\Users\kiran\Desktop\rvce-resource-allocator\tools\requirements.txt,,File,requirements.txt,,,
