2026-08-26T11:40:13.1130359Z 
2026-08-26T11:40:13.1229422Z   .   ____          _            __ _ _
2026-08-26T11:40:13.1229771Z  /\\ / ___'_ __ _ _(_)_ __  __ _ \ \ \ \
2026-08-26T11:40:13.1229843Z ( ( )\___ | '_ | '_| | '_ \/ _` | \ \ \ \
2026-08-26T11:40:13.1229898Z  \\/  ___)| |_)| | | | | || (_| |  ) ) ) )
2026-08-26T11:40:13.1230090Z   '  |____| .__|_| |_|_| |_\__, | / / / /
2026-08-26T11:40:13.1230174Z  =========|_|==============|___/=/_/_/_/
2026-08-26T11:40:13.1230211Z 
2026-08-26T11:40:13.1230323Z  :: Spring Boot ::               (v3.5.13)
2026-08-26T11:40:13.1230362Z 
2026-08-26T11:40:14.8120838Z 2026-08-26T11:40:14.786Z  INFO 1 --- [           main] com.rvce.scas.ScasApplication            : Starting ScasApplication v0.0.1-SNAPSHOT using Java 17.0.20 with PID 1 (/app/app.jar started by root in /app)
2026-08-26T11:40:14.8146457Z 2026-08-26T11:40:14.814Z  INFO 1 --- [           main] com.rvce.scas.ScasApplication            : The following 1 profile is active: "prod"
2026-08-26T11:40:36.6734208Z 2026-08-26T11:40:36.672Z  INFO 1 --- [           main] .s.d.r.c.RepositoryConfigurationDelegate : Multiple Spring Data modules found, entering strict repository configuration mode
2026-08-26T11:40:36.7117715Z 2026-08-26T11:40:36.711Z  INFO 1 --- [           main] .s.d.r.c.RepositoryConfigurationDelegate : Bootstrapping Spring Data JPA repositories in DEFAULT mode.
2026-08-26T11:40:39.1356547Z 2026-08-26T11:40:39.129Z  INFO 1 --- [           main] .s.d.r.c.RepositoryConfigurationDelegate : Finished Spring Data repository scanning in 2299 ms. Found 12 JPA repository interfaces.
2026-08-26T11:40:39.5648462Z 2026-08-26T11:40:39.564Z  INFO 1 --- [           main] .s.d.r.c.RepositoryConfigurationDelegate : Multiple Spring Data modules found, entering strict repository configuration mode
2026-08-26T11:40:39.5847186Z 2026-08-26T11:40:39.582Z  INFO 1 --- [           main] .s.d.r.c.RepositoryConfigurationDelegate : Bootstrapping Spring Data Redis repositories in DEFAULT mode.
2026-08-26T11:40:39.7901827Z 2026-08-26T11:40:39.789Z  INFO 1 --- [           main] .RepositoryConfigurationExtensionSupport : Spring Data Redis - Could not safely identify store assignment for repository candidate interface com.rvce.scas.repository.DepartmentRepository; If you want this repository to be a Redis repository, consider annotating your entities with one of these annotations: org.springframework.data.redis.core.RedisHash (preferred), or consider extending one of the following types with your repository: org.springframework.data.keyvalue.repository.KeyValueRepository
2026-08-26T11:40:39.8000983Z 2026-08-26T11:40:39.798Z  INFO 1 --- [           main] .RepositoryConfigurationExtensionSupport : Spring Data Redis - Could not safely identify store assignment for repository candidate interface com.rvce.scas.repository.ExamHallRepository; If you want this repository to be a Redis repository, consider annotating your entities with one of these annotations: org.springframework.data.redis.core.RedisHash (preferred), or consider extending one of the following types with your repository: org.springframework.data.keyvalue.repository.KeyValueRepository
2026-08-26T11:40:39.8190300Z 2026-08-26T11:40:39.815Z  INFO 1 --- [           main] .RepositoryConfigurationExtensionSupport : Spring Data Redis - Could not safely identify store assignment for repository candidate interface com.rvce.scas.repository.ExamSeatRepository; If you want this repository to be a Redis repository, consider annotating your entities with one of these annotations: org.springframework.data.redis.core.RedisHash (preferred), or consider extending one of the following types with your repository: org.springframework.data.keyvalue.repository.KeyValueRepository
2026-08-26T11:40:39.8280580Z 2026-08-26T11:40:39.827Z  INFO 1 --- [           main] .RepositoryConfigurationExtensionSupport : Spring Data Redis - Could not safely identify store assignment for repository candidate interface com.rvce.scas.repository.ExamSessionRepository; If you want this repository to be a Redis repository, consider annotating your entities with one of these annotations: org.springframework.data.redis.core.RedisHash (preferred), or consider extending one of the following types with your repository: org.springframework.data.keyvalue.repository.KeyValueRepository
2026-08-26T11:40:39.8537935Z 2026-08-26T11:40:39.835Z  INFO 1 --- [           main] .RepositoryConfigurationExtensionSupport : Spring Data Redis - Could not safely identify store assignment for repository candidate interface com.rvce.scas.repository.ExamStudentRepository; If you want this repository to be a Redis repository, consider annotating your entities with one of these annotations: org.springframework.data.redis.core.RedisHash (preferred), or consider extending one of the following types with your repository: org.springframework.data.keyvalue.repository.KeyValueRepository
2026-08-26T11:40:39.8861349Z 2026-08-26T11:40:39.885Z  INFO 1 --- [           main] .RepositoryConfigurationExtensionSupport : Spring Data Redis - Could not safely identify store assignment for repository candidate interface com.rvce.scas.repository.NotificationRepository; If you want this repository to be a Redis repository, consider annotating your entities with one of these annotations: org.springframework.data.redis.core.RedisHash (preferred), or consider extending one of the following types with your repository: org.springframework.data.keyvalue.repository.KeyValueRepository
2026-08-26T11:40:39.8961878Z 2026-08-26T11:40:39.895Z  INFO 1 --- [           main] .RepositoryConfigurationExtensionSupport : Spring Data Redis - Could not safely identify store assignment for repository candidate interface com.rvce.scas.repository.PasswordResetTokenRepository; If you want this repository to be a Redis repository, consider annotating your entities with one of these annotations: org.springframework.data.redis.core.RedisHash (preferred), or consider extending one of the following types with your repository: org.springframework.data.keyvalue.repository.KeyValueRepository
2026-08-26T11:40:39.9441352Z 2026-08-26T11:40:39.931Z  INFO 1 --- [           main] .RepositoryConfigurationExtensionSupport : Spring Data Redis - Could not safely identify store assignment for repository candidate interface com.rvce.scas.repository.RoleRepository; If you want this repository to be a Redis repository, consider annotating your entities with one of these annotations: org.springframework.data.redis.core.RedisHash (preferred), or consider extending one of the following types with your repository: org.springframework.data.keyvalue.repository.KeyValueRepository
2026-08-26T11:40:39.9442024Z 2026-08-26T11:40:39.940Z  INFO 1 --- [           main] .RepositoryConfigurationExtensionSupport : Spring Data Redis - Could not safely identify store assignment for repository candidate interface com.rvce.scas.repository.RoomRepository; If you want this repository to be a Redis repository, consider annotating your entities with one of these annotations: org.springframework.data.redis.core.RedisHash (preferred), or consider extending one of the following types with your repository: org.springframework.data.keyvalue.repository.KeyValueRepository
2026-08-26T11:40:39.9598767Z 2026-08-26T11:40:39.941Z  INFO 1 --- [           main] .RepositoryConfigurationExtensionSupport : Spring Data Redis - Could not safely identify store assignment for repository candidate interface com.rvce.scas.repository.TimetableSlotRepository; If you want this repository to be a Redis repository, consider annotating your entities with one of these annotations: org.springframework.data.redis.core.RedisHash (preferred), or consider extending one of the following types with your repository: org.springframework.data.keyvalue.repository.KeyValueRepository
2026-08-26T11:40:39.9599679Z 2026-08-26T11:40:39.941Z  INFO 1 --- [           main] .RepositoryConfigurationExtensionSupport : Spring Data Redis - Could not safely identify store assignment for repository candidate interface com.rvce.scas.repository.UserRepository; If you want this repository to be a Redis repository, consider annotating your entities with one of these annotations: org.springframework.data.redis.core.RedisHash (preferred), or consider extending one of the following types with your repository: org.springframework.data.keyvalue.repository.KeyValueRepository
2026-08-26T11:40:39.9600025Z 2026-08-26T11:40:39.942Z  INFO 1 --- [           main] .RepositoryConfigurationExtensionSupport : Spring Data Redis - Could not safely identify store assignment for repository candidate interface com.rvce.scas.repository.UserRoleRepository; If you want this repository to be a Redis repository, consider annotating your entities with one of these annotations: org.springframework.data.redis.core.RedisHash (preferred), or consider extending one of the following types with your repository: org.springframework.data.keyvalue.repository.KeyValueRepository
2026-08-26T11:40:39.9600174Z 2026-08-26T11:40:39.942Z  INFO 1 --- [           main] .s.d.r.c.RepositoryConfigurationDelegate : Finished Spring Data repository scanning in 232 ms. Found 0 Redis repository interfaces.
2026-08-26T11:40:49.1609667Z 2026-08-26T11:40:49.159Z  INFO 1 --- [           main] o.s.b.w.embedded.tomcat.TomcatWebServer  : Tomcat initialized with port 8080 (http)
2026-08-26T11:40:49.3376270Z 2026-08-26T11:40:49.321Z  INFO 1 --- [           main] o.apache.catalina.core.StandardService   : Starting service [Tomcat]
2026-08-26T11:40:49.3398975Z 2026-08-26T11:40:49.339Z  INFO 1 --- [           main] o.apache.catalina.core.StandardEngine    : Starting Servlet engine: [Apache Tomcat/10.1.53]
2026-08-26T11:40:50.7864506Z 2026-08-26T11:40:50.785Z  INFO 1 --- [           main] o.a.c.c.C.[Tomcat].[localhost].[/]       : Initializing Spring embedded WebApplicationContext
2026-08-26T11:40:50.8024806Z 2026-08-26T11:40:50.796Z  INFO 1 --- [           main] w.s.c.ServletWebServerApplicationContext : Root WebApplicationContext: initialization completed in 35012 ms
2026-08-26T11:41:11.8537830Z 2026-08-26T11:41:11.825Z  INFO 1 --- [           main] com.zaxxer.hikari.HikariDataSource       : HikariPool-1 - Starting...
2026-08-26T11:41:15.3441579Z 2026-08-26T11:41:15.343Z  INFO 1 --- [           main] com.zaxxer.hikari.pool.HikariPool        : HikariPool-1 - Added connection org.postgresql.jdbc.PgConnection@509e4902
2026-08-26T11:41:15.3727535Z 2026-08-26T11:41:15.372Z  INFO 1 --- [           main] com.zaxxer.hikari.HikariDataSource       : HikariPool-1 - Start completed.
2026-08-26T11:41:15.8699918Z 2026-08-26T11:41:15.869Z  INFO 1 --- [           main] org.flywaydb.core.FlywayExecutor         : Database: jdbc:postgresql://scas-postgres-k23.postgres.database.azure.com:5432/scasdb?sslmode=require (PostgreSQL 16.14)
2026-08-26T11:41:16.8495391Z 2026-08-26T11:41:16.848Z  INFO 1 --- [           main] o.f.c.i.s.JdbcTableSchemaHistory         : Schema history table "public"."flyway_schema_history" does not exist yet
2026-08-26T11:41:17.0118369Z 2026-08-26T11:41:17.011Z  INFO 1 --- [           main] o.f.core.internal.command.DbValidate     : Successfully validated 27 migrations (execution time 00:00.711s)
2026-08-26T11:41:17.1473581Z 2026-08-26T11:41:17.146Z  INFO 1 --- [           main] o.f.c.i.s.JdbcTableSchemaHistory         : Creating Schema History table "public"."flyway_schema_history" ...
2026-08-26T11:41:17.6573290Z 2026-08-26T11:41:17.656Z  INFO 1 --- [           main] o.f.core.internal.command.DbMigrate      : Current version of schema "public": << Empty Schema >>
2026-08-26T11:41:18.0071756Z 2026-08-26T11:41:18.006Z  INFO 1 --- [           main] o.f.core.internal.command.DbMigrate      : Migrating schema "public" to version "1 - users roles"
2026-08-26T11:41:18.4082834Z 2026-08-26T11:41:18.309Z  WARN 1 --- [           main] com.zaxxer.hikari.pool.ProxyConnection   : HikariPool-1 - Connection org.postgresql.jdbc.PgConnection@21f94fe3 marked as broken because of SQLSTATE(0A000), ErrorCode(0)
2026-08-26T11:41:18.4083765Z 
2026-08-26T11:41:18.4083842Z org.postgresql.util.PSQLException: ERROR: extension "citext" is not allow-listed for users in Azure Database for PostgreSQL
2026-08-26T11:41:18.4083889Z   Hint: to learn how to allow an extension or see the list of allowed extensions, please refer to https://go.microsoft.com/fwlink/?linkid=2301063
2026-08-26T11:41:18.4126885Z 	at org.postgresql.core.v3.QueryExecutorImpl.receiveErrorResponse(QueryExecutorImpl.java:2875) ~[postgresql-42.7.10.jar!/:42.7.10]
2026-08-26T11:41:18.4127077Z 	at org.postgresql.core.v3.QueryExecutorImpl.processResults(QueryExecutorImpl.java:2560) ~[postgresql-42.7.10.jar!/:42.7.10]
2026-08-26T11:41:18.4127220Z 	at org.postgresql.core.v3.QueryExecutorImpl.execute(QueryExecutorImpl.java:429) ~[postgresql-42.7.10.jar!/:42.7.10]
2026-08-26T11:41:18.4127257Z 	at org.postgresql.jdbc.PgStatement.executeInternal(PgStatement.java:526) ~[postgresql-42.7.10.jar!/:42.7.10]
2026-08-26T11:41:18.4127293Z 	at org.postgresql.jdbc.PgStatement.execute(PgStatement.java:436) ~[postgresql-42.7.10.jar!/:42.7.10]
2026-08-26T11:41:18.4127328Z 	at org.postgresql.jdbc.PgStatement.executeWithFlags(PgStatement.java:358) ~[postgresql-42.7.10.jar!/:42.7.10]
2026-08-26T11:41:18.4127362Z 	at org.postgresql.jdbc.PgStatement.executeCachedSql(PgStatement.java:343) ~[postgresql-42.7.10.jar!/:42.7.10]
2026-08-26T11:41:18.4127424Z 	at org.postgresql.jdbc.PgStatement.executeWithFlags(PgStatement.java:319) ~[postgresql-42.7.10.jar!/:42.7.10]
2026-08-26T11:41:18.4127458Z 	at org.postgresql.jdbc.PgStatement.execute(PgStatement.java:314) ~[postgresql-42.7.10.jar!/:42.7.10]
2026-08-26T11:41:18.4127492Z 	at com.zaxxer.hikari.pool.ProxyStatement.execute(ProxyStatement.java:95) ~[HikariCP-6.3.3.jar!/:na]
2026-08-26T11:41:18.4127526Z 	at com.zaxxer.hikari.pool.HikariProxyStatement.execute(HikariProxyStatement.java) ~[HikariCP-6.3.3.jar!/:na]
2026-08-26T11:41:18.4127607Z 	at org.flywaydb.core.internal.jdbc.JdbcTemplate.executeStatement(JdbcTemplate.java:215) ~[flyway-core-11.7.2.jar!/:na]
2026-08-26T11:41:18.4127752Z 	at org.flywaydb.core.internal.sqlscript.ParsedSqlStatement.execute(ParsedSqlStatement.java:88) ~[flyway-core-11.7.2.jar!/:na]
2026-08-26T11:41:18.4127880Z 	at org.flywaydb.core.internal.sqlscript.DefaultSqlScriptExecutor.executeStatement(DefaultSqlScriptExecutor.java:212) ~[flyway-core-11.7.2.jar!/:na]
2026-08-26T11:41:18.4127923Z 	at org.flywaydb.core.internal.sqlscript.DefaultSqlScriptExecutor.execute(DefaultSqlScriptExecutor.java:137) ~[flyway-core-11.7.2.jar!/:na]
2026-08-26T11:41:18.4127961Z 	at org.flywaydb.core.internal.resolver.sql.SqlMigrationExecutor.executeOnce(SqlMigrationExecutor.java:75) ~[flyway-core-11.7.2.jar!/:na]
2026-08-26T11:41:18.4127999Z 	at org.flywaydb.core.internal.resolver.sql.SqlMigrationExecutor.lambda$execute$0(SqlMigrationExecutor.java:66) ~[flyway-core-11.7.2.jar!/:na]
2026-08-26T11:41:18.4128053Z 	at org.flywaydb.core.internal.database.DefaultExecutionStrategy.execute(DefaultExecutionStrategy.java:31) ~[flyway-core-11.7.2.jar!/:na]
2026-08-26T11:41:18.4128090Z 	at org.flywaydb.core.internal.resolver.sql.SqlMigrationExecutor.execute(SqlMigrationExecutor.java:65) ~[flyway-core-11.7.2.jar!/:na]
2026-08-26T11:41:18.4128124Z 	at org.flywaydb.core.internal.command.DbMigrate.doMigrateGroup(DbMigrate.java:391) ~[flyway-core-11.7.2.jar!/:na]
2026-08-26T11:41:18.4128161Z 	at org.flywaydb.core.internal.command.DbMigrate.lambda$applyMigrations$1(DbMigrate.java:283) ~[flyway-core-11.7.2.jar!/:na]
2026-08-26T11:41:18.4128198Z 	at org.flywaydb.core.internal.jdbc.TransactionalExecutionTemplate.execute(TransactionalExecutionTemplate.java:59) ~[flyway-core-11.7.2.jar!/:na]
2026-08-26T11:41:18.4128232Z 	at org.flywaydb.core.internal.command.DbMigrate.applyMigrations(DbMigrate.java:282) ~[flyway-core-11.7.2.jar!/:na]
2026-08-26T11:41:18.4128294Z 	at org.flywaydb.core.internal.command.DbMigrate.migrateGroup(DbMigrate.java:255) ~[flyway-core-11.7.2.jar!/:na]
2026-08-26T11:41:18.4128368Z 	at org.flywaydb.core.internal.command.DbMigrate.lambda$migrateAll$0(DbMigrate.java:153) ~[flyway-core-11.7.2.jar!/:na]
2026-08-26T11:41:18.4128407Z 	at org.flywaydb.database.postgresql.PostgreSQLAdvisoryLockTemplate.execute(PostgreSQLAdvisoryLockTemplate.java:77) ~[flyway-database-postgresql-11.7.2.jar!/:na]
2026-08-26T11:41:18.4128448Z 	at org.flywaydb.database.postgresql.PostgreSQLAdvisoryLockTemplate.lambda$execute$0(PostgreSQLAdvisoryLockTemplate.java:60) ~[flyway-database-postgresql-11.7.2.jar!/:na]
2026-08-26T11:41:18.4128485Z 	at org.flywaydb.core.internal.jdbc.TransactionalExecutionTemplate.execute(TransactionalExecutionTemplate.java:59) ~[flyway-core-11.7.2.jar!/:na]
2026-08-26T11:41:18.4128913Z 	at org.flywaydb.database.postgresql.PostgreSQLAdvisoryLockTemplate.execute(PostgreSQLAdvisoryLockTemplate.java:60) ~[flyway-database-postgresql-11.7.2.jar!/:na]
2026-08-26T11:41:18.4128985Z 	at org.flywaydb.database.postgresql.PostgreSQLConnection.lock(PostgreSQLConnection.java:105) ~[flyway-database-postgresql-11.7.2.jar!/:na]
2026-08-26T11:41:18.4129027Z 	at org.flywaydb.core.internal.schemahistory.JdbcTableSchemaHistory.lock(JdbcTableSchemaHistory.java:164) ~[flyway-core-11.7.2.jar!/:na]
2026-08-26T11:41:18.4129087Z 	at org.flywaydb.core.internal.command.DbMigrate.migrateAll(DbMigrate.java:153) ~[flyway-core-11.7.2.jar!/:na]
2026-08-26T11:41:18.4129126Z 	at org.flywaydb.core.internal.command.DbMigrate.migrate(DbMigrate.java:104) ~[flyway-core-11.7.2.jar!/:na]
2026-08-26T11:41:18.4129159Z 	at org.flywaydb.core.Flyway.lambda$migrate$1(Flyway.java:247) ~[flyway-core-11.7.2.jar!/:na]
2026-08-26T11:41:18.4129194Z 	at org.flywaydb.core.FlywayExecutor.execute(FlywayExecutor.java:210) ~[flyway-core-11.7.2.jar!/:na]
2026-08-26T11:41:18.4129227Z 	at org.flywaydb.core.Flyway.migrate(Flyway.java:188) ~[flyway-core-11.7.2.jar!/:na]
2026-08-26T11:41:18.4129266Z 	at org.springframework.boot.autoconfigure.flyway.FlywayMigrationInitializer.afterPropertiesSet(FlywayMigrationInitializer.java:66) ~[spring-boot-autoconfigure-3.5.13.jar!/:3.5.13]
2026-08-26T11:41:18.4129324Z 	at org.springframework.beans.factory.support.AbstractAutowireCapableBeanFactory.invokeInitMethods(AbstractAutowireCapableBeanFactory.java:1873) ~[spring-beans-6.2.17.jar!/:6.2.17]
2026-08-26T11:41:18.4129364Z 	at org.springframework.beans.factory.support.AbstractAutowireCapableBeanFactory.initializeBean(AbstractAutowireCapableBeanFactory.java:1822) ~[spring-beans-6.2.17.jar!/:6.2.17]
2026-08-26T11:41:18.4129403Z 	at org.springframework.beans.factory.support.AbstractAutowireCapableBeanFactory.doCreateBean(AbstractAutowireCapableBeanFactory.java:607) ~[spring-beans-6.2.17.jar!/:6.2.17]
2026-08-26T11:41:18.4129442Z 	at org.springframework.beans.factory.support.AbstractAutowireCapableBeanFactory.createBean(AbstractAutowireCapableBeanFactory.java:529) ~[spring-beans-6.2.17.jar!/:6.2.17]
2026-08-26T11:41:18.4129497Z 	at org.springframework.beans.factory.support.AbstractBeanFactory.lambda$doGetBean$0(AbstractBeanFactory.java:339) ~[spring-beans-6.2.17.jar!/:6.2.17]
2026-08-26T11:41:18.4129537Z 	at org.springframework.beans.factory.support.DefaultSingletonBeanRegistry.getSingleton(DefaultSingletonBeanRegistry.java:373) ~[spring-beans-6.2.17.jar!/:6.2.17]
2026-08-26T11:41:18.4129573Z 	at org.springframework.beans.factory.support.AbstractBeanFactory.doGetBean(AbstractBeanFactory.java:337) ~[spring-beans-6.2.17.jar!/:6.2.17]
2026-08-26T11:41:18.4129609Z 	at org.springframework.beans.factory.support.AbstractBeanFactory.getBean(AbstractBeanFactory.java:202) ~[spring-beans-6.2.17.jar!/:6.2.17]
2026-08-26T11:41:18.4129646Z 	at org.springframework.beans.factory.support.AbstractBeanFactory.doGetBean(AbstractBeanFactory.java:315) ~[spring-beans-6.2.17.jar!/:6.2.17]
2026-08-26T11:41:18.4129701Z 	at org.springframework.beans.factory.support.AbstractBeanFactory.getBean(AbstractBeanFactory.java:207) ~[spring-beans-6.2.17.jar!/:6.2.17]
2026-08-26T11:41:18.4129740Z 	at org.springframework.context.support.AbstractApplicationContext.finishBeanFactoryInitialization(AbstractApplicationContext.java:974) ~[spring-context-6.2.17.jar!/:6.2.17]
2026-08-26T11:41:18.4129777Z 	at org.springframework.context.support.AbstractApplicationContext.refresh(AbstractApplicationContext.java:628) ~[spring-context-6.2.17.jar!/:6.2.17]
2026-08-26T11:41:18.4129815Z 	at org.springframework.boot.web.servlet.context.ServletWebServerApplicationContext.refresh(ServletWebServerApplicationContext.java:146) ~[spring-boot-3.5.13.jar!/:3.5.13]
2026-08-26T11:41:18.4129849Z 	at org.springframework.boot.SpringApplication.refresh(SpringApplication.java:752) ~[spring-boot-3.5.13.jar!/:3.5.13]
2026-08-26T11:41:18.4129907Z 	at org.springframework.boot.SpringApplication.refreshContext(SpringApplication.java:439) ~[spring-boot-3.5.13.jar!/:3.5.13]
2026-08-26T11:41:18.4129943Z 	at org.springframework.boot.SpringApplication.run(SpringApplication.java:318) ~[spring-boot-3.5.13.jar!/:3.5.13]
2026-08-26T11:41:18.4129978Z 	at org.springframework.boot.SpringApplication.run(SpringApplication.java:1361) ~[spring-boot-3.5.13.jar!/:3.5.13]
2026-08-26T11:41:18.4130013Z 	at org.springframework.boot.SpringApplication.run(SpringApplication.java:1350) ~[spring-boot-3.5.13.jar!/:3.5.13]
2026-08-26T11:41:18.4130046Z 	at com.rvce.scas.ScasApplication.main(ScasApplication.java:20) ~[!/:0.0.1-SNAPSHOT]
2026-08-26T11:41:18.4130273Z 	at java.base/jdk.internal.reflect.NativeMethodAccessorImpl.invoke0(Native Method) ~[na:na]
2026-08-26T11:41:18.4130327Z 	at java.base/jdk.internal.reflect.NativeMethodAccessorImpl.invoke(Unknown Source) ~[na:na]
2026-08-26T11:41:18.4130362Z 	at java.base/jdk.internal.reflect.DelegatingMethodAccessorImpl.invoke(Unknown Source) ~[na:na]
2026-08-26T11:41:18.4130551Z 	at java.base/java.lang.reflect.Method.invoke(Unknown Source) ~[na:na]
2026-08-26T11:41:18.4130595Z 	at org.springframework.boot.loader.launch.Launcher.launch(Launcher.java:106) ~[app.jar:0.0.1-SNAPSHOT]
2026-08-26T11:41:18.4130659Z 	at org.springframework.boot.loader.launch.Launcher.launch(Launcher.java:64) ~[app.jar:0.0.1-SNAPSHOT]
2026-08-26T11:41:18.4130711Z 	at org.springframework.boot.loader.launch.JarLauncher.main(JarLauncher.java:40) ~[app.jar:0.0.1-SNAPSHOT]
2026-08-26T11:41:18.4130741Z 
2026-08-26T11:41:18.5875927Z 2026-08-26T11:41:18.571Z ERROR 1 --- [           main] o.f.c.i.j.TransactionalExecutionTemplate : Unable to rollback transaction
2026-08-26T11:41:18.5876687Z 
2026-08-26T11:41:18.5876744Z java.sql.SQLException: Connection is closed
2026-08-26T11:41:18.5876784Z 	at com.zaxxer.hikari.pool.ProxyConnection$ClosedConnection.lambda$getClosedConnection$0(ProxyConnection.java:562) ~[HikariCP-6.3.3.jar!/:na]
2026-08-26T11:41:18.5876817Z 	at jdk.proxy3/jdk.proxy3.$Proxy119.rollback(Unknown Source) ~[na:na]
2026-08-26T11:41:18.5876850Z 	at com.zaxxer.hikari.pool.ProxyConnection.rollback(ProxyConnection.java:386) ~[HikariCP-6.3.3.jar!/:na]
2026-08-26T11:41:18.5876884Z 	at com.zaxxer.hikari.pool.HikariProxyConnection.rollback(HikariProxyConnection.java) ~[HikariCP-6.3.3.jar!/:na]
2026-08-26T11:41:18.5876945Z 	at org.flywaydb.core.internal.jdbc.TransactionalExecutionTemplate.execute(TransactionalExecutionTemplate.java:75) ~[flyway-core-11.7.2.jar!/:na]
2026-08-26T11:41:18.5876982Z 	at org.flywaydb.core.internal.command.DbMigrate.applyMigrations(DbMigrate.java:282) ~[flyway-core-11.7.2.jar!/:na]
2026-08-26T11:41:18.5877014Z 	at org.flywaydb.core.internal.command.DbMigrate.migrateGroup(DbMigrate.java:255) ~[flyway-core-11.7.2.jar!/:na]
2026-08-26T11:41:18.5877047Z 	at org.flywaydb.core.internal.command.DbMigrate.lambda$migrateAll$0(DbMigrate.java:153) ~[flyway-core-11.7.2.jar!/:na]
2026-08-26T11:41:18.5877082Z 	at org.flywaydb.database.postgresql.PostgreSQLAdvisoryLockTemplate.execute(PostgreSQLAdvisoryLockTemplate.java:77) ~[flyway-database-postgresql-11.7.2.jar!/:na]
2026-08-26T11:41:18.5877121Z 	at org.flywaydb.database.postgresql.PostgreSQLAdvisoryLockTemplate.lambda$execute$0(PostgreSQLAdvisoryLockTemplate.java:60) ~[flyway-database-postgresql-11.7.2.jar!/:na]
2026-08-26T11:41:18.5877179Z 	at org.flywaydb.core.internal.jdbc.TransactionalExecutionTemplate.execute(TransactionalExecutionTemplate.java:59) ~[flyway-core-11.7.2.jar!/:na]
2026-08-26T11:41:18.5877216Z 	at org.flywaydb.database.postgresql.PostgreSQLAdvisoryLockTemplate.execute(PostgreSQLAdvisoryLockTemplate.java:60) ~[flyway-database-postgresql-11.7.2.jar!/:na]
2026-08-26T11:41:18.5877250Z 	at org.flywaydb.database.postgresql.PostgreSQLConnection.lock(PostgreSQLConnection.java:105) ~[flyway-database-postgresql-11.7.2.jar!/:na]
2026-08-26T11:41:18.5877284Z 	at org.flywaydb.core.internal.schemahistory.JdbcTableSchemaHistory.lock(JdbcTableSchemaHistory.java:164) ~[flyway-core-11.7.2.jar!/:na]
2026-08-26T11:41:18.5877316Z 	at org.flywaydb.core.internal.command.DbMigrate.migrateAll(DbMigrate.java:153) ~[flyway-core-11.7.2.jar!/:na]
2026-08-26T11:41:18.5877369Z 	at org.flywaydb.core.internal.command.DbMigrate.migrate(DbMigrate.java:104) ~[flyway-core-11.7.2.jar!/:na]
2026-08-26T11:41:18.5877402Z 	at org.flywaydb.core.Flyway.lambda$migrate$1(Flyway.java:247) ~[flyway-core-11.7.2.jar!/:na]
2026-08-26T11:41:18.5877434Z 	at org.flywaydb.core.FlywayExecutor.execute(FlywayExecutor.java:210) ~[flyway-core-11.7.2.jar!/:na]
2026-08-26T11:41:18.5877464Z 	at org.flywaydb.core.Flyway.migrate(Flyway.java:188) ~[flyway-core-11.7.2.jar!/:na]
2026-08-26T11:41:18.5877501Z 	at org.springframework.boot.autoconfigure.flyway.FlywayMigrationInitializer.afterPropertiesSet(FlywayMigrationInitializer.java:66) ~[spring-boot-autoconfigure-3.5.13.jar!/:3.5.13]
2026-08-26T11:41:18.5877559Z 	at org.springframework.beans.factory.support.AbstractAutowireCapableBeanFactory.invokeInitMethods(AbstractAutowireCapableBeanFactory.java:1873) ~[spring-beans-6.2.17.jar!/:6.2.17]
2026-08-26T11:41:18.5877597Z 	at org.springframework.beans.factory.support.AbstractAutowireCapableBeanFactory.initializeBean(AbstractAutowireCapableBeanFactory.java:1822) ~[spring-beans-6.2.17.jar!/:6.2.17]
2026-08-26T11:41:18.5877635Z 	at org.springframework.beans.factory.support.AbstractAutowireCapableBeanFactory.doCreateBean(AbstractAutowireCapableBeanFactory.java:607) ~[spring-beans-6.2.17.jar!/:6.2.17]
2026-08-26T11:41:18.5877670Z 	at org.springframework.beans.factory.support.AbstractAutowireCapableBeanFactory.createBean(AbstractAutowireCapableBeanFactory.java:529) ~[spring-beans-6.2.17.jar!/:6.2.17]
2026-08-26T11:41:18.5877705Z 	at org.springframework.beans.factory.support.AbstractBeanFactory.lambda$doGetBean$0(AbstractBeanFactory.java:339) ~[spring-beans-6.2.17.jar!/:6.2.17]
2026-08-26T11:41:18.5877760Z 	at org.springframework.beans.factory.support.DefaultSingletonBeanRegistry.getSingleton(DefaultSingletonBeanRegistry.java:373) ~[spring-beans-6.2.17.jar!/:6.2.17]
2026-08-26T11:41:18.5877797Z 	at org.springframework.beans.factory.support.AbstractBeanFactory.doGetBean(AbstractBeanFactory.java:337) ~[spring-beans-6.2.17.jar!/:6.2.17]
2026-08-26T11:41:18.5877832Z 	at org.springframework.beans.factory.support.AbstractBeanFactory.getBean(AbstractBeanFactory.java:202) ~[spring-beans-6.2.17.jar!/:6.2.17]
2026-08-26T11:41:18.5880068Z 	at org.springframework.beans.factory.support.AbstractBeanFactory.doGetBean(AbstractBeanFactory.java:315) ~[spring-beans-6.2.17.jar!/:6.2.17]
2026-08-26T11:41:18.5880179Z 	at org.springframework.beans.factory.support.AbstractBeanFactory.getBean(AbstractBeanFactory.java:207) ~[spring-beans-6.2.17.jar!/:6.2.17]
2026-08-26T11:41:18.5880256Z 	at org.springframework.context.support.AbstractApplicationContext.finishBeanFactoryInitialization(AbstractApplicationContext.java:974) ~[spring-context-6.2.17.jar!/:6.2.17]
2026-08-26T11:41:18.5880293Z 	at org.springframework.context.support.AbstractApplicationContext.refresh(AbstractApplicationContext.java:628) ~[spring-context-6.2.17.jar!/:6.2.17]
2026-08-26T11:41:18.5880330Z 	at org.springframework.boot.web.servlet.context.ServletWebServerApplicationContext.refresh(ServletWebServerApplicationContext.java:146) ~[spring-boot-3.5.13.jar!/:3.5.13]
2026-08-26T11:41:18.5880364Z 	at org.springframework.boot.SpringApplication.refresh(SpringApplication.java:752) ~[spring-boot-3.5.13.jar!/:3.5.13]
2026-08-26T11:41:18.5880396Z 	at org.springframework.boot.SpringApplication.refreshContext(SpringApplication.java:439) ~[spring-boot-3.5.13.jar!/:3.5.13]
2026-08-26T11:41:18.5880458Z 	at org.springframework.boot.SpringApplication.run(SpringApplication.java:318) ~[spring-boot-3.5.13.jar!/:3.5.13]
2026-08-26T11:41:18.5880492Z 	at org.springframework.boot.SpringApplication.run(SpringApplication.java:1361) ~[spring-boot-3.5.13.jar!/:3.5.13]
2026-08-26T11:41:18.5880524Z 	at org.springframework.boot.SpringApplication.run(SpringApplication.java:1350) ~[spring-boot-3.5.13.jar!/:3.5.13]
2026-08-26T11:41:18.5880554Z 	at com.rvce.scas.ScasApplication.main(ScasApplication.java:20) ~[!/:0.0.1-SNAPSHOT]
2026-08-26T11:41:18.5880586Z 	at java.base/jdk.internal.reflect.NativeMethodAccessorImpl.invoke0(Native Method) ~[na:na]
2026-08-26T11:41:18.5880618Z 	at java.base/jdk.internal.reflect.NativeMethodAccessorImpl.invoke(Unknown Source) ~[na:na]
2026-08-26T11:41:18.5880672Z 	at java.base/jdk.internal.reflect.DelegatingMethodAccessorImpl.invoke(Unknown Source) ~[na:na]
2026-08-26T11:41:18.5880703Z 	at java.base/java.lang.reflect.Method.invoke(Unknown Source) ~[na:na]
2026-08-26T11:41:18.5880736Z 	at org.springframework.boot.loader.launch.Launcher.launch(Launcher.java:106) ~[app.jar:0.0.1-SNAPSHOT]
2026-08-26T11:41:18.5881371Z 	at org.springframework.boot.loader.launch.Launcher.launch(Launcher.java:64) ~[app.jar:0.0.1-SNAPSHOT]
2026-08-26T11:41:18.5881428Z 	at org.springframework.boot.loader.launch.JarLauncher.main(JarLauncher.java:40) ~[app.jar:0.0.1-SNAPSHOT]
2026-08-26T11:41:18.5881456Z 
2026-08-26T11:41:18.6057608Z 2026-08-26T11:41:18.604Z ERROR 1 --- [           main] o.f.c.i.j.TransactionalExecutionTemplate : Unable to restore autocommit to original value for connection
2026-08-26T11:41:18.6058043Z 
2026-08-26T11:41:18.6058103Z java.sql.SQLException: Connection is closed
2026-08-26T11:41:18.6058143Z 	at com.zaxxer.hikari.pool.ProxyConnection$ClosedConnection.lambda$getClosedConnection$0(ProxyConnection.java:562) ~[HikariCP-6.3.3.jar!/:na]
2026-08-26T11:41:18.6058176Z 	at jdk.proxy3/jdk.proxy3.$Proxy119.setAutoCommit(Unknown Source) ~[na:na]
2026-08-26T11:41:18.6058217Z 	at com.zaxxer.hikari.pool.ProxyConnection.setAutoCommit(ProxyConnection.java:412) ~[HikariCP-6.3.3.jar!/:na]
2026-08-26T11:41:18.6058301Z 	at com.zaxxer.hikari.pool.HikariProxyConnection.setAutoCommit(HikariProxyConnection.java) ~[HikariCP-6.3.3.jar!/:na]
2026-08-26T11:41:18.6058339Z 	at org.flywaydb.core.internal.jdbc.TransactionalExecutionTemplate.execute(TransactionalExecutionTemplate.java:90) ~[flyway-core-11.7.2.jar!/:na]
2026-08-26T11:41:18.6058372Z 	at org.flywaydb.core.internal.command.DbMigrate.applyMigrations(DbMigrate.java:282) ~[flyway-core-11.7.2.jar!/:na]
2026-08-26T11:41:18.6058404Z 	at org.flywaydb.core.internal.command.DbMigrate.migrateGroup(DbMigrate.java:255) ~[flyway-core-11.7.2.jar!/:na]
2026-08-26T11:41:18.6058442Z 	at org.flywaydb.core.internal.command.DbMigrate.lambda$migrateAll$0(DbMigrate.java:153) ~[flyway-core-11.7.2.jar!/:na]
2026-08-26T11:41:18.6058498Z 	at org.flywaydb.database.postgresql.PostgreSQLAdvisoryLockTemplate.execute(PostgreSQLAdvisoryLockTemplate.java:77) ~[flyway-database-postgresql-11.7.2.jar!/:na]
2026-08-26T11:41:18.6058538Z 	at org.flywaydb.database.postgresql.PostgreSQLAdvisoryLockTemplate.lambda$execute$0(PostgreSQLAdvisoryLockTemplate.java:60) ~[flyway-database-postgresql-11.7.2.jar!/:na]
2026-08-26T11:41:18.6058574Z 	at org.flywaydb.core.internal.jdbc.TransactionalExecutionTemplate.execute(TransactionalExecutionTemplate.java:59) ~[flyway-core-11.7.2.jar!/:na]
2026-08-26T11:41:18.6058609Z 	at org.flywaydb.database.postgresql.PostgreSQLAdvisoryLockTemplate.execute(PostgreSQLAdvisoryLockTemplate.java:60) ~[flyway-database-postgresql-11.7.2.jar!/:na]
2026-08-26T11:41:18.6058644Z 	at org.flywaydb.database.postgresql.PostgreSQLConnection.lock(PostgreSQLConnection.java:105) ~[flyway-database-postgresql-11.7.2.jar!/:na]
2026-08-26T11:41:18.6058699Z 	at org.flywaydb.core.internal.schemahistory.JdbcTableSchemaHistory.lock(JdbcTableSchemaHistory.java:164) ~[flyway-core-11.7.2.jar!/:na]
2026-08-26T11:41:18.6058734Z 	at org.flywaydb.core.internal.command.DbMigrate.migrateAll(DbMigrate.java:153) ~[flyway-core-11.7.2.jar!/:na]
2026-08-26T11:41:18.6058767Z 	at org.flywaydb.core.internal.command.DbMigrate.migrate(DbMigrate.java:104) ~[flyway-core-11.7.2.jar!/:na]
2026-08-26T11:41:18.6058797Z 	at org.flywaydb.core.Flyway.lambda$migrate$1(Flyway.java:247) ~[flyway-core-11.7.2.jar!/:na]
2026-08-26T11:41:18.6058830Z 	at org.flywaydb.core.FlywayExecutor.execute(FlywayExecutor.java:210) ~[flyway-core-11.7.2.jar!/:na]
2026-08-26T11:41:18.6058860Z 	at org.flywaydb.core.Flyway.migrate(Flyway.java:188) ~[flyway-core-11.7.2.jar!/:na]
2026-08-26T11:41:18.6058924Z 	at org.springframework.boot.autoconfigure.flyway.FlywayMigrationInitializer.afterPropertiesSet(FlywayMigrationInitializer.java:66) ~[spring-boot-autoconfigure-3.5.13.jar!/:3.5.13]
2026-08-26T11:41:18.6058962Z 	at org.springframework.beans.factory.support.AbstractAutowireCapableBeanFactory.invokeInitMethods(AbstractAutowireCapableBeanFactory.java:1873) ~[spring-beans-6.2.17.jar!/:6.2.17]
2026-08-26T11:41:18.6058998Z 	at org.springframework.beans.factory.support.AbstractAutowireCapableBeanFactory.initializeBean(AbstractAutowireCapableBeanFactory.java:1822) ~[spring-beans-6.2.17.jar!/:6.2.17]
2026-08-26T11:41:18.6059034Z 	at org.springframework.beans.factory.support.AbstractAutowireCapableBeanFactory.doCreateBean(AbstractAutowireCapableBeanFactory.java:607) ~[spring-beans-6.2.17.jar!/:6.2.17]
2026-08-26T11:41:18.6059071Z 	at org.springframework.beans.factory.support.AbstractAutowireCapableBeanFactory.createBean(AbstractAutowireCapableBeanFactory.java:529) ~[spring-beans-6.2.17.jar!/:6.2.17]
2026-08-26T11:41:18.6059126Z 	at org.springframework.beans.factory.support.AbstractBeanFactory.lambda$doGetBean$0(AbstractBeanFactory.java:339) ~[spring-beans-6.2.17.jar!/:6.2.17]
2026-08-26T11:41:18.6059165Z 	at org.springframework.beans.factory.support.DefaultSingletonBeanRegistry.getSingleton(DefaultSingletonBeanRegistry.java:373) ~[spring-beans-6.2.17.jar!/:6.2.17]
2026-08-26T11:41:18.6059198Z 	at org.springframework.beans.factory.support.AbstractBeanFactory.doGetBean(AbstractBeanFactory.java:337) ~[spring-beans-6.2.17.jar!/:6.2.17]
2026-08-26T11:41:18.6059232Z 	at org.springframework.beans.factory.support.AbstractBeanFactory.getBean(AbstractBeanFactory.java:202) ~[spring-beans-6.2.17.jar!/:6.2.17]
2026-08-26T11:41:18.6059477Z 	at org.springframework.beans.factory.support.AbstractBeanFactory.doGetBean(AbstractBeanFactory.java:315) ~[spring-beans-6.2.17.jar!/:6.2.17]
2026-08-26T11:41:18.6059543Z 	at org.springframework.beans.factory.support.AbstractBeanFactory.getBean(AbstractBeanFactory.java:207) ~[spring-beans-6.2.17.jar!/:6.2.17]
2026-08-26T11:41:18.6059579Z 	at org.springframework.context.support.AbstractApplicationContext.finishBeanFactoryInitialization(AbstractApplicationContext.java:974) ~[spring-context-6.2.17.jar!/:6.2.17]
2026-08-26T11:41:18.6059614Z 	at org.springframework.context.support.AbstractApplicationContext.refresh(AbstractApplicationContext.java:628) ~[spring-context-6.2.17.jar!/:6.2.17]
2026-08-26T11:41:18.6059650Z 	at org.springframework.boot.web.servlet.context.ServletWebServerApplicationContext.refresh(ServletWebServerApplicationContext.java:146) ~[spring-boot-3.5.13.jar!/:3.5.13]
2026-08-26T11:41:18.6059683Z 	at org.springframework.boot.SpringApplication.refresh(SpringApplication.java:752) ~[spring-boot-3.5.13.jar!/:3.5.13]
2026-08-26T11:41:18.6059737Z 	at org.springframework.boot.SpringApplication.refreshContext(SpringApplication.java:439) ~[spring-boot-3.5.13.jar!/:3.5.13]
2026-08-26T11:41:18.6059771Z 	at org.springframework.boot.SpringApplication.run(SpringApplication.java:318) ~[spring-boot-3.5.13.jar!/:3.5.13]
2026-08-26T11:41:18.6059805Z 	at org.springframework.boot.SpringApplication.run(SpringApplication.java:1361) ~[spring-boot-3.5.13.jar!/:3.5.13]
2026-08-26T11:41:18.6059837Z 	at org.springframework.boot.SpringApplication.run(SpringApplication.java:1350) ~[spring-boot-3.5.13.jar!/:3.5.13]
2026-08-26T11:41:18.6059868Z 	at com.rvce.scas.ScasApplication.main(ScasApplication.java:20) ~[!/:0.0.1-SNAPSHOT]
2026-08-26T11:41:18.6059919Z 	at java.base/jdk.internal.reflect.NativeMethodAccessorImpl.invoke0(Native Method) ~[na:na]
2026-08-26T11:41:18.6059950Z 	at java.base/jdk.internal.reflect.NativeMethodAccessorImpl.invoke(Unknown Source) ~[na:na]
2026-08-26T11:41:18.6059981Z 	at java.base/jdk.internal.reflect.DelegatingMethodAccessorImpl.invoke(Unknown Source) ~[na:na]
2026-08-26T11:41:18.6060010Z 	at java.base/java.lang.reflect.Method.invoke(Unknown Source) ~[na:na]
2026-08-26T11:41:18.6060042Z 	at org.springframework.boot.loader.launch.Launcher.launch(Launcher.java:106) ~[app.jar:0.0.1-SNAPSHOT]
2026-08-26T11:41:18.6060075Z 	at org.springframework.boot.loader.launch.Launcher.launch(Launcher.java:64) ~[app.jar:0.0.1-SNAPSHOT]
2026-08-26T11:41:18.6060125Z 	at org.springframework.boot.loader.launch.JarLauncher.main(JarLauncher.java:40) ~[app.jar:0.0.1-SNAPSHOT]
2026-08-26T11:41:18.6060157Z 
2026-08-26T11:41:18.6179501Z 2026-08-26T11:41:18.616Z ERROR 1 --- [           main] o.f.core.internal.command.DbMigrate      : Migration of schema "public" to version "1 - users roles" failed! Changes successfully rolled back.
2026-08-26T11:41:18.7193013Z 2026-08-26T11:41:18.710Z  WARN 1 --- [           main] ConfigServletWebServerApplicationContext : Exception encountered during context initialization - cancelling refresh attempt: org.springframework.beans.factory.BeanCreationException: Error creating bean with name 'entityManagerFactory' defined in class path resource [org/springframework/boot/autoconfigure/orm/jpa/HibernateJpaConfiguration.class]: Failed to initialize dependency 'flywayInitializer' of LoadTimeWeaverAware bean 'entityManagerFactory': Error creating bean with name 'flywayInitializer' defined in class path resource [org/springframework/boot/autoconfigure/flyway/FlywayAutoConfiguration$FlywayConfiguration.class]: Script V1__users_roles.sql failed
2026-08-26T11:41:18.7193601Z ---------------------------------
2026-08-26T11:41:18.7193642Z SQL State  : 0A000
2026-08-26T11:41:18.7193680Z Error Code : 0
2026-08-26T11:41:18.7193716Z Message    : ERROR: extension "citext" is not allow-listed for users in Azure Database for PostgreSQL
2026-08-26T11:41:18.7193752Z   Hint: to learn how to allow an extension or see the list of allowed extensions, please refer to https://go.microsoft.com/fwlink/?linkid=2301063
2026-08-26T11:41:18.7193787Z Location   : db/migration/V1__users_roles.sql (/app/nested:/app/app.jar/!BOOT-INF/classes/!/db/migration/V1__users_roles.sql)
2026-08-26T11:41:18.7193838Z Line       : 39
2026-08-26T11:41:18.7193871Z Statement  : Run Flyway with -X option to see the actual statement causing the problem
2026-08-26T11:41:18.7193897Z 
2026-08-26T11:41:18.7603941Z 2026-08-26T11:41:18.759Z  INFO 1 --- [           main] com.zaxxer.hikari.HikariDataSource       : HikariPool-1 - Shutdown initiated...
2026-08-26T11:41:19.0349470Z 2026-08-26T11:41:19.034Z  INFO 1 --- [           main] com.zaxxer.hikari.HikariDataSource       : HikariPool-1 - Shutdown completed.
2026-08-26T11:41:19.2550611Z 2026-08-26T11:41:19.240Z  INFO 1 --- [           main] o.apache.catalina.core.StandardService   : Stopping service [Tomcat]
2026-08-26T11:41:19.6042896Z 2026-08-26T11:41:19.603Z  INFO 1 --- [           main] .s.b.a.l.ConditionEvaluationReportLogger : 
2026-08-26T11:41:19.6043413Z 
2026-08-26T11:41:19.6043484Z Error starting ApplicationContext. To display the condition evaluation report re-run your application with 'debug' enabled.
2026-08-26T11:41:19.8255642Z 2026-08-26T11:41:19.809Z ERROR 1 --- [           main] o.s.boot.SpringApplication               : Application run failed
2026-08-26T11:41:19.8256342Z 
2026-08-26T11:41:19.8256438Z org.springframework.beans.factory.BeanCreationException: Error creating bean with name 'entityManagerFactory' defined in class path resource [org/springframework/boot/autoconfigure/orm/jpa/HibernateJpaConfiguration.class]: Failed to initialize dependency 'flywayInitializer' of LoadTimeWeaverAware bean 'entityManagerFactory': Error creating bean with name 'flywayInitializer' defined in class path resource [org/springframework/boot/autoconfigure/flyway/FlywayAutoConfiguration$FlywayConfiguration.class]: Script V1__users_roles.sql failed
2026-08-26T11:41:19.8256473Z ---------------------------------
2026-08-26T11:41:19.8256503Z SQL State  : 0A000
2026-08-26T11:41:19.8256531Z Error Code : 0
2026-08-26T11:41:19.8256583Z Message    : ERROR: extension "citext" is not allow-listed for users in Azure Database for PostgreSQL
2026-08-26T11:41:19.8256620Z   Hint: to learn how to allow an extension or see the list of allowed extensions, please refer to https://go.microsoft.com/fwlink/?linkid=2301063
2026-08-26T11:41:19.8256654Z Location   : db/migration/V1__users_roles.sql (/app/nested:/app/app.jar/!BOOT-INF/classes/!/db/migration/V1__users_roles.sql)
2026-08-26T11:41:19.8256681Z Line       : 39
2026-08-26T11:41:19.8256712Z Statement  : Run Flyway with -X option to see the actual statement causing the problem
2026-08-26T11:41:19.8256737Z 
2026-08-26T11:41:19.8256774Z 	at org.springframework.beans.factory.support.AbstractBeanFactory.doGetBean(AbstractBeanFactory.java:328) ~[spring-beans-6.2.17.jar!/:6.2.17]
2026-08-26T11:41:19.8256829Z 	at org.springframework.beans.factory.support.AbstractBeanFactory.getBean(AbstractBeanFactory.java:207) ~[spring-beans-6.2.17.jar!/:6.2.17]
2026-08-26T11:41:19.8256868Z 	at org.springframework.context.support.AbstractApplicationContext.finishBeanFactoryInitialization(AbstractApplicationContext.java:974) ~[spring-context-6.2.17.jar!/:6.2.17]
2026-08-26T11:41:19.8256903Z 	at org.springframework.context.support.AbstractApplicationContext.refresh(AbstractApplicationContext.java:628) ~[spring-context-6.2.17.jar!/:6.2.17]
2026-08-26T11:41:19.8256940Z 	at org.springframework.boot.web.servlet.context.ServletWebServerApplicationContext.refresh(ServletWebServerApplicationContext.java:146) ~[spring-boot-3.5.13.jar!/:3.5.13]
2026-08-26T11:41:19.8256974Z 	at org.springframework.boot.SpringApplication.refresh(SpringApplication.java:752) ~[spring-boot-3.5.13.jar!/:3.5.13]
2026-08-26T11:41:19.8257029Z 	at org.springframework.boot.SpringApplication.refreshContext(SpringApplication.java:439) ~[spring-boot-3.5.13.jar!/:3.5.13]
2026-08-26T11:41:19.8257063Z 	at org.springframework.boot.SpringApplication.run(SpringApplication.java:318) ~[spring-boot-3.5.13.jar!/:3.5.13]
2026-08-26T11:41:19.8257095Z 	at org.springframework.boot.SpringApplication.run(SpringApplication.java:1361) ~[spring-boot-3.5.13.jar!/:3.5.13]
2026-08-26T11:41:19.8257127Z 	at org.springframework.boot.SpringApplication.run(SpringApplication.java:1350) ~[spring-boot-3.5.13.jar!/:3.5.13]
2026-08-26T11:41:19.8257157Z 	at com.rvce.scas.ScasApplication.main(ScasApplication.java:20) ~[!/:0.0.1-SNAPSHOT]
2026-08-26T11:41:19.8257204Z 	at java.base/jdk.internal.reflect.NativeMethodAccessorImpl.invoke0(Native Method) ~[na:na]
2026-08-26T11:41:19.8257237Z 	at java.base/jdk.internal.reflect.NativeMethodAccessorImpl.invoke(Unknown Source) ~[na:na]
2026-08-26T11:41:19.8257268Z 	at java.base/jdk.internal.reflect.DelegatingMethodAccessorImpl.invoke(Unknown Source) ~[na:na]
2026-08-26T11:41:19.8257298Z 	at java.base/java.lang.reflect.Method.invoke(Unknown Source) ~[na:na]
2026-08-26T11:41:19.8257329Z 	at org.springframework.boot.loader.launch.Launcher.launch(Launcher.java:106) ~[app.jar:0.0.1-SNAPSHOT]
2026-08-26T11:41:19.8257361Z 	at org.springframework.boot.loader.launch.Launcher.launch(Launcher.java:64) ~[app.jar:0.0.1-SNAPSHOT]
2026-08-26T11:41:19.8257417Z 	at org.springframework.boot.loader.launch.JarLauncher.main(JarLauncher.java:40) ~[app.jar:0.0.1-SNAPSHOT]
2026-08-26T11:41:19.8257461Z Caused by: org.springframework.beans.factory.BeanCreationException: Error creating bean with name 'flywayInitializer' defined in class path resource [org/springframework/boot/autoconfigure/flyway/FlywayAutoConfiguration$FlywayConfiguration.class]: Script V1__users_roles.sql failed
2026-08-26T11:41:19.8257490Z ---------------------------------
2026-08-26T11:41:19.8257531Z SQL State  : 0A000
2026-08-26T11:41:19.8257557Z Error Code : 0
2026-08-26T11:41:19.8257589Z Message    : ERROR: extension "citext" is not allow-listed for users in Azure Database for PostgreSQL
2026-08-26T11:41:19.8257645Z   Hint: to learn how to allow an extension or see the list of allowed extensions, please refer to https://go.microsoft.com/fwlink/?linkid=2301063
2026-08-26T11:41:19.8257681Z Location   : db/migration/V1__users_roles.sql (/app/nested:/app/app.jar/!BOOT-INF/classes/!/db/migration/V1__users_roles.sql)
2026-08-26T11:41:19.8257707Z Line       : 39
2026-08-26T11:41:19.8258205Z Statement  : Run Flyway with -X option to see the actual statement causing the problem
2026-08-26T11:41:19.8258250Z 
2026-08-26T11:41:19.8258288Z 	at org.springframework.beans.factory.support.AbstractAutowireCapableBeanFactory.initializeBean(AbstractAutowireCapableBeanFactory.java:1826) ~[spring-beans-6.2.17.jar!/:6.2.17]
2026-08-26T11:41:19.8258350Z 	at org.springframework.beans.factory.support.AbstractAutowireCapableBeanFactory.doCreateBean(AbstractAutowireCapableBeanFactory.java:607) ~[spring-beans-6.2.17.jar!/:6.2.17]
2026-08-26T11:41:19.8258387Z 	at org.springframework.beans.factory.support.AbstractAutowireCapableBeanFactory.createBean(AbstractAutowireCapableBeanFactory.java:529) ~[spring-beans-6.2.17.jar!/:6.2.17]
2026-08-26T11:41:19.8258423Z 	at org.springframework.beans.factory.support.AbstractBeanFactory.lambda$doGetBean$0(AbstractBeanFactory.java:339) ~[spring-beans-6.2.17.jar!/:6.2.17]
2026-08-26T11:41:19.8258459Z 	at org.springframework.beans.factory.support.DefaultSingletonBeanRegistry.getSingleton(DefaultSingletonBeanRegistry.java:373) ~[spring-beans-6.2.17.jar!/:6.2.17]
2026-08-26T11:41:19.8258493Z 	at org.springframework.beans.factory.support.AbstractBeanFactory.doGetBean(AbstractBeanFactory.java:337) ~[spring-beans-6.2.17.jar!/:6.2.17]
2026-08-26T11:41:19.8258546Z 	at org.springframework.beans.factory.support.AbstractBeanFactory.getBean(AbstractBeanFactory.java:202) ~[spring-beans-6.2.17.jar!/:6.2.17]
2026-08-26T11:41:19.8258581Z 	at org.springframework.beans.factory.support.AbstractBeanFactory.doGetBean(AbstractBeanFactory.java:315) ~[spring-beans-6.2.17.jar!/:6.2.17]
2026-08-26T11:41:19.8258609Z 	... 17 common frames omitted
2026-08-26T11:41:19.8258641Z Caused by: org.flywaydb.core.internal.exception.FlywayMigrateException: Script V1__users_roles.sql failed
2026-08-26T11:41:19.8258668Z ---------------------------------
2026-08-26T11:41:19.8258695Z SQL State  : 0A000
2026-08-26T11:41:19.8258741Z Error Code : 0
2026-08-26T11:41:19.8258773Z Message    : ERROR: extension "citext" is not allow-listed for users in Azure Database for PostgreSQL
2026-08-26T11:41:19.8258807Z   Hint: to learn how to allow an extension or see the list of allowed extensions, please refer to https://go.microsoft.com/fwlink/?linkid=2301063
2026-08-26T11:41:19.8258840Z Location   : db/migration/V1__users_roles.sql (/app/nested:/app/app.jar/!BOOT-INF/classes/!/db/migration/V1__users_roles.sql)
2026-08-26T11:41:19.8258867Z Line       : 39
2026-08-26T11:41:19.8258898Z Statement  : Run Flyway with -X option to see the actual statement causing the problem
2026-08-26T11:41:19.8258941Z 
2026-08-26T11:41:19.8258975Z 	at org.flywaydb.core.internal.command.DbMigrate.doMigrateGroup(DbMigrate.java:399) ~[flyway-core-11.7.2.jar!/:na]
2026-08-26T11:41:19.8259009Z 	at org.flywaydb.core.internal.command.DbMigrate.lambda$applyMigrations$1(DbMigrate.java:283) ~[flyway-core-11.7.2.jar!/:na]
2026-08-26T11:41:19.8259044Z 	at org.flywaydb.core.internal.jdbc.TransactionalExecutionTemplate.execute(TransactionalExecutionTemplate.java:59) ~[flyway-core-11.7.2.jar!/:na]
2026-08-26T11:41:19.8259078Z 	at org.flywaydb.core.internal.command.DbMigrate.applyMigrations(DbMigrate.java:282) ~[flyway-core-11.7.2.jar!/:na]
2026-08-26T11:41:19.8259110Z 	at org.flywaydb.core.internal.command.DbMigrate.migrateGroup(DbMigrate.java:255) ~[flyway-core-11.7.2.jar!/:na]
2026-08-26T11:41:19.8260407Z 	at org.flywaydb.core.internal.command.DbMigrate.lambda$migrateAll$0(DbMigrate.java:153) ~[flyway-core-11.7.2.jar!/:na]
2026-08-26T11:41:19.8260474Z 	at org.flywaydb.database.postgresql.PostgreSQLAdvisoryLockTemplate.execute(PostgreSQLAdvisoryLockTemplate.java:77) ~[flyway-database-postgresql-11.7.2.jar!/:na]
2026-08-26T11:41:19.8260513Z 	at org.flywaydb.database.postgresql.PostgreSQLAdvisoryLockTemplate.lambda$execute$0(PostgreSQLAdvisoryLockTemplate.java:60) ~[flyway-database-postgresql-11.7.2.jar!/:na]
2026-08-26T11:41:19.8260548Z 	at org.flywaydb.core.internal.jdbc.TransactionalExecutionTemplate.execute(TransactionalExecutionTemplate.java:59) ~[flyway-core-11.7.2.jar!/:na]
2026-08-26T11:41:19.8260583Z 	at org.flywaydb.database.postgresql.PostgreSQLAdvisoryLockTemplate.execute(PostgreSQLAdvisoryLockTemplate.java:60) ~[flyway-database-postgresql-11.7.2.jar!/:na]
2026-08-26T11:41:19.8260639Z 	at org.flywaydb.database.postgresql.PostgreSQLConnection.lock(PostgreSQLConnection.java:105) ~[flyway-database-postgresql-11.7.2.jar!/:na]
2026-08-26T11:41:19.8260673Z 	at org.flywaydb.core.internal.schemahistory.JdbcTableSchemaHistory.lock(JdbcTableSchemaHistory.java:164) ~[flyway-core-11.7.2.jar!/:na]
2026-08-26T11:41:19.8260707Z 	at org.flywaydb.core.internal.command.DbMigrate.migrateAll(DbMigrate.java:153) ~[flyway-core-11.7.2.jar!/:na]
2026-08-26T11:41:19.8260741Z 	at org.flywaydb.core.internal.command.DbMigrate.migrate(DbMigrate.java:104) ~[flyway-core-11.7.2.jar!/:na]
2026-08-26T11:41:19.8260775Z 	at org.flywaydb.core.Flyway.lambda$migrate$1(Flyway.java:247) ~[flyway-core-11.7.2.jar!/:na]
2026-08-26T11:41:19.8260827Z 	at org.flywaydb.core.FlywayExecutor.execute(FlywayExecutor.java:210) ~[flyway-core-11.7.2.jar!/:na]
2026-08-26T11:41:19.8262685Z 	at org.flywaydb.core.Flyway.migrate(Flyway.java:188) ~[flyway-core-11.7.2.jar!/:na]
2026-08-26T11:41:19.8262781Z 	at org.springframework.boot.autoconfigure.flyway.FlywayMigrationInitializer.afterPropertiesSet(FlywayMigrationInitializer.java:66) ~[spring-boot-autoconfigure-3.5.13.jar!/:3.5.13]
2026-08-26T11:41:19.8262820Z 	at org.springframework.beans.factory.support.AbstractAutowireCapableBeanFactory.invokeInitMethods(AbstractAutowireCapableBeanFactory.java:1873) ~[spring-beans-6.2.17.jar!/:6.2.17]
2026-08-26T11:41:19.8262856Z 	at org.springframework.beans.factory.support.AbstractAutowireCapableBeanFactory.initializeBean(AbstractAutowireCapableBeanFactory.java:1822) ~[spring-beans-6.2.17.jar!/:6.2.17]
2026-08-26T11:41:19.8262919Z 	... 24 common frames omitted
2026-08-26T11:41:19.8262955Z Caused by: org.flywaydb.core.internal.sqlscript.FlywaySqlScriptException: Script V1__users_roles.sql failed
2026-08-26T11:41:19.8262984Z ---------------------------------
2026-08-26T11:41:19.8263011Z SQL State  : 0A000
2026-08-26T11:41:19.8263039Z Error Code : 0
2026-08-26T11:41:19.8263072Z Message    : ERROR: extension "citext" is not allow-listed for users in Azure Database for PostgreSQL
2026-08-26T11:41:19.8263106Z   Hint: to learn how to allow an extension or see the list of allowed extensions, please refer to https://go.microsoft.com/fwlink/?linkid=2301063
2026-08-26T11:41:19.8263160Z Location   : db/migration/V1__users_roles.sql (/app/nested:/app/app.jar/!BOOT-INF/classes/!/db/migration/V1__users_roles.sql)
2026-08-26T11:41:19.8263187Z Line       : 39
2026-08-26T11:41:19.8263218Z Statement  : Run Flyway with -X option to see the actual statement causing the problem
2026-08-26T11:41:19.8263244Z 
2026-08-26T11:41:19.8263279Z 	at org.flywaydb.core.internal.sqlscript.DefaultSqlScriptExecutor.handleException(DefaultSqlScriptExecutor.java:256) ~[flyway-core-11.7.2.jar!/:na]
2026-08-26T11:41:19.8263314Z 	at org.flywaydb.core.internal.sqlscript.DefaultSqlScriptExecutor.executeStatement(DefaultSqlScriptExecutor.java:217) ~[flyway-core-11.7.2.jar!/:na]
2026-08-26T11:41:19.8263369Z 	at org.flywaydb.core.internal.sqlscript.DefaultSqlScriptExecutor.execute(DefaultSqlScriptExecutor.java:137) ~[flyway-core-11.7.2.jar!/:na]
2026-08-26T11:41:19.8263403Z 	at org.flywaydb.core.internal.resolver.sql.SqlMigrationExecutor.executeOnce(SqlMigrationExecutor.java:75) ~[flyway-core-11.7.2.jar!/:na]
2026-08-26T11:41:19.8263437Z 	at org.flywaydb.core.internal.resolver.sql.SqlMigrationExecutor.lambda$execute$0(SqlMigrationExecutor.java:66) ~[flyway-core-11.7.2.jar!/:na]
2026-08-26T11:41:19.8263471Z 	at org.flywaydb.core.internal.database.DefaultExecutionStrategy.execute(DefaultExecutionStrategy.java:31) ~[flyway-core-11.7.2.jar!/:na]
2026-08-26T11:41:19.8263504Z 	at org.flywaydb.core.internal.resolver.sql.SqlMigrationExecutor.execute(SqlMigrationExecutor.java:65) ~[flyway-core-11.7.2.jar!/:na]
2026-08-26T11:41:19.8263557Z 	at org.flywaydb.core.internal.command.DbMigrate.doMigrateGroup(DbMigrate.java:391) ~[flyway-core-11.7.2.jar!/:na]
2026-08-26T11:41:19.8263586Z 	... 43 common frames omitted
2026-08-26T11:41:19.8263619Z Caused by: org.postgresql.util.PSQLException: ERROR: extension "citext" is not allow-listed for users in Azure Database for PostgreSQL
2026-08-26T11:41:19.8263653Z   Hint: to learn how to allow an extension or see the list of allowed extensions, please refer to https://go.microsoft.com/fwlink/?linkid=2301063
2026-08-26T11:41:19.8263686Z 	at org.postgresql.core.v3.QueryExecutorImpl.receiveErrorResponse(QueryExecutorImpl.java:2875) ~[postgresql-42.7.10.jar!/:42.7.10]
2026-08-26T11:41:19.8263720Z 	at org.postgresql.core.v3.QueryExecutorImpl.processResults(QueryExecutorImpl.java:2560) ~[postgresql-42.7.10.jar!/:42.7.10]
2026-08-26T11:41:19.8263774Z 	at org.postgresql.core.v3.QueryExecutorImpl.execute(QueryExecutorImpl.java:429) ~[postgresql-42.7.10.jar!/:42.7.10]
2026-08-26T11:41:19.8263807Z 	at org.postgresql.jdbc.PgStatement.executeInternal(PgStatement.java:526) ~[postgresql-42.7.10.jar!/:42.7.10]
2026-08-26T11:41:19.8263840Z 	at org.postgresql.jdbc.PgStatement.execute(PgStatement.java:436) ~[postgresql-42.7.10.jar!/:42.7.10]
2026-08-26T11:41:19.8263872Z 	at org.postgresql.jdbc.PgStatement.executeWithFlags(PgStatement.java:358) ~[postgresql-42.7.10.jar!/:42.7.10]
2026-08-26T11:41:19.8263904Z 	at org.postgresql.jdbc.PgStatement.executeCachedSql(PgStatement.java:343) ~[postgresql-42.7.10.jar!/:42.7.10]
2026-08-26T11:41:19.8263954Z 	at org.postgresql.jdbc.PgStatement.executeWithFlags(PgStatement.java:319) ~[postgresql-42.7.10.jar!/:42.7.10]
2026-08-26T11:41:19.8263987Z 	at org.postgresql.jdbc.PgStatement.execute(PgStatement.java:314) ~[postgresql-42.7.10.jar!/:42.7.10]
2026-08-26T11:41:19.8264019Z 	at com.zaxxer.hikari.pool.ProxyStatement.execute(ProxyStatement.java:95) ~[HikariCP-6.3.3.jar!/:na]
2026-08-26T11:41:19.8264051Z 	at com.zaxxer.hikari.pool.HikariProxyStatement.execute(HikariProxyStatement.java) ~[HikariCP-6.3.3.jar!/:na]
2026-08-26T11:41:19.8264085Z 	at org.flywaydb.core.internal.jdbc.JdbcTemplate.executeStatement(JdbcTemplate.java:215) ~[flyway-core-11.7.2.jar!/:na]
2026-08-26T11:41:19.8264186Z 	at org.flywaydb.core.internal.sqlscript.ParsedSqlStatement.execute(ParsedSqlStatement.java:88) ~[flyway-core-11.7.2.jar!/:na]
2026-08-26T11:41:19.8264251Z 	at org.flywaydb.core.internal.sqlscript.DefaultSqlScriptExecutor.executeStatement(DefaultSqlScriptExecutor.java:212) ~[flyway-core-11.7.2.jar!/:na]
2026-08-26T11:41:19.8264279Z 	... 49 common frames omitted
2026-08-26T11:41:19.8264304Z 
2026-08-26T11:43:07.1886357Z 
2026-08-26T11:43:07.1962909Z   .   ____          _            __ _ _
2026-08-26T11:43:07.1963753Z  /\\ / ___'_ __ _ _(_)_ __  __ _ \ \ \ \
2026-08-26T11:43:07.1963795Z ( ( )\___ | '_ | '_| | '_ \/ _` | \ \ \ \
2026-08-26T11:43:07.1963820Z  \\/  ___)| |_)| | | | | || (_| |  ) ) ) )
2026-08-26T11:43:07.1963841Z   '  |____| .__|_| |_|_| |_\__, | / / / /
2026-08-26T11:43:07.1963865Z  =========|_|==============|___/=/_/_/_/
2026-08-26T11:43:07.1963884Z 
2026-08-26T11:43:07.2371860Z  :: Spring Boot ::               (v3.5.13)
2026-08-26T11:43:07.2458159Z 
2026-08-26T11:43:08.3165523Z 2026-08-26T11:43:08.286Z  INFO 1 --- [           main] com.rvce.scas.ScasApplication            : Starting ScasApplication v0.0.1-SNAPSHOT using Java 17.0.20 with PID 1 (/app/app.jar started by root in /app)
2026-08-26T11:43:08.3444968Z 2026-08-26T11:43:08.343Z  INFO 1 --- [           main] com.rvce.scas.ScasApplication            : The following 1 profile is active: "prod"
2026-08-26T11:43:34.3875528Z 2026-08-26T11:43:34.386Z  INFO 1 --- [           main] .s.d.r.c.RepositoryConfigurationDelegate : Multiple Spring Data modules found, entering strict repository configuration mode
2026-08-26T11:43:34.4133779Z 2026-08-26T11:43:34.412Z  INFO 1 --- [           main] .s.d.r.c.RepositoryConfigurationDelegate : Bootstrapping Spring Data JPA repositories in DEFAULT mode.
2026-08-26T11:43:37.2793723Z 2026-08-26T11:43:37.272Z  INFO 1 --- [           main] .s.d.r.c.RepositoryConfigurationDelegate : Finished Spring Data repository scanning in 2751 ms. Found 12 JPA repository interfaces.
2026-08-26T11:43:37.5104481Z 2026-08-26T11:43:37.504Z  INFO 1 --- [           main] .s.d.r.c.RepositoryConfigurationDelegate : Multiple Spring Data modules found, entering strict repository configuration mode
2026-08-26T11:43:37.5407172Z 2026-08-26T11:43:37.540Z  INFO 1 --- [           main] .s.d.r.c.RepositoryConfigurationDelegate : Bootstrapping Spring Data Redis repositories in DEFAULT mode.
2026-08-26T11:43:37.7461702Z 2026-08-26T11:43:37.745Z  INFO 1 --- [           main] .RepositoryConfigurationExtensionSupport : Spring Data Redis - Could not safely identify store assignment for repository candidate interface com.rvce.scas.repository.DepartmentRepository; If you want this repository to be a Redis repository, consider annotating your entities with one of these annotations: org.springframework.data.redis.core.RedisHash (preferred), or consider extending one of the following types with your repository: org.springframework.data.keyvalue.repository.KeyValueRepository
2026-08-26T11:43:37.7664531Z 2026-08-26T11:43:37.763Z  INFO 1 --- [           main] .RepositoryConfigurationExtensionSupport : Spring Data Redis - Could not safely identify store assignment for repository candidate interface com.rvce.scas.repository.ExamHallRepository; If you want this repository to be a Redis repository, consider annotating your entities with one of these annotations: org.springframework.data.redis.core.RedisHash (preferred), or consider extending one of the following types with your repository: org.springframework.data.keyvalue.repository.KeyValueRepository
2026-08-26T11:43:37.7750326Z 2026-08-26T11:43:37.772Z  INFO 1 --- [           main] .RepositoryConfigurationExtensionSupport : Spring Data Redis - Could not safely identify store assignment for repository candidate interface com.rvce.scas.repository.ExamSeatRepository; If you want this repository to be a Redis repository, consider annotating your entities with one of these annotations: org.springframework.data.redis.core.RedisHash (preferred), or consider extending one of the following types with your repository: org.springframework.data.keyvalue.repository.KeyValueRepository
2026-08-26T11:43:37.7757351Z 2026-08-26T11:43:37.775Z  INFO 1 --- [           main] .RepositoryConfigurationExtensionSupport : Spring Data Redis - Could not safely identify store assignment for repository candidate interface com.rvce.scas.repository.ExamSessionRepository; If you want this repository to be a Redis repository, consider annotating your entities with one of these annotations: org.springframework.data.redis.core.RedisHash (preferred), or consider extending one of the following types with your repository: org.springframework.data.keyvalue.repository.KeyValueRepository
2026-08-26T11:43:37.7914065Z 2026-08-26T11:43:37.784Z  INFO 1 --- [           main] .RepositoryConfigurationExtensionSupport : Spring Data Redis - Could not safely identify store assignment for repository candidate interface com.rvce.scas.repository.ExamStudentRepository; If you want this repository to be a Redis repository, consider annotating your entities with one of these annotations: org.springframework.data.redis.core.RedisHash (preferred), or consider extending one of the following types with your repository: org.springframework.data.keyvalue.repository.KeyValueRepository
2026-08-26T11:43:37.8039954Z 2026-08-26T11:43:37.803Z  INFO 1 --- [           main] .RepositoryConfigurationExtensionSupport : Spring Data Redis - Could not safely identify store assignment for repository candidate interface com.rvce.scas.repository.NotificationRepository; If you want this repository to be a Redis repository, consider annotating your entities with one of these annotations: org.springframework.data.redis.core.RedisHash (preferred), or consider extending one of the following types with your repository: org.springframework.data.keyvalue.repository.KeyValueRepository
2026-08-26T11:43:37.8221919Z 2026-08-26T11:43:37.821Z  INFO 1 --- [           main] .RepositoryConfigurationExtensionSupport : Spring Data Redis - Could not safely identify store assignment for repository candidate interface com.rvce.scas.repository.PasswordResetTokenRepository; If you want this repository to be a Redis repository, consider annotating your entities with one of these annotations: org.springframework.data.redis.core.RedisHash (preferred), or consider extending one of the following types with your repository: org.springframework.data.keyvalue.repository.KeyValueRepository
2026-08-26T11:43:37.8256668Z 2026-08-26T11:43:37.825Z  INFO 1 --- [           main] .RepositoryConfigurationExtensionSupport : Spring Data Redis - Could not safely identify store assignment for repository candidate interface com.rvce.scas.repository.RoleRepository; If you want this repository to be a Redis repository, consider annotating your entities with one of these annotations: org.springframework.data.redis.core.RedisHash (preferred), or consider extending one of the following types with your repository: org.springframework.data.keyvalue.repository.KeyValueRepository
2026-08-26T11:43:37.8332326Z 2026-08-26T11:43:37.832Z  INFO 1 --- [           main] .RepositoryConfigurationExtensionSupport : Spring Data Redis - Could not safely identify store assignment for repository candidate interface com.rvce.scas.repository.RoomRepository; If you want this repository to be a Redis repository, consider annotating your entities with one of these annotations: org.springframework.data.redis.core.RedisHash (preferred), or consider extending one of the following types with your repository: org.springframework.data.keyvalue.repository.KeyValueRepository
2026-08-26T11:43:37.8348758Z 2026-08-26T11:43:37.834Z  INFO 1 --- [           main] .RepositoryConfigurationExtensionSupport : Spring Data Redis - Could not safely identify store assignment for repository candidate interface com.rvce.scas.repository.TimetableSlotRepository; If you want this repository to be a Redis repository, consider annotating your entities with one of these annotations: org.springframework.data.redis.core.RedisHash (preferred), or consider extending one of the following types with your repository: org.springframework.data.keyvalue.repository.KeyValueRepository
2026-08-26T11:43:37.8421281Z 2026-08-26T11:43:37.841Z  INFO 1 --- [           main] .RepositoryConfigurationExtensionSupport : Spring Data Redis - Could not safely identify store assignment for repository candidate interface com.rvce.scas.repository.UserRepository; If you want this repository to be a Redis repository, consider annotating your entities with one of these annotations: org.springframework.data.redis.core.RedisHash (preferred), or consider extending one of the following types with your repository: org.springframework.data.keyvalue.repository.KeyValueRepository
2026-08-26T11:43:37.8421376Z 2026-08-26T11:43:37.841Z  INFO 1 --- [           main] .RepositoryConfigurationExtensionSupport : Spring Data Redis - Could not safely identify store assignment for repository candidate interface com.rvce.scas.repository.UserRoleRepository; If you want this repository to be a Redis repository, consider annotating your entities with one of these annotations: org.springframework.data.redis.core.RedisHash (preferred), or consider extending one of the following types with your repository: org.springframework.data.keyvalue.repository.KeyValueRepository
2026-08-26T11:43:37.8676239Z 2026-08-26T11:43:37.842Z  INFO 1 --- [           main] .s.d.r.c.RepositoryConfigurationDelegate : Finished Spring Data repository scanning in 192 ms. Found 0 Redis repository interfaces.
2026-08-26T11:43:46.7930283Z 2026-08-26T11:43:46.792Z  INFO 1 --- [           main] o.s.b.w.embedded.tomcat.TomcatWebServer  : Tomcat initialized with port 8080 (http)
2026-08-26T11:43:46.9667745Z 2026-08-26T11:43:46.958Z  INFO 1 --- [           main] o.apache.catalina.core.StandardService   : Starting service [Tomcat]
2026-08-26T11:43:46.9786607Z 2026-08-26T11:43:46.977Z  INFO 1 --- [           main] o.apache.catalina.core.StandardEngine    : Starting Servlet engine: [Apache Tomcat/10.1.53]
2026-08-26T11:43:48.4563768Z 2026-08-26T11:43:48.450Z  INFO 1 --- [           main] o.a.c.c.C.[Tomcat].[localhost].[/]       : Initializing Spring embedded WebApplicationContext
2026-08-26T11:43:48.4700084Z 2026-08-26T11:43:48.468Z  INFO 1 --- [           main] w.s.c.ServletWebServerApplicationContext : Root WebApplicationContext: initialization completed in 39547 ms
2026-08-26T11:44:18.7351798Z 2026-08-26T11:44:18.710Z  INFO 1 --- [           main] com.zaxxer.hikari.HikariDataSource       : HikariPool-1 - Starting...
2026-08-26T11:44:21.9945748Z 2026-08-26T11:44:21.993Z  INFO 1 --- [           main] com.zaxxer.hikari.pool.HikariPool        : HikariPool-1 - Added connection org.postgresql.jdbc.PgConnection@3c34c491
2026-08-26T11:44:22.0211861Z 2026-08-26T11:44:22.020Z  INFO 1 --- [           main] com.zaxxer.hikari.HikariDataSource       : HikariPool-1 - Start completed.
2026-08-26T11:44:22.8316462Z 2026-08-26T11:44:22.831Z  INFO 1 --- [           main] org.flywaydb.core.FlywayExecutor         : Database: jdbc:postgresql://scas-postgres-k23.postgres.database.azure.com:5432/scasdb?sslmode=require (PostgreSQL 16.14)
2026-08-26T11:44:24.1612416Z 2026-08-26T11:44:24.144Z  INFO 1 --- [           main] o.f.core.internal.command.DbValidate     : Successfully validated 27 migrations (execution time 00:00.827s)
2026-08-26T11:44:24.3336129Z 2026-08-26T11:44:24.333Z  INFO 1 --- [           main] o.f.core.internal.command.DbMigrate      : Current version of schema "public": << Empty Schema >>
2026-08-26T11:44:24.7329468Z 2026-08-26T11:44:24.717Z  INFO 1 --- [           main] o.f.core.internal.command.DbMigrate      : Migrating schema "public" to version "1 - users roles"
2026-08-26T11:44:25.1712620Z 2026-08-26T11:44:24.996Z  WARN 1 --- [           main] com.zaxxer.hikari.pool.ProxyConnection   : HikariPool-1 - Connection org.postgresql.jdbc.PgConnection@56ed2baf marked as broken because of SQLSTATE(0A000), ErrorCode(0)
2026-08-26T11:44:25.1712874Z 
2026-08-26T11:44:25.1712912Z org.postgresql.util.PSQLException: ERROR: extension "citext" is not allow-listed for users in Azure Database for PostgreSQL
2026-08-26T11:44:25.1712942Z   Hint: to learn how to allow an extension or see the list of allowed extensions, please refer to https://go.microsoft.com/fwlink/?linkid=2301063
2026-08-26T11:44:25.1712975Z 	at org.postgresql.core.v3.QueryExecutorImpl.receiveErrorResponse(QueryExecutorImpl.java:2875) ~[postgresql-42.7.10.jar!/:42.7.10]
2026-08-26T11:44:25.1713012Z 	at org.postgresql.core.v3.QueryExecutorImpl.processResults(QueryExecutorImpl.java:2560) ~[postgresql-42.7.10.jar!/:42.7.10]
2026-08-26T11:44:25.1713078Z 	at org.postgresql.core.v3.QueryExecutorImpl.execute(QueryExecutorImpl.java:429) ~[postgresql-42.7.10.jar!/:42.7.10]
2026-08-26T11:44:25.1713105Z 	at org.postgresql.jdbc.PgStatement.executeInternal(PgStatement.java:526) ~[postgresql-42.7.10.jar!/:42.7.10]
2026-08-26T11:44:25.1713131Z 	at org.postgresql.jdbc.PgStatement.execute(PgStatement.java:436) ~[postgresql-42.7.10.jar!/:42.7.10]
2026-08-26T11:44:25.1713158Z 	at org.postgresql.jdbc.PgStatement.executeWithFlags(PgStatement.java:358) ~[postgresql-42.7.10.jar!/:42.7.10]
2026-08-26T11:44:25.1713184Z 	at org.postgresql.jdbc.PgStatement.executeCachedSql(PgStatement.java:343) ~[postgresql-42.7.10.jar!/:42.7.10]
2026-08-26T11:44:25.1713212Z 	at org.postgresql.jdbc.PgStatement.executeWithFlags(PgStatement.java:319) ~[postgresql-42.7.10.jar!/:42.7.10]
2026-08-26T11:44:25.1713240Z 	at org.postgresql.jdbc.PgStatement.execute(PgStatement.java:314) ~[postgresql-42.7.10.jar!/:42.7.10]
2026-08-26T11:44:25.1713265Z 	at com.zaxxer.hikari.pool.ProxyStatement.execute(ProxyStatement.java:95) ~[HikariCP-6.3.3.jar!/:na]
2026-08-26T11:44:25.1713292Z 	at com.zaxxer.hikari.pool.HikariProxyStatement.execute(HikariProxyStatement.java) ~[HikariCP-6.3.3.jar!/:na]
2026-08-26T11:44:25.1713319Z 	at org.flywaydb.core.internal.jdbc.JdbcTemplate.executeStatement(JdbcTemplate.java:215) ~[flyway-core-11.7.2.jar!/:na]
2026-08-26T11:44:25.1713347Z 	at org.flywaydb.core.internal.sqlscript.ParsedSqlStatement.execute(ParsedSqlStatement.java:88) ~[flyway-core-11.7.2.jar!/:na]
2026-08-26T11:44:25.1713404Z 	at org.flywaydb.core.internal.sqlscript.DefaultSqlScriptExecutor.executeStatement(DefaultSqlScriptExecutor.java:212) ~[flyway-core-11.7.2.jar!/:na]
2026-08-26T11:44:25.1713433Z 	at org.flywaydb.core.internal.sqlscript.DefaultSqlScriptExecutor.execute(DefaultSqlScriptExecutor.java:137) ~[flyway-core-11.7.2.jar!/:na]
2026-08-26T11:44:25.1713461Z 	at org.flywaydb.core.internal.resolver.sql.SqlMigrationExecutor.executeOnce(SqlMigrationExecutor.java:75) ~[flyway-core-11.7.2.jar!/:na]
2026-08-26T11:44:25.1713491Z 	at org.flywaydb.core.internal.resolver.sql.SqlMigrationExecutor.lambda$execute$0(SqlMigrationExecutor.java:66) ~[flyway-core-11.7.2.jar!/:na]
2026-08-26T11:44:25.1713520Z 	at org.flywaydb.core.internal.database.DefaultExecutionStrategy.execute(DefaultExecutionStrategy.java:31) ~[flyway-core-11.7.2.jar!/:na]
2026-08-26T11:44:25.1713548Z 	at org.flywaydb.core.internal.resolver.sql.SqlMigrationExecutor.execute(SqlMigrationExecutor.java:65) ~[flyway-core-11.7.2.jar!/:na]
2026-08-26T11:44:25.1713574Z 	at org.flywaydb.core.internal.command.DbMigrate.doMigrateGroup(DbMigrate.java:391) ~[flyway-core-11.7.2.jar!/:na]
2026-08-26T11:44:25.1713601Z 	at org.flywaydb.core.internal.command.DbMigrate.lambda$applyMigrations$1(DbMigrate.java:283) ~[flyway-core-11.7.2.jar!/:na]
2026-08-26T11:44:25.1713631Z 	at org.flywaydb.core.internal.jdbc.TransactionalExecutionTemplate.execute(TransactionalExecutionTemplate.java:59) ~[flyway-core-11.7.2.jar!/:na]
2026-08-26T11:44:25.1713658Z 	at org.flywaydb.core.internal.command.DbMigrate.applyMigrations(DbMigrate.java:282) ~[flyway-core-11.7.2.jar!/:na]
2026-08-26T11:44:25.1713704Z 	at org.flywaydb.core.internal.command.DbMigrate.migrateGroup(DbMigrate.java:255) ~[flyway-core-11.7.2.jar!/:na]
2026-08-26T11:44:25.1713732Z 	at org.flywaydb.core.internal.command.DbMigrate.lambda$migrateAll$0(DbMigrate.java:153) ~[flyway-core-11.7.2.jar!/:na]
2026-08-26T11:44:25.1713763Z 	at org.flywaydb.database.postgresql.PostgreSQLAdvisoryLockTemplate.execute(PostgreSQLAdvisoryLockTemplate.java:77) ~[flyway-database-postgresql-11.7.2.jar!/:na]
2026-08-26T11:44:25.1713793Z 	at org.flywaydb.database.postgresql.PostgreSQLAdvisoryLockTemplate.lambda$execute$0(PostgreSQLAdvisoryLockTemplate.java:60) ~[flyway-database-postgresql-11.7.2.jar!/:na]
2026-08-26T11:44:25.1713822Z 	at org.flywaydb.core.internal.jdbc.TransactionalExecutionTemplate.execute(TransactionalExecutionTemplate.java:59) ~[flyway-core-11.7.2.jar!/:na]
2026-08-26T11:44:25.1714100Z 	at org.flywaydb.database.postgresql.PostgreSQLAdvisoryLockTemplate.execute(PostgreSQLAdvisoryLockTemplate.java:60) ~[flyway-database-postgresql-11.7.2.jar!/:na]
2026-08-26T11:44:25.1714134Z 	at org.flywaydb.database.postgresql.PostgreSQLConnection.lock(PostgreSQLConnection.java:105) ~[flyway-database-postgresql-11.7.2.jar!/:na]
2026-08-26T11:44:25.1714163Z 	at org.flywaydb.core.internal.schemahistory.JdbcTableSchemaHistory.lock(JdbcTableSchemaHistory.java:164) ~[flyway-core-11.7.2.jar!/:na]
2026-08-26T11:44:25.1714189Z 	at org.flywaydb.core.internal.command.DbMigrate.migrateAll(DbMigrate.java:153) ~[flyway-core-11.7.2.jar!/:na]
2026-08-26T11:44:25.1714216Z 	at org.flywaydb.core.internal.command.DbMigrate.migrate(DbMigrate.java:104) ~[flyway-core-11.7.2.jar!/:na]
2026-08-26T11:44:25.1714424Z 	at org.flywaydb.core.Flyway.lambda$migrate$1(Flyway.java:247) ~[flyway-core-11.7.2.jar!/:na]
2026-08-26T11:44:25.1714450Z 	at org.flywaydb.core.FlywayExecutor.execute(FlywayExecutor.java:210) ~[flyway-core-11.7.2.jar!/:na]
2026-08-26T11:44:25.1714473Z 	at org.flywaydb.core.Flyway.migrate(Flyway.java:188) ~[flyway-core-11.7.2.jar!/:na]
2026-08-26T11:44:25.1714503Z 	at org.springframework.boot.autoconfigure.flyway.FlywayMigrationInitializer.afterPropertiesSet(FlywayMigrationInitializer.java:66) ~[spring-boot-autoconfigure-3.5.13.jar!/:3.5.13]
2026-08-26T11:44:25.1714532Z 	at org.springframework.beans.factory.support.AbstractAutowireCapableBeanFactory.invokeInitMethods(AbstractAutowireCapableBeanFactory.java:1873) ~[spring-beans-6.2.17.jar!/:6.2.17]
2026-08-26T11:44:25.1714561Z 	at org.springframework.beans.factory.support.AbstractAutowireCapableBeanFactory.initializeBean(AbstractAutowireCapableBeanFactory.java:1822) ~[spring-beans-6.2.17.jar!/:6.2.17]
2026-08-26T11:44:25.1714590Z 	at org.springframework.beans.factory.support.AbstractAutowireCapableBeanFactory.doCreateBean(AbstractAutowireCapableBeanFactory.java:607) ~[spring-beans-6.2.17.jar!/:6.2.17]
2026-08-26T11:44:25.1714619Z 	at org.springframework.beans.factory.support.AbstractAutowireCapableBeanFactory.createBean(AbstractAutowireCapableBeanFactory.java:529) ~[spring-beans-6.2.17.jar!/:6.2.17]
2026-08-26T11:44:25.1714647Z 	at org.springframework.beans.factory.support.AbstractBeanFactory.lambda$doGetBean$0(AbstractBeanFactory.java:339) ~[spring-beans-6.2.17.jar!/:6.2.17]
2026-08-26T11:44:25.1714675Z 	at org.springframework.beans.factory.support.DefaultSingletonBeanRegistry.getSingleton(DefaultSingletonBeanRegistry.java:373) ~[spring-beans-6.2.17.jar!/:6.2.17]
2026-08-26T11:44:25.1714722Z 	at org.springframework.beans.factory.support.AbstractBeanFactory.doGetBean(AbstractBeanFactory.java:337) ~[spring-beans-6.2.17.jar!/:6.2.17]
2026-08-26T11:44:25.1714748Z 	at org.springframework.beans.factory.support.AbstractBeanFactory.getBean(AbstractBeanFactory.java:202) ~[spring-beans-6.2.17.jar!/:6.2.17]
2026-08-26T11:44:25.1714776Z 	at org.springframework.beans.factory.support.AbstractBeanFactory.doGetBean(AbstractBeanFactory.java:315) ~[spring-beans-6.2.17.jar!/:6.2.17]
2026-08-26T11:44:25.1714802Z 	at org.springframework.beans.factory.support.AbstractBeanFactory.getBean(AbstractBeanFactory.java:207) ~[spring-beans-6.2.17.jar!/:6.2.17]
2026-08-26T11:44:25.1714830Z 	at org.springframework.context.support.AbstractApplicationContext.finishBeanFactoryInitialization(AbstractApplicationContext.java:974) ~[spring-context-6.2.17.jar!/:6.2.17]
2026-08-26T11:44:25.1714858Z 	at org.springframework.context.support.AbstractApplicationContext.refresh(AbstractApplicationContext.java:628) ~[spring-context-6.2.17.jar!/:6.2.17]
2026-08-26T11:44:25.1714886Z 	at org.springframework.boot.web.servlet.context.ServletWebServerApplicationContext.refresh(ServletWebServerApplicationContext.java:146) ~[spring-boot-3.5.13.jar!/:3.5.13]
2026-08-26T11:44:25.1714912Z 	at org.springframework.boot.SpringApplication.refresh(SpringApplication.java:752) ~[spring-boot-3.5.13.jar!/:3.5.13]
2026-08-26T11:44:25.1714937Z 	at org.springframework.boot.SpringApplication.refreshContext(SpringApplication.java:439) ~[spring-boot-3.5.13.jar!/:3.5.13]
2026-08-26T11:44:25.1714962Z 	at org.springframework.boot.SpringApplication.run(SpringApplication.java:318) ~[spring-boot-3.5.13.jar!/:3.5.13]
2026-08-26T11:44:25.1715008Z 	at org.springframework.boot.SpringApplication.run(SpringApplication.java:1361) ~[spring-boot-3.5.13.jar!/:3.5.13]
2026-08-26T11:44:25.1715033Z 	at org.springframework.boot.SpringApplication.run(SpringApplication.java:1350) ~[spring-boot-3.5.13.jar!/:3.5.13]
2026-08-26T11:44:25.1715056Z 	at com.rvce.scas.ScasApplication.main(ScasApplication.java:20) ~[!/:0.0.1-SNAPSHOT]
2026-08-26T11:44:25.1715082Z 	at java.base/jdk.internal.reflect.NativeMethodAccessorImpl.invoke0(Native Method) ~[na:na]
2026-08-26T11:44:25.1715105Z 	at java.base/jdk.internal.reflect.NativeMethodAccessorImpl.invoke(Unknown Source) ~[na:na]
2026-08-26T11:44:25.1715131Z 	at java.base/jdk.internal.reflect.DelegatingMethodAccessorImpl.invoke(Unknown Source) ~[na:na]
2026-08-26T11:44:25.1715198Z 	at java.base/java.lang.reflect.Method.invoke(Unknown Source) ~[na:na]
2026-08-26T11:44:25.1715225Z 	at org.springframework.boot.loader.launch.Launcher.launch(Launcher.java:106) ~[app.jar:0.0.1-SNAPSHOT]
2026-08-26T11:44:25.1715250Z 	at org.springframework.boot.loader.launch.Launcher.launch(Launcher.java:64) ~[app.jar:0.0.1-SNAPSHOT]
2026-08-26T11:44:25.1715274Z 	at org.springframework.boot.loader.launch.JarLauncher.main(JarLauncher.java:40) ~[app.jar:0.0.1-SNAPSHOT]
2026-08-26T11:44:25.1715292Z 
2026-08-26T11:44:25.5839310Z 2026-08-26T11:44:25.574Z ERROR 1 --- [           main] o.f.c.i.j.TransactionalExecutionTemplate : Unable to rollback transaction
2026-08-26T11:44:25.5839575Z 
2026-08-26T11:44:25.5839607Z java.sql.SQLException: Connection is closed
2026-08-26T11:44:25.5839639Z 	at com.zaxxer.hikari.pool.ProxyConnection$ClosedConnection.lambda$getClosedConnection$0(ProxyConnection.java:562) ~[HikariCP-6.3.3.jar!/:na]
2026-08-26T11:44:25.5839661Z 	at jdk.proxy3/jdk.proxy3.$Proxy119.rollback(Unknown Source) ~[na:na]
2026-08-26T11:44:25.5839695Z 	at com.zaxxer.hikari.pool.ProxyConnection.rollback(ProxyConnection.java:386) ~[HikariCP-6.3.3.jar!/:na]
2026-08-26T11:44:25.5839720Z 	at com.zaxxer.hikari.pool.HikariProxyConnection.rollback(HikariProxyConnection.java) ~[HikariCP-6.3.3.jar!/:na]
2026-08-26T11:44:25.5839747Z 	at org.flywaydb.core.internal.jdbc.TransactionalExecutionTemplate.execute(TransactionalExecutionTemplate.java:75) ~[flyway-core-11.7.2.jar!/:na]
2026-08-26T11:44:25.5839773Z 	at org.flywaydb.core.internal.command.DbMigrate.applyMigrations(DbMigrate.java:282) ~[flyway-core-11.7.2.jar!/:na]
2026-08-26T11:44:25.5839797Z 	at org.flywaydb.core.internal.command.DbMigrate.migrateGroup(DbMigrate.java:255) ~[flyway-core-11.7.2.jar!/:na]
2026-08-26T11:44:25.5839825Z 	at org.flywaydb.core.internal.command.DbMigrate.lambda$migrateAll$0(DbMigrate.java:153) ~[flyway-core-11.7.2.jar!/:na]
2026-08-26T11:44:25.5839902Z 	at org.flywaydb.database.postgresql.PostgreSQLAdvisoryLockTemplate.execute(PostgreSQLAdvisoryLockTemplate.java:77) ~[flyway-database-postgresql-11.7.2.jar!/:na]
2026-08-26T11:44:25.5839933Z 	at org.flywaydb.database.postgresql.PostgreSQLAdvisoryLockTemplate.lambda$execute$0(PostgreSQLAdvisoryLockTemplate.java:60) ~[flyway-database-postgresql-11.7.2.jar!/:na]
2026-08-26T11:44:25.5839959Z 	at org.flywaydb.core.internal.jdbc.TransactionalExecutionTemplate.execute(TransactionalExecutionTemplate.java:59) ~[flyway-core-11.7.2.jar!/:na]
2026-08-26T11:44:25.5839987Z 	at org.flywaydb.database.postgresql.PostgreSQLAdvisoryLockTemplate.execute(PostgreSQLAdvisoryLockTemplate.java:60) ~[flyway-database-postgresql-11.7.2.jar!/:na]
2026-08-26T11:44:25.5840012Z 	at org.flywaydb.database.postgresql.PostgreSQLConnection.lock(PostgreSQLConnection.java:105) ~[flyway-database-postgresql-11.7.2.jar!/:na]
2026-08-26T11:44:25.5840041Z 	at org.flywaydb.core.internal.schemahistory.JdbcTableSchemaHistory.lock(JdbcTableSchemaHistory.java:164) ~[flyway-core-11.7.2.jar!/:na]
2026-08-26T11:44:25.5840065Z 	at org.flywaydb.core.internal.command.DbMigrate.migrateAll(DbMigrate.java:153) ~[flyway-core-11.7.2.jar!/:na]
2026-08-26T11:44:25.5840090Z 	at org.flywaydb.core.internal.command.DbMigrate.migrate(DbMigrate.java:104) ~[flyway-core-11.7.2.jar!/:na]
2026-08-26T11:44:25.5840113Z 	at org.flywaydb.core.Flyway.lambda$migrate$1(Flyway.java:247) ~[flyway-core-11.7.2.jar!/:na]
2026-08-26T11:44:25.5840136Z 	at org.flywaydb.core.FlywayExecutor.execute(FlywayExecutor.java:210) ~[flyway-core-11.7.2.jar!/:na]
2026-08-26T11:44:25.5840159Z 	at org.flywaydb.core.Flyway.migrate(Flyway.java:188) ~[flyway-core-11.7.2.jar!/:na]
2026-08-26T11:44:25.5840209Z 	at org.springframework.boot.autoconfigure.flyway.FlywayMigrationInitializer.afterPropertiesSet(FlywayMigrationInitializer.java:66) ~[spring-boot-autoconfigure-3.5.13.jar!/:3.5.13]
2026-08-26T11:44:25.5840236Z 	at org.springframework.beans.factory.support.AbstractAutowireCapableBeanFactory.invokeInitMethods(AbstractAutowireCapableBeanFactory.java:1873) ~[spring-beans-6.2.17.jar!/:6.2.17]
2026-08-26T11:44:25.5840266Z 	at org.springframework.beans.factory.support.AbstractAutowireCapableBeanFactory.initializeBean(AbstractAutowireCapableBeanFactory.java:1822) ~[spring-beans-6.2.17.jar!/:6.2.17]
2026-08-26T11:44:25.5840293Z 	at org.springframework.beans.factory.support.AbstractAutowireCapableBeanFactory.doCreateBean(AbstractAutowireCapableBeanFactory.java:607) ~[spring-beans-6.2.17.jar!/:6.2.17]
2026-08-26T11:44:25.5840321Z 	at org.springframework.beans.factory.support.AbstractAutowireCapableBeanFactory.createBean(AbstractAutowireCapableBeanFactory.java:529) ~[spring-beans-6.2.17.jar!/:6.2.17]
2026-08-26T11:44:25.5840347Z 	at org.springframework.beans.factory.support.AbstractBeanFactory.lambda$doGetBean$0(AbstractBeanFactory.java:339) ~[spring-beans-6.2.17.jar!/:6.2.17]
2026-08-26T11:44:25.5840374Z 	at org.springframework.beans.factory.support.DefaultSingletonBeanRegistry.getSingleton(DefaultSingletonBeanRegistry.java:373) ~[spring-beans-6.2.17.jar!/:6.2.17]
2026-08-26T11:44:25.5840399Z 	at org.springframework.beans.factory.support.AbstractBeanFactory.doGetBean(AbstractBeanFactory.java:337) ~[spring-beans-6.2.17.jar!/:6.2.17]
2026-08-26T11:44:25.5840425Z 	at org.springframework.beans.factory.support.AbstractBeanFactory.getBean(AbstractBeanFactory.java:202) ~[spring-beans-6.2.17.jar!/:6.2.17]
2026-08-26T11:44:25.5840864Z 	at org.springframework.beans.factory.support.AbstractBeanFactory.doGetBean(AbstractBeanFactory.java:315) ~[spring-beans-6.2.17.jar!/:6.2.17]
2026-08-26T11:44:25.5840899Z 	at org.springframework.beans.factory.support.AbstractBeanFactory.getBean(AbstractBeanFactory.java:207) ~[spring-beans-6.2.17.jar!/:6.2.17]
2026-08-26T11:44:25.5840928Z 	at org.springframework.context.support.AbstractApplicationContext.finishBeanFactoryInitialization(AbstractApplicationContext.java:974) ~[spring-context-6.2.17.jar!/:6.2.17]
2026-08-26T11:44:25.5840955Z 	at org.springframework.context.support.AbstractApplicationContext.refresh(AbstractApplicationContext.java:628) ~[spring-context-6.2.17.jar!/:6.2.17]
2026-08-26T11:44:25.5840983Z 	at org.springframework.boot.web.servlet.context.ServletWebServerApplicationContext.refresh(ServletWebServerApplicationContext.java:146) ~[spring-boot-3.5.13.jar!/:3.5.13]
2026-08-26T11:44:25.5841008Z 	at org.springframework.boot.SpringApplication.refresh(SpringApplication.java:752) ~[spring-boot-3.5.13.jar!/:3.5.13]
2026-08-26T11:44:25.5841034Z 	at org.springframework.boot.SpringApplication.refreshContext(SpringApplication.java:439) ~[spring-boot-3.5.13.jar!/:3.5.13]
2026-08-26T11:44:25.5841059Z 	at org.springframework.boot.SpringApplication.run(SpringApplication.java:318) ~[spring-boot-3.5.13.jar!/:3.5.13]
2026-08-26T11:44:25.5841084Z 	at org.springframework.boot.SpringApplication.run(SpringApplication.java:1361) ~[spring-boot-3.5.13.jar!/:3.5.13]
2026-08-26T11:44:25.5841112Z 	at org.springframework.boot.SpringApplication.run(SpringApplication.java:1350) ~[spring-boot-3.5.13.jar!/:3.5.13]
2026-08-26T11:44:25.5841159Z 	at com.rvce.scas.ScasApplication.main(ScasApplication.java:20) ~[!/:0.0.1-SNAPSHOT]
2026-08-26T11:44:25.5841184Z 	at java.base/jdk.internal.reflect.NativeMethodAccessorImpl.invoke0(Native Method) ~[na:na]
2026-08-26T11:44:25.5841208Z 	at java.base/jdk.internal.reflect.NativeMethodAccessorImpl.invoke(Unknown Source) ~[na:na]
2026-08-26T11:44:25.5841231Z 	at java.base/jdk.internal.reflect.DelegatingMethodAccessorImpl.invoke(Unknown Source) ~[na:na]
2026-08-26T11:44:25.5841253Z 	at java.base/java.lang.reflect.Method.invoke(Unknown Source) ~[na:na]
2026-08-26T11:44:25.5841278Z 	at org.springframework.boot.loader.launch.Launcher.launch(Launcher.java:106) ~[app.jar:0.0.1-SNAPSHOT]
2026-08-26T11:44:25.5841302Z 	at org.springframework.boot.loader.launch.Launcher.launch(Launcher.java:64) ~[app.jar:0.0.1-SNAPSHOT]
2026-08-26T11:44:25.5841327Z 	at org.springframework.boot.loader.launch.JarLauncher.main(JarLauncher.java:40) ~[app.jar:0.0.1-SNAPSHOT]
2026-08-26T11:44:25.5841344Z 
2026-08-26T11:44:25.5854334Z 2026-08-26T11:44:25.584Z ERROR 1 --- [           main] o.f.c.i.j.TransactionalExecutionTemplate : Unable to restore autocommit to original value for connection
2026-08-26T11:44:25.5854419Z 
2026-08-26T11:44:25.5854442Z java.sql.SQLException: Connection is closed
2026-08-26T11:44:25.5854750Z 	at com.zaxxer.hikari.pool.ProxyConnection$ClosedConnection.lambda$getClosedConnection$0(ProxyConnection.java:562) ~[HikariCP-6.3.3.jar!/:na]
2026-08-26T11:44:25.5854785Z 	at jdk.proxy3/jdk.proxy3.$Proxy119.setAutoCommit(Unknown Source) ~[na:na]
2026-08-26T11:44:25.5854810Z 	at com.zaxxer.hikari.pool.ProxyConnection.setAutoCommit(ProxyConnection.java:412) ~[HikariCP-6.3.3.jar!/:na]
2026-08-26T11:44:25.5854836Z 	at com.zaxxer.hikari.pool.HikariProxyConnection.setAutoCommit(HikariProxyConnection.java) ~[HikariCP-6.3.3.jar!/:na]
2026-08-26T11:44:25.5854863Z 	at org.flywaydb.core.internal.jdbc.TransactionalExecutionTemplate.execute(TransactionalExecutionTemplate.java:90) ~[flyway-core-11.7.2.jar!/:na]
2026-08-26T11:44:25.5854887Z 	at org.flywaydb.core.internal.command.DbMigrate.applyMigrations(DbMigrate.java:282) ~[flyway-core-11.7.2.jar!/:na]
2026-08-26T11:44:25.5854911Z 	at org.flywaydb.core.internal.command.DbMigrate.migrateGroup(DbMigrate.java:255) ~[flyway-core-11.7.2.jar!/:na]
2026-08-26T11:44:25.5854936Z 	at org.flywaydb.core.internal.command.DbMigrate.lambda$migrateAll$0(DbMigrate.java:153) ~[flyway-core-11.7.2.jar!/:na]
2026-08-26T11:44:25.5855133Z 	at org.flywaydb.database.postgresql.PostgreSQLAdvisoryLockTemplate.execute(PostgreSQLAdvisoryLockTemplate.java:77) ~[flyway-database-postgresql-11.7.2.jar!/:na]
2026-08-26T11:44:25.5855164Z 	at org.flywaydb.database.postgresql.PostgreSQLAdvisoryLockTemplate.lambda$execute$0(PostgreSQLAdvisoryLockTemplate.java:60) ~[flyway-database-postgresql-11.7.2.jar!/:na]
2026-08-26T11:44:25.5855215Z 	at org.flywaydb.core.internal.jdbc.TransactionalExecutionTemplate.execute(TransactionalExecutionTemplate.java:59) ~[flyway-core-11.7.2.jar!/:na]
2026-08-26T11:44:25.5855244Z 	at org.flywaydb.database.postgresql.PostgreSQLAdvisoryLockTemplate.execute(PostgreSQLAdvisoryLockTemplate.java:60) ~[flyway-database-postgresql-11.7.2.jar!/:na]
2026-08-26T11:44:25.5855271Z 	at org.flywaydb.database.postgresql.PostgreSQLConnection.lock(PostgreSQLConnection.java:105) ~[flyway-database-postgresql-11.7.2.jar!/:na]
2026-08-26T11:44:25.5855297Z 	at org.flywaydb.core.internal.schemahistory.JdbcTableSchemaHistory.lock(JdbcTableSchemaHistory.java:164) ~[flyway-core-11.7.2.jar!/:na]
2026-08-26T11:44:25.5855321Z 	at org.flywaydb.core.internal.command.DbMigrate.migrateAll(DbMigrate.java:153) ~[flyway-core-11.7.2.jar!/:na]
2026-08-26T11:44:25.5855346Z 	at org.flywaydb.core.internal.command.DbMigrate.migrate(DbMigrate.java:104) ~[flyway-core-11.7.2.jar!/:na]
2026-08-26T11:44:25.5855370Z 	at org.flywaydb.core.Flyway.lambda$migrate$1(Flyway.java:247) ~[flyway-core-11.7.2.jar!/:na]
2026-08-26T11:44:25.5855394Z 	at org.flywaydb.core.FlywayExecutor.execute(FlywayExecutor.java:210) ~[flyway-core-11.7.2.jar!/:na]
2026-08-26T11:44:25.5855417Z 	at org.flywaydb.core.Flyway.migrate(Flyway.java:188) ~[flyway-core-11.7.2.jar!/:na]
2026-08-26T11:44:25.5855447Z 	at org.springframework.boot.autoconfigure.flyway.FlywayMigrationInitializer.afterPropertiesSet(FlywayMigrationInitializer.java:66) ~[spring-boot-autoconfigure-3.5.13.jar!/:3.5.13]
2026-08-26T11:44:25.5855475Z 	at org.springframework.beans.factory.support.AbstractAutowireCapableBeanFactory.invokeInitMethods(AbstractAutowireCapableBeanFactory.java:1873) ~[spring-beans-6.2.17.jar!/:6.2.17]
2026-08-26T11:44:25.5855523Z 	at org.springframework.beans.factory.support.AbstractAutowireCapableBeanFactory.initializeBean(AbstractAutowireCapableBeanFactory.java:1822) ~[spring-beans-6.2.17.jar!/:6.2.17]
2026-08-26T11:44:25.5855553Z 	at org.springframework.beans.factory.support.AbstractAutowireCapableBeanFactory.doCreateBean(AbstractAutowireCapableBeanFactory.java:607) ~[spring-beans-6.2.17.jar!/:6.2.17]
2026-08-26T11:44:25.5855581Z 	at org.springframework.beans.factory.support.AbstractAutowireCapableBeanFactory.createBean(AbstractAutowireCapableBeanFactory.java:529) ~[spring-beans-6.2.17.jar!/:6.2.17]
2026-08-26T11:44:25.5923858Z 	at org.springframework.beans.factory.support.AbstractBeanFactory.lambda$doGetBean$0(AbstractBeanFactory.java:339) ~[spring-beans-6.2.17.jar!/:6.2.17]
2026-08-26T11:44:25.5923944Z 	at org.springframework.beans.factory.support.DefaultSingletonBeanRegistry.getSingleton(DefaultSingletonBeanRegistry.java:373) ~[spring-beans-6.2.17.jar!/:6.2.17]
2026-08-26T11:44:25.5923974Z 	at org.springframework.beans.factory.support.AbstractBeanFactory.doGetBean(AbstractBeanFactory.java:337) ~[spring-beans-6.2.17.jar!/:6.2.17]
2026-08-26T11:44:25.5924003Z 	at org.springframework.beans.factory.support.AbstractBeanFactory.getBean(AbstractBeanFactory.java:202) ~[spring-beans-6.2.17.jar!/:6.2.17]
2026-08-26T11:44:25.5924384Z 	at org.springframework.beans.factory.support.AbstractBeanFactory.doGetBean(AbstractBeanFactory.java:315) ~[spring-beans-6.2.17.jar!/:6.2.17]
2026-08-26T11:44:25.5924427Z 	at org.springframework.beans.factory.support.AbstractBeanFactory.getBean(AbstractBeanFactory.java:207) ~[spring-beans-6.2.17.jar!/:6.2.17]
2026-08-26T11:44:25.5924459Z 	at org.springframework.context.support.AbstractApplicationContext.finishBeanFactoryInitialization(AbstractApplicationContext.java:974) ~[spring-context-6.2.17.jar!/:6.2.17]
2026-08-26T11:44:25.5924488Z 	at org.springframework.context.support.AbstractApplicationContext.refresh(AbstractApplicationContext.java:628) ~[spring-context-6.2.17.jar!/:6.2.17]
2026-08-26T11:44:25.5924519Z 	at org.springframework.boot.web.servlet.context.ServletWebServerApplicationContext.refresh(ServletWebServerApplicationContext.java:146) ~[spring-boot-3.5.13.jar!/:3.5.13]
2026-08-26T11:44:25.5924546Z 	at org.springframework.boot.SpringApplication.refresh(SpringApplication.java:752) ~[spring-boot-3.5.13.jar!/:3.5.13]
2026-08-26T11:44:25.5924574Z 	at org.springframework.boot.SpringApplication.refreshContext(SpringApplication.java:439) ~[spring-boot-3.5.13.jar!/:3.5.13]
2026-08-26T11:44:25.5924601Z 	at org.springframework.boot.SpringApplication.run(SpringApplication.java:318) ~[spring-boot-3.5.13.jar!/:3.5.13]
2026-08-26T11:44:25.5924628Z 	at org.springframework.boot.SpringApplication.run(SpringApplication.java:1361) ~[spring-boot-3.5.13.jar!/:3.5.13]
2026-08-26T11:44:25.5924655Z 	at org.springframework.boot.SpringApplication.run(SpringApplication.java:1350) ~[spring-boot-3.5.13.jar!/:3.5.13]
2026-08-26T11:44:25.5924704Z 	at com.rvce.scas.ScasApplication.main(ScasApplication.java:20) ~[!/:0.0.1-SNAPSHOT]
2026-08-26T11:44:25.5924731Z 	at java.base/jdk.internal.reflect.NativeMethodAccessorImpl.invoke0(Native Method) ~[na:na]
2026-08-26T11:44:25.5924767Z 	at java.base/jdk.internal.reflect.NativeMethodAccessorImpl.invoke(Unknown Source) ~[na:na]
2026-08-26T11:44:25.5924793Z 	at java.base/jdk.internal.reflect.DelegatingMethodAccessorImpl.invoke(Unknown Source) ~[na:na]
2026-08-26T11:44:25.5924817Z 	at java.base/java.lang.reflect.Method.invoke(Unknown Source) ~[na:na]
2026-08-26T11:44:25.5924843Z 	at org.springframework.boot.loader.launch.Launcher.launch(Launcher.java:106) ~[app.jar:0.0.1-SNAPSHOT]
2026-08-26T11:44:25.5924868Z 	at org.springframework.boot.loader.launch.Launcher.launch(Launcher.java:64) ~[app.jar:0.0.1-SNAPSHOT]
2026-08-26T11:44:25.5924895Z 	at org.springframework.boot.loader.launch.JarLauncher.main(JarLauncher.java:40) ~[app.jar:0.0.1-SNAPSHOT]
2026-08-26T11:44:25.5924934Z 
2026-08-26T11:44:25.6100258Z 2026-08-26T11:44:25.601Z ERROR 1 --- [           main] o.f.core.internal.command.DbMigrate      : Migration of schema "public" to version "1 - users roles" failed! Changes successfully rolled back.
2026-08-26T11:44:25.6689651Z 2026-08-26T11:44:25.660Z  WARN 1 --- [           main] ConfigServletWebServerApplicationContext : Exception encountered during context initialization - cancelling refresh attempt: org.springframework.beans.factory.BeanCreationException: Error creating bean with name 'entityManagerFactory' defined in class path resource [org/springframework/boot/autoconfigure/orm/jpa/HibernateJpaConfiguration.class]: Failed to initialize dependency 'flywayInitializer' of LoadTimeWeaverAware bean 'entityManagerFactory': Error creating bean with name 'flywayInitializer' defined in class path resource [org/springframework/boot/autoconfigure/flyway/FlywayAutoConfiguration$FlywayConfiguration.class]: Script V1__users_roles.sql failed
2026-08-26T11:44:25.6689872Z ---------------------------------
2026-08-26T11:44:25.6689899Z SQL State  : 0A000
2026-08-26T11:44:25.6690047Z Error Code : 0
2026-08-26T11:44:25.6691694Z Message    : ERROR: extension "citext" is not allow-listed for users in Azure Database for PostgreSQL
2026-08-26T11:44:25.6691736Z   Hint: to learn how to allow an extension or see the list of allowed extensions, please refer to https://go.microsoft.com/fwlink/?linkid=2301063
2026-08-26T11:44:25.6691764Z Location   : db/migration/V1__users_roles.sql (/app/nested:/app/app.jar/!BOOT-INF/classes/!/db/migration/V1__users_roles.sql)
2026-08-26T11:44:25.6691784Z Line       : 39
2026-08-26T11:44:25.6691899Z Statement  : Run Flyway with -X option to see the actual statement causing the problem
2026-08-26T11:44:25.6691919Z 
2026-08-26T11:44:25.6700533Z 2026-08-26T11:44:25.669Z  INFO 1 --- [           main] com.zaxxer.hikari.HikariDataSource       : HikariPool-1 - Shutdown initiated...
2026-08-26T11:44:26.2705761Z 2026-08-26T11:44:26.270Z  INFO 1 --- [           main] com.zaxxer.hikari.HikariDataSource       : HikariPool-1 - Shutdown completed.
2026-08-26T11:44:26.5748544Z 2026-08-26T11:44:26.574Z  INFO 1 --- [           main] o.apache.catalina.core.StandardService   : Stopping service [Tomcat]
2026-08-26T11:44:26.8784302Z 2026-08-26T11:44:26.876Z  INFO 1 --- [           main] .s.b.a.l.ConditionEvaluationReportLogger : 
2026-08-26T11:44:26.8785051Z 
2026-08-26T11:44:26.8785092Z Error starting ApplicationContext. To display the condition evaluation report re-run your application with 'debug' enabled.
2026-08-26T11:44:27.2616437Z 2026-08-26T11:44:27.257Z ERROR 1 --- [           main] o.s.boot.SpringApplication               : Application run failed
2026-08-26T11:44:27.2676070Z 
2026-08-26T11:44:27.2676160Z org.springframework.beans.factory.BeanCreationException: Error creating bean with name 'entityManagerFactory' defined in class path resource [org/springframework/boot/autoconfigure/orm/jpa/HibernateJpaConfiguration.class]: Failed to initialize dependency 'flywayInitializer' of LoadTimeWeaverAware bean 'entityManagerFactory': Error creating bean with name 'flywayInitializer' defined in class path resource [org/springframework/boot/autoconfigure/flyway/FlywayAutoConfiguration$FlywayConfiguration.class]: Script V1__users_roles.sql failed
2026-08-26T11:44:27.2676184Z ---------------------------------
2026-08-26T11:44:27.2676205Z SQL State  : 0A000
2026-08-26T11:44:27.2676226Z Error Code : 0
2026-08-26T11:44:27.2676255Z Message    : ERROR: extension "citext" is not allow-listed for users in Azure Database for PostgreSQL
2026-08-26T11:44:27.2676286Z   Hint: to learn how to allow an extension or see the list of allowed extensions, please refer to https://go.microsoft.com/fwlink/?linkid=2301063
2026-08-26T11:44:27.2676315Z Location   : db/migration/V1__users_roles.sql (/app/nested:/app/app.jar/!BOOT-INF/classes/!/db/migration/V1__users_roles.sql)
2026-08-26T11:44:27.2676335Z Line       : 39
2026-08-26T11:44:27.2676360Z Statement  : Run Flyway with -X option to see the actual statement causing the problem
2026-08-26T11:44:27.2676380Z 
2026-08-26T11:44:27.2676440Z 	at org.springframework.beans.factory.support.AbstractBeanFactory.doGetBean(AbstractBeanFactory.java:328) ~[spring-beans-6.2.17.jar!/:6.2.17]
2026-08-26T11:44:27.2676472Z 	at org.springframework.beans.factory.support.AbstractBeanFactory.getBean(AbstractBeanFactory.java:207) ~[spring-beans-6.2.17.jar!/:6.2.17]
2026-08-26T11:44:27.2676505Z 	at org.springframework.context.support.AbstractApplicationContext.finishBeanFactoryInitialization(AbstractApplicationContext.java:974) ~[spring-context-6.2.17.jar!/:6.2.17]
2026-08-26T11:44:27.2676537Z 	at org.springframework.context.support.AbstractApplicationContext.refresh(AbstractApplicationContext.java:628) ~[spring-context-6.2.17.jar!/:6.2.17]
2026-08-26T11:44:27.2676570Z 	at org.springframework.boot.web.servlet.context.ServletWebServerApplicationContext.refresh(ServletWebServerApplicationContext.java:146) ~[spring-boot-3.5.13.jar!/:3.5.13]
2026-08-26T11:44:27.2676597Z 	at org.springframework.boot.SpringApplication.refresh(SpringApplication.java:752) ~[spring-boot-3.5.13.jar!/:3.5.13]
2026-08-26T11:44:27.2676624Z 	at org.springframework.boot.SpringApplication.refreshContext(SpringApplication.java:439) ~[spring-boot-3.5.13.jar!/:3.5.13]
2026-08-26T11:44:27.2676652Z 	at org.springframework.boot.SpringApplication.run(SpringApplication.java:318) ~[spring-boot-3.5.13.jar!/:3.5.13]
2026-08-26T11:44:27.2676678Z 	at org.springframework.boot.SpringApplication.run(SpringApplication.java:1361) ~[spring-boot-3.5.13.jar!/:3.5.13]
2026-08-26T11:44:27.2676705Z 	at org.springframework.boot.SpringApplication.run(SpringApplication.java:1350) ~[spring-boot-3.5.13.jar!/:3.5.13]
2026-08-26T11:44:27.2676730Z 	at com.rvce.scas.ScasApplication.main(ScasApplication.java:20) ~[!/:0.0.1-SNAPSHOT]
2026-08-26T11:44:27.2676778Z 	at java.base/jdk.internal.reflect.NativeMethodAccessorImpl.invoke0(Native Method) ~[na:na]
2026-08-26T11:44:27.2676804Z 	at java.base/jdk.internal.reflect.NativeMethodAccessorImpl.invoke(Unknown Source) ~[na:na]
2026-08-26T11:44:27.2676829Z 	at java.base/jdk.internal.reflect.DelegatingMethodAccessorImpl.invoke(Unknown Source) ~[na:na]
2026-08-26T11:44:27.2676852Z 	at java.base/java.lang.reflect.Method.invoke(Unknown Source) ~[na:na]
2026-08-26T11:44:27.2676879Z 	at org.springframework.boot.loader.launch.Launcher.launch(Launcher.java:106) ~[app.jar:0.0.1-SNAPSHOT]
2026-08-26T11:44:27.2676905Z 	at org.springframework.boot.loader.launch.Launcher.launch(Launcher.java:64) ~[app.jar:0.0.1-SNAPSHOT]
2026-08-26T11:44:27.2676931Z 	at org.springframework.boot.loader.launch.JarLauncher.main(JarLauncher.java:40) ~[app.jar:0.0.1-SNAPSHOT]
2026-08-26T11:44:27.2676969Z Caused by: org.springframework.beans.factory.BeanCreationException: Error creating bean with name 'flywayInitializer' defined in class path resource [org/springframework/boot/autoconfigure/flyway/FlywayAutoConfiguration$FlywayConfiguration.class]: Script V1__users_roles.sql failed
2026-08-26T11:44:27.2676990Z ---------------------------------
2026-08-26T11:44:27.2677011Z SQL State  : 0A000
2026-08-26T11:44:27.2677031Z Error Code : 0
2026-08-26T11:44:27.2677076Z Message    : ERROR: extension "citext" is not allow-listed for users in Azure Database for PostgreSQL
2026-08-26T11:44:27.2677106Z   Hint: to learn how to allow an extension or see the list of allowed extensions, please refer to https://go.microsoft.com/fwlink/?linkid=2301063
2026-08-26T11:44:27.2677134Z Location   : db/migration/V1__users_roles.sql (/app/nested:/app/app.jar/!BOOT-INF/classes/!/db/migration/V1__users_roles.sql)
2026-08-26T11:44:27.2677154Z Line       : 39
2026-08-26T11:44:27.2677789Z Statement  : Run Flyway with -X option to see the actual statement causing the problem
2026-08-26T11:44:27.2677826Z 
2026-08-26T11:44:27.2677858Z 	at org.springframework.beans.factory.support.AbstractAutowireCapableBeanFactory.initializeBean(AbstractAutowireCapableBeanFactory.java:1826) ~[spring-beans-6.2.17.jar!/:6.2.17]
2026-08-26T11:44:27.2677888Z 	at org.springframework.beans.factory.support.AbstractAutowireCapableBeanFactory.doCreateBean(AbstractAutowireCapableBeanFactory.java:607) ~[spring-beans-6.2.17.jar!/:6.2.17]
2026-08-26T11:44:27.2677918Z 	at org.springframework.beans.factory.support.AbstractAutowireCapableBeanFactory.createBean(AbstractAutowireCapableBeanFactory.java:529) ~[spring-beans-6.2.17.jar!/:6.2.17]
2026-08-26T11:44:27.2677948Z 	at org.springframework.beans.factory.support.AbstractBeanFactory.lambda$doGetBean$0(AbstractBeanFactory.java:339) ~[spring-beans-6.2.17.jar!/:6.2.17]
2026-08-26T11:44:27.2678009Z 	at org.springframework.beans.factory.support.DefaultSingletonBeanRegistry.getSingleton(DefaultSingletonBeanRegistry.java:373) ~[spring-beans-6.2.17.jar!/:6.2.17]
2026-08-26T11:44:27.2678037Z 	at org.springframework.beans.factory.support.AbstractBeanFactory.doGetBean(AbstractBeanFactory.java:337) ~[spring-beans-6.2.17.jar!/:6.2.17]
2026-08-26T11:44:27.2678066Z 	at org.springframework.beans.factory.support.AbstractBeanFactory.getBean(AbstractBeanFactory.java:202) ~[spring-beans-6.2.17.jar!/:6.2.17]
2026-08-26T11:44:27.2678095Z 	at org.springframework.beans.factory.support.AbstractBeanFactory.doGetBean(AbstractBeanFactory.java:315) ~[spring-beans-6.2.17.jar!/:6.2.17]
2026-08-26T11:44:27.2678118Z 	... 17 common frames omitted
2026-08-26T11:44:27.2678144Z Caused by: org.flywaydb.core.internal.exception.FlywayMigrateException: Script V1__users_roles.sql failed
2026-08-26T11:44:27.2678166Z ---------------------------------
2026-08-26T11:44:27.2678187Z SQL State  : 0A000
2026-08-26T11:44:27.2678206Z Error Code : 0
2026-08-26T11:44:27.2678233Z Message    : ERROR: extension "citext" is not allow-listed for users in Azure Database for PostgreSQL
2026-08-26T11:44:27.2678262Z   Hint: to learn how to allow an extension or see the list of allowed extensions, please refer to https://go.microsoft.com/fwlink/?linkid=2301063
2026-08-26T11:44:27.2678290Z Location   : db/migration/V1__users_roles.sql (/app/nested:/app/app.jar/!BOOT-INF/classes/!/db/migration/V1__users_roles.sql)
2026-08-26T11:44:27.2678331Z Line       : 39
2026-08-26T11:44:27.2678356Z Statement  : Run Flyway with -X option to see the actual statement causing the problem
2026-08-26T11:44:27.2678375Z 
2026-08-26T11:44:27.2678402Z 	at org.flywaydb.core.internal.command.DbMigrate.doMigrateGroup(DbMigrate.java:399) ~[flyway-core-11.7.2.jar!/:na]
2026-08-26T11:44:27.2678429Z 	at org.flywaydb.core.internal.command.DbMigrate.lambda$applyMigrations$1(DbMigrate.java:283) ~[flyway-core-11.7.2.jar!/:na]
2026-08-26T11:44:27.2678459Z 	at org.flywaydb.core.internal.jdbc.TransactionalExecutionTemplate.execute(TransactionalExecutionTemplate.java:59) ~[flyway-core-11.7.2.jar!/:na]
2026-08-26T11:44:27.2678486Z 	at org.flywaydb.core.internal.command.DbMigrate.applyMigrations(DbMigrate.java:282) ~[flyway-core-11.7.2.jar!/:na]
2026-08-26T11:44:27.2678513Z 	at org.flywaydb.core.internal.command.DbMigrate.migrateGroup(DbMigrate.java:255) ~[flyway-core-11.7.2.jar!/:na]
2026-08-26T11:44:27.2678540Z 	at org.flywaydb.core.internal.command.DbMigrate.lambda$migrateAll$0(DbMigrate.java:153) ~[flyway-core-11.7.2.jar!/:na]
2026-08-26T11:44:27.2678570Z 	at org.flywaydb.database.postgresql.PostgreSQLAdvisoryLockTemplate.execute(PostgreSQLAdvisoryLockTemplate.java:77) ~[flyway-database-postgresql-11.7.2.jar!/:na]
2026-08-26T11:44:27.2678600Z 	at org.flywaydb.database.postgresql.PostgreSQLAdvisoryLockTemplate.lambda$execute$0(PostgreSQLAdvisoryLockTemplate.java:60) ~[flyway-database-postgresql-11.7.2.jar!/:na]
2026-08-26T11:44:27.2678651Z 	at org.flywaydb.core.internal.jdbc.TransactionalExecutionTemplate.execute(TransactionalExecutionTemplate.java:59) ~[flyway-core-11.7.2.jar!/:na]
2026-08-26T11:44:27.2678680Z 	at org.flywaydb.database.postgresql.PostgreSQLAdvisoryLockTemplate.execute(PostgreSQLAdvisoryLockTemplate.java:60) ~[flyway-database-postgresql-11.7.2.jar!/:na]
2026-08-26T11:44:27.2678713Z 	at org.flywaydb.database.postgresql.PostgreSQLConnection.lock(PostgreSQLConnection.java:105) ~[flyway-database-postgresql-11.7.2.jar!/:na]
2026-08-26T11:44:27.2678740Z 	at org.flywaydb.core.internal.schemahistory.JdbcTableSchemaHistory.lock(JdbcTableSchemaHistory.java:164) ~[flyway-core-11.7.2.jar!/:na]
2026-08-26T11:44:27.2678768Z 	at org.flywaydb.core.internal.command.DbMigrate.migrateAll(DbMigrate.java:153) ~[flyway-core-11.7.2.jar!/:na]
2026-08-26T11:44:27.2678796Z 	at org.flywaydb.core.internal.command.DbMigrate.migrate(DbMigrate.java:104) ~[flyway-core-11.7.2.jar!/:na]
2026-08-26T11:44:27.2678821Z 	at org.flywaydb.core.Flyway.lambda$migrate$1(Flyway.java:247) ~[flyway-core-11.7.2.jar!/:na]
2026-08-26T11:44:27.2678846Z 	at org.flywaydb.core.FlywayExecutor.execute(FlywayExecutor.java:210) ~[flyway-core-11.7.2.jar!/:na]
2026-08-26T11:44:27.2678929Z 	at org.flywaydb.core.Flyway.migrate(Flyway.java:188) ~[flyway-core-11.7.2.jar!/:na]
2026-08-26T11:44:27.2678964Z 	at org.springframework.boot.autoconfigure.flyway.FlywayMigrationInitializer.afterPropertiesSet(FlywayMigrationInitializer.java:66) ~[spring-boot-autoconfigure-3.5.13.jar!/:3.5.13]
2026-08-26T11:44:27.2679019Z 	at org.springframework.beans.factory.support.AbstractAutowireCapableBeanFactory.invokeInitMethods(AbstractAutowireCapableBeanFactory.java:1873) ~[spring-beans-6.2.17.jar!/:6.2.17]
2026-08-26T11:44:27.2679050Z 	at org.springframework.beans.factory.support.AbstractAutowireCapableBeanFactory.initializeBean(AbstractAutowireCapableBeanFactory.java:1822) ~[spring-beans-6.2.17.jar!/:6.2.17]
2026-08-26T11:44:27.2679072Z 	... 24 common frames omitted
2026-08-26T11:44:27.2679099Z Caused by: org.flywaydb.core.internal.sqlscript.FlywaySqlScriptException: Script V1__users_roles.sql failed
2026-08-26T11:44:27.2679120Z ---------------------------------
2026-08-26T11:44:27.2679140Z SQL State  : 0A000
2026-08-26T11:44:27.2679160Z Error Code : 0
2026-08-26T11:44:27.2679186Z Message    : ERROR: extension "citext" is not allow-listed for users in Azure Database for PostgreSQL
2026-08-26T11:44:27.2679215Z   Hint: to learn how to allow an extension or see the list of allowed extensions, please refer to https://go.microsoft.com/fwlink/?linkid=2301063
2026-08-26T11:44:27.2679242Z Location   : db/migration/V1__users_roles.sql (/app/nested:/app/app.jar/!BOOT-INF/classes/!/db/migration/V1__users_roles.sql)
2026-08-26T11:44:27.2679262Z Line       : 39
2026-08-26T11:44:27.2679288Z Statement  : Run Flyway with -X option to see the actual statement causing the problem
2026-08-26T11:44:27.2679332Z 
2026-08-26T11:44:27.2679361Z 	at org.flywaydb.core.internal.sqlscript.DefaultSqlScriptExecutor.handleException(DefaultSqlScriptExecutor.java:256) ~[flyway-core-11.7.2.jar!/:na]
2026-08-26T11:44:27.2679391Z 	at org.flywaydb.core.internal.sqlscript.DefaultSqlScriptExecutor.executeStatement(DefaultSqlScriptExecutor.java:217) ~[flyway-core-11.7.2.jar!/:na]
2026-08-26T11:44:27.2679419Z 	at org.flywaydb.core.internal.sqlscript.DefaultSqlScriptExecutor.execute(DefaultSqlScriptExecutor.java:137) ~[flyway-core-11.7.2.jar!/:na]
2026-08-26T11:44:27.2679448Z 	at org.flywaydb.core.internal.resolver.sql.SqlMigrationExecutor.executeOnce(SqlMigrationExecutor.java:75) ~[flyway-core-11.7.2.jar!/:na]
2026-08-26T11:44:27.2679476Z 	at org.flywaydb.core.internal.resolver.sql.SqlMigrationExecutor.lambda$execute$0(SqlMigrationExecutor.java:66) ~[flyway-core-11.7.2.jar!/:na]
2026-08-26T11:44:27.2679508Z 	at org.flywaydb.core.internal.database.DefaultExecutionStrategy.execute(DefaultExecutionStrategy.java:31) ~[flyway-core-11.7.2.jar!/:na]
2026-08-26T11:44:27.2679536Z 	at org.flywaydb.core.internal.resolver.sql.SqlMigrationExecutor.execute(SqlMigrationExecutor.java:65) ~[flyway-core-11.7.2.jar!/:na]
2026-08-26T11:44:27.2679563Z 	at org.flywaydb.core.internal.command.DbMigrate.doMigrateGroup(DbMigrate.java:391) ~[flyway-core-11.7.2.jar!/:na]
2026-08-26T11:44:27.2679584Z 	... 43 common frames omitted
2026-08-26T11:44:27.2679612Z Caused by: org.postgresql.util.PSQLException: ERROR: extension "citext" is not allow-listed for users in Azure Database for PostgreSQL
2026-08-26T11:44:27.2679660Z   Hint: to learn how to allow an extension or see the list of allowed extensions, please refer to https://go.microsoft.com/fwlink/?linkid=2301063
2026-08-26T11:44:27.2679688Z 	at org.postgresql.core.v3.QueryExecutorImpl.receiveErrorResponse(QueryExecutorImpl.java:2875) ~[postgresql-42.7.10.jar!/:42.7.10]
2026-08-26T11:44:27.2679715Z 	at org.postgresql.core.v3.QueryExecutorImpl.processResults(QueryExecutorImpl.java:2560) ~[postgresql-42.7.10.jar!/:42.7.10]
2026-08-26T11:44:27.2679743Z 	at org.postgresql.core.v3.QueryExecutorImpl.execute(QueryExecutorImpl.java:429) ~[postgresql-42.7.10.jar!/:42.7.10]
2026-08-26T11:44:27.2679771Z 	at org.postgresql.jdbc.PgStatement.executeInternal(PgStatement.java:526) ~[postgresql-42.7.10.jar!/:42.7.10]
2026-08-26T11:44:27.2679796Z 	at org.postgresql.jdbc.PgStatement.execute(PgStatement.java:436) ~[postgresql-42.7.10.jar!/:42.7.10]
2026-08-26T11:44:27.2679823Z 	at org.postgresql.jdbc.PgStatement.executeWithFlags(PgStatement.java:358) ~[postgresql-42.7.10.jar!/:42.7.10]
2026-08-26T11:44:27.2679850Z 	at org.postgresql.jdbc.PgStatement.executeCachedSql(PgStatement.java:343) ~[postgresql-42.7.10.jar!/:42.7.10]
2026-08-26T11:44:27.2679876Z 	at org.postgresql.jdbc.PgStatement.executeWithFlags(PgStatement.java:319) ~[postgresql-42.7.10.jar!/:42.7.10]
2026-08-26T11:44:27.2679903Z 	at org.postgresql.jdbc.PgStatement.execute(PgStatement.java:314) ~[postgresql-42.7.10.jar!/:42.7.10]
2026-08-26T11:44:27.2679928Z 	at com.zaxxer.hikari.pool.ProxyStatement.execute(ProxyStatement.java:95) ~[HikariCP-6.3.3.jar!/:na]
2026-08-26T11:44:27.2679977Z 	at com.zaxxer.hikari.pool.HikariProxyStatement.execute(HikariProxyStatement.java) ~[HikariCP-6.3.3.jar!/:na]
2026-08-26T11:44:27.2680005Z 	at org.flywaydb.core.internal.jdbc.JdbcTemplate.executeStatement(JdbcTemplate.java:215) ~[flyway-core-11.7.2.jar!/:na]
2026-08-26T11:44:27.2680076Z 	at org.flywaydb.core.internal.sqlscript.ParsedSqlStatement.execute(ParsedSqlStatement.java:88) ~[flyway-core-11.7.2.jar!/:na]
2026-08-26T11:44:27.2680109Z 	at org.flywaydb.core.internal.sqlscript.DefaultSqlScriptExecutor.executeStatement(DefaultSqlScriptExecutor.java:212) ~[flyway-core-11.7.2.jar!/:na]
2026-08-26T11:44:27.2680130Z 	... 49 common frames omitted
2026-08-26T11:44:27.2680149Z 
2026-08-26T11:46:18.0563085Z 
2026-08-26T11:46:18.0756565Z   .   ____          _            __ _ _
2026-08-26T11:46:18.0757059Z  /\\ / ___'_ __ _ _(_)_ __  __ _ \ \ \ \
2026-08-26T11:46:18.0757112Z ( ( )\___ | '_ | '_| | '_ \/ _` | \ \ \ \
2026-08-26T11:46:18.0757139Z  \\/  ___)| |_)| | | | | || (_| |  ) ) ) )
2026-08-26T11:46:18.0757160Z   '  |____| .__|_| |_|_| |_\__, | / / / /
2026-08-26T11:46:18.0757184Z  =========|_|==============|___/=/_/_/_/
2026-08-26T11:46:18.0757208Z 
2026-08-26T11:46:18.0914751Z  :: Spring Boot ::               (v3.5.13)
2026-08-26T11:46:18.0914923Z 
2026-08-26T11:46:19.3830443Z 2026-08-26T11:46:19.362Z  INFO 1 --- [           main] com.rvce.scas.ScasApplication            : Starting ScasApplication v0.0.1-SNAPSHOT using Java 17.0.20 with PID 1 (/app/app.jar started by root in /app)
2026-08-26T11:46:19.4166343Z 2026-08-26T11:46:19.403Z  INFO 1 --- [           main] com.rvce.scas.ScasApplication            : The following 1 profile is active: "prod"
2026-08-26T11:46:42.0572689Z 2026-08-26T11:46:42.056Z  INFO 1 --- [           main] .s.d.r.c.RepositoryConfigurationDelegate : Multiple Spring Data modules found, entering strict repository configuration mode
2026-08-26T11:46:42.0931810Z 2026-08-26T11:46:42.092Z  INFO 1 --- [           main] .s.d.r.c.RepositoryConfigurationDelegate : Bootstrapping Spring Data JPA repositories in DEFAULT mode.
2026-08-26T11:46:45.0460374Z 2026-08-26T11:46:44.871Z  INFO 1 --- [           main] .s.d.r.c.RepositoryConfigurationDelegate : Finished Spring Data repository scanning in 2667 ms. Found 12 JPA repository interfaces.
2026-08-26T11:46:45.1605860Z 2026-08-26T11:46:45.160Z  INFO 1 --- [           main] .s.d.r.c.RepositoryConfigurationDelegate : Multiple Spring Data modules found, entering strict repository configuration mode
2026-08-26T11:46:45.1711991Z 2026-08-26T11:46:45.170Z  INFO 1 --- [           main] .s.d.r.c.RepositoryConfigurationDelegate : Bootstrapping Spring Data Redis repositories in DEFAULT mode.
2026-08-26T11:46:45.3628523Z 2026-08-26T11:46:45.362Z  INFO 1 --- [           main] .RepositoryConfigurationExtensionSupport : Spring Data Redis - Could not safely identify store assignment for repository candidate interface com.rvce.scas.repository.DepartmentRepository; If you want this repository to be a Redis repository, consider annotating your entities with one of these annotations: org.springframework.data.redis.core.RedisHash (preferred), or consider extending one of the following types with your repository: org.springframework.data.keyvalue.repository.KeyValueRepository
2026-08-26T11:46:45.3651286Z 2026-08-26T11:46:45.364Z  INFO 1 --- [           main] .RepositoryConfigurationExtensionSupport : Spring Data Redis - Could not safely identify store assignment for repository candidate interface com.rvce.scas.repository.ExamHallRepository; If you want this repository to be a Redis repository, consider annotating your entities with one of these annotations: org.springframework.data.redis.core.RedisHash (preferred), or consider extending one of the following types with your repository: org.springframework.data.keyvalue.repository.KeyValueRepository
2026-08-26T11:46:45.3656871Z 2026-08-26T11:46:45.365Z  INFO 1 --- [           main] .RepositoryConfigurationExtensionSupport : Spring Data Redis - Could not safely identify store assignment for repository candidate interface com.rvce.scas.repository.ExamSeatRepository; If you want this repository to be a Redis repository, consider annotating your entities with one of these annotations: org.springframework.data.redis.core.RedisHash (preferred), or consider extending one of the following types with your repository: org.springframework.data.keyvalue.repository.KeyValueRepository
2026-08-26T11:46:45.3927116Z 2026-08-26T11:46:45.392Z  INFO 1 --- [           main] .RepositoryConfigurationExtensionSupport : Spring Data Redis - Could not safely identify store assignment for repository candidate interface com.rvce.scas.repository.ExamSessionRepository; If you want this repository to be a Redis repository, consider annotating your entities with one of these annotations: org.springframework.data.redis.core.RedisHash (preferred), or consider extending one of the following types with your repository: org.springframework.data.keyvalue.repository.KeyValueRepository
2026-08-26T11:46:45.3941028Z 2026-08-26T11:46:45.393Z  INFO 1 --- [           main] .RepositoryConfigurationExtensionSupport : Spring Data Redis - Could not safely identify store assignment for repository candidate interface com.rvce.scas.repository.ExamStudentRepository; If you want this repository to be a Redis repository, consider annotating your entities with one of these annotations: org.springframework.data.redis.core.RedisHash (preferred), or consider extending one of the following types with your repository: org.springframework.data.keyvalue.repository.KeyValueRepository
2026-08-26T11:46:45.4042292Z 2026-08-26T11:46:45.404Z  INFO 1 --- [           main] .RepositoryConfigurationExtensionSupport : Spring Data Redis - Could not safely identify store assignment for repository candidate interface com.rvce.scas.repository.NotificationRepository; If you want this repository to be a Redis repository, consider annotating your entities with one of these annotations: org.springframework.data.redis.core.RedisHash (preferred), or consider extending one of the following types with your repository: org.springframework.data.keyvalue.repository.KeyValueRepository
2026-08-26T11:46:45.4221460Z 2026-08-26T11:46:45.421Z  INFO 1 --- [           main] .RepositoryConfigurationExtensionSupport : Spring Data Redis - Could not safely identify store assignment for repository candidate interface com.rvce.scas.repository.PasswordResetTokenRepository; If you want this repository to be a Redis repository, consider annotating your entities with one of these annotations: org.springframework.data.redis.core.RedisHash (preferred), or consider extending one of the following types with your repository: org.springframework.data.keyvalue.repository.KeyValueRepository
2026-08-26T11:46:45.4235735Z 2026-08-26T11:46:45.423Z  INFO 1 --- [           main] .RepositoryConfigurationExtensionSupport : Spring Data Redis - Could not safely identify store assignment for repository candidate interface com.rvce.scas.repository.RoleRepository; If you want this repository to be a Redis repository, consider annotating your entities with one of these annotations: org.springframework.data.redis.core.RedisHash (preferred), or consider extending one of the following types with your repository: org.springframework.data.keyvalue.repository.KeyValueRepository
2026-08-26T11:46:45.4326651Z 2026-08-26T11:46:45.429Z  INFO 1 --- [           main] .RepositoryConfigurationExtensionSupport : Spring Data Redis - Could not safely identify store assignment for repository candidate interface com.rvce.scas.repository.RoomRepository; If you want this repository to be a Redis repository, consider annotating your entities with one of these annotations: org.springframework.data.redis.core.RedisHash (preferred), or consider extending one of the following types with your repository: org.springframework.data.keyvalue.repository.KeyValueRepository
2026-08-26T11:46:45.4326807Z 2026-08-26T11:46:45.430Z  INFO 1 --- [           main] .RepositoryConfigurationExtensionSupport : Spring Data Redis - Could not safely identify store assignment for repository candidate interface com.rvce.scas.repository.TimetableSlotRepository; If you want this repository to be a Redis repository, consider annotating your entities with one of these annotations: org.springframework.data.redis.core.RedisHash (preferred), or consider extending one of the following types with your repository: org.springframework.data.keyvalue.repository.KeyValueRepository
2026-08-26T11:46:45.4326862Z 2026-08-26T11:46:45.431Z  INFO 1 --- [           main] .RepositoryConfigurationExtensionSupport : Spring Data Redis - Could not safely identify store assignment for repository candidate interface com.rvce.scas.repository.UserRepository; If you want this repository to be a Redis repository, consider annotating your entities with one of these annotations: org.springframework.data.redis.core.RedisHash (preferred), or consider extending one of the following types with your repository: org.springframework.data.keyvalue.repository.KeyValueRepository
2026-08-26T11:46:45.4326916Z 2026-08-26T11:46:45.431Z  INFO 1 --- [           main] .RepositoryConfigurationExtensionSupport : Spring Data Redis - Could not safely identify store assignment for repository candidate interface com.rvce.scas.repository.UserRoleRepository; If you want this repository to be a Redis repository, consider annotating your entities with one of these annotations: org.springframework.data.redis.core.RedisHash (preferred), or consider extending one of the following types with your repository: org.springframework.data.keyvalue.repository.KeyValueRepository
2026-08-26T11:46:45.4326945Z 2026-08-26T11:46:45.431Z  INFO 1 --- [           main] .s.d.r.c.RepositoryConfigurationDelegate : Finished Spring Data repository scanning in 153 ms. Found 0 Redis repository interfaces.
2026-08-26T11:46:55.2820086Z 2026-08-26T11:46:55.265Z  INFO 1 --- [           main] o.s.b.w.embedded.tomcat.TomcatWebServer  : Tomcat initialized with port 8080 (http)
2026-08-26T11:46:55.4603588Z 2026-08-26T11:46:55.459Z  INFO 1 --- [           main] o.apache.catalina.core.StandardService   : Starting service [Tomcat]
2026-08-26T11:46:55.4626700Z 2026-08-26T11:46:55.462Z  INFO 1 --- [           main] o.apache.catalina.core.StandardEngine    : Starting Servlet engine: [Apache Tomcat/10.1.53]
2026-08-26T11:46:57.1954971Z 2026-08-26T11:46:57.195Z  INFO 1 --- [           main] o.a.c.c.C.[Tomcat].[localhost].[/]       : Initializing Spring embedded WebApplicationContext
2026-08-26T11:46:57.2144535Z 2026-08-26T11:46:57.213Z  INFO 1 --- [           main] w.s.c.ServletWebServerApplicationContext : Root WebApplicationContext: initialization completed in 37157 ms
2026-08-26T11:48:02.6257637Z 2026-08-26T11:48:02.518Z  INFO 1 --- [           main] com.zaxxer.hikari.HikariDataSource       : HikariPool-1 - Starting...
2026-08-26T11:48:12.5107826Z 2026-08-26T11:48:12.493Z  INFO 1 --- [           main] com.zaxxer.hikari.pool.HikariPool        : HikariPool-1 - Added connection org.postgresql.jdbc.PgConnection@509e4902
2026-08-26T11:48:12.5586397Z 2026-08-26T11:48:12.557Z  INFO 1 --- [           main] com.zaxxer.hikari.HikariDataSource       : HikariPool-1 - Start completed.
2026-08-26T11:48:13.4585238Z 2026-08-26T11:48:13.458Z  INFO 1 --- [           main] org.flywaydb.core.FlywayExecutor         : Database: jdbc:postgresql://scas-postgres-k23.postgres.database.azure.com:5432/scasdb?sslmode=require (PostgreSQL 16.14)
2026-08-26T11:48:15.7942224Z 2026-08-26T11:48:15.793Z  INFO 1 --- [           main] o.f.core.internal.command.DbValidate     : Successfully validated 27 migrations (execution time 00:01.626s)
2026-08-26T11:48:16.1370801Z 2026-08-26T11:48:16.136Z  INFO 1 --- [           main] o.f.core.internal.command.DbMigrate      : Current version of schema "public": << Empty Schema >>
2026-08-26T11:48:17.2398187Z 2026-08-26T11:48:17.236Z  INFO 1 --- [           main] o.f.core.internal.command.DbMigrate      : Migrating schema "public" to version "1 - users roles"
2026-08-26T11:48:17.9710142Z 2026-08-26T11:48:17.720Z  WARN 1 --- [           main] com.zaxxer.hikari.pool.ProxyConnection   : HikariPool-1 - Connection org.postgresql.jdbc.PgConnection@24ac87a marked as broken because of SQLSTATE(0A000), ErrorCode(0)
2026-08-26T11:48:17.9710810Z 
2026-08-26T11:48:17.9710948Z org.postgresql.util.PSQLException: ERROR: extension "citext" is not allow-listed for users in Azure Database for PostgreSQL
2026-08-26T11:48:17.9710980Z   Hint: to learn how to allow an extension or see the list of allowed extensions, please refer to https://go.microsoft.com/fwlink/?linkid=2301063
2026-08-26T11:48:17.9711008Z 	at org.postgresql.core.v3.QueryExecutorImpl.receiveErrorResponse(QueryExecutorImpl.java:2875) ~[postgresql-42.7.10.jar!/:42.7.10]
2026-08-26T11:48:17.9711037Z 	at org.postgresql.core.v3.QueryExecutorImpl.processResults(QueryExecutorImpl.java:2560) ~[postgresql-42.7.10.jar!/:42.7.10]
2026-08-26T11:48:17.9711067Z 	at org.postgresql.core.v3.QueryExecutorImpl.execute(QueryExecutorImpl.java:429) ~[postgresql-42.7.10.jar!/:42.7.10]
2026-08-26T11:48:17.9711094Z 	at org.postgresql.jdbc.PgStatement.executeInternal(PgStatement.java:526) ~[postgresql-42.7.10.jar!/:42.7.10]
2026-08-26T11:48:17.9711121Z 	at org.postgresql.jdbc.PgStatement.execute(PgStatement.java:436) ~[postgresql-42.7.10.jar!/:42.7.10]
2026-08-26T11:48:17.9711149Z 	at org.postgresql.jdbc.PgStatement.executeWithFlags(PgStatement.java:358) ~[postgresql-42.7.10.jar!/:42.7.10]
2026-08-26T11:48:17.9711176Z 	at org.postgresql.jdbc.PgStatement.executeCachedSql(PgStatement.java:343) ~[postgresql-42.7.10.jar!/:42.7.10]
2026-08-26T11:48:17.9711202Z 	at org.postgresql.jdbc.PgStatement.executeWithFlags(PgStatement.java:319) ~[postgresql-42.7.10.jar!/:42.7.10]
2026-08-26T11:48:17.9711260Z 	at org.postgresql.jdbc.PgStatement.execute(PgStatement.java:314) ~[postgresql-42.7.10.jar!/:42.7.10]
2026-08-26T11:48:17.9711287Z 	at com.zaxxer.hikari.pool.ProxyStatement.execute(ProxyStatement.java:95) ~[HikariCP-6.3.3.jar!/:na]
2026-08-26T11:48:17.9711315Z 	at com.zaxxer.hikari.pool.HikariProxyStatement.execute(HikariProxyStatement.java) ~[HikariCP-6.3.3.jar!/:na]
2026-08-26T11:48:17.9711342Z 	at org.flywaydb.core.internal.jdbc.JdbcTemplate.executeStatement(JdbcTemplate.java:215) ~[flyway-core-11.7.2.jar!/:na]
2026-08-26T11:48:17.9711370Z 	at org.flywaydb.core.internal.sqlscript.ParsedSqlStatement.execute(ParsedSqlStatement.java:88) ~[flyway-core-11.7.2.jar!/:na]
2026-08-26T11:48:17.9711399Z 	at org.flywaydb.core.internal.sqlscript.DefaultSqlScriptExecutor.executeStatement(DefaultSqlScriptExecutor.java:212) ~[flyway-core-11.7.2.jar!/:na]
2026-08-26T11:48:17.9711428Z 	at org.flywaydb.core.internal.sqlscript.DefaultSqlScriptExecutor.execute(DefaultSqlScriptExecutor.java:137) ~[flyway-core-11.7.2.jar!/:na]
2026-08-26T11:48:17.9711456Z 	at org.flywaydb.core.internal.resolver.sql.SqlMigrationExecutor.executeOnce(SqlMigrationExecutor.java:75) ~[flyway-core-11.7.2.jar!/:na]
2026-08-26T11:48:17.9711484Z 	at org.flywaydb.core.internal.resolver.sql.SqlMigrationExecutor.lambda$execute$0(SqlMigrationExecutor.java:66) ~[flyway-core-11.7.2.jar!/:na]
2026-08-26T11:48:17.9711512Z 	at org.flywaydb.core.internal.database.DefaultExecutionStrategy.execute(DefaultExecutionStrategy.java:31) ~[flyway-core-11.7.2.jar!/:na]
2026-08-26T11:48:17.9711542Z 	at org.flywaydb.core.internal.resolver.sql.SqlMigrationExecutor.execute(SqlMigrationExecutor.java:65) ~[flyway-core-11.7.2.jar!/:na]
2026-08-26T11:48:17.9711600Z 	at org.flywaydb.core.internal.command.DbMigrate.doMigrateGroup(DbMigrate.java:391) ~[flyway-core-11.7.2.jar!/:na]
2026-08-26T11:48:17.9711629Z 	at org.flywaydb.core.internal.command.DbMigrate.lambda$applyMigrations$1(DbMigrate.java:283) ~[flyway-core-11.7.2.jar!/:na]
2026-08-26T11:48:17.9711658Z 	at org.flywaydb.core.internal.jdbc.TransactionalExecutionTemplate.execute(TransactionalExecutionTemplate.java:59) ~[flyway-core-11.7.2.jar!/:na]
2026-08-26T11:48:17.9711685Z 	at org.flywaydb.core.internal.command.DbMigrate.applyMigrations(DbMigrate.java:282) ~[flyway-core-11.7.2.jar!/:na]
2026-08-26T11:48:17.9711713Z 	at org.flywaydb.core.internal.command.DbMigrate.migrateGroup(DbMigrate.java:255) ~[flyway-core-11.7.2.jar!/:na]
2026-08-26T11:48:17.9711740Z 	at org.flywaydb.core.internal.command.DbMigrate.lambda$migrateAll$0(DbMigrate.java:153) ~[flyway-core-11.7.2.jar!/:na]
2026-08-26T11:48:17.9711770Z 	at org.flywaydb.database.postgresql.PostgreSQLAdvisoryLockTemplate.execute(PostgreSQLAdvisoryLockTemplate.java:77) ~[flyway-database-postgresql-11.7.2.jar!/:na]
2026-08-26T11:48:17.9711802Z 	at org.flywaydb.database.postgresql.PostgreSQLAdvisoryLockTemplate.lambda$execute$0(PostgreSQLAdvisoryLockTemplate.java:60) ~[flyway-database-postgresql-11.7.2.jar!/:na]
2026-08-26T11:48:17.9711830Z 	at org.flywaydb.core.internal.jdbc.TransactionalExecutionTemplate.execute(TransactionalExecutionTemplate.java:59) ~[flyway-core-11.7.2.jar!/:na]
2026-08-26T11:48:17.9712195Z 	at org.flywaydb.database.postgresql.PostgreSQLAdvisoryLockTemplate.execute(PostgreSQLAdvisoryLockTemplate.java:60) ~[flyway-database-postgresql-11.7.2.jar!/:na]
2026-08-26T11:48:17.9712258Z 	at org.flywaydb.database.postgresql.PostgreSQLConnection.lock(PostgreSQLConnection.java:105) ~[flyway-database-postgresql-11.7.2.jar!/:na]
2026-08-26T11:48:17.9712287Z 	at org.flywaydb.core.internal.schemahistory.JdbcTableSchemaHistory.lock(JdbcTableSchemaHistory.java:164) ~[flyway-core-11.7.2.jar!/:na]
2026-08-26T11:48:17.9712314Z 	at org.flywaydb.core.internal.command.DbMigrate.migrateAll(DbMigrate.java:153) ~[flyway-core-11.7.2.jar!/:na]
2026-08-26T11:48:17.9712340Z 	at org.flywaydb.core.internal.command.DbMigrate.migrate(DbMigrate.java:104) ~[flyway-core-11.7.2.jar!/:na]
2026-08-26T11:48:17.9712366Z 	at org.flywaydb.core.Flyway.lambda$migrate$1(Flyway.java:247) ~[flyway-core-11.7.2.jar!/:na]
2026-08-26T11:48:17.9712394Z 	at org.flywaydb.core.FlywayExecutor.execute(FlywayExecutor.java:210) ~[flyway-core-11.7.2.jar!/:na]
2026-08-26T11:48:17.9712419Z 	at org.flywaydb.core.Flyway.migrate(Flyway.java:188) ~[flyway-core-11.7.2.jar!/:na]
2026-08-26T11:48:17.9712450Z 	at org.springframework.boot.autoconfigure.flyway.FlywayMigrationInitializer.afterPropertiesSet(FlywayMigrationInitializer.java:66) ~[spring-boot-autoconfigure-3.5.13.jar!/:3.5.13]
2026-08-26T11:48:17.9712481Z 	at org.springframework.beans.factory.support.AbstractAutowireCapableBeanFactory.invokeInitMethods(AbstractAutowireCapableBeanFactory.java:1873) ~[spring-beans-6.2.17.jar!/:6.2.17]
2026-08-26T11:48:17.9712511Z 	at org.springframework.beans.factory.support.AbstractAutowireCapableBeanFactory.initializeBean(AbstractAutowireCapableBeanFactory.java:1822) ~[spring-beans-6.2.17.jar!/:6.2.17]
2026-08-26T11:48:17.9712574Z 	at org.springframework.beans.factory.support.AbstractAutowireCapableBeanFactory.doCreateBean(AbstractAutowireCapableBeanFactory.java:607) ~[spring-beans-6.2.17.jar!/:6.2.17]
2026-08-26T11:48:17.9712605Z 	at org.springframework.beans.factory.support.AbstractAutowireCapableBeanFactory.createBean(AbstractAutowireCapableBeanFactory.java:529) ~[spring-beans-6.2.17.jar!/:6.2.17]
2026-08-26T11:48:17.9712634Z 	at org.springframework.beans.factory.support.AbstractBeanFactory.lambda$doGetBean$0(AbstractBeanFactory.java:339) ~[spring-beans-6.2.17.jar!/:6.2.17]
2026-08-26T11:48:17.9712664Z 	at org.springframework.beans.factory.support.DefaultSingletonBeanRegistry.getSingleton(DefaultSingletonBeanRegistry.java:373) ~[spring-beans-6.2.17.jar!/:6.2.17]
2026-08-26T11:48:17.9712692Z 	at org.springframework.beans.factory.support.AbstractBeanFactory.doGetBean(AbstractBeanFactory.java:337) ~[spring-beans-6.2.17.jar!/:6.2.17]
2026-08-26T11:48:17.9712721Z 	at org.springframework.beans.factory.support.AbstractBeanFactory.getBean(AbstractBeanFactory.java:202) ~[spring-beans-6.2.17.jar!/:6.2.17]
2026-08-26T11:48:17.9712750Z 	at org.springframework.beans.factory.support.AbstractBeanFactory.doGetBean(AbstractBeanFactory.java:315) ~[spring-beans-6.2.17.jar!/:6.2.17]
2026-08-26T11:48:17.9712778Z 	at org.springframework.beans.factory.support.AbstractBeanFactory.getBean(AbstractBeanFactory.java:207) ~[spring-beans-6.2.17.jar!/:6.2.17]
2026-08-26T11:48:17.9712808Z 	at org.springframework.context.support.AbstractApplicationContext.finishBeanFactoryInitialization(AbstractApplicationContext.java:974) ~[spring-context-6.2.17.jar!/:6.2.17]
2026-08-26T11:48:17.9712837Z 	at org.springframework.context.support.AbstractApplicationContext.refresh(AbstractApplicationContext.java:628) ~[spring-context-6.2.17.jar!/:6.2.17]
2026-08-26T11:48:17.9712897Z 	at org.springframework.boot.web.servlet.context.ServletWebServerApplicationContext.refresh(ServletWebServerApplicationContext.java:146) ~[spring-boot-3.5.13.jar!/:3.5.13]
2026-08-26T11:48:17.9712927Z 	at org.springframework.boot.SpringApplication.refresh(SpringApplication.java:752) ~[spring-boot-3.5.13.jar!/:3.5.13]
2026-08-26T11:48:17.9712954Z 	at org.springframework.boot.SpringApplication.refreshContext(SpringApplication.java:439) ~[spring-boot-3.5.13.jar!/:3.5.13]
2026-08-26T11:48:17.9712981Z 	at org.springframework.boot.SpringApplication.run(SpringApplication.java:318) ~[spring-boot-3.5.13.jar!/:3.5.13]
2026-08-26T11:48:17.9713008Z 	at org.springframework.boot.SpringApplication.run(SpringApplication.java:1361) ~[spring-boot-3.5.13.jar!/:3.5.13]
2026-08-26T11:48:17.9713035Z 	at org.springframework.boot.SpringApplication.run(SpringApplication.java:1350) ~[spring-boot-3.5.13.jar!/:3.5.13]
2026-08-26T11:48:17.9879231Z 	at com.rvce.scas.ScasApplication.main(ScasApplication.java:20) ~[!/:0.0.1-SNAPSHOT]
2026-08-26T11:48:17.9879382Z 	at java.base/jdk.internal.reflect.NativeMethodAccessorImpl.invoke0(Native Method) ~[na:na]
2026-08-26T11:48:17.9879422Z 	at java.base/jdk.internal.reflect.NativeMethodAccessorImpl.invoke(Unknown Source) ~[na:na]
2026-08-26T11:48:17.9879451Z 	at java.base/jdk.internal.reflect.DelegatingMethodAccessorImpl.invoke(Unknown Source) ~[na:na]
2026-08-26T11:48:17.9879844Z 	at java.base/java.lang.reflect.Method.invoke(Unknown Source) ~[na:na]
2026-08-26T11:48:17.9879911Z 	at org.springframework.boot.loader.launch.Launcher.launch(Launcher.java:106) ~[app.jar:0.0.1-SNAPSHOT]
2026-08-26T11:48:17.9879938Z 	at org.springframework.boot.loader.launch.Launcher.launch(Launcher.java:64) ~[app.jar:0.0.1-SNAPSHOT]
2026-08-26T11:48:17.9879964Z 	at org.springframework.boot.loader.launch.JarLauncher.main(JarLauncher.java:40) ~[app.jar:0.0.1-SNAPSHOT]
2026-08-26T11:48:17.9879984Z 
2026-08-26T11:48:18.3185165Z 2026-08-26T11:48:18.316Z ERROR 1 --- [           main] o.f.c.i.j.TransactionalExecutionTemplate : Unable to rollback transaction
2026-08-26T11:48:18.3185590Z 
2026-08-26T11:48:18.3185628Z java.sql.SQLException: Connection is closed
2026-08-26T11:48:18.3185658Z 	at com.zaxxer.hikari.pool.ProxyConnection$ClosedConnection.lambda$getClosedConnection$0(ProxyConnection.java:562) ~[HikariCP-6.3.3.jar!/:na]
2026-08-26T11:48:18.3185688Z 	at jdk.proxy3/jdk.proxy3.$Proxy119.rollback(Unknown Source) ~[na:na]
2026-08-26T11:48:18.3185718Z 	at com.zaxxer.hikari.pool.ProxyConnection.rollback(ProxyConnection.java:386) ~[HikariCP-6.3.3.jar!/:na]
2026-08-26T11:48:18.3185744Z 	at com.zaxxer.hikari.pool.HikariProxyConnection.rollback(HikariProxyConnection.java) ~[HikariCP-6.3.3.jar!/:na]
2026-08-26T11:48:18.3245821Z 	at org.flywaydb.core.internal.jdbc.TransactionalExecutionTemplate.execute(TransactionalExecutionTemplate.java:75) ~[flyway-core-11.7.2.jar!/:na]
2026-08-26T11:48:18.3245980Z 	at org.flywaydb.core.internal.command.DbMigrate.applyMigrations(DbMigrate.java:282) ~[flyway-core-11.7.2.jar!/:na]
2026-08-26T11:48:18.3246906Z 	at org.flywaydb.core.internal.command.DbMigrate.migrateGroup(DbMigrate.java:255) ~[flyway-core-11.7.2.jar!/:na]
2026-08-26T11:48:18.3249123Z 	at org.flywaydb.core.internal.command.DbMigrate.lambda$migrateAll$0(DbMigrate.java:153) ~[flyway-core-11.7.2.jar!/:na]
2026-08-26T11:48:18.3249201Z 	at org.flywaydb.database.postgresql.PostgreSQLAdvisoryLockTemplate.execute(PostgreSQLAdvisoryLockTemplate.java:77) ~[flyway-database-postgresql-11.7.2.jar!/:na]
2026-08-26T11:48:18.3249233Z 	at org.flywaydb.database.postgresql.PostgreSQLAdvisoryLockTemplate.lambda$execute$0(PostgreSQLAdvisoryLockTemplate.java:60) ~[flyway-database-postgresql-11.7.2.jar!/:na]
2026-08-26T11:48:18.3249265Z 	at org.flywaydb.core.internal.jdbc.TransactionalExecutionTemplate.execute(TransactionalExecutionTemplate.java:59) ~[flyway-core-11.7.2.jar!/:na]
2026-08-26T11:48:18.3249297Z 	at org.flywaydb.database.postgresql.PostgreSQLAdvisoryLockTemplate.execute(PostgreSQLAdvisoryLockTemplate.java:60) ~[flyway-database-postgresql-11.7.2.jar!/:na]
2026-08-26T11:48:18.3249326Z 	at org.flywaydb.database.postgresql.PostgreSQLConnection.lock(PostgreSQLConnection.java:105) ~[flyway-database-postgresql-11.7.2.jar!/:na]
2026-08-26T11:48:18.3249353Z 	at org.flywaydb.core.internal.schemahistory.JdbcTableSchemaHistory.lock(JdbcTableSchemaHistory.java:164) ~[flyway-core-11.7.2.jar!/:na]
2026-08-26T11:48:18.3249425Z 	at org.flywaydb.core.internal.command.DbMigrate.migrateAll(DbMigrate.java:153) ~[flyway-core-11.7.2.jar!/:na]
2026-08-26T11:48:18.3249454Z 	at org.flywaydb.core.internal.command.DbMigrate.migrate(DbMigrate.java:104) ~[flyway-core-11.7.2.jar!/:na]
2026-08-26T11:48:18.3249479Z 	at org.flywaydb.core.Flyway.lambda$migrate$1(Flyway.java:247) ~[flyway-core-11.7.2.jar!/:na]
2026-08-26T11:48:18.3249506Z 	at org.flywaydb.core.FlywayExecutor.execute(FlywayExecutor.java:210) ~[flyway-core-11.7.2.jar!/:na]
2026-08-26T11:48:18.3249531Z 	at org.flywaydb.core.Flyway.migrate(Flyway.java:188) ~[flyway-core-11.7.2.jar!/:na]
2026-08-26T11:48:18.3249562Z 	at org.springframework.boot.autoconfigure.flyway.FlywayMigrationInitializer.afterPropertiesSet(FlywayMigrationInitializer.java:66) ~[spring-boot-autoconfigure-3.5.13.jar!/:3.5.13]
2026-08-26T11:48:18.3249593Z 	at org.springframework.beans.factory.support.AbstractAutowireCapableBeanFactory.invokeInitMethods(AbstractAutowireCapableBeanFactory.java:1873) ~[spring-beans-6.2.17.jar!/:6.2.17]
2026-08-26T11:48:18.3249623Z 	at org.springframework.beans.factory.support.AbstractAutowireCapableBeanFactory.initializeBean(AbstractAutowireCapableBeanFactory.java:1822) ~[spring-beans-6.2.17.jar!/:6.2.17]
2026-08-26T11:48:18.3249654Z 	at org.springframework.beans.factory.support.AbstractAutowireCapableBeanFactory.doCreateBean(AbstractAutowireCapableBeanFactory.java:607) ~[spring-beans-6.2.17.jar!/:6.2.17]
2026-08-26T11:48:18.3249689Z 	at org.springframework.beans.factory.support.AbstractAutowireCapableBeanFactory.createBean(AbstractAutowireCapableBeanFactory.java:529) ~[spring-beans-6.2.17.jar!/:6.2.17]
2026-08-26T11:48:18.3249744Z 	at org.springframework.beans.factory.support.AbstractBeanFactory.lambda$doGetBean$0(AbstractBeanFactory.java:339) ~[spring-beans-6.2.17.jar!/:6.2.17]
2026-08-26T11:48:18.3249774Z 	at org.springframework.beans.factory.support.DefaultSingletonBeanRegistry.getSingleton(DefaultSingletonBeanRegistry.java:373) ~[spring-beans-6.2.17.jar!/:6.2.17]
2026-08-26T11:48:18.3249803Z 	at org.springframework.beans.factory.support.AbstractBeanFactory.doGetBean(AbstractBeanFactory.java:337) ~[spring-beans-6.2.17.jar!/:6.2.17]
2026-08-26T11:48:18.3249832Z 	at org.springframework.beans.factory.support.AbstractBeanFactory.getBean(AbstractBeanFactory.java:202) ~[spring-beans-6.2.17.jar!/:6.2.17]
2026-08-26T11:48:18.3250222Z 	at org.springframework.beans.factory.support.AbstractBeanFactory.doGetBean(AbstractBeanFactory.java:315) ~[spring-beans-6.2.17.jar!/:6.2.17]
2026-08-26T11:48:18.3250260Z 	at org.springframework.beans.factory.support.AbstractBeanFactory.getBean(AbstractBeanFactory.java:207) ~[spring-beans-6.2.17.jar!/:6.2.17]
2026-08-26T11:48:18.3250291Z 	at org.springframework.context.support.AbstractApplicationContext.finishBeanFactoryInitialization(AbstractApplicationContext.java:974) ~[spring-context-6.2.17.jar!/:6.2.17]
2026-08-26T11:48:18.3250322Z 	at org.springframework.context.support.AbstractApplicationContext.refresh(AbstractApplicationContext.java:628) ~[spring-context-6.2.17.jar!/:6.2.17]
2026-08-26T11:48:18.3250351Z 	at org.springframework.boot.web.servlet.context.ServletWebServerApplicationContext.refresh(ServletWebServerApplicationContext.java:146) ~[spring-boot-3.5.13.jar!/:3.5.13]
2026-08-26T11:48:18.3250379Z 	at org.springframework.boot.SpringApplication.refresh(SpringApplication.java:752) ~[spring-boot-3.5.13.jar!/:3.5.13]
2026-08-26T11:48:18.3250918Z 	at org.springframework.boot.SpringApplication.refreshContext(SpringApplication.java:439) ~[spring-boot-3.5.13.jar!/:3.5.13]
2026-08-26T11:48:18.3250985Z 	at org.springframework.boot.SpringApplication.run(SpringApplication.java:318) ~[spring-boot-3.5.13.jar!/:3.5.13]
2026-08-26T11:48:18.3251012Z 	at org.springframework.boot.SpringApplication.run(SpringApplication.java:1361) ~[spring-boot-3.5.13.jar!/:3.5.13]
2026-08-26T11:48:18.3251039Z 	at org.springframework.boot.SpringApplication.run(SpringApplication.java:1350) ~[spring-boot-3.5.13.jar!/:3.5.13]
2026-08-26T11:48:18.3251171Z 	at com.rvce.scas.ScasApplication.main(ScasApplication.java:20) ~[!/:0.0.1-SNAPSHOT]
2026-08-26T11:48:18.3251199Z 	at java.base/jdk.internal.reflect.NativeMethodAccessorImpl.invoke0(Native Method) ~[na:na]
2026-08-26T11:48:18.3251225Z 	at java.base/jdk.internal.reflect.NativeMethodAccessorImpl.invoke(Unknown Source) ~[na:na]
2026-08-26T11:48:18.3251252Z 	at java.base/jdk.internal.reflect.DelegatingMethodAccessorImpl.invoke(Unknown Source) ~[na:na]
2026-08-26T11:48:18.3251278Z 	at java.base/java.lang.reflect.Method.invoke(Unknown Source) ~[na:na]
2026-08-26T11:48:18.3251303Z 	at org.springframework.boot.loader.launch.Launcher.launch(Launcher.java:106) ~[app.jar:0.0.1-SNAPSHOT]
2026-08-26T11:48:18.3251329Z 	at org.springframework.boot.loader.launch.Launcher.launch(Launcher.java:64) ~[app.jar:0.0.1-SNAPSHOT]
2026-08-26T11:48:18.3251382Z 	at org.springframework.boot.loader.launch.JarLauncher.main(JarLauncher.java:40) ~[app.jar:0.0.1-SNAPSHOT]
2026-08-26T11:48:18.3251402Z 
2026-08-26T11:48:18.4433349Z 2026-08-26T11:48:18.338Z ERROR 1 --- [           main] o.f.c.i.j.TransactionalExecutionTemplate : Unable to restore autocommit to original value for connection
2026-08-26T11:48:18.4433572Z 
2026-08-26T11:48:18.4433605Z java.sql.SQLException: Connection is closed
2026-08-26T11:48:18.4433634Z 	at com.zaxxer.hikari.pool.ProxyConnection$ClosedConnection.lambda$getClosedConnection$0(ProxyConnection.java:562) ~[HikariCP-6.3.3.jar!/:na]
2026-08-26T11:48:18.4433659Z 	at jdk.proxy3/jdk.proxy3.$Proxy119.setAutoCommit(Unknown Source) ~[na:na]
2026-08-26T11:48:18.4433691Z 	at com.zaxxer.hikari.pool.ProxyConnection.setAutoCommit(ProxyConnection.java:412) ~[HikariCP-6.3.3.jar!/:na]
2026-08-26T11:48:18.4496386Z 	at com.zaxxer.hikari.pool.HikariProxyConnection.setAutoCommit(HikariProxyConnection.java) ~[HikariCP-6.3.3.jar!/:na]
2026-08-26T11:48:18.4498437Z 	at org.flywaydb.core.internal.jdbc.TransactionalExecutionTemplate.execute(TransactionalExecutionTemplate.java:90) ~[flyway-core-11.7.2.jar!/:na]
2026-08-26T11:48:18.4498510Z 	at org.flywaydb.core.internal.command.DbMigrate.applyMigrations(DbMigrate.java:282) ~[flyway-core-11.7.2.jar!/:na]
2026-08-26T11:48:18.4498584Z 	at org.flywaydb.core.internal.command.DbMigrate.migrateGroup(DbMigrate.java:255) ~[flyway-core-11.7.2.jar!/:na]
2026-08-26T11:48:18.4498617Z 	at org.flywaydb.core.internal.command.DbMigrate.lambda$migrateAll$0(DbMigrate.java:153) ~[flyway-core-11.7.2.jar!/:na]
2026-08-26T11:48:18.4498649Z 	at org.flywaydb.database.postgresql.PostgreSQLAdvisoryLockTemplate.execute(PostgreSQLAdvisoryLockTemplate.java:77) ~[flyway-database-postgresql-11.7.2.jar!/:na]
2026-08-26T11:48:18.4498680Z 	at org.flywaydb.database.postgresql.PostgreSQLAdvisoryLockTemplate.lambda$execute$0(PostgreSQLAdvisoryLockTemplate.java:60) ~[flyway-database-postgresql-11.7.2.jar!/:na]
2026-08-26T11:48:18.4498710Z 	at org.flywaydb.core.internal.jdbc.TransactionalExecutionTemplate.execute(TransactionalExecutionTemplate.java:59) ~[flyway-core-11.7.2.jar!/:na]
2026-08-26T11:48:18.4498739Z 	at org.flywaydb.database.postgresql.PostgreSQLAdvisoryLockTemplate.execute(PostgreSQLAdvisoryLockTemplate.java:60) ~[flyway-database-postgresql-11.7.2.jar!/:na]
2026-08-26T11:48:18.4498769Z 	at org.flywaydb.database.postgresql.PostgreSQLConnection.lock(PostgreSQLConnection.java:105) ~[flyway-database-postgresql-11.7.2.jar!/:na]
2026-08-26T11:48:18.4498800Z 	at org.flywaydb.core.internal.schemahistory.JdbcTableSchemaHistory.lock(JdbcTableSchemaHistory.java:164) ~[flyway-core-11.7.2.jar!/:na]
2026-08-26T11:48:18.4498826Z 	at org.flywaydb.core.internal.command.DbMigrate.migrateAll(DbMigrate.java:153) ~[flyway-core-11.7.2.jar!/:na]
2026-08-26T11:48:18.4498855Z 	at org.flywaydb.core.internal.command.DbMigrate.migrate(DbMigrate.java:104) ~[flyway-core-11.7.2.jar!/:na]
2026-08-26T11:48:18.4498902Z 	at org.flywaydb.core.Flyway.lambda$migrate$1(Flyway.java:247) ~[flyway-core-11.7.2.jar!/:na]
2026-08-26T11:48:18.4498929Z 	at org.flywaydb.core.FlywayExecutor.execute(FlywayExecutor.java:210) ~[flyway-core-11.7.2.jar!/:na]
2026-08-26T11:48:18.4498954Z 	at org.flywaydb.core.Flyway.migrate(Flyway.java:188) ~[flyway-core-11.7.2.jar!/:na]
2026-08-26T11:48:18.4498985Z 	at org.springframework.boot.autoconfigure.flyway.FlywayMigrationInitializer.afterPropertiesSet(FlywayMigrationInitializer.java:66) ~[spring-boot-autoconfigure-3.5.13.jar!/:3.5.13]
2026-08-26T11:48:18.4499016Z 	at org.springframework.beans.factory.support.AbstractAutowireCapableBeanFactory.invokeInitMethods(AbstractAutowireCapableBeanFactory.java:1873) ~[spring-beans-6.2.17.jar!/:6.2.17]
2026-08-26T11:48:18.4499048Z 	at org.springframework.beans.factory.support.AbstractAutowireCapableBeanFactory.initializeBean(AbstractAutowireCapableBeanFactory.java:1822) ~[spring-beans-6.2.17.jar!/:6.2.17]
2026-08-26T11:48:18.4499079Z 	at org.springframework.beans.factory.support.AbstractAutowireCapableBeanFactory.doCreateBean(AbstractAutowireCapableBeanFactory.java:607) ~[spring-beans-6.2.17.jar!/:6.2.17]
2026-08-26T11:48:18.4499110Z 	at org.springframework.beans.factory.support.AbstractAutowireCapableBeanFactory.createBean(AbstractAutowireCapableBeanFactory.java:529) ~[spring-beans-6.2.17.jar!/:6.2.17]
2026-08-26T11:48:18.4499140Z 	at org.springframework.beans.factory.support.AbstractBeanFactory.lambda$doGetBean$0(AbstractBeanFactory.java:339) ~[spring-beans-6.2.17.jar!/:6.2.17]
2026-08-26T11:48:18.4499169Z 	at org.springframework.beans.factory.support.DefaultSingletonBeanRegistry.getSingleton(DefaultSingletonBeanRegistry.java:373) ~[spring-beans-6.2.17.jar!/:6.2.17]
2026-08-26T11:48:18.4502231Z 	at org.springframework.beans.factory.support.AbstractBeanFactory.doGetBean(AbstractBeanFactory.java:337) ~[spring-beans-6.2.17.jar!/:6.2.17]
2026-08-26T11:48:18.4502322Z 	at org.springframework.beans.factory.support.AbstractBeanFactory.getBean(AbstractBeanFactory.java:202) ~[spring-beans-6.2.17.jar!/:6.2.17]
2026-08-26T11:48:18.4504587Z 	at org.springframework.beans.factory.support.AbstractBeanFactory.doGetBean(AbstractBeanFactory.java:315) ~[spring-beans-6.2.17.jar!/:6.2.17]
2026-08-26T11:48:18.4508314Z 	at org.springframework.beans.factory.support.AbstractBeanFactory.getBean(AbstractBeanFactory.java:207) ~[spring-beans-6.2.17.jar!/:6.2.17]
2026-08-26T11:48:18.4508373Z 	at org.springframework.context.support.AbstractApplicationContext.finishBeanFactoryInitialization(AbstractApplicationContext.java:974) ~[spring-context-6.2.17.jar!/:6.2.17]
2026-08-26T11:48:18.4508403Z 	at org.springframework.context.support.AbstractApplicationContext.refresh(AbstractApplicationContext.java:628) ~[spring-context-6.2.17.jar!/:6.2.17]
2026-08-26T11:48:18.4508435Z 	at org.springframework.boot.web.servlet.context.ServletWebServerApplicationContext.refresh(ServletWebServerApplicationContext.java:146) ~[spring-boot-3.5.13.jar!/:3.5.13]
2026-08-26T11:48:18.4508462Z 	at org.springframework.boot.SpringApplication.refresh(SpringApplication.java:752) ~[spring-boot-3.5.13.jar!/:3.5.13]
2026-08-26T11:48:18.4508489Z 	at org.springframework.boot.SpringApplication.refreshContext(SpringApplication.java:439) ~[spring-boot-3.5.13.jar!/:3.5.13]
2026-08-26T11:48:18.4508515Z 	at org.springframework.boot.SpringApplication.run(SpringApplication.java:318) ~[spring-boot-3.5.13.jar!/:3.5.13]
2026-08-26T11:48:18.4508585Z 	at org.springframework.boot.SpringApplication.run(SpringApplication.java:1361) ~[spring-boot-3.5.13.jar!/:3.5.13]
2026-08-26T11:48:18.4508615Z 	at org.springframework.boot.SpringApplication.run(SpringApplication.java:1350) ~[spring-boot-3.5.13.jar!/:3.5.13]
2026-08-26T11:48:18.4508641Z 	at com.rvce.scas.ScasApplication.main(ScasApplication.java:20) ~[!/:0.0.1-SNAPSHOT]
2026-08-26T11:48:18.4508667Z 	at java.base/jdk.internal.reflect.NativeMethodAccessorImpl.invoke0(Native Method) ~[na:na]
2026-08-26T11:48:18.4508693Z 	at java.base/jdk.internal.reflect.NativeMethodAccessorImpl.invoke(Unknown Source) ~[na:na]
2026-08-26T11:48:18.4508719Z 	at java.base/jdk.internal.reflect.DelegatingMethodAccessorImpl.invoke(Unknown Source) ~[na:na]
2026-08-26T11:48:18.4508743Z 	at java.base/java.lang.reflect.Method.invoke(Unknown Source) ~[na:na]
2026-08-26T11:48:18.4508768Z 	at org.springframework.boot.loader.launch.Launcher.launch(Launcher.java:106) ~[app.jar:0.0.1-SNAPSHOT]
2026-08-26T11:48:18.4508794Z 	at org.springframework.boot.loader.launch.Launcher.launch(Launcher.java:64) ~[app.jar:0.0.1-SNAPSHOT]
2026-08-26T11:48:18.4508822Z 	at org.springframework.boot.loader.launch.JarLauncher.main(JarLauncher.java:40) ~[app.jar:0.0.1-SNAPSHOT]
2026-08-26T11:48:18.4508842Z 
2026-08-26T11:48:18.5262737Z 2026-08-26T11:48:18.519Z ERROR 1 --- [           main] o.f.core.internal.command.DbMigrate      : Migration of schema "public" to version "1 - users roles" failed! Changes successfully rolled back.
2026-08-26T11:48:18.7282247Z 2026-08-26T11:48:18.723Z  WARN 1 --- [           main] ConfigServletWebServerApplicationContext : Exception encountered during context initialization - cancelling refresh attempt: org.springframework.beans.factory.BeanCreationException: Error creating bean with name 'entityManagerFactory' defined in class path resource [org/springframework/boot/autoconfigure/orm/jpa/HibernateJpaConfiguration.class]: Failed to initialize dependency 'flywayInitializer' of LoadTimeWeaverAware bean 'entityManagerFactory': Error creating bean with name 'flywayInitializer' defined in class path resource [org/springframework/boot/autoconfigure/flyway/FlywayAutoConfiguration$FlywayConfiguration.class]: Script V1__users_roles.sql failed
2026-08-26T11:48:18.7282480Z ---------------------------------
2026-08-26T11:48:18.7282508Z SQL State  : 0A000
2026-08-26T11:48:18.7282535Z Error Code : 0
2026-08-26T11:48:18.7282713Z Message    : ERROR: extension "citext" is not allow-listed for users in Azure Database for PostgreSQL
2026-08-26T11:48:18.7282755Z   Hint: to learn how to allow an extension or see the list of allowed extensions, please refer to https://go.microsoft.com/fwlink/?linkid=2301063
2026-08-26T11:48:18.7282791Z Location   : db/migration/V1__users_roles.sql (/app/nested:/app/app.jar/!BOOT-INF/classes/!/db/migration/V1__users_roles.sql)
2026-08-26T11:48:18.7282812Z Line       : 39
2026-08-26T11:48:18.7282838Z Statement  : Run Flyway with -X option to see the actual statement causing the problem
2026-08-26T11:48:18.7282938Z 
2026-08-26T11:48:18.7296047Z 2026-08-26T11:48:18.729Z  INFO 1 --- [           main] com.zaxxer.hikari.HikariDataSource       : HikariPool-1 - Shutdown initiated...
2026-08-26T11:48:20.1822821Z 2026-08-26T11:48:20.166Z  INFO 1 --- [           main] com.zaxxer.hikari.HikariDataSource       : HikariPool-1 - Shutdown completed.
2026-08-26T11:48:20.7672886Z 2026-08-26T11:48:20.765Z  INFO 1 --- [           main] o.apache.catalina.core.StandardService   : Stopping service [Tomcat]
2026-08-26T11:48:21.5077301Z 2026-08-26T11:48:21.469Z  INFO 1 --- [           main] .s.b.a.l.ConditionEvaluationReportLogger : 
2026-08-26T11:48:21.5079758Z 
2026-08-26T11:48:21.5079908Z Error starting ApplicationContext. To display the condition evaluation report re-run your application with 'debug' enabled.
2026-08-26T11:48:22.3206547Z 2026-08-26T11:48:22.293Z ERROR 1 --- [           main] o.s.boot.SpringApplication               : Application run failed
2026-08-26T11:48:22.3206930Z 
2026-08-26T11:48:22.3207075Z org.springframework.beans.factory.BeanCreationException: Error creating bean with name 'entityManagerFactory' defined in class path resource [org/springframework/boot/autoconfigure/orm/jpa/HibernateJpaConfiguration.class]: Failed to initialize dependency 'flywayInitializer' of LoadTimeWeaverAware bean 'entityManagerFactory': Error creating bean with name 'flywayInitializer' defined in class path resource [org/springframework/boot/autoconfigure/flyway/FlywayAutoConfiguration$FlywayConfiguration.class]: Script V1__users_roles.sql failed
2026-08-26T11:48:22.3207103Z ---------------------------------
2026-08-26T11:48:22.3207125Z SQL State  : 0A000
2026-08-26T11:48:22.3207147Z Error Code : 0
2026-08-26T11:48:22.3207174Z Message    : ERROR: extension "citext" is not allow-listed for users in Azure Database for PostgreSQL
2026-08-26T11:48:22.3207204Z   Hint: to learn how to allow an extension or see the list of allowed extensions, please refer to https://go.microsoft.com/fwlink/?linkid=2301063
2026-08-26T11:48:22.3207232Z Location   : db/migration/V1__users_roles.sql (/app/nested:/app/app.jar/!BOOT-INF/classes/!/db/migration/V1__users_roles.sql)
2026-08-26T11:48:22.3207252Z Line       : 39
2026-08-26T11:48:22.3207278Z Statement  : Run Flyway with -X option to see the actual statement causing the problem
2026-08-26T11:48:22.3207297Z 
2026-08-26T11:48:22.3207325Z 	at org.springframework.beans.factory.support.AbstractBeanFactory.doGetBean(AbstractBeanFactory.java:328) ~[spring-beans-6.2.17.jar!/:6.2.17]
2026-08-26T11:48:22.3207378Z 	at org.springframework.beans.factory.support.AbstractBeanFactory.getBean(AbstractBeanFactory.java:207) ~[spring-beans-6.2.17.jar!/:6.2.17]
2026-08-26T11:48:22.3207410Z 	at org.springframework.context.support.AbstractApplicationContext.finishBeanFactoryInitialization(AbstractApplicationContext.java:974) ~[spring-context-6.2.17.jar!/:6.2.17]
2026-08-26T11:48:22.3207440Z 	at org.springframework.context.support.AbstractApplicationContext.refresh(AbstractApplicationContext.java:628) ~[spring-context-6.2.17.jar!/:6.2.17]
2026-08-26T11:48:22.3207471Z 	at org.springframework.boot.web.servlet.context.ServletWebServerApplicationContext.refresh(ServletWebServerApplicationContext.java:146) ~[spring-boot-3.5.13.jar!/:3.5.13]
2026-08-26T11:48:22.3207498Z 	at org.springframework.boot.SpringApplication.refresh(SpringApplication.java:752) ~[spring-boot-3.5.13.jar!/:3.5.13]
2026-08-26T11:48:22.3207525Z 	at org.springframework.boot.SpringApplication.refreshContext(SpringApplication.java:439) ~[spring-boot-3.5.13.jar!/:3.5.13]
2026-08-26T11:48:22.3207552Z 	at org.springframework.boot.SpringApplication.run(SpringApplication.java:318) ~[spring-boot-3.5.13.jar!/:3.5.13]
2026-08-26T11:48:22.3207578Z 	at org.springframework.boot.SpringApplication.run(SpringApplication.java:1361) ~[spring-boot-3.5.13.jar!/:3.5.13]
2026-08-26T11:48:22.3207610Z 	at org.springframework.boot.SpringApplication.run(SpringApplication.java:1350) ~[spring-boot-3.5.13.jar!/:3.5.13]
2026-08-26T11:48:22.3207636Z 	at com.rvce.scas.ScasApplication.main(ScasApplication.java:20) ~[!/:0.0.1-SNAPSHOT]
2026-08-26T11:48:22.3207663Z 	at java.base/jdk.internal.reflect.NativeMethodAccessorImpl.invoke0(Native Method) ~[na:na]
2026-08-26T11:48:22.3207713Z 	at java.base/jdk.internal.reflect.NativeMethodAccessorImpl.invoke(Unknown Source) ~[na:na]
2026-08-26T11:48:22.3207739Z 	at java.base/jdk.internal.reflect.DelegatingMethodAccessorImpl.invoke(Unknown Source) ~[na:na]
2026-08-26T11:48:22.3207762Z 	at java.base/java.lang.reflect.Method.invoke(Unknown Source) ~[na:na]
2026-08-26T11:48:22.3207788Z 	at org.springframework.boot.loader.launch.Launcher.launch(Launcher.java:106) ~[app.jar:0.0.1-SNAPSHOT]
2026-08-26T11:48:22.3207814Z 	at org.springframework.boot.loader.launch.Launcher.launch(Launcher.java:64) ~[app.jar:0.0.1-SNAPSHOT]
2026-08-26T11:48:22.3207841Z 	at org.springframework.boot.loader.launch.JarLauncher.main(JarLauncher.java:40) ~[app.jar:0.0.1-SNAPSHOT]
2026-08-26T11:48:22.3207878Z Caused by: org.springframework.beans.factory.BeanCreationException: Error creating bean with name 'flywayInitializer' defined in class path resource [org/springframework/boot/autoconfigure/flyway/FlywayAutoConfiguration$FlywayConfiguration.class]: Script V1__users_roles.sql failed
2026-08-26T11:48:22.3207902Z ---------------------------------
2026-08-26T11:48:22.3207923Z SQL State  : 0A000
2026-08-26T11:48:22.3207943Z Error Code : 0
2026-08-26T11:48:22.3207970Z Message    : ERROR: extension "citext" is not allow-listed for users in Azure Database for PostgreSQL
2026-08-26T11:48:22.3208018Z   Hint: to learn how to allow an extension or see the list of allowed extensions, please refer to https://go.microsoft.com/fwlink/?linkid=2301063
2026-08-26T11:48:22.3208045Z Location   : db/migration/V1__users_roles.sql (/app/nested:/app/app.jar/!BOOT-INF/classes/!/db/migration/V1__users_roles.sql)
2026-08-26T11:48:22.3208068Z Line       : 39
2026-08-26T11:48:22.3208397Z Statement  : Run Flyway with -X option to see the actual statement causing the problem
2026-08-26T11:48:22.3208424Z 
2026-08-26T11:48:22.3208456Z 	at org.springframework.beans.factory.support.AbstractAutowireCapableBeanFactory.initializeBean(AbstractAutowireCapableBeanFactory.java:1826) ~[spring-beans-6.2.17.jar!/:6.2.17]
2026-08-26T11:48:22.3208486Z 	at org.springframework.beans.factory.support.AbstractAutowireCapableBeanFactory.doCreateBean(AbstractAutowireCapableBeanFactory.java:607) ~[spring-beans-6.2.17.jar!/:6.2.17]
2026-08-26T11:48:22.3208517Z 	at org.springframework.beans.factory.support.AbstractAutowireCapableBeanFactory.createBean(AbstractAutowireCapableBeanFactory.java:529) ~[spring-beans-6.2.17.jar!/:6.2.17]
2026-08-26T11:48:22.3208546Z 	at org.springframework.beans.factory.support.AbstractBeanFactory.lambda$doGetBean$0(AbstractBeanFactory.java:339) ~[spring-beans-6.2.17.jar!/:6.2.17]
2026-08-26T11:48:22.3208575Z 	at org.springframework.beans.factory.support.DefaultSingletonBeanRegistry.getSingleton(DefaultSingletonBeanRegistry.java:373) ~[spring-beans-6.2.17.jar!/:6.2.17]
2026-08-26T11:48:22.3208631Z 	at org.springframework.beans.factory.support.AbstractBeanFactory.doGetBean(AbstractBeanFactory.java:337) ~[spring-beans-6.2.17.jar!/:6.2.17]
2026-08-26T11:48:22.3208661Z 	at org.springframework.beans.factory.support.AbstractBeanFactory.getBean(AbstractBeanFactory.java:202) ~[spring-beans-6.2.17.jar!/:6.2.17]
2026-08-26T11:48:22.3208690Z 	at org.springframework.beans.factory.support.AbstractBeanFactory.doGetBean(AbstractBeanFactory.java:315) ~[spring-beans-6.2.17.jar!/:6.2.17]
2026-08-26T11:48:22.3208713Z 	... 17 common frames omitted
2026-08-26T11:48:22.3208739Z Caused by: org.flywaydb.core.internal.exception.FlywayMigrateException: Script V1__users_roles.sql failed
2026-08-26T11:48:22.3208761Z ---------------------------------
2026-08-26T11:48:22.3208782Z SQL State  : 0A000
2026-08-26T11:48:22.3208802Z Error Code : 0
2026-08-26T11:48:22.3208829Z Message    : ERROR: extension "citext" is not allow-listed for users in Azure Database for PostgreSQL
2026-08-26T11:48:22.3208857Z   Hint: to learn how to allow an extension or see the list of allowed extensions, please refer to https://go.microsoft.com/fwlink/?linkid=2301063
2026-08-26T11:48:22.3208885Z Location   : db/migration/V1__users_roles.sql (/app/nested:/app/app.jar/!BOOT-INF/classes/!/db/migration/V1__users_roles.sql)
2026-08-26T11:48:22.3208906Z Line       : 39
2026-08-26T11:48:22.3208959Z Statement  : Run Flyway with -X option to see the actual statement causing the problem
2026-08-26T11:48:22.3208979Z 
2026-08-26T11:48:22.3209006Z 	at org.flywaydb.core.internal.command.DbMigrate.doMigrateGroup(DbMigrate.java:399) ~[flyway-core-11.7.2.jar!/:na]
2026-08-26T11:48:22.3209033Z 	at org.flywaydb.core.internal.command.DbMigrate.lambda$applyMigrations$1(DbMigrate.java:283) ~[flyway-core-11.7.2.jar!/:na]
2026-08-26T11:48:22.3209063Z 	at org.flywaydb.core.internal.jdbc.TransactionalExecutionTemplate.execute(TransactionalExecutionTemplate.java:59) ~[flyway-core-11.7.2.jar!/:na]
2026-08-26T11:48:22.3209089Z 	at org.flywaydb.core.internal.command.DbMigrate.applyMigrations(DbMigrate.java:282) ~[flyway-core-11.7.2.jar!/:na]
2026-08-26T11:48:22.3209117Z 	at org.flywaydb.core.internal.command.DbMigrate.migrateGroup(DbMigrate.java:255) ~[flyway-core-11.7.2.jar!/:na]
2026-08-26T11:48:22.3209144Z 	at org.flywaydb.core.internal.command.DbMigrate.lambda$migrateAll$0(DbMigrate.java:153) ~[flyway-core-11.7.2.jar!/:na]
2026-08-26T11:48:22.3209174Z 	at org.flywaydb.database.postgresql.PostgreSQLAdvisoryLockTemplate.execute(PostgreSQLAdvisoryLockTemplate.java:77) ~[flyway-database-postgresql-11.7.2.jar!/:na]
2026-08-26T11:48:22.3209204Z 	at org.flywaydb.database.postgresql.PostgreSQLAdvisoryLockTemplate.lambda$execute$0(PostgreSQLAdvisoryLockTemplate.java:60) ~[flyway-database-postgresql-11.7.2.jar!/:na]
2026-08-26T11:48:22.3209232Z 	at org.flywaydb.core.internal.jdbc.TransactionalExecutionTemplate.execute(TransactionalExecutionTemplate.java:59) ~[flyway-core-11.7.2.jar!/:na]
2026-08-26T11:48:22.3209284Z 	at org.flywaydb.database.postgresql.PostgreSQLAdvisoryLockTemplate.execute(PostgreSQLAdvisoryLockTemplate.java:60) ~[flyway-database-postgresql-11.7.2.jar!/:na]
2026-08-26T11:48:22.3209314Z 	at org.flywaydb.database.postgresql.PostgreSQLConnection.lock(PostgreSQLConnection.java:105) ~[flyway-database-postgresql-11.7.2.jar!/:na]
2026-08-26T11:48:22.3209342Z 	at org.flywaydb.core.internal.schemahistory.JdbcTableSchemaHistory.lock(JdbcTableSchemaHistory.java:164) ~[flyway-core-11.7.2.jar!/:na]
2026-08-26T11:48:22.3209370Z 	at org.flywaydb.core.internal.command.DbMigrate.migrateAll(DbMigrate.java:153) ~[flyway-core-11.7.2.jar!/:na]
2026-08-26T11:48:22.3209400Z 	at org.flywaydb.core.internal.command.DbMigrate.migrate(DbMigrate.java:104) ~[flyway-core-11.7.2.jar!/:na]
2026-08-26T11:48:22.3209426Z 	at org.flywaydb.core.Flyway.lambda$migrate$1(Flyway.java:247) ~[flyway-core-11.7.2.jar!/:na]
2026-08-26T11:48:22.3209452Z 	at org.flywaydb.core.FlywayExecutor.execute(FlywayExecutor.java:210) ~[flyway-core-11.7.2.jar!/:na]
2026-08-26T11:48:22.3209527Z 	at org.flywaydb.core.Flyway.migrate(Flyway.java:188) ~[flyway-core-11.7.2.jar!/:na]
2026-08-26T11:48:22.3209562Z 	at org.springframework.boot.autoconfigure.flyway.FlywayMigrationInitializer.afterPropertiesSet(FlywayMigrationInitializer.java:66) ~[spring-boot-autoconfigure-3.5.13.jar!/:3.5.13]
2026-08-26T11:48:22.3209594Z 	at org.springframework.beans.factory.support.AbstractAutowireCapableBeanFactory.invokeInitMethods(AbstractAutowireCapableBeanFactory.java:1873) ~[spring-beans-6.2.17.jar!/:6.2.17]
2026-08-26T11:48:22.3209648Z 	at org.springframework.beans.factory.support.AbstractAutowireCapableBeanFactory.initializeBean(AbstractAutowireCapableBeanFactory.java:1822) ~[spring-beans-6.2.17.jar!/:6.2.17]
2026-08-26T11:48:22.3209670Z 	... 24 common frames omitted
2026-08-26T11:48:22.3209697Z Caused by: org.flywaydb.core.internal.sqlscript.FlywaySqlScriptException: Script V1__users_roles.sql failed
2026-08-26T11:48:22.3209719Z ---------------------------------
2026-08-26T11:48:22.3209739Z SQL State  : 0A000
2026-08-26T11:48:22.3209759Z Error Code : 0
2026-08-26T11:48:22.3209785Z Message    : ERROR: extension "citext" is not allow-listed for users in Azure Database for PostgreSQL
2026-08-26T11:48:22.3209818Z   Hint: to learn how to allow an extension or see the list of allowed extensions, please refer to https://go.microsoft.com/fwlink/?linkid=2301063
2026-08-26T11:48:22.3209845Z Location   : db/migration/V1__users_roles.sql (/app/nested:/app/app.jar/!BOOT-INF/classes/!/db/migration/V1__users_roles.sql)
2026-08-26T11:48:22.3209866Z Line       : 39
2026-08-26T11:48:22.3209892Z Statement  : Run Flyway with -X option to see the actual statement causing the problem
2026-08-26T11:48:22.3209911Z 
2026-08-26T11:48:22.3209961Z 	at org.flywaydb.core.internal.sqlscript.DefaultSqlScriptExecutor.handleException(DefaultSqlScriptExecutor.java:256) ~[flyway-core-11.7.2.jar!/:na]
2026-08-26T11:48:22.3209991Z 	at org.flywaydb.core.internal.sqlscript.DefaultSqlScriptExecutor.executeStatement(DefaultSqlScriptExecutor.java:217) ~[flyway-core-11.7.2.jar!/:na]
2026-08-26T11:48:22.3210019Z 	at org.flywaydb.core.internal.sqlscript.DefaultSqlScriptExecutor.execute(DefaultSqlScriptExecutor.java:137) ~[flyway-core-11.7.2.jar!/:na]
2026-08-26T11:48:22.3210048Z 	at org.flywaydb.core.internal.resolver.sql.SqlMigrationExecutor.executeOnce(SqlMigrationExecutor.java:75) ~[flyway-core-11.7.2.jar!/:na]
2026-08-26T11:48:22.3210076Z 	at org.flywaydb.core.internal.resolver.sql.SqlMigrationExecutor.lambda$execute$0(SqlMigrationExecutor.java:66) ~[flyway-core-11.7.2.jar!/:na]
2026-08-26T11:48:22.3210105Z 	at org.flywaydb.core.internal.database.DefaultExecutionStrategy.execute(DefaultExecutionStrategy.java:31) ~[flyway-core-11.7.2.jar!/:na]
2026-08-26T11:48:22.3210134Z 	at org.flywaydb.core.internal.resolver.sql.SqlMigrationExecutor.execute(SqlMigrationExecutor.java:65) ~[flyway-core-11.7.2.jar!/:na]
2026-08-26T11:48:22.3210160Z 	at org.flywaydb.core.internal.command.DbMigrate.doMigrateGroup(DbMigrate.java:391) ~[flyway-core-11.7.2.jar!/:na]
2026-08-26T11:48:22.3210181Z 	... 43 common frames omitted
2026-08-26T11:48:22.3210209Z Caused by: org.postgresql.util.PSQLException: ERROR: extension "citext" is not allow-listed for users in Azure Database for PostgreSQL
2026-08-26T11:48:22.3210237Z   Hint: to learn how to allow an extension or see the list of allowed extensions, please refer to https://go.microsoft.com/fwlink/?linkid=2301063
2026-08-26T11:48:22.3210293Z 	at org.postgresql.core.v3.QueryExecutorImpl.receiveErrorResponse(QueryExecutorImpl.java:2875) ~[postgresql-42.7.10.jar!/:42.7.10]
2026-08-26T11:48:22.3210321Z 	at org.postgresql.core.v3.QueryExecutorImpl.processResults(QueryExecutorImpl.java:2560) ~[postgresql-42.7.10.jar!/:42.7.10]
2026-08-26T11:48:22.3210348Z 	at org.postgresql.core.v3.QueryExecutorImpl.execute(QueryExecutorImpl.java:429) ~[postgresql-42.7.10.jar!/:42.7.10]
2026-08-26T11:48:22.3210375Z 	at org.postgresql.jdbc.PgStatement.executeInternal(PgStatement.java:526) ~[postgresql-42.7.10.jar!/:42.7.10]
2026-08-26T11:48:22.3210400Z 	at org.postgresql.jdbc.PgStatement.execute(PgStatement.java:436) ~[postgresql-42.7.10.jar!/:42.7.10]
2026-08-26T11:48:22.3210427Z 	at org.postgresql.jdbc.PgStatement.executeWithFlags(PgStatement.java:358) ~[postgresql-42.7.10.jar!/:42.7.10]
2026-08-26T11:48:22.3210453Z 	at org.postgresql.jdbc.PgStatement.executeCachedSql(PgStatement.java:343) ~[postgresql-42.7.10.jar!/:42.7.10]
2026-08-26T11:48:22.3210479Z 	at org.postgresql.jdbc.PgStatement.executeWithFlags(PgStatement.java:319) ~[postgresql-42.7.10.jar!/:42.7.10]
2026-08-26T11:48:22.3210507Z 	at org.postgresql.jdbc.PgStatement.execute(PgStatement.java:314) ~[postgresql-42.7.10.jar!/:42.7.10]
2026-08-26T11:48:22.3210533Z 	at com.zaxxer.hikari.pool.ProxyStatement.execute(ProxyStatement.java:95) ~[HikariCP-6.3.3.jar!/:na]
2026-08-26T11:48:22.3210586Z 	at com.zaxxer.hikari.pool.HikariProxyStatement.execute(HikariProxyStatement.java) ~[HikariCP-6.3.3.jar!/:na]
2026-08-26T11:48:22.3210615Z 	at org.flywaydb.core.internal.jdbc.JdbcTemplate.executeStatement(JdbcTemplate.java:215) ~[flyway-core-11.7.2.jar!/:na]
2026-08-26T11:48:22.3210683Z 	at org.flywaydb.core.internal.sqlscript.ParsedSqlStatement.execute(ParsedSqlStatement.java:88) ~[flyway-core-11.7.2.jar!/:na]
2026-08-26T11:48:22.3210715Z 	at org.flywaydb.core.internal.sqlscript.DefaultSqlScriptExecutor.executeStatement(DefaultSqlScriptExecutor.java:212) ~[flyway-core-11.7.2.jar!/:na]
2026-08-26T11:48:22.3210737Z 	... 49 common frames omitted
2026-08-26T11:48:22.3210755Z 
2026-08-26T12:25:06.1188455Z 
2026-08-26T12:25:06.1242540Z   .   ____          _            __ _ _
2026-08-26T12:25:06.1242677Z  /\\ / ___'_ __ _ _(_)_ __  __ _ \ \ \ \
2026-08-26T12:25:06.1242711Z ( ( )\___ | '_ | '_| | '_ \/ _` | \ \ \ \
2026-08-26T12:25:06.1242742Z  \\/  ___)| |_)| | | | | || (_| |  ) ) ) )
2026-08-26T12:25:06.1242764Z   '  |____| .__|_| |_|_| |_\__, | / / / /
2026-08-26T12:25:06.1242786Z  =========|_|==============|___/=/_/_/_/
2026-08-26T12:25:06.1242805Z 
2026-08-26T12:25:06.1242829Z  :: Spring Boot ::               (v3.5.13)
2026-08-26T12:25:06.1242847Z 
2026-08-26T12:25:07.3366354Z 2026-08-26T12:25:07.316Z  INFO 1 --- [           main] com.rvce.scas.ScasApplication            : Starting ScasApplication v0.0.1-SNAPSHOT using Java 17.0.20 with PID 1 (/app/app.jar started by root in /app)
2026-08-26T12:25:07.3825279Z 2026-08-26T12:25:07.366Z  INFO 1 --- [           main] com.rvce.scas.ScasApplication            : The following 1 profile is active: "prod"
2026-08-26T12:25:25.8023615Z 2026-08-26T12:25:25.801Z  INFO 1 --- [           main] .s.d.r.c.RepositoryConfigurationDelegate : Multiple Spring Data modules found, entering strict repository configuration mode
2026-08-26T12:25:25.8518098Z 2026-08-26T12:25:25.851Z  INFO 1 --- [           main] .s.d.r.c.RepositoryConfigurationDelegate : Bootstrapping Spring Data JPA repositories in DEFAULT mode.
2026-08-26T12:25:28.0300902Z 2026-08-26T12:25:28.029Z  INFO 1 --- [           main] .s.d.r.c.RepositoryConfigurationDelegate : Finished Spring Data repository scanning in 2031 ms. Found 12 JPA repository interfaces.
2026-08-26T12:25:28.2835782Z 2026-08-26T12:25:28.283Z  INFO 1 --- [           main] .s.d.r.c.RepositoryConfigurationDelegate : Multiple Spring Data modules found, entering strict repository configuration mode
2026-08-26T12:25:28.3041417Z 2026-08-26T12:25:28.303Z  INFO 1 --- [           main] .s.d.r.c.RepositoryConfigurationDelegate : Bootstrapping Spring Data Redis repositories in DEFAULT mode.
2026-08-26T12:25:28.5350210Z 2026-08-26T12:25:28.526Z  INFO 1 --- [           main] .RepositoryConfigurationExtensionSupport : Spring Data Redis - Could not safely identify store assignment for repository candidate interface com.rvce.scas.repository.DepartmentRepository; If you want this repository to be a Redis repository, consider annotating your entities with one of these annotations: org.springframework.data.redis.core.RedisHash (preferred), or consider extending one of the following types with your repository: org.springframework.data.keyvalue.repository.KeyValueRepository
2026-08-26T12:25:28.5365656Z 2026-08-26T12:25:28.536Z  INFO 1 --- [           main] .RepositoryConfigurationExtensionSupport : Spring Data Redis - Could not safely identify store assignment for repository candidate interface com.rvce.scas.repository.ExamHallRepository; If you want this repository to be a Redis repository, consider annotating your entities with one of these annotations: org.springframework.data.redis.core.RedisHash (preferred), or consider extending one of the following types with your repository: org.springframework.data.keyvalue.repository.KeyValueRepository
2026-08-26T12:25:28.5448270Z 2026-08-26T12:25:28.544Z  INFO 1 --- [           main] .RepositoryConfigurationExtensionSupport : Spring Data Redis - Could not safely identify store assignment for repository candidate interface com.rvce.scas.repository.ExamSeatRepository; If you want this repository to be a Redis repository, consider annotating your entities with one of these annotations: org.springframework.data.redis.core.RedisHash (preferred), or consider extending one of the following types with your repository: org.springframework.data.keyvalue.repository.KeyValueRepository
2026-08-26T12:25:28.5458401Z 2026-08-26T12:25:28.545Z  INFO 1 --- [           main] .RepositoryConfigurationExtensionSupport : Spring Data Redis - Could not safely identify store assignment for repository candidate interface com.rvce.scas.repository.ExamSessionRepository; If you want this repository to be a Redis repository, consider annotating your entities with one of these annotations: org.springframework.data.redis.core.RedisHash (preferred), or consider extending one of the following types with your repository: org.springframework.data.keyvalue.repository.KeyValueRepository
2026-08-26T12:25:28.5468173Z 2026-08-26T12:25:28.546Z  INFO 1 --- [           main] .RepositoryConfigurationExtensionSupport : Spring Data Redis - Could not safely identify store assignment for repository candidate interface com.rvce.scas.repository.ExamStudentRepository; If you want this repository to be a Redis repository, consider annotating your entities with one of these annotations: org.springframework.data.redis.core.RedisHash (preferred), or consider extending one of the following types with your repository: org.springframework.data.keyvalue.repository.KeyValueRepository
2026-08-26T12:25:28.5482321Z 2026-08-26T12:25:28.548Z  INFO 1 --- [           main] .RepositoryConfigurationExtensionSupport : Spring Data Redis - Could not safely identify store assignment for repository candidate interface com.rvce.scas.repository.NotificationRepository; If you want this repository to be a Redis repository, consider annotating your entities with one of these annotations: org.springframework.data.redis.core.RedisHash (preferred), or consider extending one of the following types with your repository: org.springframework.data.keyvalue.repository.KeyValueRepository
2026-08-26T12:25:28.5636282Z 2026-08-26T12:25:28.554Z  INFO 1 --- [           main] .RepositoryConfigurationExtensionSupport : Spring Data Redis - Could not safely identify store assignment for repository candidate interface com.rvce.scas.repository.PasswordResetTokenRepository; If you want this repository to be a Redis repository, consider annotating your entities with one of these annotations: org.springframework.data.redis.core.RedisHash (preferred), or consider extending one of the following types with your repository: org.springframework.data.keyvalue.repository.KeyValueRepository
2026-08-26T12:25:28.5636417Z 2026-08-26T12:25:28.555Z  INFO 1 --- [           main] .RepositoryConfigurationExtensionSupport : Spring Data Redis - Could not safely identify store assignment for repository candidate interface com.rvce.scas.repository.RoleRepository; If you want this repository to be a Redis repository, consider annotating your entities with one of these annotations: org.springframework.data.redis.core.RedisHash (preferred), or consider extending one of the following types with your repository: org.springframework.data.keyvalue.repository.KeyValueRepository
2026-08-26T12:25:28.5636514Z 2026-08-26T12:25:28.555Z  INFO 1 --- [           main] .RepositoryConfigurationExtensionSupport : Spring Data Redis - Could not safely identify store assignment for repository candidate interface com.rvce.scas.repository.RoomRepository; If you want this repository to be a Redis repository, consider annotating your entities with one of these annotations: org.springframework.data.redis.core.RedisHash (preferred), or consider extending one of the following types with your repository: org.springframework.data.keyvalue.repository.KeyValueRepository
2026-08-26T12:25:28.5636562Z 2026-08-26T12:25:28.555Z  INFO 1 --- [           main] .RepositoryConfigurationExtensionSupport : Spring Data Redis - Could not safely identify store assignment for repository candidate interface com.rvce.scas.repository.TimetableSlotRepository; If you want this repository to be a Redis repository, consider annotating your entities with one of these annotations: org.springframework.data.redis.core.RedisHash (preferred), or consider extending one of the following types with your repository: org.springframework.data.keyvalue.repository.KeyValueRepository
2026-08-26T12:25:28.5636609Z 2026-08-26T12:25:28.556Z  INFO 1 --- [           main] .RepositoryConfigurationExtensionSupport : Spring Data Redis - Could not safely identify store assignment for repository candidate interface com.rvce.scas.repository.UserRepository; If you want this repository to be a Redis repository, consider annotating your entities with one of these annotations: org.springframework.data.redis.core.RedisHash (preferred), or consider extending one of the following types with your repository: org.springframework.data.keyvalue.repository.KeyValueRepository
2026-08-26T12:25:28.5636653Z 2026-08-26T12:25:28.556Z  INFO 1 --- [           main] .RepositoryConfigurationExtensionSupport : Spring Data Redis - Could not safely identify store assignment for repository candidate interface com.rvce.scas.repository.UserRoleRepository; If you want this repository to be a Redis repository, consider annotating your entities with one of these annotations: org.springframework.data.redis.core.RedisHash (preferred), or consider extending one of the following types with your repository: org.springframework.data.keyvalue.repository.KeyValueRepository
2026-08-26T12:25:28.5636680Z 2026-08-26T12:25:28.556Z  INFO 1 --- [           main] .s.d.r.c.RepositoryConfigurationDelegate : Finished Spring Data repository scanning in 116 ms. Found 0 Redis repository interfaces.
2026-08-26T12:25:36.8184405Z 2026-08-26T12:25:36.804Z  INFO 1 --- [           main] o.s.b.w.embedded.tomcat.TomcatWebServer  : Tomcat initialized with port 8080 (http)
2026-08-26T12:25:37.0047865Z 2026-08-26T12:25:37.004Z  INFO 1 --- [           main] o.apache.catalina.core.StandardService   : Starting service [Tomcat]
2026-08-26T12:25:37.0073086Z 2026-08-26T12:25:37.007Z  INFO 1 --- [           main] o.apache.catalina.core.StandardEngine    : Starting Servlet engine: [Apache Tomcat/10.1.53]
2026-08-26T12:25:38.4044068Z 2026-08-26T12:25:38.404Z  INFO 1 --- [           main] o.a.c.c.C.[Tomcat].[localhost].[/]       : Initializing Spring embedded WebApplicationContext
2026-08-26T12:25:38.4243318Z 2026-08-26T12:25:38.423Z  INFO 1 --- [           main] w.s.c.ServletWebServerApplicationContext : Root WebApplicationContext: initialization completed in 30540 ms
2026-08-26T12:26:09.8945531Z 2026-08-26T12:26:09.778Z  INFO 1 --- [           main] com.zaxxer.hikari.HikariDataSource       : HikariPool-1 - Starting...
2026-08-26T12:26:13.2473684Z 2026-08-26T12:26:13.231Z  INFO 1 --- [           main] com.zaxxer.hikari.pool.HikariPool        : HikariPool-1 - Added connection org.postgresql.jdbc.PgConnection@3c34c491
2026-08-26T12:26:13.2697777Z 2026-08-26T12:26:13.269Z  INFO 1 --- [           main] com.zaxxer.hikari.HikariDataSource       : HikariPool-1 - Start completed.
2026-08-26T12:26:13.8322272Z 2026-08-26T12:26:13.831Z  INFO 1 --- [           main] org.flywaydb.core.FlywayExecutor         : Database: jdbc:postgresql://scas-postgres-k23.postgres.database.azure.com:5432/scasdb?sslmode=require (PostgreSQL 16.14)
2026-08-26T12:26:14.7950947Z 2026-08-26T12:26:14.794Z  INFO 1 --- [           main] o.f.core.internal.command.DbValidate     : Successfully validated 27 migrations (execution time 00:00.593s)
2026-08-26T12:26:15.0557758Z 2026-08-26T12:26:15.055Z  INFO 1 --- [           main] o.f.core.internal.command.DbMigrate      : Current version of schema "public": << Empty Schema >>
2026-08-26T12:26:15.5212106Z 2026-08-26T12:26:15.520Z  INFO 1 --- [           main] o.f.core.internal.command.DbMigrate      : Migrating schema "public" to version "1 - users roles"
2026-08-26T12:26:15.7628845Z 2026-08-26T12:26:15.673Z  WARN 1 --- [           main] com.zaxxer.hikari.pool.ProxyConnection   : HikariPool-1 - Connection org.postgresql.jdbc.PgConnection@56ed2baf marked as broken because of SQLSTATE(0A000), ErrorCode(0)
2026-08-26T12:26:15.7629448Z 
2026-08-26T12:26:15.7629482Z org.postgresql.util.PSQLException: ERROR: extension "citext" is not allow-listed for users in Azure Database for PostgreSQL
2026-08-26T12:26:15.7629509Z   Hint: to learn how to allow an extension or see the list of allowed extensions, please refer to https://go.microsoft.com/fwlink/?linkid=2301063
2026-08-26T12:26:15.7629535Z 	at org.postgresql.core.v3.QueryExecutorImpl.receiveErrorResponse(QueryExecutorImpl.java:2875) ~[postgresql-42.7.10.jar!/:42.7.10]
2026-08-26T12:26:15.7629560Z 	at org.postgresql.core.v3.QueryExecutorImpl.processResults(QueryExecutorImpl.java:2560) ~[postgresql-42.7.10.jar!/:42.7.10]
2026-08-26T12:26:15.7629586Z 	at org.postgresql.core.v3.QueryExecutorImpl.execute(QueryExecutorImpl.java:429) ~[postgresql-42.7.10.jar!/:42.7.10]
2026-08-26T12:26:15.7629612Z 	at org.postgresql.jdbc.PgStatement.executeInternal(PgStatement.java:526) ~[postgresql-42.7.10.jar!/:42.7.10]
2026-08-26T12:26:15.7629716Z 	at org.postgresql.jdbc.PgStatement.execute(PgStatement.java:436) ~[postgresql-42.7.10.jar!/:42.7.10]
2026-08-26T12:26:15.7629742Z 	at org.postgresql.jdbc.PgStatement.executeWithFlags(PgStatement.java:358) ~[postgresql-42.7.10.jar!/:42.7.10]
2026-08-26T12:26:15.7629766Z 	at org.postgresql.jdbc.PgStatement.executeCachedSql(PgStatement.java:343) ~[postgresql-42.7.10.jar!/:42.7.10]
2026-08-26T12:26:15.7629816Z 	at org.postgresql.jdbc.PgStatement.executeWithFlags(PgStatement.java:319) ~[postgresql-42.7.10.jar!/:42.7.10]
2026-08-26T12:26:15.7629840Z 	at org.postgresql.jdbc.PgStatement.execute(PgStatement.java:314) ~[postgresql-42.7.10.jar!/:42.7.10]
2026-08-26T12:26:15.7629864Z 	at com.zaxxer.hikari.pool.ProxyStatement.execute(ProxyStatement.java:95) ~[HikariCP-6.3.3.jar!/:na]
2026-08-26T12:26:15.7629890Z 	at com.zaxxer.hikari.pool.HikariProxyStatement.execute(HikariProxyStatement.java) ~[HikariCP-6.3.3.jar!/:na]
2026-08-26T12:26:15.7629915Z 	at org.flywaydb.core.internal.jdbc.JdbcTemplate.executeStatement(JdbcTemplate.java:215) ~[flyway-core-11.7.2.jar!/:na]
2026-08-26T12:26:15.7629942Z 	at org.flywaydb.core.internal.sqlscript.ParsedSqlStatement.execute(ParsedSqlStatement.java:88) ~[flyway-core-11.7.2.jar!/:na]
2026-08-26T12:26:15.7629970Z 	at org.flywaydb.core.internal.sqlscript.DefaultSqlScriptExecutor.executeStatement(DefaultSqlScriptExecutor.java:212) ~[flyway-core-11.7.2.jar!/:na]
2026-08-26T12:26:15.7629996Z 	at org.flywaydb.core.internal.sqlscript.DefaultSqlScriptExecutor.execute(DefaultSqlScriptExecutor.java:137) ~[flyway-core-11.7.2.jar!/:na]
2026-08-26T12:26:15.7630022Z 	at org.flywaydb.core.internal.resolver.sql.SqlMigrationExecutor.executeOnce(SqlMigrationExecutor.java:75) ~[flyway-core-11.7.2.jar!/:na]
2026-08-26T12:26:15.7630049Z 	at org.flywaydb.core.internal.resolver.sql.SqlMigrationExecutor.lambda$execute$0(SqlMigrationExecutor.java:66) ~[flyway-core-11.7.2.jar!/:na]
2026-08-26T12:26:15.7630097Z 	at org.flywaydb.core.internal.database.DefaultExecutionStrategy.execute(DefaultExecutionStrategy.java:31) ~[flyway-core-11.7.2.jar!/:na]
2026-08-26T12:26:15.7630125Z 	at org.flywaydb.core.internal.resolver.sql.SqlMigrationExecutor.execute(SqlMigrationExecutor.java:65) ~[flyway-core-11.7.2.jar!/:na]
2026-08-26T12:26:15.7630150Z 	at org.flywaydb.core.internal.command.DbMigrate.doMigrateGroup(DbMigrate.java:391) ~[flyway-core-11.7.2.jar!/:na]
2026-08-26T12:26:15.7630176Z 	at org.flywaydb.core.internal.command.DbMigrate.lambda$applyMigrations$1(DbMigrate.java:283) ~[flyway-core-11.7.2.jar!/:na]
2026-08-26T12:26:15.7630204Z 	at org.flywaydb.core.internal.jdbc.TransactionalExecutionTemplate.execute(TransactionalExecutionTemplate.java:59) ~[flyway-core-11.7.2.jar!/:na]
2026-08-26T12:26:15.7630229Z 	at org.flywaydb.core.internal.command.DbMigrate.applyMigrations(DbMigrate.java:282) ~[flyway-core-11.7.2.jar!/:na]
2026-08-26T12:26:15.7630254Z 	at org.flywaydb.core.internal.command.DbMigrate.migrateGroup(DbMigrate.java:255) ~[flyway-core-11.7.2.jar!/:na]
2026-08-26T12:26:15.7630279Z 	at org.flywaydb.core.internal.command.DbMigrate.lambda$migrateAll$0(DbMigrate.java:153) ~[flyway-core-11.7.2.jar!/:na]
2026-08-26T12:26:15.7630306Z 	at org.flywaydb.database.postgresql.PostgreSQLAdvisoryLockTemplate.execute(PostgreSQLAdvisoryLockTemplate.java:77) ~[flyway-database-postgresql-11.7.2.jar!/:na]
2026-08-26T12:26:15.7630336Z 	at org.flywaydb.database.postgresql.PostgreSQLAdvisoryLockTemplate.lambda$execute$0(PostgreSQLAdvisoryLockTemplate.java:60) ~[flyway-database-postgresql-11.7.2.jar!/:na]
2026-08-26T12:26:15.7630363Z 	at org.flywaydb.core.internal.jdbc.TransactionalExecutionTemplate.execute(TransactionalExecutionTemplate.java:59) ~[flyway-core-11.7.2.jar!/:na]
2026-08-26T12:26:15.7630697Z 	at org.flywaydb.database.postgresql.PostgreSQLAdvisoryLockTemplate.execute(PostgreSQLAdvisoryLockTemplate.java:60) ~[flyway-database-postgresql-11.7.2.jar!/:na]
2026-08-26T12:26:15.7630731Z 	at org.flywaydb.database.postgresql.PostgreSQLConnection.lock(PostgreSQLConnection.java:105) ~[flyway-database-postgresql-11.7.2.jar!/:na]
2026-08-26T12:26:15.7630758Z 	at org.flywaydb.core.internal.schemahistory.JdbcTableSchemaHistory.lock(JdbcTableSchemaHistory.java:164) ~[flyway-core-11.7.2.jar!/:na]
2026-08-26T12:26:15.7630782Z 	at org.flywaydb.core.internal.command.DbMigrate.migrateAll(DbMigrate.java:153) ~[flyway-core-11.7.2.jar!/:na]
2026-08-26T12:26:15.7630807Z 	at org.flywaydb.core.internal.command.DbMigrate.migrate(DbMigrate.java:104) ~[flyway-core-11.7.2.jar!/:na]
2026-08-26T12:26:15.7630831Z 	at org.flywaydb.core.Flyway.lambda$migrate$1(Flyway.java:247) ~[flyway-core-11.7.2.jar!/:na]
2026-08-26T12:26:15.7630857Z 	at org.flywaydb.core.FlywayExecutor.execute(FlywayExecutor.java:210) ~[flyway-core-11.7.2.jar!/:na]
2026-08-26T12:26:15.7630881Z 	at org.flywaydb.core.Flyway.migrate(Flyway.java:188) ~[flyway-core-11.7.2.jar!/:na]
2026-08-26T12:26:15.7630909Z 	at org.springframework.boot.autoconfigure.flyway.FlywayMigrationInitializer.afterPropertiesSet(FlywayMigrationInitializer.java:66) ~[spring-boot-autoconfigure-3.5.13.jar!/:3.5.13]
2026-08-26T12:26:15.7630939Z 	at org.springframework.beans.factory.support.AbstractAutowireCapableBeanFactory.invokeInitMethods(AbstractAutowireCapableBeanFactory.java:1873) ~[spring-beans-6.2.17.jar!/:6.2.17]
2026-08-26T12:26:15.7630987Z 	at org.springframework.beans.factory.support.AbstractAutowireCapableBeanFactory.initializeBean(AbstractAutowireCapableBeanFactory.java:1822) ~[spring-beans-6.2.17.jar!/:6.2.17]
2026-08-26T12:26:15.7631015Z 	at org.springframework.beans.factory.support.AbstractAutowireCapableBeanFactory.doCreateBean(AbstractAutowireCapableBeanFactory.java:607) ~[spring-beans-6.2.17.jar!/:6.2.17]
2026-08-26T12:26:15.7631043Z 	at org.springframework.beans.factory.support.AbstractAutowireCapableBeanFactory.createBean(AbstractAutowireCapableBeanFactory.java:529) ~[spring-beans-6.2.17.jar!/:6.2.17]
2026-08-26T12:26:15.7631069Z 	at org.springframework.beans.factory.support.AbstractBeanFactory.lambda$doGetBean$0(AbstractBeanFactory.java:339) ~[spring-beans-6.2.17.jar!/:6.2.17]
2026-08-26T12:26:15.7631100Z 	at org.springframework.beans.factory.support.DefaultSingletonBeanRegistry.getSingleton(DefaultSingletonBeanRegistry.java:373) ~[spring-beans-6.2.17.jar!/:6.2.17]
2026-08-26T12:26:15.7631125Z 	at org.springframework.beans.factory.support.AbstractBeanFactory.doGetBean(AbstractBeanFactory.java:337) ~[spring-beans-6.2.17.jar!/:6.2.17]
2026-08-26T12:26:15.7631373Z 	at org.springframework.beans.factory.support.AbstractBeanFactory.getBean(AbstractBeanFactory.java:202) ~[spring-beans-6.2.17.jar!/:6.2.17]
2026-08-26T12:26:15.7631403Z 	at org.springframework.beans.factory.support.AbstractBeanFactory.doGetBean(AbstractBeanFactory.java:315) ~[spring-beans-6.2.17.jar!/:6.2.17]
2026-08-26T12:26:15.7631429Z 	at org.springframework.beans.factory.support.AbstractBeanFactory.getBean(AbstractBeanFactory.java:207) ~[spring-beans-6.2.17.jar!/:6.2.17]
2026-08-26T12:26:15.7631476Z 	at org.springframework.context.support.AbstractApplicationContext.finishBeanFactoryInitialization(AbstractApplicationContext.java:974) ~[spring-context-6.2.17.jar!/:6.2.17]
2026-08-26T12:26:15.7631504Z 	at org.springframework.context.support.AbstractApplicationContext.refresh(AbstractApplicationContext.java:628) ~[spring-context-6.2.17.jar!/:6.2.17]
2026-08-26T12:26:15.7631532Z 	at org.springframework.boot.web.servlet.context.ServletWebServerApplicationContext.refresh(ServletWebServerApplicationContext.java:146) ~[spring-boot-3.5.13.jar!/:3.5.13]
2026-08-26T12:26:15.7631560Z 	at org.springframework.boot.SpringApplication.refresh(SpringApplication.java:752) ~[spring-boot-3.5.13.jar!/:3.5.13]
2026-08-26T12:26:15.7631586Z 	at org.springframework.boot.SpringApplication.refreshContext(SpringApplication.java:439) ~[spring-boot-3.5.13.jar!/:3.5.13]
2026-08-26T12:26:15.7631612Z 	at org.springframework.boot.SpringApplication.run(SpringApplication.java:318) ~[spring-boot-3.5.13.jar!/:3.5.13]
2026-08-26T12:26:15.7631638Z 	at org.springframework.boot.SpringApplication.run(SpringApplication.java:1361) ~[spring-boot-3.5.13.jar!/:3.5.13]
2026-08-26T12:26:15.7631827Z 	at org.springframework.boot.SpringApplication.run(SpringApplication.java:1350) ~[spring-boot-3.5.13.jar!/:3.5.13]
2026-08-26T12:26:15.7631852Z 	at com.rvce.scas.ScasApplication.main(ScasApplication.java:20) ~[!/:0.0.1-SNAPSHOT]
2026-08-26T12:26:15.7631877Z 	at java.base/jdk.internal.reflect.NativeMethodAccessorImpl.invoke0(Native Method) ~[na:na]
2026-08-26T12:26:15.7631902Z 	at java.base/jdk.internal.reflect.NativeMethodAccessorImpl.invoke(Unknown Source) ~[na:na]
2026-08-26T12:26:15.7631948Z 	at java.base/jdk.internal.reflect.DelegatingMethodAccessorImpl.invoke(Unknown Source) ~[na:na]
2026-08-26T12:26:15.7632018Z 	at java.base/java.lang.reflect.Method.invoke(Unknown Source) ~[na:na]
2026-08-26T12:26:15.7632047Z 	at org.springframework.boot.loader.launch.Launcher.launch(Launcher.java:106) ~[app.jar:0.0.1-SNAPSHOT]
2026-08-26T12:26:15.7632074Z 	at org.springframework.boot.loader.launch.Launcher.launch(Launcher.java:64) ~[app.jar:0.0.1-SNAPSHOT]
2026-08-26T12:26:15.7632099Z 	at org.springframework.boot.loader.launch.JarLauncher.main(JarLauncher.java:40) ~[app.jar:0.0.1-SNAPSHOT]
2026-08-26T12:26:15.7632118Z 
2026-08-26T12:26:15.9195201Z 2026-08-26T12:26:15.901Z ERROR 1 --- [           main] o.f.c.i.j.TransactionalExecutionTemplate : Unable to rollback transaction
2026-08-26T12:26:15.9195751Z 
2026-08-26T12:26:15.9195791Z java.sql.SQLException: Connection is closed
2026-08-26T12:26:15.9195818Z 	at com.zaxxer.hikari.pool.ProxyConnection$ClosedConnection.lambda$getClosedConnection$0(ProxyConnection.java:562) ~[HikariCP-6.3.3.jar!/:na]
2026-08-26T12:26:15.9195840Z 	at jdk.proxy3/jdk.proxy3.$Proxy119.rollback(Unknown Source) ~[na:na]
2026-08-26T12:26:15.9195960Z 	at com.zaxxer.hikari.pool.ProxyConnection.rollback(ProxyConnection.java:386) ~[HikariCP-6.3.3.jar!/:na]
2026-08-26T12:26:15.9195987Z 	at com.zaxxer.hikari.pool.HikariProxyConnection.rollback(HikariProxyConnection.java) ~[HikariCP-6.3.3.jar!/:na]
2026-08-26T12:26:15.9196013Z 	at org.flywaydb.core.internal.jdbc.TransactionalExecutionTemplate.execute(TransactionalExecutionTemplate.java:75) ~[flyway-core-11.7.2.jar!/:na]
2026-08-26T12:26:15.9196038Z 	at org.flywaydb.core.internal.command.DbMigrate.applyMigrations(DbMigrate.java:282) ~[flyway-core-11.7.2.jar!/:na]
2026-08-26T12:26:15.9196061Z 	at org.flywaydb.core.internal.command.DbMigrate.migrateGroup(DbMigrate.java:255) ~[flyway-core-11.7.2.jar!/:na]
2026-08-26T12:26:15.9196087Z 	at org.flywaydb.core.internal.command.DbMigrate.lambda$migrateAll$0(DbMigrate.java:153) ~[flyway-core-11.7.2.jar!/:na]
2026-08-26T12:26:15.9196114Z 	at org.flywaydb.database.postgresql.PostgreSQLAdvisoryLockTemplate.execute(PostgreSQLAdvisoryLockTemplate.java:77) ~[flyway-database-postgresql-11.7.2.jar!/:na]
2026-08-26T12:26:15.9196141Z 	at org.flywaydb.database.postgresql.PostgreSQLAdvisoryLockTemplate.lambda$execute$0(PostgreSQLAdvisoryLockTemplate.java:60) ~[flyway-database-postgresql-11.7.2.jar!/:na]
2026-08-26T12:26:15.9196167Z 	at org.flywaydb.core.internal.jdbc.TransactionalExecutionTemplate.execute(TransactionalExecutionTemplate.java:59) ~[flyway-core-11.7.2.jar!/:na]
2026-08-26T12:26:15.9196193Z 	at org.flywaydb.database.postgresql.PostgreSQLAdvisoryLockTemplate.execute(PostgreSQLAdvisoryLockTemplate.java:60) ~[flyway-database-postgresql-11.7.2.jar!/:na]
2026-08-26T12:26:15.9196239Z 	at org.flywaydb.database.postgresql.PostgreSQLConnection.lock(PostgreSQLConnection.java:105) ~[flyway-database-postgresql-11.7.2.jar!/:na]
2026-08-26T12:26:15.9196263Z 	at org.flywaydb.core.internal.schemahistory.JdbcTableSchemaHistory.lock(JdbcTableSchemaHistory.java:164) ~[flyway-core-11.7.2.jar!/:na]
2026-08-26T12:26:15.9196286Z 	at org.flywaydb.core.internal.command.DbMigrate.migrateAll(DbMigrate.java:153) ~[flyway-core-11.7.2.jar!/:na]
2026-08-26T12:26:15.9196311Z 	at org.flywaydb.core.internal.command.DbMigrate.migrate(DbMigrate.java:104) ~[flyway-core-11.7.2.jar!/:na]
2026-08-26T12:26:15.9196334Z 	at org.flywaydb.core.Flyway.lambda$migrate$1(Flyway.java:247) ~[flyway-core-11.7.2.jar!/:na]
2026-08-26T12:26:15.9196357Z 	at org.flywaydb.core.FlywayExecutor.execute(FlywayExecutor.java:210) ~[flyway-core-11.7.2.jar!/:na]
2026-08-26T12:26:15.9196380Z 	at org.flywaydb.core.Flyway.migrate(Flyway.java:188) ~[flyway-core-11.7.2.jar!/:na]
2026-08-26T12:26:15.9196407Z 	at org.springframework.boot.autoconfigure.flyway.FlywayMigrationInitializer.afterPropertiesSet(FlywayMigrationInitializer.java:66) ~[spring-boot-autoconfigure-3.5.13.jar!/:3.5.13]
2026-08-26T12:26:15.9196434Z 	at org.springframework.beans.factory.support.AbstractAutowireCapableBeanFactory.invokeInitMethods(AbstractAutowireCapableBeanFactory.java:1873) ~[spring-beans-6.2.17.jar!/:6.2.17]
2026-08-26T12:26:15.9196460Z 	at org.springframework.beans.factory.support.AbstractAutowireCapableBeanFactory.initializeBean(AbstractAutowireCapableBeanFactory.java:1822) ~[spring-beans-6.2.17.jar!/:6.2.17]
2026-08-26T12:26:15.9196487Z 	at org.springframework.beans.factory.support.AbstractAutowireCapableBeanFactory.doCreateBean(AbstractAutowireCapableBeanFactory.java:607) ~[spring-beans-6.2.17.jar!/:6.2.17]
2026-08-26T12:26:15.9196536Z 	at org.springframework.beans.factory.support.AbstractAutowireCapableBeanFactory.createBean(AbstractAutowireCapableBeanFactory.java:529) ~[spring-beans-6.2.17.jar!/:6.2.17]
2026-08-26T12:26:15.9196561Z 	at org.springframework.beans.factory.support.AbstractBeanFactory.lambda$doGetBean$0(AbstractBeanFactory.java:339) ~[spring-beans-6.2.17.jar!/:6.2.17]
2026-08-26T12:26:15.9196588Z 	at org.springframework.beans.factory.support.DefaultSingletonBeanRegistry.getSingleton(DefaultSingletonBeanRegistry.java:373) ~[spring-beans-6.2.17.jar!/:6.2.17]
2026-08-26T12:26:15.9196614Z 	at org.springframework.beans.factory.support.AbstractBeanFactory.doGetBean(AbstractBeanFactory.java:337) ~[spring-beans-6.2.17.jar!/:6.2.17]
2026-08-26T12:26:15.9196639Z 	at org.springframework.beans.factory.support.AbstractBeanFactory.getBean(AbstractBeanFactory.java:202) ~[spring-beans-6.2.17.jar!/:6.2.17]
2026-08-26T12:26:15.9196949Z 	at org.springframework.beans.factory.support.AbstractBeanFactory.doGetBean(AbstractBeanFactory.java:315) ~[spring-beans-6.2.17.jar!/:6.2.17]
2026-08-26T12:26:15.9196980Z 	at org.springframework.beans.factory.support.AbstractBeanFactory.getBean(AbstractBeanFactory.java:207) ~[spring-beans-6.2.17.jar!/:6.2.17]
2026-08-26T12:26:15.9197007Z 	at org.springframework.context.support.AbstractApplicationContext.finishBeanFactoryInitialization(AbstractApplicationContext.java:974) ~[spring-context-6.2.17.jar!/:6.2.17]
2026-08-26T12:26:15.9197034Z 	at org.springframework.context.support.AbstractApplicationContext.refresh(AbstractApplicationContext.java:628) ~[spring-context-6.2.17.jar!/:6.2.17]
2026-08-26T12:26:15.9197085Z 	at org.springframework.boot.web.servlet.context.ServletWebServerApplicationContext.refresh(ServletWebServerApplicationContext.java:146) ~[spring-boot-3.5.13.jar!/:3.5.13]
2026-08-26T12:26:15.9197110Z 	at org.springframework.boot.SpringApplication.refresh(SpringApplication.java:752) ~[spring-boot-3.5.13.jar!/:3.5.13]
2026-08-26T12:26:15.9197135Z 	at org.springframework.boot.SpringApplication.refreshContext(SpringApplication.java:439) ~[spring-boot-3.5.13.jar!/:3.5.13]
2026-08-26T12:26:15.9197158Z 	at org.springframework.boot.SpringApplication.run(SpringApplication.java:318) ~[spring-boot-3.5.13.jar!/:3.5.13]
2026-08-26T12:26:15.9197182Z 	at org.springframework.boot.SpringApplication.run(SpringApplication.java:1361) ~[spring-boot-3.5.13.jar!/:3.5.13]
2026-08-26T12:26:15.9197205Z 	at org.springframework.boot.SpringApplication.run(SpringApplication.java:1350) ~[spring-boot-3.5.13.jar!/:3.5.13]
2026-08-26T12:26:15.9197227Z 	at com.rvce.scas.ScasApplication.main(ScasApplication.java:20) ~[!/:0.0.1-SNAPSHOT]
2026-08-26T12:26:15.9197251Z 	at java.base/jdk.internal.reflect.NativeMethodAccessorImpl.invoke0(Native Method) ~[na:na]
2026-08-26T12:26:15.9197274Z 	at java.base/jdk.internal.reflect.NativeMethodAccessorImpl.invoke(Unknown Source) ~[na:na]
2026-08-26T12:26:15.9197297Z 	at java.base/jdk.internal.reflect.DelegatingMethodAccessorImpl.invoke(Unknown Source) ~[na:na]
2026-08-26T12:26:15.9197320Z 	at java.base/java.lang.reflect.Method.invoke(Unknown Source) ~[na:na]
2026-08-26T12:26:15.9197362Z 	at org.springframework.boot.loader.launch.Launcher.launch(Launcher.java:106) ~[app.jar:0.0.1-SNAPSHOT]
2026-08-26T12:26:15.9197386Z 	at org.springframework.boot.loader.launch.Launcher.launch(Launcher.java:64) ~[app.jar:0.0.1-SNAPSHOT]
2026-08-26T12:26:15.9197409Z 	at org.springframework.boot.loader.launch.JarLauncher.main(JarLauncher.java:40) ~[app.jar:0.0.1-SNAPSHOT]
2026-08-26T12:26:15.9197426Z 
2026-08-26T12:26:15.9473300Z 2026-08-26T12:26:15.927Z ERROR 1 --- [           main] o.f.c.i.j.TransactionalExecutionTemplate : Unable to restore autocommit to original value for connection
2026-08-26T12:26:15.9473441Z 
2026-08-26T12:26:15.9473471Z java.sql.SQLException: Connection is closed
2026-08-26T12:26:15.9473501Z 	at com.zaxxer.hikari.pool.ProxyConnection$ClosedConnection.lambda$getClosedConnection$0(ProxyConnection.java:562) ~[HikariCP-6.3.3.jar!/:na]
2026-08-26T12:26:15.9473526Z 	at jdk.proxy3/jdk.proxy3.$Proxy119.setAutoCommit(Unknown Source) ~[na:na]
2026-08-26T12:26:15.9473553Z 	at com.zaxxer.hikari.pool.ProxyConnection.setAutoCommit(ProxyConnection.java:412) ~[HikariCP-6.3.3.jar!/:na]
2026-08-26T12:26:15.9473580Z 	at com.zaxxer.hikari.pool.HikariProxyConnection.setAutoCommit(HikariProxyConnection.java) ~[HikariCP-6.3.3.jar!/:na]
2026-08-26T12:26:15.9474519Z 	at org.flywaydb.core.internal.jdbc.TransactionalExecutionTemplate.execute(TransactionalExecutionTemplate.java:90) ~[flyway-core-11.7.2.jar!/:na]
2026-08-26T12:26:15.9474562Z 	at org.flywaydb.core.internal.command.DbMigrate.applyMigrations(DbMigrate.java:282) ~[flyway-core-11.7.2.jar!/:na]
2026-08-26T12:26:15.9474589Z 	at org.flywaydb.core.internal.command.DbMigrate.migrateGroup(DbMigrate.java:255) ~[flyway-core-11.7.2.jar!/:na]
2026-08-26T12:26:15.9474617Z 	at org.flywaydb.core.internal.command.DbMigrate.lambda$migrateAll$0(DbMigrate.java:153) ~[flyway-core-11.7.2.jar!/:na]
2026-08-26T12:26:15.9474650Z 	at org.flywaydb.database.postgresql.PostgreSQLAdvisoryLockTemplate.execute(PostgreSQLAdvisoryLockTemplate.java:77) ~[flyway-database-postgresql-11.7.2.jar!/:na]
2026-08-26T12:26:15.9474680Z 	at org.flywaydb.database.postgresql.PostgreSQLAdvisoryLockTemplate.lambda$execute$0(PostgreSQLAdvisoryLockTemplate.java:60) ~[flyway-database-postgresql-11.7.2.jar!/:na]
2026-08-26T12:26:15.9474709Z 	at org.flywaydb.core.internal.jdbc.TransactionalExecutionTemplate.execute(TransactionalExecutionTemplate.java:59) ~[flyway-core-11.7.2.jar!/:na]
2026-08-26T12:26:15.9474738Z 	at org.flywaydb.database.postgresql.PostgreSQLAdvisoryLockTemplate.execute(PostgreSQLAdvisoryLockTemplate.java:60) ~[flyway-database-postgresql-11.7.2.jar!/:na]
2026-08-26T12:26:15.9474767Z 	at org.flywaydb.database.postgresql.PostgreSQLConnection.lock(PostgreSQLConnection.java:105) ~[flyway-database-postgresql-11.7.2.jar!/:na]
2026-08-26T12:26:15.9474797Z 	at org.flywaydb.core.internal.schemahistory.JdbcTableSchemaHistory.lock(JdbcTableSchemaHistory.java:164) ~[flyway-core-11.7.2.jar!/:na]
2026-08-26T12:26:15.9474844Z 	at org.flywaydb.core.internal.command.DbMigrate.migrateAll(DbMigrate.java:153) ~[flyway-core-11.7.2.jar!/:na]
2026-08-26T12:26:15.9474871Z 	at org.flywaydb.core.internal.command.DbMigrate.migrate(DbMigrate.java:104) ~[flyway-core-11.7.2.jar!/:na]
2026-08-26T12:26:15.9474898Z 	at org.flywaydb.core.Flyway.lambda$migrate$1(Flyway.java:247) ~[flyway-core-11.7.2.jar!/:na]
2026-08-26T12:26:15.9474924Z 	at org.flywaydb.core.FlywayExecutor.execute(FlywayExecutor.java:210) ~[flyway-core-11.7.2.jar!/:na]
2026-08-26T12:26:15.9474948Z 	at org.flywaydb.core.Flyway.migrate(Flyway.java:188) ~[flyway-core-11.7.2.jar!/:na]
2026-08-26T12:26:15.9474979Z 	at org.springframework.boot.autoconfigure.flyway.FlywayMigrationInitializer.afterPropertiesSet(FlywayMigrationInitializer.java:66) ~[spring-boot-autoconfigure-3.5.13.jar!/:3.5.13]
2026-08-26T12:26:15.9475010Z 	at org.springframework.beans.factory.support.AbstractAutowireCapableBeanFactory.invokeInitMethods(AbstractAutowireCapableBeanFactory.java:1873) ~[spring-beans-6.2.17.jar!/:6.2.17]
2026-08-26T12:26:15.9475042Z 	at org.springframework.beans.factory.support.AbstractAutowireCapableBeanFactory.initializeBean(AbstractAutowireCapableBeanFactory.java:1822) ~[spring-beans-6.2.17.jar!/:6.2.17]
2026-08-26T12:26:15.9475073Z 	at org.springframework.beans.factory.support.AbstractAutowireCapableBeanFactory.doCreateBean(AbstractAutowireCapableBeanFactory.java:607) ~[spring-beans-6.2.17.jar!/:6.2.17]
2026-08-26T12:26:15.9475103Z 	at org.springframework.beans.factory.support.AbstractAutowireCapableBeanFactory.createBean(AbstractAutowireCapableBeanFactory.java:529) ~[spring-beans-6.2.17.jar!/:6.2.17]
2026-08-26T12:26:15.9475150Z 	at org.springframework.beans.factory.support.AbstractBeanFactory.lambda$doGetBean$0(AbstractBeanFactory.java:339) ~[spring-beans-6.2.17.jar!/:6.2.17]
2026-08-26T12:26:15.9475181Z 	at org.springframework.beans.factory.support.DefaultSingletonBeanRegistry.getSingleton(DefaultSingletonBeanRegistry.java:373) ~[spring-beans-6.2.17.jar!/:6.2.17]
2026-08-26T12:26:15.9475209Z 	at org.springframework.beans.factory.support.AbstractBeanFactory.doGetBean(AbstractBeanFactory.java:337) ~[spring-beans-6.2.17.jar!/:6.2.17]
2026-08-26T12:26:15.9475237Z 	at org.springframework.beans.factory.support.AbstractBeanFactory.getBean(AbstractBeanFactory.java:202) ~[spring-beans-6.2.17.jar!/:6.2.17]
2026-08-26T12:26:15.9475460Z 	at org.springframework.beans.factory.support.AbstractBeanFactory.doGetBean(AbstractBeanFactory.java:315) ~[spring-beans-6.2.17.jar!/:6.2.17]
2026-08-26T12:26:15.9475495Z 	at org.springframework.beans.factory.support.AbstractBeanFactory.getBean(AbstractBeanFactory.java:207) ~[spring-beans-6.2.17.jar!/:6.2.17]
2026-08-26T12:26:15.9475526Z 	at org.springframework.context.support.AbstractApplicationContext.finishBeanFactoryInitialization(AbstractApplicationContext.java:974) ~[spring-context-6.2.17.jar!/:6.2.17]
2026-08-26T12:26:15.9475556Z 	at org.springframework.context.support.AbstractApplicationContext.refresh(AbstractApplicationContext.java:628) ~[spring-context-6.2.17.jar!/:6.2.17]
2026-08-26T12:26:15.9475587Z 	at org.springframework.boot.web.servlet.context.ServletWebServerApplicationContext.refresh(ServletWebServerApplicationContext.java:146) ~[spring-boot-3.5.13.jar!/:3.5.13]
2026-08-26T12:26:15.9475613Z 	at org.springframework.boot.SpringApplication.refresh(SpringApplication.java:752) ~[spring-boot-3.5.13.jar!/:3.5.13]
2026-08-26T12:26:15.9475662Z 	at org.springframework.boot.SpringApplication.refreshContext(SpringApplication.java:439) ~[spring-boot-3.5.13.jar!/:3.5.13]
2026-08-26T12:26:15.9475689Z 	at org.springframework.boot.SpringApplication.run(SpringApplication.java:318) ~[spring-boot-3.5.13.jar!/:3.5.13]
2026-08-26T12:26:15.9475715Z 	at org.springframework.boot.SpringApplication.run(SpringApplication.java:1361) ~[spring-boot-3.5.13.jar!/:3.5.13]
2026-08-26T12:26:15.9475744Z 	at org.springframework.boot.SpringApplication.run(SpringApplication.java:1350) ~[spring-boot-3.5.13.jar!/:3.5.13]
2026-08-26T12:26:15.9475768Z 	at com.rvce.scas.ScasApplication.main(ScasApplication.java:20) ~[!/:0.0.1-SNAPSHOT]
2026-08-26T12:26:15.9475794Z 	at java.base/jdk.internal.reflect.NativeMethodAccessorImpl.invoke0(Native Method) ~[na:na]
2026-08-26T12:26:15.9475820Z 	at java.base/jdk.internal.reflect.NativeMethodAccessorImpl.invoke(Unknown Source) ~[na:na]
2026-08-26T12:26:15.9475845Z 	at java.base/jdk.internal.reflect.DelegatingMethodAccessorImpl.invoke(Unknown Source) ~[na:na]
2026-08-26T12:26:15.9475869Z 	at java.base/java.lang.reflect.Method.invoke(Unknown Source) ~[na:na]
2026-08-26T12:26:15.9475895Z 	at org.springframework.boot.loader.launch.Launcher.launch(Launcher.java:106) ~[app.jar:0.0.1-SNAPSHOT]
2026-08-26T12:26:15.9475921Z 	at org.springframework.boot.loader.launch.Launcher.launch(Launcher.java:64) ~[app.jar:0.0.1-SNAPSHOT]
2026-08-26T12:26:15.9475968Z 	at org.springframework.boot.loader.launch.JarLauncher.main(JarLauncher.java:40) ~[app.jar:0.0.1-SNAPSHOT]
2026-08-26T12:26:15.9475988Z 
2026-08-26T12:26:15.9983089Z 2026-08-26T12:26:15.997Z ERROR 1 --- [           main] o.f.core.internal.command.DbMigrate      : Migration of schema "public" to version "1 - users roles" failed! Changes successfully rolled back.
2026-08-26T12:26:16.0542032Z 2026-08-26T12:26:16.053Z  WARN 1 --- [           main] ConfigServletWebServerApplicationContext : Exception encountered during context initialization - cancelling refresh attempt: org.springframework.beans.factory.BeanCreationException: Error creating bean with name 'entityManagerFactory' defined in class path resource [org/springframework/boot/autoconfigure/orm/jpa/HibernateJpaConfiguration.class]: Failed to initialize dependency 'flywayInitializer' of LoadTimeWeaverAware bean 'entityManagerFactory': Error creating bean with name 'flywayInitializer' defined in class path resource [org/springframework/boot/autoconfigure/flyway/FlywayAutoConfiguration$FlywayConfiguration.class]: Script V1__users_roles.sql failed
2026-08-26T12:26:16.0542629Z ---------------------------------
2026-08-26T12:26:16.0542662Z SQL State  : 0A000
2026-08-26T12:26:16.0542690Z Error Code : 0
2026-08-26T12:26:16.0542727Z Message    : ERROR: extension "citext" is not allow-listed for users in Azure Database for PostgreSQL
2026-08-26T12:26:16.0542758Z   Hint: to learn how to allow an extension or see the list of allowed extensions, please refer to https://go.microsoft.com/fwlink/?linkid=2301063
2026-08-26T12:26:16.0542877Z Location   : db/migration/V1__users_roles.sql (/app/nested:/app/app.jar/!BOOT-INF/classes/!/db/migration/V1__users_roles.sql)
2026-08-26T12:26:16.0542902Z Line       : 39
2026-08-26T12:26:16.0542927Z Statement  : Run Flyway with -X option to see the actual statement causing the problem
2026-08-26T12:26:16.0542947Z 
2026-08-26T12:26:16.0656843Z 2026-08-26T12:26:16.065Z  INFO 1 --- [           main] com.zaxxer.hikari.HikariDataSource       : HikariPool-1 - Shutdown initiated...
2026-08-26T12:26:16.4342510Z 2026-08-26T12:26:16.433Z  INFO 1 --- [           main] com.zaxxer.hikari.HikariDataSource       : HikariPool-1 - Shutdown completed.
2026-08-26T12:26:16.6876662Z 2026-08-26T12:26:16.687Z  INFO 1 --- [           main] o.apache.catalina.core.StandardService   : Stopping service [Tomcat]
2026-08-26T12:26:17.0396159Z 2026-08-26T12:26:17.039Z  INFO 1 --- [           main] .s.b.a.l.ConditionEvaluationReportLogger : 
2026-08-26T12:26:17.0396595Z 
2026-08-26T12:26:17.0396639Z Error starting ApplicationContext. To display the condition evaluation report re-run your application with 'debug' enabled.
2026-08-26T12:26:17.2422249Z 2026-08-26T12:26:17.234Z ERROR 1 --- [           main] o.s.boot.SpringApplication               : Application run failed
2026-08-26T12:26:17.2422819Z 
2026-08-26T12:26:17.2422889Z org.springframework.beans.factory.BeanCreationException: Error creating bean with name 'entityManagerFactory' defined in class path resource [org/springframework/boot/autoconfigure/orm/jpa/HibernateJpaConfiguration.class]: Failed to initialize dependency 'flywayInitializer' of LoadTimeWeaverAware bean 'entityManagerFactory': Error creating bean with name 'flywayInitializer' defined in class path resource [org/springframework/boot/autoconfigure/flyway/FlywayAutoConfiguration$FlywayConfiguration.class]: Script V1__users_roles.sql failed
2026-08-26T12:26:17.2422913Z ---------------------------------
2026-08-26T12:26:17.2422934Z SQL State  : 0A000
2026-08-26T12:26:17.2422962Z Error Code : 0
2026-08-26T12:26:17.2422992Z Message    : ERROR: extension "citext" is not allow-listed for users in Azure Database for PostgreSQL
2026-08-26T12:26:17.2423023Z   Hint: to learn how to allow an extension or see the list of allowed extensions, please refer to https://go.microsoft.com/fwlink/?linkid=2301063
2026-08-26T12:26:17.2423051Z Location   : db/migration/V1__users_roles.sql (/app/nested:/app/app.jar/!BOOT-INF/classes/!/db/migration/V1__users_roles.sql)
2026-08-26T12:26:17.2423072Z Line       : 39
2026-08-26T12:26:17.2423097Z Statement  : Run Flyway with -X option to see the actual statement causing the problem
2026-08-26T12:26:17.2423199Z 
2026-08-26T12:26:17.2423228Z 	at org.springframework.beans.factory.support.AbstractBeanFactory.doGetBean(AbstractBeanFactory.java:328) ~[spring-beans-6.2.17.jar!/:6.2.17]
2026-08-26T12:26:17.2423258Z 	at org.springframework.beans.factory.support.AbstractBeanFactory.getBean(AbstractBeanFactory.java:207) ~[spring-beans-6.2.17.jar!/:6.2.17]
2026-08-26T12:26:17.2423288Z 	at org.springframework.context.support.AbstractApplicationContext.finishBeanFactoryInitialization(AbstractApplicationContext.java:974) ~[spring-context-6.2.17.jar!/:6.2.17]
2026-08-26T12:26:17.2423317Z 	at org.springframework.context.support.AbstractApplicationContext.refresh(AbstractApplicationContext.java:628) ~[spring-context-6.2.17.jar!/:6.2.17]
2026-08-26T12:26:17.2423348Z 	at org.springframework.boot.web.servlet.context.ServletWebServerApplicationContext.refresh(ServletWebServerApplicationContext.java:146) ~[spring-boot-3.5.13.jar!/:3.5.13]
2026-08-26T12:26:17.2423532Z 	at org.springframework.boot.SpringApplication.refresh(SpringApplication.java:752) ~[spring-boot-3.5.13.jar!/:3.5.13]
2026-08-26T12:26:17.2423558Z 	at org.springframework.boot.SpringApplication.refreshContext(SpringApplication.java:439) ~[spring-boot-3.5.13.jar!/:3.5.13]
2026-08-26T12:26:17.2423583Z 	at org.springframework.boot.SpringApplication.run(SpringApplication.java:318) ~[spring-boot-3.5.13.jar!/:3.5.13]
2026-08-26T12:26:17.2423607Z 	at org.springframework.boot.SpringApplication.run(SpringApplication.java:1361) ~[spring-boot-3.5.13.jar!/:3.5.13]
2026-08-26T12:26:17.2423660Z 	at org.springframework.boot.SpringApplication.run(SpringApplication.java:1350) ~[spring-boot-3.5.13.jar!/:3.5.13]
2026-08-26T12:26:17.2423683Z 	at com.rvce.scas.ScasApplication.main(ScasApplication.java:20) ~[!/:0.0.1-SNAPSHOT]
2026-08-26T12:26:17.2423708Z 	at java.base/jdk.internal.reflect.NativeMethodAccessorImpl.invoke0(Native Method) ~[na:na]
2026-08-26T12:26:17.2423733Z 	at java.base/jdk.internal.reflect.NativeMethodAccessorImpl.invoke(Unknown Source) ~[na:na]
2026-08-26T12:26:17.2423755Z 	at java.base/jdk.internal.reflect.DelegatingMethodAccessorImpl.invoke(Unknown Source) ~[na:na]
2026-08-26T12:26:17.2423777Z 	at java.base/java.lang.reflect.Method.invoke(Unknown Source) ~[na:na]
2026-08-26T12:26:17.2423802Z 	at org.springframework.boot.loader.launch.Launcher.launch(Launcher.java:106) ~[app.jar:0.0.1-SNAPSHOT]
2026-08-26T12:26:17.2423826Z 	at org.springframework.boot.loader.launch.Launcher.launch(Launcher.java:64) ~[app.jar:0.0.1-SNAPSHOT]
2026-08-26T12:26:17.2423851Z 	at org.springframework.boot.loader.launch.JarLauncher.main(JarLauncher.java:40) ~[app.jar:0.0.1-SNAPSHOT]
2026-08-26T12:26:17.2423886Z Caused by: org.springframework.beans.factory.BeanCreationException: Error creating bean with name 'flywayInitializer' defined in class path resource [org/springframework/boot/autoconfigure/flyway/FlywayAutoConfiguration$FlywayConfiguration.class]: Script V1__users_roles.sql failed
2026-08-26T12:26:17.2423907Z ---------------------------------
2026-08-26T12:26:17.2423926Z SQL State  : 0A000
2026-08-26T12:26:17.2423964Z Error Code : 0
2026-08-26T12:26:17.2423988Z Message    : ERROR: extension "citext" is not allow-listed for users in Azure Database for PostgreSQL
2026-08-26T12:26:17.2424015Z   Hint: to learn how to allow an extension or see the list of allowed extensions, please refer to https://go.microsoft.com/fwlink/?linkid=2301063
2026-08-26T12:26:17.2424040Z Location   : db/migration/V1__users_roles.sql (/app/nested:/app/app.jar/!BOOT-INF/classes/!/db/migration/V1__users_roles.sql)
2026-08-26T12:26:17.2424061Z Line       : 39
2026-08-26T12:26:17.2424356Z Statement  : Run Flyway with -X option to see the actual statement causing the problem
2026-08-26T12:26:17.2424380Z 
2026-08-26T12:26:17.2424410Z 	at org.springframework.beans.factory.support.AbstractAutowireCapableBeanFactory.initializeBean(AbstractAutowireCapableBeanFactory.java:1826) ~[spring-beans-6.2.17.jar!/:6.2.17]
2026-08-26T12:26:17.2424439Z 	at org.springframework.beans.factory.support.AbstractAutowireCapableBeanFactory.doCreateBean(AbstractAutowireCapableBeanFactory.java:607) ~[spring-beans-6.2.17.jar!/:6.2.17]
2026-08-26T12:26:17.2424467Z 	at org.springframework.beans.factory.support.AbstractAutowireCapableBeanFactory.createBean(AbstractAutowireCapableBeanFactory.java:529) ~[spring-beans-6.2.17.jar!/:6.2.17]
2026-08-26T12:26:17.2424515Z 	at org.springframework.beans.factory.support.AbstractBeanFactory.lambda$doGetBean$0(AbstractBeanFactory.java:339) ~[spring-beans-6.2.17.jar!/:6.2.17]
2026-08-26T12:26:17.2424543Z 	at org.springframework.beans.factory.support.DefaultSingletonBeanRegistry.getSingleton(DefaultSingletonBeanRegistry.java:373) ~[spring-beans-6.2.17.jar!/:6.2.17]
2026-08-26T12:26:17.2424570Z 	at org.springframework.beans.factory.support.AbstractBeanFactory.doGetBean(AbstractBeanFactory.java:337) ~[spring-beans-6.2.17.jar!/:6.2.17]
2026-08-26T12:26:17.2424596Z 	at org.springframework.beans.factory.support.AbstractBeanFactory.getBean(AbstractBeanFactory.java:202) ~[spring-beans-6.2.17.jar!/:6.2.17]
2026-08-26T12:26:17.2424624Z 	at org.springframework.beans.factory.support.AbstractBeanFactory.doGetBean(AbstractBeanFactory.java:315) ~[spring-beans-6.2.17.jar!/:6.2.17]
2026-08-26T12:26:17.2424645Z 	... 17 common frames omitted
2026-08-26T12:26:17.2424670Z Caused by: org.flywaydb.core.internal.exception.FlywayMigrateException: Script V1__users_roles.sql failed
2026-08-26T12:26:17.2424690Z ---------------------------------
2026-08-26T12:26:17.2424709Z SQL State  : 0A000
2026-08-26T12:26:17.2424728Z Error Code : 0
2026-08-26T12:26:17.2424753Z Message    : ERROR: extension "citext" is not allow-listed for users in Azure Database for PostgreSQL
2026-08-26T12:26:17.2424779Z   Hint: to learn how to allow an extension or see the list of allowed extensions, please refer to https://go.microsoft.com/fwlink/?linkid=2301063
2026-08-26T12:26:17.2424824Z Location   : db/migration/V1__users_roles.sql (/app/nested:/app/app.jar/!BOOT-INF/classes/!/db/migration/V1__users_roles.sql)
2026-08-26T12:26:17.2424844Z Line       : 39
2026-08-26T12:26:17.2424867Z Statement  : Run Flyway with -X option to see the actual statement causing the problem
2026-08-26T12:26:17.2424929Z 
2026-08-26T12:26:17.2424954Z 	at org.flywaydb.core.internal.command.DbMigrate.doMigrateGroup(DbMigrate.java:399) ~[flyway-core-11.7.2.jar!/:na]
2026-08-26T12:26:17.2424980Z 	at org.flywaydb.core.internal.command.DbMigrate.lambda$applyMigrations$1(DbMigrate.java:283) ~[flyway-core-11.7.2.jar!/:na]
2026-08-26T12:26:17.2425007Z 	at org.flywaydb.core.internal.jdbc.TransactionalExecutionTemplate.execute(TransactionalExecutionTemplate.java:59) ~[flyway-core-11.7.2.jar!/:na]
2026-08-26T12:26:17.2425032Z 	at org.flywaydb.core.internal.command.DbMigrate.applyMigrations(DbMigrate.java:282) ~[flyway-core-11.7.2.jar!/:na]
2026-08-26T12:26:17.2425057Z 	at org.flywaydb.core.internal.command.DbMigrate.migrateGroup(DbMigrate.java:255) ~[flyway-core-11.7.2.jar!/:na]
2026-08-26T12:26:17.2425083Z 	at org.flywaydb.core.internal.command.DbMigrate.lambda$migrateAll$0(DbMigrate.java:153) ~[flyway-core-11.7.2.jar!/:na]
2026-08-26T12:26:17.2425110Z 	at org.flywaydb.database.postgresql.PostgreSQLAdvisoryLockTemplate.execute(PostgreSQLAdvisoryLockTemplate.java:77) ~[flyway-database-postgresql-11.7.2.jar!/:na]
2026-08-26T12:26:17.2425158Z 	at org.flywaydb.database.postgresql.PostgreSQLAdvisoryLockTemplate.lambda$execute$0(PostgreSQLAdvisoryLockTemplate.java:60) ~[flyway-database-postgresql-11.7.2.jar!/:na]
2026-08-26T12:26:17.2425185Z 	at org.flywaydb.core.internal.jdbc.TransactionalExecutionTemplate.execute(TransactionalExecutionTemplate.java:59) ~[flyway-core-11.7.2.jar!/:na]
2026-08-26T12:26:17.2425212Z 	at org.flywaydb.database.postgresql.PostgreSQLAdvisoryLockTemplate.execute(PostgreSQLAdvisoryLockTemplate.java:60) ~[flyway-database-postgresql-11.7.2.jar!/:na]
2026-08-26T12:26:17.2425240Z 	at org.flywaydb.database.postgresql.PostgreSQLConnection.lock(PostgreSQLConnection.java:105) ~[flyway-database-postgresql-11.7.2.jar!/:na]
2026-08-26T12:26:17.2425266Z 	at org.flywaydb.core.internal.schemahistory.JdbcTableSchemaHistory.lock(JdbcTableSchemaHistory.java:164) ~[flyway-core-11.7.2.jar!/:na]
2026-08-26T12:26:17.2425291Z 	at org.flywaydb.core.internal.command.DbMigrate.migrateAll(DbMigrate.java:153) ~[flyway-core-11.7.2.jar!/:na]
2026-08-26T12:26:17.2425317Z 	at org.flywaydb.core.internal.command.DbMigrate.migrate(DbMigrate.java:104) ~[flyway-core-11.7.2.jar!/:na]
2026-08-26T12:26:17.2425340Z 	at org.flywaydb.core.Flyway.lambda$migrate$1(Flyway.java:247) ~[flyway-core-11.7.2.jar!/:na]
2026-08-26T12:26:17.2425364Z 	at org.flywaydb.core.FlywayExecutor.execute(FlywayExecutor.java:210) ~[flyway-core-11.7.2.jar!/:na]
2026-08-26T12:26:17.2425442Z 	at org.flywaydb.core.Flyway.migrate(Flyway.java:188) ~[flyway-core-11.7.2.jar!/:na]
2026-08-26T12:26:17.2425496Z 	at org.springframework.boot.autoconfigure.flyway.FlywayMigrationInitializer.afterPropertiesSet(FlywayMigrationInitializer.java:66) ~[spring-boot-autoconfigure-3.5.13.jar!/:3.5.13]
2026-08-26T12:26:17.2425527Z 	at org.springframework.beans.factory.support.AbstractAutowireCapableBeanFactory.invokeInitMethods(AbstractAutowireCapableBeanFactory.java:1873) ~[spring-beans-6.2.17.jar!/:6.2.17]
2026-08-26T12:26:17.2425556Z 	at org.springframework.beans.factory.support.AbstractAutowireCapableBeanFactory.initializeBean(AbstractAutowireCapableBeanFactory.java:1822) ~[spring-beans-6.2.17.jar!/:6.2.17]
2026-08-26T12:26:17.2425576Z 	... 24 common frames omitted
2026-08-26T12:26:17.2425601Z Caused by: org.flywaydb.core.internal.sqlscript.FlywaySqlScriptException: Script V1__users_roles.sql failed
2026-08-26T12:26:17.2425621Z ---------------------------------
2026-08-26T12:26:17.2425640Z SQL State  : 0A000
2026-08-26T12:26:17.2425658Z Error Code : 0
2026-08-26T12:26:17.2425682Z Message    : ERROR: extension "citext" is not allow-listed for users in Azure Database for PostgreSQL
2026-08-26T12:26:17.2425710Z   Hint: to learn how to allow an extension or see the list of allowed extensions, please refer to https://go.microsoft.com/fwlink/?linkid=2301063
2026-08-26T12:26:17.2425735Z Location   : db/migration/V1__users_roles.sql (/app/nested:/app/app.jar/!BOOT-INF/classes/!/db/migration/V1__users_roles.sql)
2026-08-26T12:26:17.2425755Z Line       : 39
2026-08-26T12:26:17.2425796Z Statement  : Run Flyway with -X option to see the actual statement causing the problem
2026-08-26T12:26:17.2425814Z 
2026-08-26T12:26:17.2425840Z 	at org.flywaydb.core.internal.sqlscript.DefaultSqlScriptExecutor.handleException(DefaultSqlScriptExecutor.java:256) ~[flyway-core-11.7.2.jar!/:na]
2026-08-26T12:26:17.2425867Z 	at org.flywaydb.core.internal.sqlscript.DefaultSqlScriptExecutor.executeStatement(DefaultSqlScriptExecutor.java:217) ~[flyway-core-11.7.2.jar!/:na]
2026-08-26T12:26:17.2425893Z 	at org.flywaydb.core.internal.sqlscript.DefaultSqlScriptExecutor.execute(DefaultSqlScriptExecutor.java:137) ~[flyway-core-11.7.2.jar!/:na]
2026-08-26T12:26:17.2425921Z 	at org.flywaydb.core.internal.resolver.sql.SqlMigrationExecutor.executeOnce(SqlMigrationExecutor.java:75) ~[flyway-core-11.7.2.jar!/:na]
2026-08-26T12:26:17.2425947Z 	at org.flywaydb.core.internal.resolver.sql.SqlMigrationExecutor.lambda$execute$0(SqlMigrationExecutor.java:66) ~[flyway-core-11.7.2.jar!/:na]
2026-08-26T12:26:17.2425973Z 	at org.flywaydb.core.internal.database.DefaultExecutionStrategy.execute(DefaultExecutionStrategy.java:31) ~[flyway-core-11.7.2.jar!/:na]
2026-08-26T12:26:17.2426000Z 	at org.flywaydb.core.internal.resolver.sql.SqlMigrationExecutor.execute(SqlMigrationExecutor.java:65) ~[flyway-core-11.7.2.jar!/:na]
2026-08-26T12:26:17.2426024Z 	at org.flywaydb.core.internal.command.DbMigrate.doMigrateGroup(DbMigrate.java:391) ~[flyway-core-11.7.2.jar!/:na]
2026-08-26T12:26:17.2426044Z 	... 43 common frames omitted
2026-08-26T12:26:17.2426270Z Caused by: org.postgresql.util.PSQLException: ERROR: extension "citext" is not allow-listed for users in Azure Database for PostgreSQL
2026-08-26T12:26:17.2426301Z   Hint: to learn how to allow an extension or see the list of allowed extensions, please refer to https://go.microsoft.com/fwlink/?linkid=2301063
2026-08-26T12:26:17.2426328Z 	at org.postgresql.core.v3.QueryExecutorImpl.receiveErrorResponse(QueryExecutorImpl.java:2875) ~[postgresql-42.7.10.jar!/:42.7.10]
2026-08-26T12:26:17.2426354Z 	at org.postgresql.core.v3.QueryExecutorImpl.processResults(QueryExecutorImpl.java:2560) ~[postgresql-42.7.10.jar!/:42.7.10]
2026-08-26T12:26:17.2426381Z 	at org.postgresql.core.v3.QueryExecutorImpl.execute(QueryExecutorImpl.java:429) ~[postgresql-42.7.10.jar!/:42.7.10]
2026-08-26T12:26:17.2426408Z 	at org.postgresql.jdbc.PgStatement.executeInternal(PgStatement.java:526) ~[postgresql-42.7.10.jar!/:42.7.10]
2026-08-26T12:26:17.2426433Z 	at org.postgresql.jdbc.PgStatement.execute(PgStatement.java:436) ~[postgresql-42.7.10.jar!/:42.7.10]
2026-08-26T12:26:17.2426458Z 	at org.postgresql.jdbc.PgStatement.executeWithFlags(PgStatement.java:358) ~[postgresql-42.7.10.jar!/:42.7.10]
2026-08-26T12:26:17.2426484Z 	at org.postgresql.jdbc.PgStatement.executeCachedSql(PgStatement.java:343) ~[postgresql-42.7.10.jar!/:42.7.10]
2026-08-26T12:26:17.2426509Z 	at org.postgresql.jdbc.PgStatement.executeWithFlags(PgStatement.java:319) ~[postgresql-42.7.10.jar!/:42.7.10]
2026-08-26T12:26:17.2426736Z 	at org.postgresql.jdbc.PgStatement.execute(PgStatement.java:314) ~[postgresql-42.7.10.jar!/:42.7.10]
2026-08-26T12:26:17.2426763Z 	at com.zaxxer.hikari.pool.ProxyStatement.execute(ProxyStatement.java:95) ~[HikariCP-6.3.3.jar!/:na]
2026-08-26T12:26:17.2426789Z 	at com.zaxxer.hikari.pool.HikariProxyStatement.execute(HikariProxyStatement.java) ~[HikariCP-6.3.3.jar!/:na]
2026-08-26T12:26:17.2426817Z 	at org.flywaydb.core.internal.jdbc.JdbcTemplate.executeStatement(JdbcTemplate.java:215) ~[flyway-core-11.7.2.jar!/:na]
2026-08-26T12:26:17.2426887Z 	at org.flywaydb.core.internal.sqlscript.ParsedSqlStatement.execute(ParsedSqlStatement.java:88) ~[flyway-core-11.7.2.jar!/:na]
2026-08-26T12:26:17.2426919Z 	at org.flywaydb.core.internal.sqlscript.DefaultSqlScriptExecutor.executeStatement(DefaultSqlScriptExecutor.java:212) ~[flyway-core-11.7.2.jar!/:na]
2026-08-26T12:26:17.2427116Z 	... 49 common frames omitted
2026-08-26T12:26:17.2427134Z 
2026-08-26T12:53:10.0145207Z 
2026-08-26T12:53:10.0245900Z   .   ____          _            __ _ _
2026-08-26T12:53:10.0246077Z  /\\ / ___'_ __ _ _(_)_ __  __ _ \ \ \ \
2026-08-26T12:53:10.0246120Z ( ( )\___ | '_ | '_| | '_ \/ _` | \ \ \ \
2026-08-26T12:53:10.0246146Z  \\/  ___)| |_)| | | | | || (_| |  ) ) ) )
2026-08-26T12:53:10.0246175Z   '  |____| .__|_| |_|_| |_\__, | / / / /
2026-08-26T12:53:10.0246279Z  =========|_|==============|___/=/_/_/_/
2026-08-26T12:53:10.0246301Z 
2026-08-26T12:53:10.0508847Z  :: Spring Boot ::               (v3.5.13)
2026-08-26T12:53:10.0523172Z 
2026-08-26T12:53:11.0640720Z 2026-08-26T12:53:11.043Z  INFO 1 --- [           main] com.rvce.scas.ScasApplication            : Starting ScasApplication v0.0.1-SNAPSHOT using Java 17.0.20 with PID 1 (/app/app.jar started by root in /app)
2026-08-26T12:53:11.0925451Z 2026-08-26T12:53:11.092Z  INFO 1 --- [           main] com.rvce.scas.ScasApplication            : The following 1 profile is active: "prod"
2026-08-26T12:53:30.9345369Z 2026-08-26T12:53:30.933Z  INFO 1 --- [           main] .s.d.r.c.RepositoryConfigurationDelegate : Multiple Spring Data modules found, entering strict repository configuration mode
2026-08-26T12:53:30.9714737Z 2026-08-26T12:53:30.971Z  INFO 1 --- [           main] .s.d.r.c.RepositoryConfigurationDelegate : Bootstrapping Spring Data JPA repositories in DEFAULT mode.
2026-08-26T12:53:33.9571492Z 2026-08-26T12:53:33.956Z  INFO 1 --- [           main] .s.d.r.c.RepositoryConfigurationDelegate : Finished Spring Data repository scanning in 2826 ms. Found 12 JPA repository interfaces.
2026-08-26T12:53:34.2097992Z 2026-08-26T12:53:34.209Z  INFO 1 --- [           main] .s.d.r.c.RepositoryConfigurationDelegate : Multiple Spring Data modules found, entering strict repository configuration mode
2026-08-26T12:53:34.2321867Z 2026-08-26T12:53:34.231Z  INFO 1 --- [           main] .s.d.r.c.RepositoryConfigurationDelegate : Bootstrapping Spring Data Redis repositories in DEFAULT mode.
2026-08-26T12:53:34.4173796Z 2026-08-26T12:53:34.416Z  INFO 1 --- [           main] .RepositoryConfigurationExtensionSupport : Spring Data Redis - Could not safely identify store assignment for repository candidate interface com.rvce.scas.repository.DepartmentRepository; If you want this repository to be a Redis repository, consider annotating your entities with one of these annotations: org.springframework.data.redis.core.RedisHash (preferred), or consider extending one of the following types with your repository: org.springframework.data.keyvalue.repository.KeyValueRepository
2026-08-26T12:53:34.4323495Z 2026-08-26T12:53:34.431Z  INFO 1 --- [           main] .RepositoryConfigurationExtensionSupport : Spring Data Redis - Could not safely identify store assignment for repository candidate interface com.rvce.scas.repository.ExamHallRepository; If you want this repository to be a Redis repository, consider annotating your entities with one of these annotations: org.springframework.data.redis.core.RedisHash (preferred), or consider extending one of the following types with your repository: org.springframework.data.keyvalue.repository.KeyValueRepository
2026-08-26T12:53:34.4411434Z 2026-08-26T12:53:34.440Z  INFO 1 --- [           main] .RepositoryConfigurationExtensionSupport : Spring Data Redis - Could not safely identify store assignment for repository candidate interface com.rvce.scas.repository.ExamSeatRepository; If you want this repository to be a Redis repository, consider annotating your entities with one of these annotations: org.springframework.data.redis.core.RedisHash (preferred), or consider extending one of the following types with your repository: org.springframework.data.keyvalue.repository.KeyValueRepository
2026-08-26T12:53:34.4496297Z 2026-08-26T12:53:34.449Z  INFO 1 --- [           main] .RepositoryConfigurationExtensionSupport : Spring Data Redis - Could not safely identify store assignment for repository candidate interface com.rvce.scas.repository.ExamSessionRepository; If you want this repository to be a Redis repository, consider annotating your entities with one of these annotations: org.springframework.data.redis.core.RedisHash (preferred), or consider extending one of the following types with your repository: org.springframework.data.keyvalue.repository.KeyValueRepository
2026-08-26T12:53:34.4521217Z 2026-08-26T12:53:34.451Z  INFO 1 --- [           main] .RepositoryConfigurationExtensionSupport : Spring Data Redis - Could not safely identify store assignment for repository candidate interface com.rvce.scas.repository.ExamStudentRepository; If you want this repository to be a Redis repository, consider annotating your entities with one of these annotations: org.springframework.data.redis.core.RedisHash (preferred), or consider extending one of the following types with your repository: org.springframework.data.keyvalue.repository.KeyValueRepository
2026-08-26T12:53:34.4675871Z 2026-08-26T12:53:34.467Z  INFO 1 --- [           main] .RepositoryConfigurationExtensionSupport : Spring Data Redis - Could not safely identify store assignment for repository candidate interface com.rvce.scas.repository.NotificationRepository; If you want this repository to be a Redis repository, consider annotating your entities with one of these annotations: org.springframework.data.redis.core.RedisHash (preferred), or consider extending one of the following types with your repository: org.springframework.data.keyvalue.repository.KeyValueRepository
2026-08-26T12:53:34.4687613Z 2026-08-26T12:53:34.468Z  INFO 1 --- [           main] .RepositoryConfigurationExtensionSupport : Spring Data Redis - Could not safely identify store assignment for repository candidate interface com.rvce.scas.repository.PasswordResetTokenRepository; If you want this repository to be a Redis repository, consider annotating your entities with one of these annotations: org.springframework.data.redis.core.RedisHash (preferred), or consider extending one of the following types with your repository: org.springframework.data.keyvalue.repository.KeyValueRepository
2026-08-26T12:53:34.4752596Z 2026-08-26T12:53:34.469Z  INFO 1 --- [           main] .RepositoryConfigurationExtensionSupport : Spring Data Redis - Could not safely identify store assignment for repository candidate interface com.rvce.scas.repository.RoleRepository; If you want this repository to be a Redis repository, consider annotating your entities with one of these annotations: org.springframework.data.redis.core.RedisHash (preferred), or consider extending one of the following types with your repository: org.springframework.data.keyvalue.repository.KeyValueRepository
2026-08-26T12:53:34.4764368Z 2026-08-26T12:53:34.476Z  INFO 1 --- [           main] .RepositoryConfigurationExtensionSupport : Spring Data Redis - Could not safely identify store assignment for repository candidate interface com.rvce.scas.repository.RoomRepository; If you want this repository to be a Redis repository, consider annotating your entities with one of these annotations: org.springframework.data.redis.core.RedisHash (preferred), or consider extending one of the following types with your repository: org.springframework.data.keyvalue.repository.KeyValueRepository
2026-08-26T12:53:34.4774047Z 2026-08-26T12:53:34.477Z  INFO 1 --- [           main] .RepositoryConfigurationExtensionSupport : Spring Data Redis - Could not safely identify store assignment for repository candidate interface com.rvce.scas.repository.TimetableSlotRepository; If you want this repository to be a Redis repository, consider annotating your entities with one of these annotations: org.springframework.data.redis.core.RedisHash (preferred), or consider extending one of the following types with your repository: org.springframework.data.keyvalue.repository.KeyValueRepository
2026-08-26T12:53:34.4782577Z 2026-08-26T12:53:34.478Z  INFO 1 --- [           main] .RepositoryConfigurationExtensionSupport : Spring Data Redis - Could not safely identify store assignment for repository candidate interface com.rvce.scas.repository.UserRepository; If you want this repository to be a Redis repository, consider annotating your entities with one of these annotations: org.springframework.data.redis.core.RedisHash (preferred), or consider extending one of the following types with your repository: org.springframework.data.keyvalue.repository.KeyValueRepository
2026-08-26T12:53:34.4846060Z 2026-08-26T12:53:34.484Z  INFO 1 --- [           main] .RepositoryConfigurationExtensionSupport : Spring Data Redis - Could not safely identify store assignment for repository candidate interface com.rvce.scas.repository.UserRoleRepository; If you want this repository to be a Redis repository, consider annotating your entities with one of these annotations: org.springframework.data.redis.core.RedisHash (preferred), or consider extending one of the following types with your repository: org.springframework.data.keyvalue.repository.KeyValueRepository
2026-08-26T12:53:34.4859716Z 2026-08-26T12:53:34.485Z  INFO 1 --- [           main] .s.d.r.c.RepositoryConfigurationDelegate : Finished Spring Data repository scanning in 173 ms. Found 0 Redis repository interfaces.
2026-08-26T12:53:42.9492001Z 2026-08-26T12:53:42.948Z  INFO 1 --- [           main] o.s.b.w.embedded.tomcat.TomcatWebServer  : Tomcat initialized with port 8080 (http)
2026-08-26T12:53:43.1608777Z 2026-08-26T12:53:43.160Z  INFO 1 --- [           main] o.apache.catalina.core.StandardService   : Starting service [Tomcat]
2026-08-26T12:53:43.1713973Z 2026-08-26T12:53:43.170Z  INFO 1 --- [           main] o.apache.catalina.core.StandardEngine    : Starting Servlet engine: [Apache Tomcat/10.1.53]
2026-08-26T12:53:44.4446901Z 2026-08-26T12:53:44.443Z  INFO 1 --- [           main] o.a.c.c.C.[Tomcat].[localhost].[/]       : Initializing Spring embedded WebApplicationContext
2026-08-26T12:53:44.4555545Z 2026-08-26T12:53:44.455Z  INFO 1 --- [           main] w.s.c.ServletWebServerApplicationContext : Root WebApplicationContext: initialization completed in 32685 ms
2026-08-26T12:54:07.7384440Z 2026-08-26T12:54:07.728Z  INFO 1 --- [           main] com.zaxxer.hikari.HikariDataSource       : HikariPool-1 - Starting...
2026-08-26T12:54:11.2901172Z 2026-08-26T12:54:11.289Z  INFO 1 --- [           main] com.zaxxer.hikari.pool.HikariPool        : HikariPool-1 - Added connection org.postgresql.jdbc.PgConnection@509e4902
2026-08-26T12:54:11.3466215Z 2026-08-26T12:54:11.338Z  INFO 1 --- [           main] com.zaxxer.hikari.HikariDataSource       : HikariPool-1 - Start completed.
2026-08-26T12:54:12.1432881Z 2026-08-26T12:54:12.142Z  INFO 1 --- [           main] org.flywaydb.core.FlywayExecutor         : Database: jdbc:postgresql://scas-postgres-k23.postgres.database.azure.com:5432/scasdb?sslmode=require (PostgreSQL 16.14)
2026-08-26T12:54:13.1428709Z 2026-08-26T12:54:13.142Z  INFO 1 --- [           main] o.f.core.internal.command.DbValidate     : Successfully validated 27 migrations (execution time 00:00.655s)
2026-08-26T12:54:13.3339852Z 2026-08-26T12:54:13.325Z  INFO 1 --- [           main] o.f.core.internal.command.DbMigrate      : Current version of schema "public": << Empty Schema >>
2026-08-26T12:54:13.6979261Z 2026-08-26T12:54:13.697Z  INFO 1 --- [           main] o.f.core.internal.command.DbMigrate      : Migrating schema "public" to version "1 - users roles"
2026-08-26T12:54:13.8844417Z 2026-08-26T12:54:13.825Z  WARN 1 --- [           main] com.zaxxer.hikari.pool.ProxyConnection   : HikariPool-1 - Connection org.postgresql.jdbc.PgConnection@24ac87a marked as broken because of SQLSTATE(0A000), ErrorCode(0)
2026-08-26T12:54:13.8844921Z 
2026-08-26T12:54:13.8844979Z org.postgresql.util.PSQLException: ERROR: extension "pgcrypto" is not allow-listed for users in Azure Database for PostgreSQL
2026-08-26T12:54:13.8845094Z   Hint: to learn how to allow an extension or see the list of allowed extensions, please refer to https://go.microsoft.com/fwlink/?linkid=2301063
2026-08-26T12:54:13.8845121Z 	at org.postgresql.core.v3.QueryExecutorImpl.receiveErrorResponse(QueryExecutorImpl.java:2875) ~[postgresql-42.7.10.jar!/:42.7.10]
2026-08-26T12:54:13.8845145Z 	at org.postgresql.core.v3.QueryExecutorImpl.processResults(QueryExecutorImpl.java:2560) ~[postgresql-42.7.10.jar!/:42.7.10]
2026-08-26T12:54:13.8845169Z 	at org.postgresql.core.v3.QueryExecutorImpl.execute(QueryExecutorImpl.java:429) ~[postgresql-42.7.10.jar!/:42.7.10]
2026-08-26T12:54:13.8845194Z 	at org.postgresql.jdbc.PgStatement.executeInternal(PgStatement.java:526) ~[postgresql-42.7.10.jar!/:42.7.10]
2026-08-26T12:54:13.8845240Z 	at org.postgresql.jdbc.PgStatement.execute(PgStatement.java:436) ~[postgresql-42.7.10.jar!/:42.7.10]
2026-08-26T12:54:13.8845281Z 	at org.postgresql.jdbc.PgStatement.executeWithFlags(PgStatement.java:358) ~[postgresql-42.7.10.jar!/:42.7.10]
2026-08-26T12:54:13.8845305Z 	at org.postgresql.jdbc.PgStatement.executeCachedSql(PgStatement.java:343) ~[postgresql-42.7.10.jar!/:42.7.10]
2026-08-26T12:54:13.8845329Z 	at org.postgresql.jdbc.PgStatement.executeWithFlags(PgStatement.java:319) ~[postgresql-42.7.10.jar!/:42.7.10]
2026-08-26T12:54:13.8845352Z 	at org.postgresql.jdbc.PgStatement.execute(PgStatement.java:314) ~[postgresql-42.7.10.jar!/:42.7.10]
2026-08-26T12:54:13.8845375Z 	at com.zaxxer.hikari.pool.ProxyStatement.execute(ProxyStatement.java:95) ~[HikariCP-6.3.3.jar!/:na]
2026-08-26T12:54:13.8845425Z 	at com.zaxxer.hikari.pool.HikariProxyStatement.execute(HikariProxyStatement.java) ~[HikariCP-6.3.3.jar!/:na]
2026-08-26T12:54:13.8845451Z 	at org.flywaydb.core.internal.jdbc.JdbcTemplate.executeStatement(JdbcTemplate.java:215) ~[flyway-core-11.7.2.jar!/:na]
2026-08-26T12:54:13.8845475Z 	at org.flywaydb.core.internal.sqlscript.ParsedSqlStatement.execute(ParsedSqlStatement.java:88) ~[flyway-core-11.7.2.jar!/:na]
2026-08-26T12:54:13.8845505Z 	at org.flywaydb.core.internal.sqlscript.DefaultSqlScriptExecutor.executeStatement(DefaultSqlScriptExecutor.java:212) ~[flyway-core-11.7.2.jar!/:na]
2026-08-26T12:54:13.8845552Z 	at org.flywaydb.core.internal.sqlscript.DefaultSqlScriptExecutor.execute(DefaultSqlScriptExecutor.java:137) ~[flyway-core-11.7.2.jar!/:na]
2026-08-26T12:54:13.8845579Z 	at org.flywaydb.core.internal.resolver.sql.SqlMigrationExecutor.executeOnce(SqlMigrationExecutor.java:75) ~[flyway-core-11.7.2.jar!/:na]
2026-08-26T12:54:13.8845604Z 	at org.flywaydb.core.internal.resolver.sql.SqlMigrationExecutor.lambda$execute$0(SqlMigrationExecutor.java:66) ~[flyway-core-11.7.2.jar!/:na]
2026-08-26T12:54:13.8845630Z 	at org.flywaydb.core.internal.database.DefaultExecutionStrategy.execute(DefaultExecutionStrategy.java:31) ~[flyway-core-11.7.2.jar!/:na]
2026-08-26T12:54:13.8845655Z 	at org.flywaydb.core.internal.resolver.sql.SqlMigrationExecutor.execute(SqlMigrationExecutor.java:65) ~[flyway-core-11.7.2.jar!/:na]
2026-08-26T12:54:13.8845699Z 	at org.flywaydb.core.internal.command.DbMigrate.doMigrateGroup(DbMigrate.java:391) ~[flyway-core-11.7.2.jar!/:na]
2026-08-26T12:54:13.8845723Z 	at org.flywaydb.core.internal.command.DbMigrate.lambda$applyMigrations$1(DbMigrate.java:283) ~[flyway-core-11.7.2.jar!/:na]
2026-08-26T12:54:13.8845749Z 	at org.flywaydb.core.internal.jdbc.TransactionalExecutionTemplate.execute(TransactionalExecutionTemplate.java:59) ~[flyway-core-11.7.2.jar!/:na]
2026-08-26T12:54:13.8845772Z 	at org.flywaydb.core.internal.command.DbMigrate.applyMigrations(DbMigrate.java:282) ~[flyway-core-11.7.2.jar!/:na]
2026-08-26T12:54:13.8845796Z 	at org.flywaydb.core.internal.command.DbMigrate.migrateGroup(DbMigrate.java:255) ~[flyway-core-11.7.2.jar!/:na]
2026-08-26T12:54:13.8845819Z 	at org.flywaydb.core.internal.command.DbMigrate.lambda$migrateAll$0(DbMigrate.java:153) ~[flyway-core-11.7.2.jar!/:na]
2026-08-26T12:54:13.8845863Z 	at org.flywaydb.database.postgresql.PostgreSQLAdvisoryLockTemplate.execute(PostgreSQLAdvisoryLockTemplate.java:77) ~[flyway-database-postgresql-11.7.2.jar!/:na]
2026-08-26T12:54:13.8845891Z 	at org.flywaydb.database.postgresql.PostgreSQLAdvisoryLockTemplate.lambda$execute$0(PostgreSQLAdvisoryLockTemplate.java:60) ~[flyway-database-postgresql-11.7.2.jar!/:na]
2026-08-26T12:54:13.8845916Z 	at org.flywaydb.core.internal.jdbc.TransactionalExecutionTemplate.execute(TransactionalExecutionTemplate.java:59) ~[flyway-core-11.7.2.jar!/:na]
2026-08-26T12:54:13.8849747Z 	at org.flywaydb.database.postgresql.PostgreSQLAdvisoryLockTemplate.execute(PostgreSQLAdvisoryLockTemplate.java:60) ~[flyway-database-postgresql-11.7.2.jar!/:na]
2026-08-26T12:54:13.8849974Z 	at org.flywaydb.database.postgresql.PostgreSQLConnection.lock(PostgreSQLConnection.java:105) ~[flyway-database-postgresql-11.7.2.jar!/:na]
2026-08-26T12:54:13.8850010Z 	at org.flywaydb.core.internal.schemahistory.JdbcTableSchemaHistory.lock(JdbcTableSchemaHistory.java:164) ~[flyway-core-11.7.2.jar!/:na]
2026-08-26T12:54:13.8850034Z 	at org.flywaydb.core.internal.command.DbMigrate.migrateAll(DbMigrate.java:153) ~[flyway-core-11.7.2.jar!/:na]
2026-08-26T12:54:13.8850061Z 	at org.flywaydb.core.internal.command.DbMigrate.migrate(DbMigrate.java:104) ~[flyway-core-11.7.2.jar!/:na]
2026-08-26T12:54:13.8850105Z 	at org.flywaydb.core.Flyway.lambda$migrate$1(Flyway.java:247) ~[flyway-core-11.7.2.jar!/:na]
2026-08-26T12:54:13.8850130Z 	at org.flywaydb.core.FlywayExecutor.execute(FlywayExecutor.java:210) ~[flyway-core-11.7.2.jar!/:na]
2026-08-26T12:54:13.8850153Z 	at org.flywaydb.core.Flyway.migrate(Flyway.java:188) ~[flyway-core-11.7.2.jar!/:na]
2026-08-26T12:54:13.8850181Z 	at org.springframework.boot.autoconfigure.flyway.FlywayMigrationInitializer.afterPropertiesSet(FlywayMigrationInitializer.java:66) ~[spring-boot-autoconfigure-3.5.13.jar!/:3.5.13]
2026-08-26T12:54:13.8850208Z 	at org.springframework.beans.factory.support.AbstractAutowireCapableBeanFactory.invokeInitMethods(AbstractAutowireCapableBeanFactory.java:1873) ~[spring-beans-6.2.17.jar!/:6.2.17]
2026-08-26T12:54:13.8850235Z 	at org.springframework.beans.factory.support.AbstractAutowireCapableBeanFactory.initializeBean(AbstractAutowireCapableBeanFactory.java:1822) ~[spring-beans-6.2.17.jar!/:6.2.17]
2026-08-26T12:54:13.8850284Z 	at org.springframework.beans.factory.support.AbstractAutowireCapableBeanFactory.doCreateBean(AbstractAutowireCapableBeanFactory.java:607) ~[spring-beans-6.2.17.jar!/:6.2.17]
2026-08-26T12:54:13.8850312Z 	at org.springframework.beans.factory.support.AbstractAutowireCapableBeanFactory.createBean(AbstractAutowireCapableBeanFactory.java:529) ~[spring-beans-6.2.17.jar!/:6.2.17]
2026-08-26T12:54:13.8850338Z 	at org.springframework.beans.factory.support.AbstractBeanFactory.lambda$doGetBean$0(AbstractBeanFactory.java:339) ~[spring-beans-6.2.17.jar!/:6.2.17]
2026-08-26T12:54:13.8850365Z 	at org.springframework.beans.factory.support.DefaultSingletonBeanRegistry.getSingleton(DefaultSingletonBeanRegistry.java:373) ~[spring-beans-6.2.17.jar!/:6.2.17]
2026-08-26T12:54:13.8850409Z 	at org.springframework.beans.factory.support.AbstractBeanFactory.doGetBean(AbstractBeanFactory.java:337) ~[spring-beans-6.2.17.jar!/:6.2.17]
2026-08-26T12:54:13.8850436Z 	at org.springframework.beans.factory.support.AbstractBeanFactory.getBean(AbstractBeanFactory.java:202) ~[spring-beans-6.2.17.jar!/:6.2.17]
2026-08-26T12:54:13.8850461Z 	at org.springframework.beans.factory.support.AbstractBeanFactory.doGetBean(AbstractBeanFactory.java:315) ~[spring-beans-6.2.17.jar!/:6.2.17]
2026-08-26T12:54:13.8850488Z 	at org.springframework.beans.factory.support.AbstractBeanFactory.getBean(AbstractBeanFactory.java:207) ~[spring-beans-6.2.17.jar!/:6.2.17]
2026-08-26T12:54:13.8850515Z 	at org.springframework.context.support.AbstractApplicationContext.finishBeanFactoryInitialization(AbstractApplicationContext.java:974) ~[spring-context-6.2.17.jar!/:6.2.17]
2026-08-26T12:54:13.8850560Z 	at org.springframework.context.support.AbstractApplicationContext.refresh(AbstractApplicationContext.java:628) ~[spring-context-6.2.17.jar!/:6.2.17]
2026-08-26T12:54:13.8850588Z 	at org.springframework.boot.web.servlet.context.ServletWebServerApplicationContext.refresh(ServletWebServerApplicationContext.java:146) ~[spring-boot-3.5.13.jar!/:3.5.13]
2026-08-26T12:54:13.8850614Z 	at org.springframework.boot.SpringApplication.refresh(SpringApplication.java:752) ~[spring-boot-3.5.13.jar!/:3.5.13]
2026-08-26T12:54:13.8850638Z 	at org.springframework.boot.SpringApplication.refreshContext(SpringApplication.java:439) ~[spring-boot-3.5.13.jar!/:3.5.13]
2026-08-26T12:54:13.8850662Z 	at org.springframework.boot.SpringApplication.run(SpringApplication.java:318) ~[spring-boot-3.5.13.jar!/:3.5.13]
2026-08-26T12:54:13.8850686Z 	at org.springframework.boot.SpringApplication.run(SpringApplication.java:1361) ~[spring-boot-3.5.13.jar!/:3.5.13]
2026-08-26T12:54:13.8850729Z 	at org.springframework.boot.SpringApplication.run(SpringApplication.java:1350) ~[spring-boot-3.5.13.jar!/:3.5.13]
2026-08-26T12:54:13.8850752Z 	at com.rvce.scas.ScasApplication.main(ScasApplication.java:20) ~[!/:0.0.1-SNAPSHOT]
2026-08-26T12:54:13.8850776Z 	at java.base/jdk.internal.reflect.NativeMethodAccessorImpl.invoke0(Native Method) ~[na:na]
2026-08-26T12:54:13.8850799Z 	at java.base/jdk.internal.reflect.NativeMethodAccessorImpl.invoke(Unknown Source) ~[na:na]
2026-08-26T12:54:13.8850823Z 	at java.base/jdk.internal.reflect.DelegatingMethodAccessorImpl.invoke(Unknown Source) ~[na:na]
2026-08-26T12:54:13.8850929Z 	at java.base/java.lang.reflect.Method.invoke(Unknown Source) ~[na:na]
2026-08-26T12:54:13.8850959Z 	at org.springframework.boot.loader.launch.Launcher.launch(Launcher.java:106) ~[app.jar:0.0.1-SNAPSHOT]
2026-08-26T12:54:13.8850987Z 	at org.springframework.boot.loader.launch.Launcher.launch(Launcher.java:64) ~[app.jar:0.0.1-SNAPSHOT]
2026-08-26T12:54:13.8851030Z 	at org.springframework.boot.loader.launch.JarLauncher.main(JarLauncher.java:40) ~[app.jar:0.0.1-SNAPSHOT]
2026-08-26T12:54:13.8851051Z 
2026-08-26T12:54:14.0197071Z 2026-08-26T12:54:13.991Z ERROR 1 --- [           main] o.f.c.i.j.TransactionalExecutionTemplate : Unable to rollback transaction
2026-08-26T12:54:14.0197592Z 
2026-08-26T12:54:14.0197646Z java.sql.SQLException: Connection is closed
2026-08-26T12:54:14.0197684Z 	at com.zaxxer.hikari.pool.ProxyConnection$ClosedConnection.lambda$getClosedConnection$0(ProxyConnection.java:562) ~[HikariCP-6.3.3.jar!/:na]
2026-08-26T12:54:14.0197789Z 	at jdk.proxy3/jdk.proxy3.$Proxy119.rollback(Unknown Source) ~[na:na]
2026-08-26T12:54:14.0197816Z 	at com.zaxxer.hikari.pool.ProxyConnection.rollback(ProxyConnection.java:386) ~[HikariCP-6.3.3.jar!/:na]
2026-08-26T12:54:14.0197842Z 	at com.zaxxer.hikari.pool.HikariProxyConnection.rollback(HikariProxyConnection.java) ~[HikariCP-6.3.3.jar!/:na]
2026-08-26T12:54:14.0197869Z 	at org.flywaydb.core.internal.jdbc.TransactionalExecutionTemplate.execute(TransactionalExecutionTemplate.java:75) ~[flyway-core-11.7.2.jar!/:na]
2026-08-26T12:54:14.0197895Z 	at org.flywaydb.core.internal.command.DbMigrate.applyMigrations(DbMigrate.java:282) ~[flyway-core-11.7.2.jar!/:na]
2026-08-26T12:54:14.0197921Z 	at org.flywaydb.core.internal.command.DbMigrate.migrateGroup(DbMigrate.java:255) ~[flyway-core-11.7.2.jar!/:na]
2026-08-26T12:54:14.0197970Z 	at org.flywaydb.core.internal.command.DbMigrate.lambda$migrateAll$0(DbMigrate.java:153) ~[flyway-core-11.7.2.jar!/:na]
2026-08-26T12:54:14.0197998Z 	at org.flywaydb.database.postgresql.PostgreSQLAdvisoryLockTemplate.execute(PostgreSQLAdvisoryLockTemplate.java:77) ~[flyway-database-postgresql-11.7.2.jar!/:na]
2026-08-26T12:54:14.0198027Z 	at org.flywaydb.database.postgresql.PostgreSQLAdvisoryLockTemplate.lambda$execute$0(PostgreSQLAdvisoryLockTemplate.java:60) ~[flyway-database-postgresql-11.7.2.jar!/:na]
2026-08-26T12:54:14.0198054Z 	at org.flywaydb.core.internal.jdbc.TransactionalExecutionTemplate.execute(TransactionalExecutionTemplate.java:59) ~[flyway-core-11.7.2.jar!/:na]
2026-08-26T12:54:14.0198082Z 	at org.flywaydb.database.postgresql.PostgreSQLAdvisoryLockTemplate.execute(PostgreSQLAdvisoryLockTemplate.java:60) ~[flyway-database-postgresql-11.7.2.jar!/:na]
2026-08-26T12:54:14.0198129Z 	at org.flywaydb.database.postgresql.PostgreSQLConnection.lock(PostgreSQLConnection.java:105) ~[flyway-database-postgresql-11.7.2.jar!/:na]
2026-08-26T12:54:14.0198156Z 	at org.flywaydb.core.internal.schemahistory.JdbcTableSchemaHistory.lock(JdbcTableSchemaHistory.java:164) ~[flyway-core-11.7.2.jar!/:na]
2026-08-26T12:54:14.0198180Z 	at org.flywaydb.core.internal.command.DbMigrate.migrateAll(DbMigrate.java:153) ~[flyway-core-11.7.2.jar!/:na]
2026-08-26T12:54:14.0198205Z 	at org.flywaydb.core.internal.command.DbMigrate.migrate(DbMigrate.java:104) ~[flyway-core-11.7.2.jar!/:na]
2026-08-26T12:54:14.0198229Z 	at org.flywaydb.core.Flyway.lambda$migrate$1(Flyway.java:247) ~[flyway-core-11.7.2.jar!/:na]
2026-08-26T12:54:14.0198273Z 	at org.flywaydb.core.FlywayExecutor.execute(FlywayExecutor.java:210) ~[flyway-core-11.7.2.jar!/:na]
2026-08-26T12:54:14.0198297Z 	at org.flywaydb.core.Flyway.migrate(Flyway.java:188) ~[flyway-core-11.7.2.jar!/:na]
2026-08-26T12:54:14.0198327Z 	at org.springframework.boot.autoconfigure.flyway.FlywayMigrationInitializer.afterPropertiesSet(FlywayMigrationInitializer.java:66) ~[spring-boot-autoconfigure-3.5.13.jar!/:3.5.13]
2026-08-26T12:54:14.0198356Z 	at org.springframework.beans.factory.support.AbstractAutowireCapableBeanFactory.invokeInitMethods(AbstractAutowireCapableBeanFactory.java:1873) ~[spring-beans-6.2.17.jar!/:6.2.17]
2026-08-26T12:54:14.0198384Z 	at org.springframework.beans.factory.support.AbstractAutowireCapableBeanFactory.initializeBean(AbstractAutowireCapableBeanFactory.java:1822) ~[spring-beans-6.2.17.jar!/:6.2.17]
2026-08-26T12:54:14.0198435Z 	at org.springframework.beans.factory.support.AbstractAutowireCapableBeanFactory.doCreateBean(AbstractAutowireCapableBeanFactory.java:607) ~[spring-beans-6.2.17.jar!/:6.2.17]
2026-08-26T12:54:14.0198463Z 	at org.springframework.beans.factory.support.AbstractAutowireCapableBeanFactory.createBean(AbstractAutowireCapableBeanFactory.java:529) ~[spring-beans-6.2.17.jar!/:6.2.17]
2026-08-26T12:54:14.0198489Z 	at org.springframework.beans.factory.support.AbstractBeanFactory.lambda$doGetBean$0(AbstractBeanFactory.java:339) ~[spring-beans-6.2.17.jar!/:6.2.17]
2026-08-26T12:54:14.0198517Z 	at org.springframework.beans.factory.support.DefaultSingletonBeanRegistry.getSingleton(DefaultSingletonBeanRegistry.java:373) ~[spring-beans-6.2.17.jar!/:6.2.17]
2026-08-26T12:54:14.0198544Z 	at org.springframework.beans.factory.support.AbstractBeanFactory.doGetBean(AbstractBeanFactory.java:337) ~[spring-beans-6.2.17.jar!/:6.2.17]
2026-08-26T12:54:14.0198591Z 	at org.springframework.beans.factory.support.AbstractBeanFactory.getBean(AbstractBeanFactory.java:202) ~[spring-beans-6.2.17.jar!/:6.2.17]
2026-08-26T12:54:14.0198804Z 	at org.springframework.beans.factory.support.AbstractBeanFactory.doGetBean(AbstractBeanFactory.java:315) ~[spring-beans-6.2.17.jar!/:6.2.17]
2026-08-26T12:54:14.0198838Z 	at org.springframework.beans.factory.support.AbstractBeanFactory.getBean(AbstractBeanFactory.java:207) ~[spring-beans-6.2.17.jar!/:6.2.17]
2026-08-26T12:54:14.0198866Z 	at org.springframework.context.support.AbstractApplicationContext.finishBeanFactoryInitialization(AbstractApplicationContext.java:974) ~[spring-context-6.2.17.jar!/:6.2.17]
2026-08-26T12:54:14.0198893Z 	at org.springframework.context.support.AbstractApplicationContext.refresh(AbstractApplicationContext.java:628) ~[spring-context-6.2.17.jar!/:6.2.17]
2026-08-26T12:54:14.0198949Z 	at org.springframework.boot.web.servlet.context.ServletWebServerApplicationContext.refresh(ServletWebServerApplicationContext.java:146) ~[spring-boot-3.5.13.jar!/:3.5.13]
2026-08-26T12:54:14.0198976Z 	at org.springframework.boot.SpringApplication.refresh(SpringApplication.java:752) ~[spring-boot-3.5.13.jar!/:3.5.13]
2026-08-26T12:54:14.0199001Z 	at org.springframework.boot.SpringApplication.refreshContext(SpringApplication.java:439) ~[spring-boot-3.5.13.jar!/:3.5.13]
2026-08-26T12:54:14.0199027Z 	at org.springframework.boot.SpringApplication.run(SpringApplication.java:318) ~[spring-boot-3.5.13.jar!/:3.5.13]
2026-08-26T12:54:14.0199052Z 	at org.springframework.boot.SpringApplication.run(SpringApplication.java:1361) ~[spring-boot-3.5.13.jar!/:3.5.13]
2026-08-26T12:54:14.0199095Z 	at org.springframework.boot.SpringApplication.run(SpringApplication.java:1350) ~[spring-boot-3.5.13.jar!/:3.5.13]
2026-08-26T12:54:14.0199119Z 	at com.rvce.scas.ScasApplication.main(ScasApplication.java:20) ~[!/:0.0.1-SNAPSHOT]
2026-08-26T12:54:14.0199142Z 	at java.base/jdk.internal.reflect.NativeMethodAccessorImpl.invoke0(Native Method) ~[na:na]
2026-08-26T12:54:14.0199167Z 	at java.base/jdk.internal.reflect.NativeMethodAccessorImpl.invoke(Unknown Source) ~[na:na]
2026-08-26T12:54:14.0199192Z 	at java.base/jdk.internal.reflect.DelegatingMethodAccessorImpl.invoke(Unknown Source) ~[na:na]
2026-08-26T12:54:14.0199215Z 	at java.base/java.lang.reflect.Method.invoke(Unknown Source) ~[na:na]
2026-08-26T12:54:14.0199258Z 	at org.springframework.boot.loader.launch.Launcher.launch(Launcher.java:106) ~[app.jar:0.0.1-SNAPSHOT]
2026-08-26T12:54:14.0199283Z 	at org.springframework.boot.loader.launch.Launcher.launch(Launcher.java:64) ~[app.jar:0.0.1-SNAPSHOT]
2026-08-26T12:54:14.0199481Z 	at org.springframework.boot.loader.launch.JarLauncher.main(JarLauncher.java:40) ~[app.jar:0.0.1-SNAPSHOT]
2026-08-26T12:54:14.0199500Z 
2026-08-26T12:54:14.0316521Z 2026-08-26T12:54:14.029Z ERROR 1 --- [           main] o.f.c.i.j.TransactionalExecutionTemplate : Unable to restore autocommit to original value for connection
2026-08-26T12:54:14.0316669Z 
2026-08-26T12:54:14.0316704Z java.sql.SQLException: Connection is closed
2026-08-26T12:54:14.0316765Z 	at com.zaxxer.hikari.pool.ProxyConnection$ClosedConnection.lambda$getClosedConnection$0(ProxyConnection.java:562) ~[HikariCP-6.3.3.jar!/:na]
2026-08-26T12:54:14.0316791Z 	at jdk.proxy3/jdk.proxy3.$Proxy119.setAutoCommit(Unknown Source) ~[na:na]
2026-08-26T12:54:14.0316816Z 	at com.zaxxer.hikari.pool.ProxyConnection.setAutoCommit(ProxyConnection.java:412) ~[HikariCP-6.3.3.jar!/:na]
2026-08-26T12:54:14.0316841Z 	at com.zaxxer.hikari.pool.HikariProxyConnection.setAutoCommit(HikariProxyConnection.java) ~[HikariCP-6.3.3.jar!/:na]
2026-08-26T12:54:14.0316867Z 	at org.flywaydb.core.internal.jdbc.TransactionalExecutionTemplate.execute(TransactionalExecutionTemplate.java:90) ~[flyway-core-11.7.2.jar!/:na]
2026-08-26T12:54:14.0316912Z 	at org.flywaydb.core.internal.command.DbMigrate.applyMigrations(DbMigrate.java:282) ~[flyway-core-11.7.2.jar!/:na]
2026-08-26T12:54:14.0316938Z 	at org.flywaydb.core.internal.command.DbMigrate.migrateGroup(DbMigrate.java:255) ~[flyway-core-11.7.2.jar!/:na]
2026-08-26T12:54:14.0316966Z 	at org.flywaydb.core.internal.command.DbMigrate.lambda$migrateAll$0(DbMigrate.java:153) ~[flyway-core-11.7.2.jar!/:na]
2026-08-26T12:54:14.0316995Z 	at org.flywaydb.database.postgresql.PostgreSQLAdvisoryLockTemplate.execute(PostgreSQLAdvisoryLockTemplate.java:77) ~[flyway-database-postgresql-11.7.2.jar!/:na]
2026-08-26T12:54:14.0317023Z 	at org.flywaydb.database.postgresql.PostgreSQLAdvisoryLockTemplate.lambda$execute$0(PostgreSQLAdvisoryLockTemplate.java:60) ~[flyway-database-postgresql-11.7.2.jar!/:na]
2026-08-26T12:54:14.0317070Z 	at org.flywaydb.core.internal.jdbc.TransactionalExecutionTemplate.execute(TransactionalExecutionTemplate.java:59) ~[flyway-core-11.7.2.jar!/:na]
2026-08-26T12:54:14.0317098Z 	at org.flywaydb.database.postgresql.PostgreSQLAdvisoryLockTemplate.execute(PostgreSQLAdvisoryLockTemplate.java:60) ~[flyway-database-postgresql-11.7.2.jar!/:na]
2026-08-26T12:54:14.0317124Z 	at org.flywaydb.database.postgresql.PostgreSQLConnection.lock(PostgreSQLConnection.java:105) ~[flyway-database-postgresql-11.7.2.jar!/:na]
2026-08-26T12:54:14.0317149Z 	at org.flywaydb.core.internal.schemahistory.JdbcTableSchemaHistory.lock(JdbcTableSchemaHistory.java:164) ~[flyway-core-11.7.2.jar!/:na]
2026-08-26T12:54:14.0317177Z 	at org.flywaydb.core.internal.command.DbMigrate.migrateAll(DbMigrate.java:153) ~[flyway-core-11.7.2.jar!/:na]
2026-08-26T12:54:14.0317202Z 	at org.flywaydb.core.internal.command.DbMigrate.migrate(DbMigrate.java:104) ~[flyway-core-11.7.2.jar!/:na]
2026-08-26T12:54:14.0317247Z 	at org.flywaydb.core.Flyway.lambda$migrate$1(Flyway.java:247) ~[flyway-core-11.7.2.jar!/:na]
2026-08-26T12:54:14.0317272Z 	at org.flywaydb.core.FlywayExecutor.execute(FlywayExecutor.java:210) ~[flyway-core-11.7.2.jar!/:na]
2026-08-26T12:54:14.0317295Z 	at org.flywaydb.core.Flyway.migrate(Flyway.java:188) ~[flyway-core-11.7.2.jar!/:na]
2026-08-26T12:54:14.0317324Z 	at org.springframework.boot.autoconfigure.flyway.FlywayMigrationInitializer.afterPropertiesSet(FlywayMigrationInitializer.java:66) ~[spring-boot-autoconfigure-3.5.13.jar!/:3.5.13]
2026-08-26T12:54:14.0317352Z 	at org.springframework.beans.factory.support.AbstractAutowireCapableBeanFactory.invokeInitMethods(AbstractAutowireCapableBeanFactory.java:1873) ~[spring-beans-6.2.17.jar!/:6.2.17]
2026-08-26T12:54:14.0317399Z 	at org.springframework.beans.factory.support.AbstractAutowireCapableBeanFactory.initializeBean(AbstractAutowireCapableBeanFactory.java:1822) ~[spring-beans-6.2.17.jar!/:6.2.17]
2026-08-26T12:54:14.0317427Z 	at org.springframework.beans.factory.support.AbstractAutowireCapableBeanFactory.doCreateBean(AbstractAutowireCapableBeanFactory.java:607) ~[spring-beans-6.2.17.jar!/:6.2.17]
2026-08-26T12:54:14.0317456Z 	at org.springframework.beans.factory.support.AbstractAutowireCapableBeanFactory.createBean(AbstractAutowireCapableBeanFactory.java:529) ~[spring-beans-6.2.17.jar!/:6.2.17]
2026-08-26T12:54:14.0317484Z 	at org.springframework.beans.factory.support.AbstractBeanFactory.lambda$doGetBean$0(AbstractBeanFactory.java:339) ~[spring-beans-6.2.17.jar!/:6.2.17]
2026-08-26T12:54:14.0317511Z 	at org.springframework.beans.factory.support.DefaultSingletonBeanRegistry.getSingleton(DefaultSingletonBeanRegistry.java:373) ~[spring-beans-6.2.17.jar!/:6.2.17]
2026-08-26T12:54:14.0317556Z 	at org.springframework.beans.factory.support.AbstractBeanFactory.doGetBean(AbstractBeanFactory.java:337) ~[spring-beans-6.2.17.jar!/:6.2.17]
2026-08-26T12:54:14.0317583Z 	at org.springframework.beans.factory.support.AbstractBeanFactory.getBean(AbstractBeanFactory.java:202) ~[spring-beans-6.2.17.jar!/:6.2.17]
2026-08-26T12:54:14.0317717Z 	at org.springframework.beans.factory.support.AbstractBeanFactory.doGetBean(AbstractBeanFactory.java:315) ~[spring-beans-6.2.17.jar!/:6.2.17]
2026-08-26T12:54:14.0317748Z 	at org.springframework.beans.factory.support.AbstractBeanFactory.getBean(AbstractBeanFactory.java:207) ~[spring-beans-6.2.17.jar!/:6.2.17]
2026-08-26T12:54:14.0317777Z 	at org.springframework.context.support.AbstractApplicationContext.finishBeanFactoryInitialization(AbstractApplicationContext.java:974) ~[spring-context-6.2.17.jar!/:6.2.17]
2026-08-26T12:54:14.0317830Z 	at org.springframework.context.support.AbstractApplicationContext.refresh(AbstractApplicationContext.java:628) ~[spring-context-6.2.17.jar!/:6.2.17]
2026-08-26T12:54:14.0317858Z 	at org.springframework.boot.web.servlet.context.ServletWebServerApplicationContext.refresh(ServletWebServerApplicationContext.java:146) ~[spring-boot-3.5.13.jar!/:3.5.13]
2026-08-26T12:54:14.0317884Z 	at org.springframework.boot.SpringApplication.refresh(SpringApplication.java:752) ~[spring-boot-3.5.13.jar!/:3.5.13]
2026-08-26T12:54:14.0317909Z 	at org.springframework.boot.SpringApplication.refreshContext(SpringApplication.java:439) ~[spring-boot-3.5.13.jar!/:3.5.13]
2026-08-26T12:54:14.0317934Z 	at org.springframework.boot.SpringApplication.run(SpringApplication.java:318) ~[spring-boot-3.5.13.jar!/:3.5.13]
2026-08-26T12:54:14.0317977Z 	at org.springframework.boot.SpringApplication.run(SpringApplication.java:1361) ~[spring-boot-3.5.13.jar!/:3.5.13]
2026-08-26T12:54:14.0318003Z 	at org.springframework.boot.SpringApplication.run(SpringApplication.java:1350) ~[spring-boot-3.5.13.jar!/:3.5.13]
2026-08-26T12:54:14.0318026Z 	at com.rvce.scas.ScasApplication.main(ScasApplication.java:20) ~[!/:0.0.1-SNAPSHOT]
2026-08-26T12:54:14.0318051Z 	at java.base/jdk.internal.reflect.NativeMethodAccessorImpl.invoke0(Native Method) ~[na:na]
2026-08-26T12:54:14.0318075Z 	at java.base/jdk.internal.reflect.NativeMethodAccessorImpl.invoke(Unknown Source) ~[na:na]
2026-08-26T12:54:14.0318100Z 	at java.base/jdk.internal.reflect.DelegatingMethodAccessorImpl.invoke(Unknown Source) ~[na:na]
2026-08-26T12:54:14.0318142Z 	at java.base/java.lang.reflect.Method.invoke(Unknown Source) ~[na:na]
2026-08-26T12:54:14.0318167Z 	at org.springframework.boot.loader.launch.Launcher.launch(Launcher.java:106) ~[app.jar:0.0.1-SNAPSHOT]
2026-08-26T12:54:14.0318191Z 	at org.springframework.boot.loader.launch.Launcher.launch(Launcher.java:64) ~[app.jar:0.0.1-SNAPSHOT]
2026-08-26T12:54:14.0318215Z 	at org.springframework.boot.loader.launch.JarLauncher.main(JarLauncher.java:40) ~[app.jar:0.0.1-SNAPSHOT]
2026-08-26T12:54:14.0318235Z 
2026-08-26T12:54:14.0318264Z 2026-08-26T12:54:14.031Z ERROR 1 --- [           main] o.f.core.internal.command.DbMigrate      : Migration of schema "public" to version "1 - users roles" failed! Changes successfully rolled back.
2026-08-26T12:54:14.0709850Z 2026-08-26T12:54:14.070Z  WARN 1 --- [           main] ConfigServletWebServerApplicationContext : Exception encountered during context initialization - cancelling refresh attempt: org.springframework.beans.factory.BeanCreationException: Error creating bean with name 'entityManagerFactory' defined in class path resource [org/springframework/boot/autoconfigure/orm/jpa/HibernateJpaConfiguration.class]: Failed to initialize dependency 'flywayInitializer' of LoadTimeWeaverAware bean 'entityManagerFactory': Error creating bean with name 'flywayInitializer' defined in class path resource [org/springframework/boot/autoconfigure/flyway/FlywayAutoConfiguration$FlywayConfiguration.class]: Script V1__users_roles.sql failed
2026-08-26T12:54:14.0710428Z ---------------------------------
2026-08-26T12:54:14.0710475Z SQL State  : 0A000
2026-08-26T12:54:14.0710511Z Error Code : 0
2026-08-26T12:54:14.0710598Z Message    : ERROR: extension "pgcrypto" is not allow-listed for users in Azure Database for PostgreSQL
2026-08-26T12:54:14.0710630Z   Hint: to learn how to allow an extension or see the list of allowed extensions, please refer to https://go.microsoft.com/fwlink/?linkid=2301063
2026-08-26T12:54:14.0710660Z Location   : db/migration/V1__users_roles.sql (/app/nested:/app/app.jar/!BOOT-INF/classes/!/db/migration/V1__users_roles.sql)
2026-08-26T12:54:14.0710684Z Line       : 38
2026-08-26T12:54:14.0710712Z Statement  : Run Flyway with -X option to see the actual statement causing the problem
2026-08-26T12:54:14.0710735Z 
2026-08-26T12:54:14.1267626Z 2026-08-26T12:54:14.118Z  INFO 1 --- [           main] com.zaxxer.hikari.HikariDataSource       : HikariPool-1 - Shutdown initiated...
2026-08-26T12:54:14.5601843Z 2026-08-26T12:54:14.559Z  INFO 1 --- [           main] com.zaxxer.hikari.HikariDataSource       : HikariPool-1 - Shutdown completed.
2026-08-26T12:54:14.7141483Z 2026-08-26T12:54:14.706Z  INFO 1 --- [           main] o.apache.catalina.core.StandardService   : Stopping service [Tomcat]
2026-08-26T12:54:14.9482062Z 2026-08-26T12:54:14.947Z  INFO 1 --- [           main] .s.b.a.l.ConditionEvaluationReportLogger : 
2026-08-26T12:54:14.9482760Z 
2026-08-26T12:54:14.9482828Z Error starting ApplicationContext. To display the condition evaluation report re-run your application with 'debug' enabled.
2026-08-26T12:54:15.1609420Z 2026-08-26T12:54:15.153Z ERROR 1 --- [           main] o.s.boot.SpringApplication               : Application run failed
2026-08-26T12:54:15.1609955Z 
2026-08-26T12:54:15.1610033Z org.springframework.beans.factory.BeanCreationException: Error creating bean with name 'entityManagerFactory' defined in class path resource [org/springframework/boot/autoconfigure/orm/jpa/HibernateJpaConfiguration.class]: Failed to initialize dependency 'flywayInitializer' of LoadTimeWeaverAware bean 'entityManagerFactory': Error creating bean with name 'flywayInitializer' defined in class path resource [org/springframework/boot/autoconfigure/flyway/FlywayAutoConfiguration$FlywayConfiguration.class]: Script V1__users_roles.sql failed
2026-08-26T12:54:15.1610060Z ---------------------------------
2026-08-26T12:54:15.1610081Z SQL State  : 0A000
2026-08-26T12:54:15.1610158Z Error Code : 0
2026-08-26T12:54:15.1610189Z Message    : ERROR: extension "pgcrypto" is not allow-listed for users in Azure Database for PostgreSQL
2026-08-26T12:54:15.1610218Z   Hint: to learn how to allow an extension or see the list of allowed extensions, please refer to https://go.microsoft.com/fwlink/?linkid=2301063
2026-08-26T12:54:15.1610246Z Location   : db/migration/V1__users_roles.sql (/app/nested:/app/app.jar/!BOOT-INF/classes/!/db/migration/V1__users_roles.sql)
2026-08-26T12:54:15.1610268Z Line       : 38
2026-08-26T12:54:15.1610292Z Statement  : Run Flyway with -X option to see the actual statement causing the problem
2026-08-26T12:54:15.1610340Z 
2026-08-26T12:54:15.1610367Z 	at org.springframework.beans.factory.support.AbstractBeanFactory.doGetBean(AbstractBeanFactory.java:328) ~[spring-beans-6.2.17.jar!/:6.2.17]
2026-08-26T12:54:15.1610394Z 	at org.springframework.beans.factory.support.AbstractBeanFactory.getBean(AbstractBeanFactory.java:207) ~[spring-beans-6.2.17.jar!/:6.2.17]
2026-08-26T12:54:15.1610425Z 	at org.springframework.context.support.AbstractApplicationContext.finishBeanFactoryInitialization(AbstractApplicationContext.java:974) ~[spring-context-6.2.17.jar!/:6.2.17]
2026-08-26T12:54:15.1610453Z 	at org.springframework.context.support.AbstractApplicationContext.refresh(AbstractApplicationContext.java:628) ~[spring-context-6.2.17.jar!/:6.2.17]
2026-08-26T12:54:15.1610482Z 	at org.springframework.boot.web.servlet.context.ServletWebServerApplicationContext.refresh(ServletWebServerApplicationContext.java:146) ~[spring-boot-3.5.13.jar!/:3.5.13]
2026-08-26T12:54:15.1610531Z 	at org.springframework.boot.SpringApplication.refresh(SpringApplication.java:752) ~[spring-boot-3.5.13.jar!/:3.5.13]
2026-08-26T12:54:15.1610557Z 	at org.springframework.boot.SpringApplication.refreshContext(SpringApplication.java:439) ~[spring-boot-3.5.13.jar!/:3.5.13]
2026-08-26T12:54:15.1610583Z 	at org.springframework.boot.SpringApplication.run(SpringApplication.java:318) ~[spring-boot-3.5.13.jar!/:3.5.13]
2026-08-26T12:54:15.1610608Z 	at org.springframework.boot.SpringApplication.run(SpringApplication.java:1361) ~[spring-boot-3.5.13.jar!/:3.5.13]
2026-08-26T12:54:15.1610633Z 	at org.springframework.boot.SpringApplication.run(SpringApplication.java:1350) ~[spring-boot-3.5.13.jar!/:3.5.13]
2026-08-26T12:54:15.1610678Z 	at com.rvce.scas.ScasApplication.main(ScasApplication.java:20) ~[!/:0.0.1-SNAPSHOT]
2026-08-26T12:54:15.1610704Z 	at java.base/jdk.internal.reflect.NativeMethodAccessorImpl.invoke0(Native Method) ~[na:na]
2026-08-26T12:54:15.1610729Z 	at java.base/jdk.internal.reflect.NativeMethodAccessorImpl.invoke(Unknown Source) ~[na:na]
2026-08-26T12:54:15.1610754Z 	at java.base/jdk.internal.reflect.DelegatingMethodAccessorImpl.invoke(Unknown Source) ~[na:na]
2026-08-26T12:54:15.1610776Z 	at java.base/java.lang.reflect.Method.invoke(Unknown Source) ~[na:na]
2026-08-26T12:54:15.1610801Z 	at org.springframework.boot.loader.launch.Launcher.launch(Launcher.java:106) ~[app.jar:0.0.1-SNAPSHOT]
2026-08-26T12:54:15.1610846Z 	at org.springframework.boot.loader.launch.Launcher.launch(Launcher.java:64) ~[app.jar:0.0.1-SNAPSHOT]
2026-08-26T12:54:15.1610872Z 	at org.springframework.boot.loader.launch.JarLauncher.main(JarLauncher.java:40) ~[app.jar:0.0.1-SNAPSHOT]
2026-08-26T12:54:15.1610905Z Caused by: org.springframework.beans.factory.BeanCreationException: Error creating bean with name 'flywayInitializer' defined in class path resource [org/springframework/boot/autoconfigure/flyway/FlywayAutoConfiguration$FlywayConfiguration.class]: Script V1__users_roles.sql failed
2026-08-26T12:54:15.1610929Z ---------------------------------
2026-08-26T12:54:15.1645008Z SQL State  : 0A000
2026-08-26T12:54:15.1645050Z Error Code : 0
2026-08-26T12:54:15.1645115Z Message    : ERROR: extension "pgcrypto" is not allow-listed for users in Azure Database for PostgreSQL
2026-08-26T12:54:15.1645151Z   Hint: to learn how to allow an extension or see the list of allowed extensions, please refer to https://go.microsoft.com/fwlink/?linkid=2301063
2026-08-26T12:54:15.1645184Z Location   : db/migration/V1__users_roles.sql (/app/nested:/app/app.jar/!BOOT-INF/classes/!/db/migration/V1__users_roles.sql)
2026-08-26T12:54:15.1645208Z Line       : 38
2026-08-26T12:54:15.1645411Z Statement  : Run Flyway with -X option to see the actual statement causing the problem
2026-08-26T12:54:15.1645443Z 
2026-08-26T12:54:15.1645498Z 	at org.springframework.beans.factory.support.AbstractAutowireCapableBeanFactory.initializeBean(AbstractAutowireCapableBeanFactory.java:1826) ~[spring-beans-6.2.17.jar!/:6.2.17]
2026-08-26T12:54:15.1645535Z 	at org.springframework.beans.factory.support.AbstractAutowireCapableBeanFactory.doCreateBean(AbstractAutowireCapableBeanFactory.java:607) ~[spring-beans-6.2.17.jar!/:6.2.17]
2026-08-26T12:54:15.1645569Z 	at org.springframework.beans.factory.support.AbstractAutowireCapableBeanFactory.createBean(AbstractAutowireCapableBeanFactory.java:529) ~[spring-beans-6.2.17.jar!/:6.2.17]
2026-08-26T12:54:15.1645602Z 	at org.springframework.beans.factory.support.AbstractBeanFactory.lambda$doGetBean$0(AbstractBeanFactory.java:339) ~[spring-beans-6.2.17.jar!/:6.2.17]
2026-08-26T12:54:15.1645634Z 	at org.springframework.beans.factory.support.DefaultSingletonBeanRegistry.getSingleton(DefaultSingletonBeanRegistry.java:373) ~[spring-beans-6.2.17.jar!/:6.2.17]
2026-08-26T12:54:15.1645688Z 	at org.springframework.beans.factory.support.AbstractBeanFactory.doGetBean(AbstractBeanFactory.java:337) ~[spring-beans-6.2.17.jar!/:6.2.17]
2026-08-26T12:54:15.1645877Z 	at org.springframework.beans.factory.support.AbstractBeanFactory.getBean(AbstractBeanFactory.java:202) ~[spring-beans-6.2.17.jar!/:6.2.17]
2026-08-26T12:54:15.1645908Z 	at org.springframework.beans.factory.support.AbstractBeanFactory.doGetBean(AbstractBeanFactory.java:315) ~[spring-beans-6.2.17.jar!/:6.2.17]
2026-08-26T12:54:15.1645932Z 	... 17 common frames omitted
2026-08-26T12:54:15.1645961Z Caused by: org.flywaydb.core.internal.exception.FlywayMigrateException: Script V1__users_roles.sql failed
2026-08-26T12:54:15.1645987Z ---------------------------------
2026-08-26T12:54:15.1646029Z SQL State  : 0A000
2026-08-26T12:54:15.1646053Z Error Code : 0
2026-08-26T12:54:15.1646081Z Message    : ERROR: extension "pgcrypto" is not allow-listed for users in Azure Database for PostgreSQL
2026-08-26T12:54:15.1646112Z   Hint: to learn how to allow an extension or see the list of allowed extensions, please refer to https://go.microsoft.com/fwlink/?linkid=2301063
2026-08-26T12:54:15.1646142Z Location   : db/migration/V1__users_roles.sql (/app/nested:/app/app.jar/!BOOT-INF/classes/!/db/migration/V1__users_roles.sql)
2026-08-26T12:54:15.1646165Z Line       : 38
2026-08-26T12:54:15.1646213Z Statement  : Run Flyway with -X option to see the actual statement causing the problem
2026-08-26T12:54:15.1646236Z 
2026-08-26T12:54:15.1646265Z 	at org.flywaydb.core.internal.command.DbMigrate.doMigrateGroup(DbMigrate.java:399) ~[flyway-core-11.7.2.jar!/:na]
2026-08-26T12:54:15.1646294Z 	at org.flywaydb.core.internal.command.DbMigrate.lambda$applyMigrations$1(DbMigrate.java:283) ~[flyway-core-11.7.2.jar!/:na]
2026-08-26T12:54:15.1646325Z 	at org.flywaydb.core.internal.jdbc.TransactionalExecutionTemplate.execute(TransactionalExecutionTemplate.java:59) ~[flyway-core-11.7.2.jar!/:na]
2026-08-26T12:54:15.1646353Z 	at org.flywaydb.core.internal.command.DbMigrate.applyMigrations(DbMigrate.java:282) ~[flyway-core-11.7.2.jar!/:na]
2026-08-26T12:54:15.1646403Z 	at org.flywaydb.core.internal.command.DbMigrate.migrateGroup(DbMigrate.java:255) ~[flyway-core-11.7.2.jar!/:na]
2026-08-26T12:54:15.1646433Z 	at org.flywaydb.core.internal.command.DbMigrate.lambda$migrateAll$0(DbMigrate.java:153) ~[flyway-core-11.7.2.jar!/:na]
2026-08-26T12:54:15.1646465Z 	at org.flywaydb.database.postgresql.PostgreSQLAdvisoryLockTemplate.execute(PostgreSQLAdvisoryLockTemplate.java:77) ~[flyway-database-postgresql-11.7.2.jar!/:na]
2026-08-26T12:54:15.1646671Z 	at org.flywaydb.database.postgresql.PostgreSQLAdvisoryLockTemplate.lambda$execute$0(PostgreSQLAdvisoryLockTemplate.java:60) ~[flyway-database-postgresql-11.7.2.jar!/:na]
2026-08-26T12:54:15.1646702Z 	at org.flywaydb.core.internal.jdbc.TransactionalExecutionTemplate.execute(TransactionalExecutionTemplate.java:59) ~[flyway-core-11.7.2.jar!/:na]
2026-08-26T12:54:15.1646972Z 	at org.flywaydb.database.postgresql.PostgreSQLAdvisoryLockTemplate.execute(PostgreSQLAdvisoryLockTemplate.java:60) ~[flyway-database-postgresql-11.7.2.jar!/:na]
2026-08-26T12:54:15.1647004Z 	at org.flywaydb.database.postgresql.PostgreSQLConnection.lock(PostgreSQLConnection.java:105) ~[flyway-database-postgresql-11.7.2.jar!/:na]
2026-08-26T12:54:15.1647034Z 	at org.flywaydb.core.internal.schemahistory.JdbcTableSchemaHistory.lock(JdbcTableSchemaHistory.java:164) ~[flyway-core-11.7.2.jar!/:na]
2026-08-26T12:54:15.1647262Z 	at org.flywaydb.core.internal.command.DbMigrate.migrateAll(DbMigrate.java:153) ~[flyway-core-11.7.2.jar!/:na]
2026-08-26T12:54:15.1647293Z 	at org.flywaydb.core.internal.command.DbMigrate.migrate(DbMigrate.java:104) ~[flyway-core-11.7.2.jar!/:na]
2026-08-26T12:54:15.1647323Z 	at org.flywaydb.core.Flyway.lambda$migrate$1(Flyway.java:247) ~[flyway-core-11.7.2.jar!/:na]
2026-08-26T12:54:15.1647371Z 	at org.flywaydb.core.FlywayExecutor.execute(FlywayExecutor.java:210) ~[flyway-core-11.7.2.jar!/:na]
2026-08-26T12:54:15.1647615Z 	at org.flywaydb.core.Flyway.migrate(Flyway.java:188) ~[flyway-core-11.7.2.jar!/:na]
2026-08-26T12:54:15.1647651Z 	at org.springframework.boot.autoconfigure.flyway.FlywayMigrationInitializer.afterPropertiesSet(FlywayMigrationInitializer.java:66) ~[spring-boot-autoconfigure-3.5.13.jar!/:3.5.13]
2026-08-26T12:54:15.1647683Z 	at org.springframework.beans.factory.support.AbstractAutowireCapableBeanFactory.invokeInitMethods(AbstractAutowireCapableBeanFactory.java:1873) ~[spring-beans-6.2.17.jar!/:6.2.17]
2026-08-26T12:54:15.1647715Z 	at org.springframework.beans.factory.support.AbstractAutowireCapableBeanFactory.initializeBean(AbstractAutowireCapableBeanFactory.java:1822) ~[spring-beans-6.2.17.jar!/:6.2.17]
2026-08-26T12:54:15.1647760Z 	... 24 common frames omitted
2026-08-26T12:54:15.1647788Z Caused by: org.flywaydb.core.internal.sqlscript.FlywaySqlScriptException: Script V1__users_roles.sql failed
2026-08-26T12:54:15.1647813Z ---------------------------------
2026-08-26T12:54:15.1647835Z SQL State  : 0A000
2026-08-26T12:54:15.1647857Z Error Code : 0
2026-08-26T12:54:15.1647884Z Message    : ERROR: extension "pgcrypto" is not allow-listed for users in Azure Database for PostgreSQL
2026-08-26T12:54:15.1647932Z   Hint: to learn how to allow an extension or see the list of allowed extensions, please refer to https://go.microsoft.com/fwlink/?linkid=2301063
2026-08-26T12:54:15.1647963Z Location   : db/migration/V1__users_roles.sql (/app/nested:/app/app.jar/!BOOT-INF/classes/!/db/migration/V1__users_roles.sql)
2026-08-26T12:54:15.1647986Z Line       : 38
2026-08-26T12:54:15.1648013Z Statement  : Run Flyway with -X option to see the actual statement causing the problem
2026-08-26T12:54:15.1648035Z 
2026-08-26T12:54:15.1648063Z 	at org.flywaydb.core.internal.sqlscript.DefaultSqlScriptExecutor.handleException(DefaultSqlScriptExecutor.java:256) ~[flyway-core-11.7.2.jar!/:na]
2026-08-26T12:54:15.1648094Z 	at org.flywaydb.core.internal.sqlscript.DefaultSqlScriptExecutor.executeStatement(DefaultSqlScriptExecutor.java:217) ~[flyway-core-11.7.2.jar!/:na]
2026-08-26T12:54:15.1648144Z 	at org.flywaydb.core.internal.sqlscript.DefaultSqlScriptExecutor.execute(DefaultSqlScriptExecutor.java:137) ~[flyway-core-11.7.2.jar!/:na]
2026-08-26T12:54:15.1648174Z 	at org.flywaydb.core.internal.resolver.sql.SqlMigrationExecutor.executeOnce(SqlMigrationExecutor.java:75) ~[flyway-core-11.7.2.jar!/:na]
2026-08-26T12:54:15.1648203Z 	at org.flywaydb.core.internal.resolver.sql.SqlMigrationExecutor.lambda$execute$0(SqlMigrationExecutor.java:66) ~[flyway-core-11.7.2.jar!/:na]
2026-08-26T12:54:15.1648233Z 	at org.flywaydb.core.internal.database.DefaultExecutionStrategy.execute(DefaultExecutionStrategy.java:31) ~[flyway-core-11.7.2.jar!/:na]
2026-08-26T12:54:15.1648262Z 	at org.flywaydb.core.internal.resolver.sql.SqlMigrationExecutor.execute(SqlMigrationExecutor.java:65) ~[flyway-core-11.7.2.jar!/:na]
2026-08-26T12:54:15.1648311Z 	at org.flywaydb.core.internal.command.DbMigrate.doMigrateGroup(DbMigrate.java:391) ~[flyway-core-11.7.2.jar!/:na]
2026-08-26T12:54:15.1648560Z 	... 43 common frames omitted
2026-08-26T12:54:15.1648592Z Caused by: org.postgresql.util.PSQLException: ERROR: extension "pgcrypto" is not allow-listed for users in Azure Database for PostgreSQL
2026-08-26T12:54:15.1648622Z   Hint: to learn how to allow an extension or see the list of allowed extensions, please refer to https://go.microsoft.com/fwlink/?linkid=2301063
2026-08-26T12:54:15.1648651Z 	at org.postgresql.core.v3.QueryExecutorImpl.receiveErrorResponse(QueryExecutorImpl.java:2875) ~[postgresql-42.7.10.jar!/:42.7.10]
2026-08-26T12:54:15.1648701Z 	at org.postgresql.core.v3.QueryExecutorImpl.processResults(QueryExecutorImpl.java:2560) ~[postgresql-42.7.10.jar!/:42.7.10]
2026-08-26T12:54:15.1648732Z 	at org.postgresql.core.v3.QueryExecutorImpl.execute(QueryExecutorImpl.java:429) ~[postgresql-42.7.10.jar!/:42.7.10]
2026-08-26T12:54:15.1648761Z 	at org.postgresql.jdbc.PgStatement.executeInternal(PgStatement.java:526) ~[postgresql-42.7.10.jar!/:42.7.10]
2026-08-26T12:54:15.1648788Z 	at org.postgresql.jdbc.PgStatement.execute(PgStatement.java:436) ~[postgresql-42.7.10.jar!/:42.7.10]
2026-08-26T12:54:15.1648817Z 	at org.postgresql.jdbc.PgStatement.executeWithFlags(PgStatement.java:358) ~[postgresql-42.7.10.jar!/:42.7.10]
2026-08-26T12:54:15.1648845Z 	at org.postgresql.jdbc.PgStatement.executeCachedSql(PgStatement.java:343) ~[postgresql-42.7.10.jar!/:42.7.10]
2026-08-26T12:54:15.1648893Z 	at org.postgresql.jdbc.PgStatement.executeWithFlags(PgStatement.java:319) ~[postgresql-42.7.10.jar!/:42.7.10]
2026-08-26T12:54:15.1648922Z 	at org.postgresql.jdbc.PgStatement.execute(PgStatement.java:314) ~[postgresql-42.7.10.jar!/:42.7.10]
2026-08-26T12:54:15.1648950Z 	at com.zaxxer.hikari.pool.ProxyStatement.execute(ProxyStatement.java:95) ~[HikariCP-6.3.3.jar!/:na]
2026-08-26T12:54:15.1648980Z 	at com.zaxxer.hikari.pool.HikariProxyStatement.execute(HikariProxyStatement.java) ~[HikariCP-6.3.3.jar!/:na]
2026-08-26T12:54:15.1649009Z 	at org.flywaydb.core.internal.jdbc.JdbcTemplate.executeStatement(JdbcTemplate.java:215) ~[flyway-core-11.7.2.jar!/:na]
2026-08-26T12:54:15.1649081Z 	at org.flywaydb.core.internal.sqlscript.ParsedSqlStatement.execute(ParsedSqlStatement.java:88) ~[flyway-core-11.7.2.jar!/:na]
2026-08-26T12:54:15.1649140Z 	at org.flywaydb.core.internal.sqlscript.DefaultSqlScriptExecutor.executeStatement(DefaultSqlScriptExecutor.java:212) ~[flyway-core-11.7.2.jar!/:na]
2026-08-26T12:54:15.1649166Z 	... 49 common frames omitted
2026-08-26T12:54:15.1649187Z 
2026-08-26T13:01:08.7972835Z 
2026-08-26T13:01:08.7977753Z   .   ____          _            __ _ _
2026-08-26T13:01:08.7977844Z  /\\ / ___'_ __ _ _(_)_ __  __ _ \ \ \ \
2026-08-26T13:01:08.7977867Z ( ( )\___ | '_ | '_| | '_ \/ _` | \ \ \ \
2026-08-26T13:01:08.7977891Z  \\/  ___)| |_)| | | | | || (_| |  ) ) ) )
2026-08-26T13:01:08.7977913Z   '  |____| .__|_| |_|_| |_\__, | / / / /
2026-08-26T13:01:08.7977934Z  =========|_|==============|___/=/_/_/_/
2026-08-26T13:01:08.7977955Z 
2026-08-26T13:01:08.7992076Z  :: Spring Boot ::               (v3.5.13)
2026-08-26T13:01:08.7993396Z 
2026-08-26T13:01:09.9188299Z 2026-08-26T13:01:09.877Z  INFO 1 --- [           main] com.rvce.scas.ScasApplication            : Starting ScasApplication v0.0.1-SNAPSHOT using Java 17.0.20 with PID 1 (/app/app.jar started by root in /app)
2026-08-26T13:01:09.9367294Z 2026-08-26T13:01:09.936Z  INFO 1 --- [           main] com.rvce.scas.ScasApplication            : The following 1 profile is active: "prod"
2026-08-26T13:01:30.3053392Z 2026-08-26T13:01:30.296Z  INFO 1 --- [           main] .s.d.r.c.RepositoryConfigurationDelegate : Multiple Spring Data modules found, entering strict repository configuration mode
2026-08-26T13:01:30.3433609Z 2026-08-26T13:01:30.335Z  INFO 1 --- [           main] .s.d.r.c.RepositoryConfigurationDelegate : Bootstrapping Spring Data JPA repositories in DEFAULT mode.
2026-08-26T13:01:33.3180015Z 2026-08-26T13:01:33.317Z  INFO 1 --- [           main] .s.d.r.c.RepositoryConfigurationDelegate : Finished Spring Data repository scanning in 2809 ms. Found 12 JPA repository interfaces.
2026-08-26T13:01:33.5851095Z 2026-08-26T13:01:33.584Z  INFO 1 --- [           main] .s.d.r.c.RepositoryConfigurationDelegate : Multiple Spring Data modules found, entering strict repository configuration mode
2026-08-26T13:01:33.6209029Z 2026-08-26T13:01:33.597Z  INFO 1 --- [           main] .s.d.r.c.RepositoryConfigurationDelegate : Bootstrapping Spring Data Redis repositories in DEFAULT mode.
2026-08-26T13:01:33.9578376Z 2026-08-26T13:01:33.957Z  INFO 1 --- [           main] .RepositoryConfigurationExtensionSupport : Spring Data Redis - Could not safely identify store assignment for repository candidate interface com.rvce.scas.repository.DepartmentRepository; If you want this repository to be a Redis repository, consider annotating your entities with one of these annotations: org.springframework.data.redis.core.RedisHash (preferred), or consider extending one of the following types with your repository: org.springframework.data.keyvalue.repository.KeyValueRepository
2026-08-26T13:01:33.9668470Z 2026-08-26T13:01:33.965Z  INFO 1 --- [           main] .RepositoryConfigurationExtensionSupport : Spring Data Redis - Could not safely identify store assignment for repository candidate interface com.rvce.scas.repository.ExamHallRepository; If you want this repository to be a Redis repository, consider annotating your entities with one of these annotations: org.springframework.data.redis.core.RedisHash (preferred), or consider extending one of the following types with your repository: org.springframework.data.keyvalue.repository.KeyValueRepository
2026-08-26T13:01:33.9843919Z 2026-08-26T13:01:33.984Z  INFO 1 --- [           main] .RepositoryConfigurationExtensionSupport : Spring Data Redis - Could not safely identify store assignment for repository candidate interface com.rvce.scas.repository.ExamSeatRepository; If you want this repository to be a Redis repository, consider annotating your entities with one of these annotations: org.springframework.data.redis.core.RedisHash (preferred), or consider extending one of the following types with your repository: org.springframework.data.keyvalue.repository.KeyValueRepository
2026-08-26T13:01:34.0089341Z 2026-08-26T13:01:34.008Z  INFO 1 --- [           main] .RepositoryConfigurationExtensionSupport : Spring Data Redis - Could not safely identify store assignment for repository candidate interface com.rvce.scas.repository.ExamSessionRepository; If you want this repository to be a Redis repository, consider annotating your entities with one of these annotations: org.springframework.data.redis.core.RedisHash (preferred), or consider extending one of the following types with your repository: org.springframework.data.keyvalue.repository.KeyValueRepository
2026-08-26T13:01:34.0162462Z 2026-08-26T13:01:34.010Z  INFO 1 --- [           main] .RepositoryConfigurationExtensionSupport : Spring Data Redis - Could not safely identify store assignment for repository candidate interface com.rvce.scas.repository.ExamStudentRepository; If you want this repository to be a Redis repository, consider annotating your entities with one of these annotations: org.springframework.data.redis.core.RedisHash (preferred), or consider extending one of the following types with your repository: org.springframework.data.keyvalue.repository.KeyValueRepository
2026-08-26T13:01:34.0183577Z 2026-08-26T13:01:34.018Z  INFO 1 --- [           main] .RepositoryConfigurationExtensionSupport : Spring Data Redis - Could not safely identify store assignment for repository candidate interface com.rvce.scas.repository.NotificationRepository; If you want this repository to be a Redis repository, consider annotating your entities with one of these annotations: org.springframework.data.redis.core.RedisHash (preferred), or consider extending one of the following types with your repository: org.springframework.data.keyvalue.repository.KeyValueRepository
2026-08-26T13:01:34.0246216Z 2026-08-26T13:01:34.024Z  INFO 1 --- [           main] .RepositoryConfigurationExtensionSupport : Spring Data Redis - Could not safely identify store assignment for repository candidate interface com.rvce.scas.repository.PasswordResetTokenRepository; If you want this repository to be a Redis repository, consider annotating your entities with one of these annotations: org.springframework.data.redis.core.RedisHash (preferred), or consider extending one of the following types with your repository: org.springframework.data.keyvalue.repository.KeyValueRepository
2026-08-26T13:01:34.0270779Z 2026-08-26T13:01:34.026Z  INFO 1 --- [           main] .RepositoryConfigurationExtensionSupport : Spring Data Redis - Could not safely identify store assignment for repository candidate interface com.rvce.scas.repository.RoleRepository; If you want this repository to be a Redis repository, consider annotating your entities with one of these annotations: org.springframework.data.redis.core.RedisHash (preferred), or consider extending one of the following types with your repository: org.springframework.data.keyvalue.repository.KeyValueRepository
2026-08-26T13:01:34.0282464Z 2026-08-26T13:01:34.027Z  INFO 1 --- [           main] .RepositoryConfigurationExtensionSupport : Spring Data Redis - Could not safely identify store assignment for repository candidate interface com.rvce.scas.repository.RoomRepository; If you want this repository to be a Redis repository, consider annotating your entities with one of these annotations: org.springframework.data.redis.core.RedisHash (preferred), or consider extending one of the following types with your repository: org.springframework.data.keyvalue.repository.KeyValueRepository
2026-08-26T13:01:34.0345142Z 2026-08-26T13:01:34.033Z  INFO 1 --- [           main] .RepositoryConfigurationExtensionSupport : Spring Data Redis - Could not safely identify store assignment for repository candidate interface com.rvce.scas.repository.TimetableSlotRepository; If you want this repository to be a Redis repository, consider annotating your entities with one of these annotations: org.springframework.data.redis.core.RedisHash (preferred), or consider extending one of the following types with your repository: org.springframework.data.keyvalue.repository.KeyValueRepository
2026-08-26T13:01:34.0506601Z 2026-08-26T13:01:34.035Z  INFO 1 --- [           main] .RepositoryConfigurationExtensionSupport : Spring Data Redis - Could not safely identify store assignment for repository candidate interface com.rvce.scas.repository.UserRepository; If you want this repository to be a Redis repository, consider annotating your entities with one of these annotations: org.springframework.data.redis.core.RedisHash (preferred), or consider extending one of the following types with your repository: org.springframework.data.keyvalue.repository.KeyValueRepository
2026-08-26T13:01:34.0520665Z 2026-08-26T13:01:34.051Z  INFO 1 --- [           main] .RepositoryConfigurationExtensionSupport : Spring Data Redis - Could not safely identify store assignment for repository candidate interface com.rvce.scas.repository.UserRoleRepository; If you want this repository to be a Redis repository, consider annotating your entities with one of these annotations: org.springframework.data.redis.core.RedisHash (preferred), or consider extending one of the following types with your repository: org.springframework.data.keyvalue.repository.KeyValueRepository
2026-08-26T13:01:34.0537216Z 2026-08-26T13:01:34.053Z  INFO 1 --- [           main] .s.d.r.c.RepositoryConfigurationDelegate : Finished Spring Data repository scanning in 227 ms. Found 0 Redis repository interfaces.
2026-08-26T13:01:45.1485050Z 2026-08-26T13:01:45.147Z  INFO 1 --- [           main] o.s.b.w.embedded.tomcat.TomcatWebServer  : Tomcat initialized with port 8080 (http)
2026-08-26T13:01:45.3285313Z 2026-08-26T13:01:45.328Z  INFO 1 --- [           main] o.apache.catalina.core.StandardService   : Starting service [Tomcat]
2026-08-26T13:01:45.3311794Z 2026-08-26T13:01:45.330Z  INFO 1 --- [           main] o.apache.catalina.core.StandardEngine    : Starting Servlet engine: [Apache Tomcat/10.1.53]
2026-08-26T13:01:46.6158724Z 2026-08-26T13:01:46.615Z  INFO 1 --- [           main] o.a.c.c.C.[Tomcat].[localhost].[/]       : Initializing Spring embedded WebApplicationContext
2026-08-26T13:01:46.6342994Z 2026-08-26T13:01:46.633Z  INFO 1 --- [           main] w.s.c.ServletWebServerApplicationContext : Root WebApplicationContext: initialization completed in 36089 ms
2026-08-26T13:02:38.3482230Z 2026-08-26T13:02:38.329Z  INFO 1 --- [           main] com.zaxxer.hikari.HikariDataSource       : HikariPool-1 - Starting...
2026-08-26T13:02:41.5938975Z 2026-08-26T13:02:41.593Z  INFO 1 --- [           main] com.zaxxer.hikari.pool.HikariPool        : HikariPool-1 - Added connection org.postgresql.jdbc.PgConnection@7f958d4a
2026-08-26T13:02:41.6213089Z 2026-08-26T13:02:41.620Z  INFO 1 --- [           main] com.zaxxer.hikari.HikariDataSource       : HikariPool-1 - Start completed.
2026-08-26T13:02:42.5605868Z 2026-08-26T13:02:42.560Z  INFO 1 --- [           main] org.flywaydb.core.FlywayExecutor         : Database: jdbc:postgresql://scas-postgres-k23.postgres.database.azure.com:5432/scasdb?sslmode=require (PostgreSQL 16.14)
2026-08-26T13:02:43.6099377Z 2026-08-26T13:02:43.609Z  INFO 1 --- [           main] o.f.core.internal.command.DbValidate     : Successfully validated 27 migrations (execution time 00:00.842s)
2026-08-26T13:02:43.9265948Z 2026-08-26T13:02:43.918Z  INFO 1 --- [           main] o.f.core.internal.command.DbMigrate      : Current version of schema "public": << Empty Schema >>
2026-08-26T13:02:44.5300678Z 2026-08-26T13:02:44.529Z  INFO 1 --- [           main] o.f.core.internal.command.DbMigrate      : Migrating schema "public" to version "1 - users roles"
2026-08-26T13:02:44.7624075Z 2026-08-26T13:02:44.683Z  WARN 1 --- [           main] com.zaxxer.hikari.pool.ProxyConnection   : HikariPool-1 - Connection org.postgresql.jdbc.PgConnection@1ac71b87 marked as broken because of SQLSTATE(0A000), ErrorCode(0)
2026-08-26T13:02:44.7624551Z 
2026-08-26T13:02:44.7624590Z org.postgresql.util.PSQLException: ERROR: extension "pgcrypto" is not allow-listed for users in Azure Database for PostgreSQL
2026-08-26T13:02:44.7624620Z   Hint: to learn how to allow an extension or see the list of allowed extensions, please refer to https://go.microsoft.com/fwlink/?linkid=2301063
2026-08-26T13:02:44.7624648Z 	at org.postgresql.core.v3.QueryExecutorImpl.receiveErrorResponse(QueryExecutorImpl.java:2875) ~[postgresql-42.7.10.jar!/:42.7.10]
2026-08-26T13:02:44.7624678Z 	at org.postgresql.core.v3.QueryExecutorImpl.processResults(QueryExecutorImpl.java:2560) ~[postgresql-42.7.10.jar!/:42.7.10]
2026-08-26T13:02:44.7624705Z 	at org.postgresql.core.v3.QueryExecutorImpl.execute(QueryExecutorImpl.java:429) ~[postgresql-42.7.10.jar!/:42.7.10]
2026-08-26T13:02:44.7624731Z 	at org.postgresql.jdbc.PgStatement.executeInternal(PgStatement.java:526) ~[postgresql-42.7.10.jar!/:42.7.10]
2026-08-26T13:02:44.7624759Z 	at org.postgresql.jdbc.PgStatement.execute(PgStatement.java:436) ~[postgresql-42.7.10.jar!/:42.7.10]
2026-08-26T13:02:44.7624786Z 	at org.postgresql.jdbc.PgStatement.executeWithFlags(PgStatement.java:358) ~[postgresql-42.7.10.jar!/:42.7.10]
2026-08-26T13:02:44.7624814Z 	at org.postgresql.jdbc.PgStatement.executeCachedSql(PgStatement.java:343) ~[postgresql-42.7.10.jar!/:42.7.10]
2026-08-26T13:02:44.7624864Z 	at org.postgresql.jdbc.PgStatement.executeWithFlags(PgStatement.java:319) ~[postgresql-42.7.10.jar!/:42.7.10]
2026-08-26T13:02:44.7624891Z 	at org.postgresql.jdbc.PgStatement.execute(PgStatement.java:314) ~[postgresql-42.7.10.jar!/:42.7.10]
2026-08-26T13:02:44.7624918Z 	at com.zaxxer.hikari.pool.ProxyStatement.execute(ProxyStatement.java:95) ~[HikariCP-6.3.3.jar!/:na]
2026-08-26T13:02:44.7624944Z 	at com.zaxxer.hikari.pool.HikariProxyStatement.execute(HikariProxyStatement.java) ~[HikariCP-6.3.3.jar!/:na]
2026-08-26T13:02:44.7624972Z 	at org.flywaydb.core.internal.jdbc.JdbcTemplate.executeStatement(JdbcTemplate.java:215) ~[flyway-core-11.7.2.jar!/:na]
2026-08-26T13:02:44.7625001Z 	at org.flywaydb.core.internal.sqlscript.ParsedSqlStatement.execute(ParsedSqlStatement.java:88) ~[flyway-core-11.7.2.jar!/:na]
2026-08-26T13:02:44.7625030Z 	at org.flywaydb.core.internal.sqlscript.DefaultSqlScriptExecutor.executeStatement(DefaultSqlScriptExecutor.java:212) ~[flyway-core-11.7.2.jar!/:na]
2026-08-26T13:02:44.7625060Z 	at org.flywaydb.core.internal.sqlscript.DefaultSqlScriptExecutor.execute(DefaultSqlScriptExecutor.java:137) ~[flyway-core-11.7.2.jar!/:na]
2026-08-26T13:02:44.7625088Z 	at org.flywaydb.core.internal.resolver.sql.SqlMigrationExecutor.executeOnce(SqlMigrationExecutor.java:75) ~[flyway-core-11.7.2.jar!/:na]
2026-08-26T13:02:44.7625116Z 	at org.flywaydb.core.internal.resolver.sql.SqlMigrationExecutor.lambda$execute$0(SqlMigrationExecutor.java:66) ~[flyway-core-11.7.2.jar!/:na]
2026-08-26T13:02:44.7625165Z 	at org.flywaydb.core.internal.database.DefaultExecutionStrategy.execute(DefaultExecutionStrategy.java:31) ~[flyway-core-11.7.2.jar!/:na]
2026-08-26T13:02:44.7625193Z 	at org.flywaydb.core.internal.resolver.sql.SqlMigrationExecutor.execute(SqlMigrationExecutor.java:65) ~[flyway-core-11.7.2.jar!/:na]
2026-08-26T13:02:44.7625220Z 	at org.flywaydb.core.internal.command.DbMigrate.doMigrateGroup(DbMigrate.java:391) ~[flyway-core-11.7.2.jar!/:na]
2026-08-26T13:02:44.7625248Z 	at org.flywaydb.core.internal.command.DbMigrate.lambda$applyMigrations$1(DbMigrate.java:283) ~[flyway-core-11.7.2.jar!/:na]
2026-08-26T13:02:44.7625276Z 	at org.flywaydb.core.internal.jdbc.TransactionalExecutionTemplate.execute(TransactionalExecutionTemplate.java:59) ~[flyway-core-11.7.2.jar!/:na]
2026-08-26T13:02:44.7625306Z 	at org.flywaydb.core.internal.command.DbMigrate.applyMigrations(DbMigrate.java:282) ~[flyway-core-11.7.2.jar!/:na]
2026-08-26T13:02:44.7625332Z 	at org.flywaydb.core.internal.command.DbMigrate.migrateGroup(DbMigrate.java:255) ~[flyway-core-11.7.2.jar!/:na]
2026-08-26T13:02:44.7625359Z 	at org.flywaydb.core.internal.command.DbMigrate.lambda$migrateAll$0(DbMigrate.java:153) ~[flyway-core-11.7.2.jar!/:na]
2026-08-26T13:02:44.7625389Z 	at org.flywaydb.database.postgresql.PostgreSQLAdvisoryLockTemplate.execute(PostgreSQLAdvisoryLockTemplate.java:77) ~[flyway-database-postgresql-11.7.2.jar!/:na]
2026-08-26T13:02:44.7625420Z 	at org.flywaydb.database.postgresql.PostgreSQLAdvisoryLockTemplate.lambda$execute$0(PostgreSQLAdvisoryLockTemplate.java:60) ~[flyway-database-postgresql-11.7.2.jar!/:na]
2026-08-26T13:02:44.7625449Z 	at org.flywaydb.core.internal.jdbc.TransactionalExecutionTemplate.execute(TransactionalExecutionTemplate.java:59) ~[flyway-core-11.7.2.jar!/:na]
2026-08-26T13:02:44.7625840Z 	at org.flywaydb.database.postgresql.PostgreSQLAdvisoryLockTemplate.execute(PostgreSQLAdvisoryLockTemplate.java:60) ~[flyway-database-postgresql-11.7.2.jar!/:na]
2026-08-26T13:02:44.7625875Z 	at org.flywaydb.database.postgresql.PostgreSQLConnection.lock(PostgreSQLConnection.java:105) ~[flyway-database-postgresql-11.7.2.jar!/:na]
2026-08-26T13:02:44.7625903Z 	at org.flywaydb.core.internal.schemahistory.JdbcTableSchemaHistory.lock(JdbcTableSchemaHistory.java:164) ~[flyway-core-11.7.2.jar!/:na]
2026-08-26T13:02:44.7625930Z 	at org.flywaydb.core.internal.command.DbMigrate.migrateAll(DbMigrate.java:153) ~[flyway-core-11.7.2.jar!/:na]
2026-08-26T13:02:44.7625956Z 	at org.flywaydb.core.internal.command.DbMigrate.migrate(DbMigrate.java:104) ~[flyway-core-11.7.2.jar!/:na]
2026-08-26T13:02:44.7625982Z 	at org.flywaydb.core.Flyway.lambda$migrate$1(Flyway.java:247) ~[flyway-core-11.7.2.jar!/:na]
2026-08-26T13:02:44.7626007Z 	at org.flywaydb.core.FlywayExecutor.execute(FlywayExecutor.java:210) ~[flyway-core-11.7.2.jar!/:na]
2026-08-26T13:02:44.7626032Z 	at org.flywaydb.core.Flyway.migrate(Flyway.java:188) ~[flyway-core-11.7.2.jar!/:na]
2026-08-26T13:02:44.7626064Z 	at org.springframework.boot.autoconfigure.flyway.FlywayMigrationInitializer.afterPropertiesSet(FlywayMigrationInitializer.java:66) ~[spring-boot-autoconfigure-3.5.13.jar!/:3.5.13]
2026-08-26T13:02:44.7626095Z 	at org.springframework.beans.factory.support.AbstractAutowireCapableBeanFactory.invokeInitMethods(AbstractAutowireCapableBeanFactory.java:1873) ~[spring-beans-6.2.17.jar!/:6.2.17]
2026-08-26T13:02:44.7626151Z 	at org.springframework.beans.factory.support.AbstractAutowireCapableBeanFactory.initializeBean(AbstractAutowireCapableBeanFactory.java:1822) ~[spring-beans-6.2.17.jar!/:6.2.17]
2026-08-26T13:02:44.7626182Z 	at org.springframework.beans.factory.support.AbstractAutowireCapableBeanFactory.doCreateBean(AbstractAutowireCapableBeanFactory.java:607) ~[spring-beans-6.2.17.jar!/:6.2.17]
2026-08-26T13:02:44.7626211Z 	at org.springframework.beans.factory.support.AbstractAutowireCapableBeanFactory.createBean(AbstractAutowireCapableBeanFactory.java:529) ~[spring-beans-6.2.17.jar!/:6.2.17]
2026-08-26T13:02:44.7626240Z 	at org.springframework.beans.factory.support.AbstractBeanFactory.lambda$doGetBean$0(AbstractBeanFactory.java:339) ~[spring-beans-6.2.17.jar!/:6.2.17]
2026-08-26T13:02:44.7626269Z 	at org.springframework.beans.factory.support.DefaultSingletonBeanRegistry.getSingleton(DefaultSingletonBeanRegistry.java:373) ~[spring-beans-6.2.17.jar!/:6.2.17]
2026-08-26T13:02:44.7626297Z 	at org.springframework.beans.factory.support.AbstractBeanFactory.doGetBean(AbstractBeanFactory.java:337) ~[spring-beans-6.2.17.jar!/:6.2.17]
2026-08-26T13:02:44.7626325Z 	at org.springframework.beans.factory.support.AbstractBeanFactory.getBean(AbstractBeanFactory.java:202) ~[spring-beans-6.2.17.jar!/:6.2.17]
2026-08-26T13:02:44.7626353Z 	at org.springframework.beans.factory.support.AbstractBeanFactory.doGetBean(AbstractBeanFactory.java:315) ~[spring-beans-6.2.17.jar!/:6.2.17]
2026-08-26T13:02:44.7626381Z 	at org.springframework.beans.factory.support.AbstractBeanFactory.getBean(AbstractBeanFactory.java:207) ~[spring-beans-6.2.17.jar!/:6.2.17]
2026-08-26T13:02:44.7626433Z 	at org.springframework.context.support.AbstractApplicationContext.finishBeanFactoryInitialization(AbstractApplicationContext.java:974) ~[spring-context-6.2.17.jar!/:6.2.17]
2026-08-26T13:02:44.7626463Z 	at org.springframework.context.support.AbstractApplicationContext.refresh(AbstractApplicationContext.java:628) ~[spring-context-6.2.17.jar!/:6.2.17]
2026-08-26T13:02:44.7626493Z 	at org.springframework.boot.web.servlet.context.ServletWebServerApplicationContext.refresh(ServletWebServerApplicationContext.java:146) ~[spring-boot-3.5.13.jar!/:3.5.13]
2026-08-26T13:02:44.7626521Z 	at org.springframework.boot.SpringApplication.refresh(SpringApplication.java:752) ~[spring-boot-3.5.13.jar!/:3.5.13]
2026-08-26T13:02:44.7626548Z 	at org.springframework.boot.SpringApplication.refreshContext(SpringApplication.java:439) ~[spring-boot-3.5.13.jar!/:3.5.13]
2026-08-26T13:02:44.7626575Z 	at org.springframework.boot.SpringApplication.run(SpringApplication.java:318) ~[spring-boot-3.5.13.jar!/:3.5.13]
2026-08-26T13:02:44.7626601Z 	at org.springframework.boot.SpringApplication.run(SpringApplication.java:1361) ~[spring-boot-3.5.13.jar!/:3.5.13]
2026-08-26T13:02:44.7626628Z 	at org.springframework.boot.SpringApplication.run(SpringApplication.java:1350) ~[spring-boot-3.5.13.jar!/:3.5.13]
2026-08-26T13:02:44.7626652Z 	at com.rvce.scas.ScasApplication.main(ScasApplication.java:20) ~[!/:0.0.1-SNAPSHOT]
2026-08-26T13:02:44.7626678Z 	at java.base/jdk.internal.reflect.NativeMethodAccessorImpl.invoke0(Native Method) ~[na:na]
2026-08-26T13:02:44.7626703Z 	at java.base/jdk.internal.reflect.NativeMethodAccessorImpl.invoke(Unknown Source) ~[na:na]
2026-08-26T13:02:44.7626747Z 	at java.base/jdk.internal.reflect.DelegatingMethodAccessorImpl.invoke(Unknown Source) ~[na:na]
2026-08-26T13:02:44.7626853Z 	at java.base/java.lang.reflect.Method.invoke(Unknown Source) ~[na:na]
2026-08-26T13:02:44.7626883Z 	at org.springframework.boot.loader.launch.Launcher.launch(Launcher.java:106) ~[app.jar:0.0.1-SNAPSHOT]
2026-08-26T13:02:44.7626910Z 	at org.springframework.boot.loader.launch.Launcher.launch(Launcher.java:64) ~[app.jar:0.0.1-SNAPSHOT]
2026-08-26T13:02:44.7626937Z 	at org.springframework.boot.loader.launch.JarLauncher.main(JarLauncher.java:40) ~[app.jar:0.0.1-SNAPSHOT]
2026-08-26T13:02:44.7626957Z 
2026-08-26T13:02:45.0076339Z 2026-08-26T13:02:44.970Z ERROR 1 --- [           main] o.f.c.i.j.TransactionalExecutionTemplate : Unable to rollback transaction
2026-08-26T13:02:45.0076923Z 
2026-08-26T13:02:45.0076962Z java.sql.SQLException: Connection is closed
2026-08-26T13:02:45.0076993Z 	at com.zaxxer.hikari.pool.ProxyConnection$ClosedConnection.lambda$getClosedConnection$0(ProxyConnection.java:562) ~[HikariCP-6.3.3.jar!/:na]
2026-08-26T13:02:45.0077025Z 	at jdk.proxy3/jdk.proxy3.$Proxy119.rollback(Unknown Source) ~[na:na]
2026-08-26T13:02:45.0077162Z 	at com.zaxxer.hikari.pool.ProxyConnection.rollback(ProxyConnection.java:386) ~[HikariCP-6.3.3.jar!/:na]
2026-08-26T13:02:45.0077192Z 	at com.zaxxer.hikari.pool.HikariProxyConnection.rollback(HikariProxyConnection.java) ~[HikariCP-6.3.3.jar!/:na]
2026-08-26T13:02:45.0077221Z 	at org.flywaydb.core.internal.jdbc.TransactionalExecutionTemplate.execute(TransactionalExecutionTemplate.java:75) ~[flyway-core-11.7.2.jar!/:na]
2026-08-26T13:02:45.0077247Z 	at org.flywaydb.core.internal.command.DbMigrate.applyMigrations(DbMigrate.java:282) ~[flyway-core-11.7.2.jar!/:na]
2026-08-26T13:02:45.0077274Z 	at org.flywaydb.core.internal.command.DbMigrate.migrateGroup(DbMigrate.java:255) ~[flyway-core-11.7.2.jar!/:na]
2026-08-26T13:02:45.0077301Z 	at org.flywaydb.core.internal.command.DbMigrate.lambda$migrateAll$0(DbMigrate.java:153) ~[flyway-core-11.7.2.jar!/:na]
2026-08-26T13:02:45.0077331Z 	at org.flywaydb.database.postgresql.PostgreSQLAdvisoryLockTemplate.execute(PostgreSQLAdvisoryLockTemplate.java:77) ~[flyway-database-postgresql-11.7.2.jar!/:na]
2026-08-26T13:02:45.0077363Z 	at org.flywaydb.database.postgresql.PostgreSQLAdvisoryLockTemplate.lambda$execute$0(PostgreSQLAdvisoryLockTemplate.java:60) ~[flyway-database-postgresql-11.7.2.jar!/:na]
2026-08-26T13:02:45.0077391Z 	at org.flywaydb.core.internal.jdbc.TransactionalExecutionTemplate.execute(TransactionalExecutionTemplate.java:59) ~[flyway-core-11.7.2.jar!/:na]
2026-08-26T13:02:45.0077423Z 	at org.flywaydb.database.postgresql.PostgreSQLAdvisoryLockTemplate.execute(PostgreSQLAdvisoryLockTemplate.java:60) ~[flyway-database-postgresql-11.7.2.jar!/:na]
2026-08-26T13:02:45.0077478Z 	at org.flywaydb.database.postgresql.PostgreSQLConnection.lock(PostgreSQLConnection.java:105) ~[flyway-database-postgresql-11.7.2.jar!/:na]
2026-08-26T13:02:45.0077506Z 	at org.flywaydb.core.internal.schemahistory.JdbcTableSchemaHistory.lock(JdbcTableSchemaHistory.java:164) ~[flyway-core-11.7.2.jar!/:na]
2026-08-26T13:02:45.0077534Z 	at org.flywaydb.core.internal.command.DbMigrate.migrateAll(DbMigrate.java:153) ~[flyway-core-11.7.2.jar!/:na]
2026-08-26T13:02:45.0077561Z 	at org.flywaydb.core.internal.command.DbMigrate.migrate(DbMigrate.java:104) ~[flyway-core-11.7.2.jar!/:na]
2026-08-26T13:02:45.0077586Z 	at org.flywaydb.core.Flyway.lambda$migrate$1(Flyway.java:247) ~[flyway-core-11.7.2.jar!/:na]
2026-08-26T13:02:45.0077613Z 	at org.flywaydb.core.FlywayExecutor.execute(FlywayExecutor.java:210) ~[flyway-core-11.7.2.jar!/:na]
2026-08-26T13:02:45.0077638Z 	at org.flywaydb.core.Flyway.migrate(Flyway.java:188) ~[flyway-core-11.7.2.jar!/:na]
2026-08-26T13:02:45.0077668Z 	at org.springframework.boot.autoconfigure.flyway.FlywayMigrationInitializer.afterPropertiesSet(FlywayMigrationInitializer.java:66) ~[spring-boot-autoconfigure-3.5.13.jar!/:3.5.13]
2026-08-26T13:02:45.0077699Z 	at org.springframework.beans.factory.support.AbstractAutowireCapableBeanFactory.invokeInitMethods(AbstractAutowireCapableBeanFactory.java:1873) ~[spring-beans-6.2.17.jar!/:6.2.17]
2026-08-26T13:02:45.0077729Z 	at org.springframework.beans.factory.support.AbstractAutowireCapableBeanFactory.initializeBean(AbstractAutowireCapableBeanFactory.java:1822) ~[spring-beans-6.2.17.jar!/:6.2.17]
2026-08-26T13:02:45.0077760Z 	at org.springframework.beans.factory.support.AbstractAutowireCapableBeanFactory.doCreateBean(AbstractAutowireCapableBeanFactory.java:607) ~[spring-beans-6.2.17.jar!/:6.2.17]
2026-08-26T13:02:45.0077816Z 	at org.springframework.beans.factory.support.AbstractAutowireCapableBeanFactory.createBean(AbstractAutowireCapableBeanFactory.java:529) ~[spring-beans-6.2.17.jar!/:6.2.17]
2026-08-26T13:02:45.0077845Z 	at org.springframework.beans.factory.support.AbstractBeanFactory.lambda$doGetBean$0(AbstractBeanFactory.java:339) ~[spring-beans-6.2.17.jar!/:6.2.17]
2026-08-26T13:02:45.0077876Z 	at org.springframework.beans.factory.support.DefaultSingletonBeanRegistry.getSingleton(DefaultSingletonBeanRegistry.java:373) ~[spring-beans-6.2.17.jar!/:6.2.17]
2026-08-26T13:02:45.0077903Z 	at org.springframework.beans.factory.support.AbstractBeanFactory.doGetBean(AbstractBeanFactory.java:337) ~[spring-beans-6.2.17.jar!/:6.2.17]
2026-08-26T13:02:45.0077933Z 	at org.springframework.beans.factory.support.AbstractBeanFactory.getBean(AbstractBeanFactory.java:202) ~[spring-beans-6.2.17.jar!/:6.2.17]
2026-08-26T13:02:45.0078203Z 	at org.springframework.beans.factory.support.AbstractBeanFactory.doGetBean(AbstractBeanFactory.java:315) ~[spring-beans-6.2.17.jar!/:6.2.17]
2026-08-26T13:02:45.0078238Z 	at org.springframework.beans.factory.support.AbstractBeanFactory.getBean(AbstractBeanFactory.java:207) ~[spring-beans-6.2.17.jar!/:6.2.17]
2026-08-26T13:02:45.0078270Z 	at org.springframework.context.support.AbstractApplicationContext.finishBeanFactoryInitialization(AbstractApplicationContext.java:974) ~[spring-context-6.2.17.jar!/:6.2.17]
2026-08-26T13:02:45.0078299Z 	at org.springframework.context.support.AbstractApplicationContext.refresh(AbstractApplicationContext.java:628) ~[spring-context-6.2.17.jar!/:6.2.17]
2026-08-26T13:02:45.0078357Z 	at org.springframework.boot.web.servlet.context.ServletWebServerApplicationContext.refresh(ServletWebServerApplicationContext.java:146) ~[spring-boot-3.5.13.jar!/:3.5.13]
2026-08-26T13:02:45.0078386Z 	at org.springframework.boot.SpringApplication.refresh(SpringApplication.java:752) ~[spring-boot-3.5.13.jar!/:3.5.13]
2026-08-26T13:02:45.0078412Z 	at org.springframework.boot.SpringApplication.refreshContext(SpringApplication.java:439) ~[spring-boot-3.5.13.jar!/:3.5.13]
2026-08-26T13:02:45.0078439Z 	at org.springframework.boot.SpringApplication.run(SpringApplication.java:318) ~[spring-boot-3.5.13.jar!/:3.5.13]
2026-08-26T13:02:45.0078466Z 	at org.springframework.boot.SpringApplication.run(SpringApplication.java:1361) ~[spring-boot-3.5.13.jar!/:3.5.13]
2026-08-26T13:02:45.0078492Z 	at org.springframework.boot.SpringApplication.run(SpringApplication.java:1350) ~[spring-boot-3.5.13.jar!/:3.5.13]
2026-08-26T13:02:45.0078517Z 	at com.rvce.scas.ScasApplication.main(ScasApplication.java:20) ~[!/:0.0.1-SNAPSHOT]
2026-08-26T13:02:45.0078542Z 	at java.base/jdk.internal.reflect.NativeMethodAccessorImpl.invoke0(Native Method) ~[na:na]
2026-08-26T13:02:45.0078568Z 	at java.base/jdk.internal.reflect.NativeMethodAccessorImpl.invoke(Unknown Source) ~[na:na]
2026-08-26T13:02:45.0078593Z 	at java.base/jdk.internal.reflect.DelegatingMethodAccessorImpl.invoke(Unknown Source) ~[na:na]
2026-08-26T13:02:45.0078618Z 	at java.base/java.lang.reflect.Method.invoke(Unknown Source) ~[na:na]
2026-08-26T13:02:45.0078828Z 	at org.springframework.boot.loader.launch.Launcher.launch(Launcher.java:106) ~[app.jar:0.0.1-SNAPSHOT]
2026-08-26T13:02:45.0078855Z 	at org.springframework.boot.loader.launch.Launcher.launch(Launcher.java:64) ~[app.jar:0.0.1-SNAPSHOT]
2026-08-26T13:02:45.0078881Z 	at org.springframework.boot.loader.launch.JarLauncher.main(JarLauncher.java:40) ~[app.jar:0.0.1-SNAPSHOT]
2026-08-26T13:02:45.0078900Z 
2026-08-26T13:02:45.0469942Z 2026-08-26T13:02:45.025Z ERROR 1 --- [           main] o.f.c.i.j.TransactionalExecutionTemplate : Unable to restore autocommit to original value for connection
2026-08-26T13:02:45.0470212Z 
2026-08-26T13:02:45.0470247Z java.sql.SQLException: Connection is closed
2026-08-26T13:02:45.0470275Z 	at com.zaxxer.hikari.pool.ProxyConnection$ClosedConnection.lambda$getClosedConnection$0(ProxyConnection.java:562) ~[HikariCP-6.3.3.jar!/:na]
2026-08-26T13:02:45.0470300Z 	at jdk.proxy3/jdk.proxy3.$Proxy119.setAutoCommit(Unknown Source) ~[na:na]
2026-08-26T13:02:45.0470326Z 	at com.zaxxer.hikari.pool.ProxyConnection.setAutoCommit(ProxyConnection.java:412) ~[HikariCP-6.3.3.jar!/:na]
2026-08-26T13:02:45.0470359Z 	at com.zaxxer.hikari.pool.HikariProxyConnection.setAutoCommit(HikariProxyConnection.java) ~[HikariCP-6.3.3.jar!/:na]
2026-08-26T13:02:45.0470462Z 	at org.flywaydb.core.internal.jdbc.TransactionalExecutionTemplate.execute(TransactionalExecutionTemplate.java:90) ~[flyway-core-11.7.2.jar!/:na]
2026-08-26T13:02:45.0470490Z 	at org.flywaydb.core.internal.command.DbMigrate.applyMigrations(DbMigrate.java:282) ~[flyway-core-11.7.2.jar!/:na]
2026-08-26T13:02:45.0470514Z 	at org.flywaydb.core.internal.command.DbMigrate.migrateGroup(DbMigrate.java:255) ~[flyway-core-11.7.2.jar!/:na]
2026-08-26T13:02:45.0470540Z 	at org.flywaydb.core.internal.command.DbMigrate.lambda$migrateAll$0(DbMigrate.java:153) ~[flyway-core-11.7.2.jar!/:na]
2026-08-26T13:02:45.0470568Z 	at org.flywaydb.database.postgresql.PostgreSQLAdvisoryLockTemplate.execute(PostgreSQLAdvisoryLockTemplate.java:77) ~[flyway-database-postgresql-11.7.2.jar!/:na]
2026-08-26T13:02:45.0470598Z 	at org.flywaydb.database.postgresql.PostgreSQLAdvisoryLockTemplate.lambda$execute$0(PostgreSQLAdvisoryLockTemplate.java:60) ~[flyway-database-postgresql-11.7.2.jar!/:na]
2026-08-26T13:02:45.0470625Z 	at org.flywaydb.core.internal.jdbc.TransactionalExecutionTemplate.execute(TransactionalExecutionTemplate.java:59) ~[flyway-core-11.7.2.jar!/:na]
2026-08-26T13:02:45.0470653Z 	at org.flywaydb.database.postgresql.PostgreSQLAdvisoryLockTemplate.execute(PostgreSQLAdvisoryLockTemplate.java:60) ~[flyway-database-postgresql-11.7.2.jar!/:na]
2026-08-26T13:02:45.0470680Z 	at org.flywaydb.database.postgresql.PostgreSQLConnection.lock(PostgreSQLConnection.java:105) ~[flyway-database-postgresql-11.7.2.jar!/:na]
2026-08-26T13:02:45.0470706Z 	at org.flywaydb.core.internal.schemahistory.JdbcTableSchemaHistory.lock(JdbcTableSchemaHistory.java:164) ~[flyway-core-11.7.2.jar!/:na]
2026-08-26T13:02:45.0470754Z 	at org.flywaydb.core.internal.command.DbMigrate.migrateAll(DbMigrate.java:153) ~[flyway-core-11.7.2.jar!/:na]
2026-08-26T13:02:45.0470781Z 	at org.flywaydb.core.internal.command.DbMigrate.migrate(DbMigrate.java:104) ~[flyway-core-11.7.2.jar!/:na]
2026-08-26T13:02:45.0470805Z 	at org.flywaydb.core.Flyway.lambda$migrate$1(Flyway.java:247) ~[flyway-core-11.7.2.jar!/:na]
2026-08-26T13:02:45.0470830Z 	at org.flywaydb.core.FlywayExecutor.execute(FlywayExecutor.java:210) ~[flyway-core-11.7.2.jar!/:na]
2026-08-26T13:02:45.0470854Z 	at org.flywaydb.core.Flyway.migrate(Flyway.java:188) ~[flyway-core-11.7.2.jar!/:na]
2026-08-26T13:02:45.0470883Z 	at org.springframework.boot.autoconfigure.flyway.FlywayMigrationInitializer.afterPropertiesSet(FlywayMigrationInitializer.java:66) ~[spring-boot-autoconfigure-3.5.13.jar!/:3.5.13]
2026-08-26T13:02:45.0470912Z 	at org.springframework.beans.factory.support.AbstractAutowireCapableBeanFactory.invokeInitMethods(AbstractAutowireCapableBeanFactory.java:1873) ~[spring-beans-6.2.17.jar!/:6.2.17]
2026-08-26T13:02:45.0470941Z 	at org.springframework.beans.factory.support.AbstractAutowireCapableBeanFactory.initializeBean(AbstractAutowireCapableBeanFactory.java:1822) ~[spring-beans-6.2.17.jar!/:6.2.17]
2026-08-26T13:02:45.0470969Z 	at org.springframework.beans.factory.support.AbstractAutowireCapableBeanFactory.doCreateBean(AbstractAutowireCapableBeanFactory.java:607) ~[spring-beans-6.2.17.jar!/:6.2.17]
2026-08-26T13:02:45.0470998Z 	at org.springframework.beans.factory.support.AbstractAutowireCapableBeanFactory.createBean(AbstractAutowireCapableBeanFactory.java:529) ~[spring-beans-6.2.17.jar!/:6.2.17]
2026-08-26T13:02:45.0471048Z 	at org.springframework.beans.factory.support.AbstractBeanFactory.lambda$doGetBean$0(AbstractBeanFactory.java:339) ~[spring-beans-6.2.17.jar!/:6.2.17]
2026-08-26T13:02:45.0471078Z 	at org.springframework.beans.factory.support.DefaultSingletonBeanRegistry.getSingleton(DefaultSingletonBeanRegistry.java:373) ~[spring-beans-6.2.17.jar!/:6.2.17]
2026-08-26T13:02:45.0471105Z 	at org.springframework.beans.factory.support.AbstractBeanFactory.doGetBean(AbstractBeanFactory.java:337) ~[spring-beans-6.2.17.jar!/:6.2.17]
2026-08-26T13:02:45.0471131Z 	at org.springframework.beans.factory.support.AbstractBeanFactory.getBean(AbstractBeanFactory.java:202) ~[spring-beans-6.2.17.jar!/:6.2.17]
2026-08-26T13:02:45.0471401Z 	at org.springframework.beans.factory.support.AbstractBeanFactory.doGetBean(AbstractBeanFactory.java:315) ~[spring-beans-6.2.17.jar!/:6.2.17]
2026-08-26T13:02:45.0471433Z 	at org.springframework.beans.factory.support.AbstractBeanFactory.getBean(AbstractBeanFactory.java:207) ~[spring-beans-6.2.17.jar!/:6.2.17]
2026-08-26T13:02:45.0471462Z 	at org.springframework.context.support.AbstractApplicationContext.finishBeanFactoryInitialization(AbstractApplicationContext.java:974) ~[spring-context-6.2.17.jar!/:6.2.17]
2026-08-26T13:02:45.0471490Z 	at org.springframework.context.support.AbstractApplicationContext.refresh(AbstractApplicationContext.java:628) ~[spring-context-6.2.17.jar!/:6.2.17]
2026-08-26T13:02:45.0471518Z 	at org.springframework.boot.web.servlet.context.ServletWebServerApplicationContext.refresh(ServletWebServerApplicationContext.java:146) ~[spring-boot-3.5.13.jar!/:3.5.13]
2026-08-26T13:02:45.0471543Z 	at org.springframework.boot.SpringApplication.refresh(SpringApplication.java:752) ~[spring-boot-3.5.13.jar!/:3.5.13]
2026-08-26T13:02:45.0471593Z 	at org.springframework.boot.SpringApplication.refreshContext(SpringApplication.java:439) ~[spring-boot-3.5.13.jar!/:3.5.13]
2026-08-26T13:02:45.0471618Z 	at org.springframework.boot.SpringApplication.run(SpringApplication.java:318) ~[spring-boot-3.5.13.jar!/:3.5.13]
2026-08-26T13:02:45.0471643Z 	at org.springframework.boot.SpringApplication.run(SpringApplication.java:1361) ~[spring-boot-3.5.13.jar!/:3.5.13]
2026-08-26T13:02:45.0471668Z 	at org.springframework.boot.SpringApplication.run(SpringApplication.java:1350) ~[spring-boot-3.5.13.jar!/:3.5.13]
2026-08-26T13:02:45.0471691Z 	at com.rvce.scas.ScasApplication.main(ScasApplication.java:20) ~[!/:0.0.1-SNAPSHOT]
2026-08-26T13:02:45.0471715Z 	at java.base/jdk.internal.reflect.NativeMethodAccessorImpl.invoke0(Native Method) ~[na:na]
2026-08-26T13:02:45.0471911Z 	at java.base/jdk.internal.reflect.NativeMethodAccessorImpl.invoke(Unknown Source) ~[na:na]
2026-08-26T13:02:45.0471937Z 	at java.base/jdk.internal.reflect.DelegatingMethodAccessorImpl.invoke(Unknown Source) ~[na:na]
2026-08-26T13:02:45.0471960Z 	at java.base/java.lang.reflect.Method.invoke(Unknown Source) ~[na:na]
2026-08-26T13:02:45.0471985Z 	at org.springframework.boot.loader.launch.Launcher.launch(Launcher.java:106) ~[app.jar:0.0.1-SNAPSHOT]
2026-08-26T13:02:45.0472010Z 	at org.springframework.boot.loader.launch.Launcher.launch(Launcher.java:64) ~[app.jar:0.0.1-SNAPSHOT]
2026-08-26T13:02:45.0472056Z 	at org.springframework.boot.loader.launch.JarLauncher.main(JarLauncher.java:40) ~[app.jar:0.0.1-SNAPSHOT]
2026-08-26T13:02:45.0472075Z 
2026-08-26T13:02:45.0472107Z 2026-08-26T13:02:45.044Z ERROR 1 --- [           main] o.f.core.internal.command.DbMigrate      : Migration of schema "public" to version "1 - users roles" failed! Changes successfully rolled back.
2026-08-26T13:02:45.1221329Z 2026-08-26T13:02:45.121Z  WARN 1 --- [           main] ConfigServletWebServerApplicationContext : Exception encountered during context initialization - cancelling refresh attempt: org.springframework.beans.factory.BeanCreationException: Error creating bean with name 'entityManagerFactory' defined in class path resource [org/springframework/boot/autoconfigure/orm/jpa/HibernateJpaConfiguration.class]: Failed to initialize dependency 'flywayInitializer' of LoadTimeWeaverAware bean 'entityManagerFactory': Error creating bean with name 'flywayInitializer' defined in class path resource [org/springframework/boot/autoconfigure/flyway/FlywayAutoConfiguration$FlywayConfiguration.class]: Script V1__users_roles.sql failed
2026-08-26T13:02:45.1221943Z ---------------------------------
2026-08-26T13:02:45.1221977Z SQL State  : 0A000
2026-08-26T13:02:45.1222007Z Error Code : 0
2026-08-26T13:02:45.1222038Z Message    : ERROR: extension "pgcrypto" is not allow-listed for users in Azure Database for PostgreSQL
2026-08-26T13:02:45.1222067Z   Hint: to learn how to allow an extension or see the list of allowed extensions, please refer to https://go.microsoft.com/fwlink/?linkid=2301063
2026-08-26T13:02:45.1222095Z Location   : db/migration/V1__users_roles.sql (/app/nested:/app/app.jar/!BOOT-INF/classes/!/db/migration/V1__users_roles.sql)
2026-08-26T13:02:45.1222221Z Line       : 38
2026-08-26T13:02:45.1222247Z Statement  : Run Flyway with -X option to see the actual statement causing the problem
2026-08-26T13:02:45.1222269Z 
2026-08-26T13:02:45.1322497Z 2026-08-26T13:02:45.131Z  INFO 1 --- [           main] com.zaxxer.hikari.HikariDataSource       : HikariPool-1 - Shutdown initiated...
2026-08-26T13:02:45.6130173Z 2026-08-26T13:02:45.612Z  INFO 1 --- [           main] com.zaxxer.hikari.HikariDataSource       : HikariPool-1 - Shutdown completed.
2026-08-26T13:02:45.7846491Z 2026-08-26T13:02:45.784Z  INFO 1 --- [           main] o.apache.catalina.core.StandardService   : Stopping service [Tomcat]
2026-08-26T13:02:46.0198755Z 2026-08-26T13:02:46.019Z  INFO 1 --- [           main] .s.b.a.l.ConditionEvaluationReportLogger : 
2026-08-26T13:02:46.0199219Z 
2026-08-26T13:02:46.0199263Z Error starting ApplicationContext. To display the condition evaluation report re-run your application with 'debug' enabled.
2026-08-26T13:02:46.3056423Z 2026-08-26T13:02:46.269Z ERROR 1 --- [           main] o.s.boot.SpringApplication               : Application run failed
2026-08-26T13:02:46.3057074Z 
2026-08-26T13:02:46.3057141Z org.springframework.beans.factory.BeanCreationException: Error creating bean with name 'entityManagerFactory' defined in class path resource [org/springframework/boot/autoconfigure/orm/jpa/HibernateJpaConfiguration.class]: Failed to initialize dependency 'flywayInitializer' of LoadTimeWeaverAware bean 'entityManagerFactory': Error creating bean with name 'flywayInitializer' defined in class path resource [org/springframework/boot/autoconfigure/flyway/FlywayAutoConfiguration$FlywayConfiguration.class]: Script V1__users_roles.sql failed
2026-08-26T13:02:46.3057164Z ---------------------------------
2026-08-26T13:02:46.3057187Z SQL State  : 0A000
2026-08-26T13:02:46.3057208Z Error Code : 0
2026-08-26T13:02:46.3057235Z Message    : ERROR: extension "pgcrypto" is not allow-listed for users in Azure Database for PostgreSQL
2026-08-26T13:02:46.3057265Z   Hint: to learn how to allow an extension or see the list of allowed extensions, please refer to https://go.microsoft.com/fwlink/?linkid=2301063
2026-08-26T13:02:46.3057293Z Location   : db/migration/V1__users_roles.sql (/app/nested:/app/app.jar/!BOOT-INF/classes/!/db/migration/V1__users_roles.sql)
2026-08-26T13:02:46.3057315Z Line       : 38
2026-08-26T13:02:46.3057340Z Statement  : Run Flyway with -X option to see the actual statement causing the problem
2026-08-26T13:02:46.3057386Z 
2026-08-26T13:02:46.3057417Z 	at org.springframework.beans.factory.support.AbstractBeanFactory.doGetBean(AbstractBeanFactory.java:328) ~[spring-beans-6.2.17.jar!/:6.2.17]
2026-08-26T13:02:46.3057445Z 	at org.springframework.beans.factory.support.AbstractBeanFactory.getBean(AbstractBeanFactory.java:207) ~[spring-beans-6.2.17.jar!/:6.2.17]
2026-08-26T13:02:46.3057474Z 	at org.springframework.context.support.AbstractApplicationContext.finishBeanFactoryInitialization(AbstractApplicationContext.java:974) ~[spring-context-6.2.17.jar!/:6.2.17]
2026-08-26T13:02:46.3057504Z 	at org.springframework.context.support.AbstractApplicationContext.refresh(AbstractApplicationContext.java:628) ~[spring-context-6.2.17.jar!/:6.2.17]
2026-08-26T13:02:46.3057535Z 	at org.springframework.boot.web.servlet.context.ServletWebServerApplicationContext.refresh(ServletWebServerApplicationContext.java:146) ~[spring-boot-3.5.13.jar!/:3.5.13]
2026-08-26T13:02:46.3057563Z 	at org.springframework.boot.SpringApplication.refresh(SpringApplication.java:752) ~[spring-boot-3.5.13.jar!/:3.5.13]
2026-08-26T13:02:46.3057590Z 	at org.springframework.boot.SpringApplication.refreshContext(SpringApplication.java:439) ~[spring-boot-3.5.13.jar!/:3.5.13]
2026-08-26T13:02:46.3057619Z 	at org.springframework.boot.SpringApplication.run(SpringApplication.java:318) ~[spring-boot-3.5.13.jar!/:3.5.13]
2026-08-26T13:02:46.3057645Z 	at org.springframework.boot.SpringApplication.run(SpringApplication.java:1361) ~[spring-boot-3.5.13.jar!/:3.5.13]
2026-08-26T13:02:46.3057671Z 	at org.springframework.boot.SpringApplication.run(SpringApplication.java:1350) ~[spring-boot-3.5.13.jar!/:3.5.13]
2026-08-26T13:02:46.3057719Z 	at com.rvce.scas.ScasApplication.main(ScasApplication.java:20) ~[!/:0.0.1-SNAPSHOT]
2026-08-26T13:02:46.3057746Z 	at java.base/jdk.internal.reflect.NativeMethodAccessorImpl.invoke0(Native Method) ~[na:na]
2026-08-26T13:02:46.3057771Z 	at java.base/jdk.internal.reflect.NativeMethodAccessorImpl.invoke(Unknown Source) ~[na:na]
2026-08-26T13:02:46.3057797Z 	at java.base/jdk.internal.reflect.DelegatingMethodAccessorImpl.invoke(Unknown Source) ~[na:na]
2026-08-26T13:02:46.3057821Z 	at java.base/java.lang.reflect.Method.invoke(Unknown Source) ~[na:na]
2026-08-26T13:02:46.3057846Z 	at org.springframework.boot.loader.launch.Launcher.launch(Launcher.java:106) ~[app.jar:0.0.1-SNAPSHOT]
2026-08-26T13:02:46.3057873Z 	at org.springframework.boot.loader.launch.Launcher.launch(Launcher.java:64) ~[app.jar:0.0.1-SNAPSHOT]
2026-08-26T13:02:46.3057899Z 	at org.springframework.boot.loader.launch.JarLauncher.main(JarLauncher.java:40) ~[app.jar:0.0.1-SNAPSHOT]
2026-08-26T13:02:46.3057936Z Caused by: org.springframework.beans.factory.BeanCreationException: Error creating bean with name 'flywayInitializer' defined in class path resource [org/springframework/boot/autoconfigure/flyway/FlywayAutoConfiguration$FlywayConfiguration.class]: Script V1__users_roles.sql failed
2026-08-26T13:02:46.3057958Z ---------------------------------
2026-08-26T13:02:46.3057977Z SQL State  : 0A000
2026-08-26T13:02:46.3058020Z Error Code : 0
2026-08-26T13:02:46.3058048Z Message    : ERROR: extension "pgcrypto" is not allow-listed for users in Azure Database for PostgreSQL
2026-08-26T13:02:46.3058076Z   Hint: to learn how to allow an extension or see the list of allowed extensions, please refer to https://go.microsoft.com/fwlink/?linkid=2301063
2026-08-26T13:02:46.3058103Z Location   : db/migration/V1__users_roles.sql (/app/nested:/app/app.jar/!BOOT-INF/classes/!/db/migration/V1__users_roles.sql)
2026-08-26T13:02:46.3058124Z Line       : 38
2026-08-26T13:02:46.3058381Z Statement  : Run Flyway with -X option to see the actual statement causing the problem
2026-08-26T13:02:46.3058406Z 
2026-08-26T13:02:46.3058437Z 	at org.springframework.beans.factory.support.AbstractAutowireCapableBeanFactory.initializeBean(AbstractAutowireCapableBeanFactory.java:1826) ~[spring-beans-6.2.17.jar!/:6.2.17]
2026-08-26T13:02:46.3058469Z 	at org.springframework.beans.factory.support.AbstractAutowireCapableBeanFactory.doCreateBean(AbstractAutowireCapableBeanFactory.java:607) ~[spring-beans-6.2.17.jar!/:6.2.17]
2026-08-26T13:02:46.3058499Z 	at org.springframework.beans.factory.support.AbstractAutowireCapableBeanFactory.createBean(AbstractAutowireCapableBeanFactory.java:529) ~[spring-beans-6.2.17.jar!/:6.2.17]
2026-08-26T13:02:46.3058528Z 	at org.springframework.beans.factory.support.AbstractBeanFactory.lambda$doGetBean$0(AbstractBeanFactory.java:339) ~[spring-beans-6.2.17.jar!/:6.2.17]
2026-08-26T13:02:46.3058586Z 	at org.springframework.beans.factory.support.DefaultSingletonBeanRegistry.getSingleton(DefaultSingletonBeanRegistry.java:373) ~[spring-beans-6.2.17.jar!/:6.2.17]
2026-08-26T13:02:46.3058614Z 	at org.springframework.beans.factory.support.AbstractBeanFactory.doGetBean(AbstractBeanFactory.java:337) ~[spring-beans-6.2.17.jar!/:6.2.17]
2026-08-26T13:02:46.3058642Z 	at org.springframework.beans.factory.support.AbstractBeanFactory.getBean(AbstractBeanFactory.java:202) ~[spring-beans-6.2.17.jar!/:6.2.17]
2026-08-26T13:02:46.3058670Z 	at org.springframework.beans.factory.support.AbstractBeanFactory.doGetBean(AbstractBeanFactory.java:315) ~[spring-beans-6.2.17.jar!/:6.2.17]
2026-08-26T13:02:46.3058692Z 	... 17 common frames omitted
2026-08-26T13:02:46.3058719Z Caused by: org.flywaydb.core.internal.exception.FlywayMigrateException: Script V1__users_roles.sql failed
2026-08-26T13:02:46.3058741Z ---------------------------------
2026-08-26T13:02:46.3058761Z SQL State  : 0A000
2026-08-26T13:02:46.3058781Z Error Code : 0
2026-08-26T13:02:46.3058806Z Message    : ERROR: extension "pgcrypto" is not allow-listed for users in Azure Database for PostgreSQL
2026-08-26T13:02:46.3058835Z   Hint: to learn how to allow an extension or see the list of allowed extensions, please refer to https://go.microsoft.com/fwlink/?linkid=2301063
2026-08-26T13:02:46.3058887Z Location   : db/migration/V1__users_roles.sql (/app/nested:/app/app.jar/!BOOT-INF/classes/!/db/migration/V1__users_roles.sql)
2026-08-26T13:02:46.3058908Z Line       : 38
2026-08-26T13:02:46.3058933Z Statement  : Run Flyway with -X option to see the actual statement causing the problem
2026-08-26T13:02:46.3058952Z 
2026-08-26T13:02:46.3058979Z 	at org.flywaydb.core.internal.command.DbMigrate.doMigrateGroup(DbMigrate.java:399) ~[flyway-core-11.7.2.jar!/:na]
2026-08-26T13:02:46.3059007Z 	at org.flywaydb.core.internal.command.DbMigrate.lambda$applyMigrations$1(DbMigrate.java:283) ~[flyway-core-11.7.2.jar!/:na]
2026-08-26T13:02:46.3059036Z 	at org.flywaydb.core.internal.jdbc.TransactionalExecutionTemplate.execute(TransactionalExecutionTemplate.java:59) ~[flyway-core-11.7.2.jar!/:na]
2026-08-26T13:02:46.3059063Z 	at org.flywaydb.core.internal.command.DbMigrate.applyMigrations(DbMigrate.java:282) ~[flyway-core-11.7.2.jar!/:na]
2026-08-26T13:02:46.3059089Z 	at org.flywaydb.core.internal.command.DbMigrate.migrateGroup(DbMigrate.java:255) ~[flyway-core-11.7.2.jar!/:na]
2026-08-26T13:02:46.3059116Z 	at org.flywaydb.core.internal.command.DbMigrate.lambda$migrateAll$0(DbMigrate.java:153) ~[flyway-core-11.7.2.jar!/:na]
2026-08-26T13:02:46.3059147Z 	at org.flywaydb.database.postgresql.PostgreSQLAdvisoryLockTemplate.execute(PostgreSQLAdvisoryLockTemplate.java:77) ~[flyway-database-postgresql-11.7.2.jar!/:na]
2026-08-26T13:02:46.3059207Z 	at org.flywaydb.database.postgresql.PostgreSQLAdvisoryLockTemplate.lambda$execute$0(PostgreSQLAdvisoryLockTemplate.java:60) ~[flyway-database-postgresql-11.7.2.jar!/:na]
2026-08-26T13:02:46.3059236Z 	at org.flywaydb.core.internal.jdbc.TransactionalExecutionTemplate.execute(TransactionalExecutionTemplate.java:59) ~[flyway-core-11.7.2.jar!/:na]
2026-08-26T13:02:46.3059266Z 	at org.flywaydb.database.postgresql.PostgreSQLAdvisoryLockTemplate.execute(PostgreSQLAdvisoryLockTemplate.java:60) ~[flyway-database-postgresql-11.7.2.jar!/:na]
2026-08-26T13:02:46.3059294Z 	at org.flywaydb.database.postgresql.PostgreSQLConnection.lock(PostgreSQLConnection.java:105) ~[flyway-database-postgresql-11.7.2.jar!/:na]
2026-08-26T13:02:46.3059322Z 	at org.flywaydb.core.internal.schemahistory.JdbcTableSchemaHistory.lock(JdbcTableSchemaHistory.java:164) ~[flyway-core-11.7.2.jar!/:na]
2026-08-26T13:02:46.3059349Z 	at org.flywaydb.core.internal.command.DbMigrate.migrateAll(DbMigrate.java:153) ~[flyway-core-11.7.2.jar!/:na]
2026-08-26T13:02:46.3059375Z 	at org.flywaydb.core.internal.command.DbMigrate.migrate(DbMigrate.java:104) ~[flyway-core-11.7.2.jar!/:na]
2026-08-26T13:02:46.3059400Z 	at org.flywaydb.core.Flyway.lambda$migrate$1(Flyway.java:247) ~[flyway-core-11.7.2.jar!/:na]
2026-08-26T13:02:46.3059426Z 	at org.flywaydb.core.FlywayExecutor.execute(FlywayExecutor.java:210) ~[flyway-core-11.7.2.jar!/:na]
2026-08-26T13:02:46.3059502Z 	at org.flywaydb.core.Flyway.migrate(Flyway.java:188) ~[flyway-core-11.7.2.jar!/:na]
2026-08-26T13:02:46.3059557Z 	at org.springframework.boot.autoconfigure.flyway.FlywayMigrationInitializer.afterPropertiesSet(FlywayMigrationInitializer.java:66) ~[spring-boot-autoconfigure-3.5.13.jar!/:3.5.13]
2026-08-26T13:02:46.3059588Z 	at org.springframework.beans.factory.support.AbstractAutowireCapableBeanFactory.invokeInitMethods(AbstractAutowireCapableBeanFactory.java:1873) ~[spring-beans-6.2.17.jar!/:6.2.17]
2026-08-26T13:02:46.3059619Z 	at org.springframework.beans.factory.support.AbstractAutowireCapableBeanFactory.initializeBean(AbstractAutowireCapableBeanFactory.java:1822) ~[spring-beans-6.2.17.jar!/:6.2.17]
2026-08-26T13:02:46.3059641Z 	... 24 common frames omitted
2026-08-26T13:02:46.3059668Z Caused by: org.flywaydb.core.internal.sqlscript.FlywaySqlScriptException: Script V1__users_roles.sql failed
2026-08-26T13:02:46.3059689Z ---------------------------------
2026-08-26T13:02:46.3059709Z SQL State  : 0A000
2026-08-26T13:02:46.3059730Z Error Code : 0
2026-08-26T13:02:46.3059757Z Message    : ERROR: extension "pgcrypto" is not allow-listed for users in Azure Database for PostgreSQL
2026-08-26T13:02:46.3059785Z   Hint: to learn how to allow an extension or see the list of allowed extensions, please refer to https://go.microsoft.com/fwlink/?linkid=2301063
2026-08-26T13:02:46.3059813Z Location   : db/migration/V1__users_roles.sql (/app/nested:/app/app.jar/!BOOT-INF/classes/!/db/migration/V1__users_roles.sql)
2026-08-26T13:02:46.3059833Z Line       : 38
2026-08-26T13:02:46.3059881Z Statement  : Run Flyway with -X option to see the actual statement causing the problem
2026-08-26T13:02:46.3059901Z 
2026-08-26T13:02:46.3059930Z 	at org.flywaydb.core.internal.sqlscript.DefaultSqlScriptExecutor.handleException(DefaultSqlScriptExecutor.java:256) ~[flyway-core-11.7.2.jar!/:na]
2026-08-26T13:02:46.3059959Z 	at org.flywaydb.core.internal.sqlscript.DefaultSqlScriptExecutor.executeStatement(DefaultSqlScriptExecutor.java:217) ~[flyway-core-11.7.2.jar!/:na]
2026-08-26T13:02:46.3059988Z 	at org.flywaydb.core.internal.sqlscript.DefaultSqlScriptExecutor.execute(DefaultSqlScriptExecutor.java:137) ~[flyway-core-11.7.2.jar!/:na]
2026-08-26T13:02:46.3060016Z 	at org.flywaydb.core.internal.resolver.sql.SqlMigrationExecutor.executeOnce(SqlMigrationExecutor.java:75) ~[flyway-core-11.7.2.jar!/:na]
2026-08-26T13:02:46.3060044Z 	at org.flywaydb.core.internal.resolver.sql.SqlMigrationExecutor.lambda$execute$0(SqlMigrationExecutor.java:66) ~[flyway-core-11.7.2.jar!/:na]
2026-08-26T13:02:46.3060072Z 	at org.flywaydb.core.internal.database.DefaultExecutionStrategy.execute(DefaultExecutionStrategy.java:31) ~[flyway-core-11.7.2.jar!/:na]
2026-08-26T13:02:46.3060100Z 	at org.flywaydb.core.internal.resolver.sql.SqlMigrationExecutor.execute(SqlMigrationExecutor.java:65) ~[flyway-core-11.7.2.jar!/:na]
2026-08-26T13:02:46.3060127Z 	at org.flywaydb.core.internal.command.DbMigrate.doMigrateGroup(DbMigrate.java:391) ~[flyway-core-11.7.2.jar!/:na]
2026-08-26T13:02:46.3060148Z 	... 43 common frames omitted
2026-08-26T13:02:46.3060200Z Caused by: org.postgresql.util.PSQLException: ERROR: extension "pgcrypto" is not allow-listed for users in Azure Database for PostgreSQL
2026-08-26T13:02:46.3060230Z   Hint: to learn how to allow an extension or see the list of allowed extensions, please refer to https://go.microsoft.com/fwlink/?linkid=2301063
2026-08-26T13:02:46.3060258Z 	at org.postgresql.core.v3.QueryExecutorImpl.receiveErrorResponse(QueryExecutorImpl.java:2875) ~[postgresql-42.7.10.jar!/:42.7.10]
2026-08-26T13:02:46.3060284Z 	at org.postgresql.core.v3.QueryExecutorImpl.processResults(QueryExecutorImpl.java:2560) ~[postgresql-42.7.10.jar!/:42.7.10]
2026-08-26T13:02:46.3060311Z 	at org.postgresql.core.v3.QueryExecutorImpl.execute(QueryExecutorImpl.java:429) ~[postgresql-42.7.10.jar!/:42.7.10]
2026-08-26T13:02:46.3060338Z 	at org.postgresql.jdbc.PgStatement.executeInternal(PgStatement.java:526) ~[postgresql-42.7.10.jar!/:42.7.10]
2026-08-26T13:02:46.3060363Z 	at org.postgresql.jdbc.PgStatement.execute(PgStatement.java:436) ~[postgresql-42.7.10.jar!/:42.7.10]
2026-08-26T13:02:46.3060390Z 	at org.postgresql.jdbc.PgStatement.executeWithFlags(PgStatement.java:358) ~[postgresql-42.7.10.jar!/:42.7.10]
2026-08-26T13:02:46.3060416Z 	at org.postgresql.jdbc.PgStatement.executeCachedSql(PgStatement.java:343) ~[postgresql-42.7.10.jar!/:42.7.10]
2026-08-26T13:02:46.3060442Z 	at org.postgresql.jdbc.PgStatement.executeWithFlags(PgStatement.java:319) ~[postgresql-42.7.10.jar!/:42.7.10]
2026-08-26T13:02:46.3060469Z 	at org.postgresql.jdbc.PgStatement.execute(PgStatement.java:314) ~[postgresql-42.7.10.jar!/:42.7.10]
2026-08-26T13:02:46.3060518Z 	at com.zaxxer.hikari.pool.ProxyStatement.execute(ProxyStatement.java:95) ~[HikariCP-6.3.3.jar!/:na]
2026-08-26T13:02:46.3060545Z 	at com.zaxxer.hikari.pool.HikariProxyStatement.execute(HikariProxyStatement.java) ~[HikariCP-6.3.3.jar!/:na]
2026-08-26T13:02:46.3060572Z 	at org.flywaydb.core.internal.jdbc.JdbcTemplate.executeStatement(JdbcTemplate.java:215) ~[flyway-core-11.7.2.jar!/:na]
2026-08-26T13:02:46.3060643Z 	at org.flywaydb.core.internal.sqlscript.ParsedSqlStatement.execute(ParsedSqlStatement.java:88) ~[flyway-core-11.7.2.jar!/:na]
2026-08-26T13:02:46.3060675Z 	at org.flywaydb.core.internal.sqlscript.DefaultSqlScriptExecutor.executeStatement(DefaultSqlScriptExecutor.java:212) ~[flyway-core-11.7.2.jar!/:na]
2026-08-26T13:02:46.3060696Z 	... 49 common frames omitted
2026-08-26T13:02:46.3060716Z 
2026-08-26T13:18:39.0636251Z 
2026-08-26T13:18:39.0649116Z   .   ____          _            __ _ _
2026-08-26T13:18:39.0652236Z  /\\ / ___'_ __ _ _(_)_ __  __ _ \ \ \ \
2026-08-26T13:18:39.0652347Z ( ( )\___ | '_ | '_| | '_ \/ _` | \ \ \ \
2026-08-26T13:18:39.0652376Z  \\/  ___)| |_)| | | | | || (_| |  ) ) ) )
2026-08-26T13:18:39.0652410Z   '  |____| .__|_| |_|_| |_\__, | / / / /
2026-08-26T13:18:39.0652490Z  =========|_|==============|___/=/_/_/_/
2026-08-26T13:18:39.0652517Z 
2026-08-26T13:18:39.0996859Z  :: Spring Boot ::               (v3.5.13)
2026-08-26T13:18:39.0999897Z 
2026-08-26T13:18:41.3160780Z 2026-08-26T13:18:41.220Z  INFO 1 --- [           main] com.rvce.scas.ScasApplication            : Starting ScasApplication v0.0.1-SNAPSHOT using Java 17.0.20 with PID 1 (/app/app.jar started by root in /app)
2026-08-26T13:18:41.3417492Z 2026-08-26T13:18:41.334Z  INFO 1 --- [           main] com.rvce.scas.ScasApplication            : The following 1 profile is active: "prod"
2026-08-26T13:19:23.5890275Z 2026-08-26T13:19:23.587Z  INFO 1 --- [           main] .s.d.r.c.RepositoryConfigurationDelegate : Multiple Spring Data modules found, entering strict repository configuration mode
2026-08-26T13:19:23.6281184Z 2026-08-26T13:19:23.618Z  INFO 1 --- [           main] .s.d.r.c.RepositoryConfigurationDelegate : Bootstrapping Spring Data JPA repositories in DEFAULT mode.
2026-08-26T13:19:28.8127623Z 2026-08-26T13:19:28.812Z  INFO 1 --- [           main] .s.d.r.c.RepositoryConfigurationDelegate : Finished Spring Data repository scanning in 5017 ms. Found 12 JPA repository interfaces.
2026-08-26T13:19:29.1124967Z 2026-08-26T13:19:29.111Z  INFO 1 --- [           main] .s.d.r.c.RepositoryConfigurationDelegate : Multiple Spring Data modules found, entering strict repository configuration mode
2026-08-26T13:19:29.1218271Z 2026-08-26T13:19:29.120Z  INFO 1 --- [           main] .s.d.r.c.RepositoryConfigurationDelegate : Bootstrapping Spring Data Redis repositories in DEFAULT mode.
2026-08-26T13:19:29.4715772Z 2026-08-26T13:19:29.469Z  INFO 1 --- [           main] .RepositoryConfigurationExtensionSupport : Spring Data Redis - Could not safely identify store assignment for repository candidate interface com.rvce.scas.repository.DepartmentRepository; If you want this repository to be a Redis repository, consider annotating your entities with one of these annotations: org.springframework.data.redis.core.RedisHash (preferred), or consider extending one of the following types with your repository: org.springframework.data.keyvalue.repository.KeyValueRepository
2026-08-26T13:19:29.5275449Z 2026-08-26T13:19:29.501Z  INFO 1 --- [           main] .RepositoryConfigurationExtensionSupport : Spring Data Redis - Could not safely identify store assignment for repository candidate interface com.rvce.scas.repository.ExamHallRepository; If you want this repository to be a Redis repository, consider annotating your entities with one of these annotations: org.springframework.data.redis.core.RedisHash (preferred), or consider extending one of the following types with your repository: org.springframework.data.keyvalue.repository.KeyValueRepository
2026-08-26T13:19:29.5278102Z 2026-08-26T13:19:29.519Z  INFO 1 --- [           main] .RepositoryConfigurationExtensionSupport : Spring Data Redis - Could not safely identify store assignment for repository candidate interface com.rvce.scas.repository.ExamSeatRepository; If you want this repository to be a Redis repository, consider annotating your entities with one of these annotations: org.springframework.data.redis.core.RedisHash (preferred), or consider extending one of the following types with your repository: org.springframework.data.keyvalue.repository.KeyValueRepository
2026-08-26T13:19:29.5391244Z 2026-08-26T13:19:29.536Z  INFO 1 --- [           main] .RepositoryConfigurationExtensionSupport : Spring Data Redis - Could not safely identify store assignment for repository candidate interface com.rvce.scas.repository.ExamSessionRepository; If you want this repository to be a Redis repository, consider annotating your entities with one of these annotations: org.springframework.data.redis.core.RedisHash (preferred), or consider extending one of the following types with your repository: org.springframework.data.keyvalue.repository.KeyValueRepository
2026-08-26T13:19:29.5391483Z 2026-08-26T13:19:29.537Z  INFO 1 --- [           main] .RepositoryConfigurationExtensionSupport : Spring Data Redis - Could not safely identify store assignment for repository candidate interface com.rvce.scas.repository.ExamStudentRepository; If you want this repository to be a Redis repository, consider annotating your entities with one of these annotations: org.springframework.data.redis.core.RedisHash (preferred), or consider extending one of the following types with your repository: org.springframework.data.keyvalue.repository.KeyValueRepository
2026-08-26T13:19:29.5506595Z 2026-08-26T13:19:29.540Z  INFO 1 --- [           main] .RepositoryConfigurationExtensionSupport : Spring Data Redis - Could not safely identify store assignment for repository candidate interface com.rvce.scas.repository.NotificationRepository; If you want this repository to be a Redis repository, consider annotating your entities with one of these annotations: org.springframework.data.redis.core.RedisHash (preferred), or consider extending one of the following types with your repository: org.springframework.data.keyvalue.repository.KeyValueRepository
2026-08-26T13:19:29.5663840Z 2026-08-26T13:19:29.565Z  INFO 1 --- [           main] .RepositoryConfigurationExtensionSupport : Spring Data Redis - Could not safely identify store assignment for repository candidate interface com.rvce.scas.repository.PasswordResetTokenRepository; If you want this repository to be a Redis repository, consider annotating your entities with one of these annotations: org.springframework.data.redis.core.RedisHash (preferred), or consider extending one of the following types with your repository: org.springframework.data.keyvalue.repository.KeyValueRepository
2026-08-26T13:19:29.5767557Z 2026-08-26T13:19:29.576Z  INFO 1 --- [           main] .RepositoryConfigurationExtensionSupport : Spring Data Redis - Could not safely identify store assignment for repository candidate interface com.rvce.scas.repository.RoleRepository; If you want this repository to be a Redis repository, consider annotating your entities with one of these annotations: org.springframework.data.redis.core.RedisHash (preferred), or consider extending one of the following types with your repository: org.springframework.data.keyvalue.repository.KeyValueRepository
2026-08-26T13:19:29.5787385Z 2026-08-26T13:19:29.578Z  INFO 1 --- [           main] .RepositoryConfigurationExtensionSupport : Spring Data Redis - Could not safely identify store assignment for repository candidate interface com.rvce.scas.repository.RoomRepository; If you want this repository to be a Redis repository, consider annotating your entities with one of these annotations: org.springframework.data.redis.core.RedisHash (preferred), or consider extending one of the following types with your repository: org.springframework.data.keyvalue.repository.KeyValueRepository
2026-08-26T13:19:29.5858463Z 2026-08-26T13:19:29.585Z  INFO 1 --- [           main] .RepositoryConfigurationExtensionSupport : Spring Data Redis - Could not safely identify store assignment for repository candidate interface com.rvce.scas.repository.TimetableSlotRepository; If you want this repository to be a Redis repository, consider annotating your entities with one of these annotations: org.springframework.data.redis.core.RedisHash (preferred), or consider extending one of the following types with your repository: org.springframework.data.keyvalue.repository.KeyValueRepository
2026-08-26T13:19:29.5957324Z 2026-08-26T13:19:29.587Z  INFO 1 --- [           main] .RepositoryConfigurationExtensionSupport : Spring Data Redis - Could not safely identify store assignment for repository candidate interface com.rvce.scas.repository.UserRepository; If you want this repository to be a Redis repository, consider annotating your entities with one of these annotations: org.springframework.data.redis.core.RedisHash (preferred), or consider extending one of the following types with your repository: org.springframework.data.keyvalue.repository.KeyValueRepository
2026-08-26T13:19:29.5981078Z 2026-08-26T13:19:29.597Z  INFO 1 --- [           main] .RepositoryConfigurationExtensionSupport : Spring Data Redis - Could not safely identify store assignment for repository candidate interface com.rvce.scas.repository.UserRoleRepository; If you want this repository to be a Redis repository, consider annotating your entities with one of these annotations: org.springframework.data.redis.core.RedisHash (preferred), or consider extending one of the following types with your repository: org.springframework.data.keyvalue.repository.KeyValueRepository
2026-08-26T13:19:29.6059595Z 2026-08-26T13:19:29.605Z  INFO 1 --- [           main] .s.d.r.c.RepositoryConfigurationDelegate : Finished Spring Data repository scanning in 251 ms. Found 0 Redis repository interfaces.
2026-08-26T13:19:46.3845196Z 2026-08-26T13:19:46.383Z  INFO 1 --- [           main] o.s.b.w.embedded.tomcat.TomcatWebServer  : Tomcat initialized with port 8080 (http)
2026-08-26T13:19:46.9361006Z 2026-08-26T13:19:46.934Z  INFO 1 --- [           main] o.apache.catalina.core.StandardService   : Starting service [Tomcat]
2026-08-26T13:19:46.9742341Z 2026-08-26T13:19:46.937Z  INFO 1 --- [           main] o.apache.catalina.core.StandardEngine    : Starting Servlet engine: [Apache Tomcat/10.1.53]
2026-08-26T13:19:48.5964927Z 2026-08-26T13:19:48.590Z  INFO 1 --- [           main] o.a.c.c.C.[Tomcat].[localhost].[/]       : Initializing Spring embedded WebApplicationContext
2026-08-26T13:19:48.6153114Z 2026-08-26T13:19:48.614Z  INFO 1 --- [           main] w.s.c.ServletWebServerApplicationContext : Root WebApplicationContext: initialization completed in 66348 ms
2026-08-26T13:20:19.4053074Z 2026-08-26T13:20:19.387Z  INFO 1 --- [           main] com.zaxxer.hikari.HikariDataSource       : HikariPool-1 - Starting...
2026-08-26T13:20:22.8705674Z 2026-08-26T13:20:22.869Z  INFO 1 --- [           main] com.zaxxer.hikari.pool.HikariPool        : HikariPool-1 - Added connection org.postgresql.jdbc.PgConnection@509e4902
2026-08-26T13:20:22.8907355Z 2026-08-26T13:20:22.889Z  INFO 1 --- [           main] com.zaxxer.hikari.HikariDataSource       : HikariPool-1 - Start completed.
2026-08-26T13:20:23.4765863Z 2026-08-26T13:20:23.460Z  INFO 1 --- [           main] org.flywaydb.core.FlywayExecutor         : Database: jdbc:postgresql://scas-postgres-k23.postgres.database.azure.com:5432/scasdb?sslmode=require (PostgreSQL 16.14)
2026-08-26T13:20:24.6671152Z 2026-08-26T13:20:24.666Z  INFO 1 --- [           main] o.f.core.internal.command.DbValidate     : Successfully validated 27 migrations (execution time 00:00.813s)
2026-08-26T13:20:24.8527607Z 2026-08-26T13:20:24.852Z  INFO 1 --- [           main] o.f.core.internal.command.DbMigrate      : Current version of schema "public": << Empty Schema >>
2026-08-26T13:20:25.6886795Z 2026-08-26T13:20:25.688Z  INFO 1 --- [           main] o.f.core.internal.command.DbMigrate      : Migrating schema "public" to version "1 - users roles"
2026-08-26T13:20:25.9312139Z 2026-08-26T13:20:25.850Z  WARN 1 --- [           main] com.zaxxer.hikari.pool.ProxyConnection   : HikariPool-1 - Connection org.postgresql.jdbc.PgConnection@24ac87a marked as broken because of SQLSTATE(0A000), ErrorCode(0)
2026-08-26T13:20:25.9312774Z 
2026-08-26T13:20:25.9312838Z org.postgresql.util.PSQLException: ERROR: extension "pgcrypto" is not allow-listed for users in Azure Database for PostgreSQL
2026-08-26T13:20:25.9312955Z   Hint: to learn how to allow an extension or see the list of allowed extensions, please refer to https://go.microsoft.com/fwlink/?linkid=2301063
2026-08-26T13:20:25.9312988Z 	at org.postgresql.core.v3.QueryExecutorImpl.receiveErrorResponse(QueryExecutorImpl.java:2875) ~[postgresql-42.7.10.jar!/:42.7.10]
2026-08-26T13:20:25.9313016Z 	at org.postgresql.core.v3.QueryExecutorImpl.processResults(QueryExecutorImpl.java:2560) ~[postgresql-42.7.10.jar!/:42.7.10]
2026-08-26T13:20:25.9313045Z 	at org.postgresql.core.v3.QueryExecutorImpl.execute(QueryExecutorImpl.java:429) ~[postgresql-42.7.10.jar!/:42.7.10]
2026-08-26T13:20:25.9313072Z 	at org.postgresql.jdbc.PgStatement.executeInternal(PgStatement.java:526) ~[postgresql-42.7.10.jar!/:42.7.10]
2026-08-26T13:20:25.9313121Z 	at org.postgresql.jdbc.PgStatement.execute(PgStatement.java:436) ~[postgresql-42.7.10.jar!/:42.7.10]
2026-08-26T13:20:25.9313167Z 	at org.postgresql.jdbc.PgStatement.executeWithFlags(PgStatement.java:358) ~[postgresql-42.7.10.jar!/:42.7.10]
2026-08-26T13:20:25.9313194Z 	at org.postgresql.jdbc.PgStatement.executeCachedSql(PgStatement.java:343) ~[postgresql-42.7.10.jar!/:42.7.10]
2026-08-26T13:20:25.9313221Z 	at org.postgresql.jdbc.PgStatement.executeWithFlags(PgStatement.java:319) ~[postgresql-42.7.10.jar!/:42.7.10]
2026-08-26T13:20:25.9313249Z 	at org.postgresql.jdbc.PgStatement.execute(PgStatement.java:314) ~[postgresql-42.7.10.jar!/:42.7.10]
2026-08-26T13:20:25.9313275Z 	at com.zaxxer.hikari.pool.ProxyStatement.execute(ProxyStatement.java:95) ~[HikariCP-6.3.3.jar!/:na]
2026-08-26T13:20:25.9313321Z 	at com.zaxxer.hikari.pool.HikariProxyStatement.execute(HikariProxyStatement.java) ~[HikariCP-6.3.3.jar!/:na]
2026-08-26T13:20:25.9313349Z 	at org.flywaydb.core.internal.jdbc.JdbcTemplate.executeStatement(JdbcTemplate.java:215) ~[flyway-core-11.7.2.jar!/:na]
2026-08-26T13:20:25.9313377Z 	at org.flywaydb.core.internal.sqlscript.ParsedSqlStatement.execute(ParsedSqlStatement.java:88) ~[flyway-core-11.7.2.jar!/:na]
2026-08-26T13:20:25.9313413Z 	at org.flywaydb.core.internal.sqlscript.DefaultSqlScriptExecutor.executeStatement(DefaultSqlScriptExecutor.java:212) ~[flyway-core-11.7.2.jar!/:na]
2026-08-26T13:20:25.9313467Z 	at org.flywaydb.core.internal.sqlscript.DefaultSqlScriptExecutor.execute(DefaultSqlScriptExecutor.java:137) ~[flyway-core-11.7.2.jar!/:na]
2026-08-26T13:20:25.9313497Z 	at org.flywaydb.core.internal.resolver.sql.SqlMigrationExecutor.executeOnce(SqlMigrationExecutor.java:75) ~[flyway-core-11.7.2.jar!/:na]
2026-08-26T13:20:25.9313526Z 	at org.flywaydb.core.internal.resolver.sql.SqlMigrationExecutor.lambda$execute$0(SqlMigrationExecutor.java:66) ~[flyway-core-11.7.2.jar!/:na]
2026-08-26T13:20:25.9313554Z 	at org.flywaydb.core.internal.database.DefaultExecutionStrategy.execute(DefaultExecutionStrategy.java:31) ~[flyway-core-11.7.2.jar!/:na]
2026-08-26T13:20:25.9313583Z 	at org.flywaydb.core.internal.resolver.sql.SqlMigrationExecutor.execute(SqlMigrationExecutor.java:65) ~[flyway-core-11.7.2.jar!/:na]
2026-08-26T13:20:25.9313628Z 	at org.flywaydb.core.internal.command.DbMigrate.doMigrateGroup(DbMigrate.java:391) ~[flyway-core-11.7.2.jar!/:na]
2026-08-26T13:20:25.9313657Z 	at org.flywaydb.core.internal.command.DbMigrate.lambda$applyMigrations$1(DbMigrate.java:283) ~[flyway-core-11.7.2.jar!/:na]
2026-08-26T13:20:25.9313685Z 	at org.flywaydb.core.internal.jdbc.TransactionalExecutionTemplate.execute(TransactionalExecutionTemplate.java:59) ~[flyway-core-11.7.2.jar!/:na]
2026-08-26T13:20:25.9313712Z 	at org.flywaydb.core.internal.command.DbMigrate.applyMigrations(DbMigrate.java:282) ~[flyway-core-11.7.2.jar!/:na]
2026-08-26T13:20:25.9313739Z 	at org.flywaydb.core.internal.command.DbMigrate.migrateGroup(DbMigrate.java:255) ~[flyway-core-11.7.2.jar!/:na]
2026-08-26T13:20:25.9313767Z 	at org.flywaydb.core.internal.command.DbMigrate.lambda$migrateAll$0(DbMigrate.java:153) ~[flyway-core-11.7.2.jar!/:na]
2026-08-26T13:20:25.9313816Z 	at org.flywaydb.database.postgresql.PostgreSQLAdvisoryLockTemplate.execute(PostgreSQLAdvisoryLockTemplate.java:77) ~[flyway-database-postgresql-11.7.2.jar!/:na]
2026-08-26T13:20:25.9313848Z 	at org.flywaydb.database.postgresql.PostgreSQLAdvisoryLockTemplate.lambda$execute$0(PostgreSQLAdvisoryLockTemplate.java:60) ~[flyway-database-postgresql-11.7.2.jar!/:na]
2026-08-26T13:20:25.9313876Z 	at org.flywaydb.core.internal.jdbc.TransactionalExecutionTemplate.execute(TransactionalExecutionTemplate.java:59) ~[flyway-core-11.7.2.jar!/:na]
2026-08-26T13:20:25.9314311Z 	at org.flywaydb.database.postgresql.PostgreSQLAdvisoryLockTemplate.execute(PostgreSQLAdvisoryLockTemplate.java:60) ~[flyway-database-postgresql-11.7.2.jar!/:na]
2026-08-26T13:20:25.9314382Z 	at org.flywaydb.database.postgresql.PostgreSQLConnection.lock(PostgreSQLConnection.java:105) ~[flyway-database-postgresql-11.7.2.jar!/:na]
2026-08-26T13:20:25.9314413Z 	at org.flywaydb.core.internal.schemahistory.JdbcTableSchemaHistory.lock(JdbcTableSchemaHistory.java:164) ~[flyway-core-11.7.2.jar!/:na]
2026-08-26T13:20:25.9314442Z 	at org.flywaydb.core.internal.command.DbMigrate.migrateAll(DbMigrate.java:153) ~[flyway-core-11.7.2.jar!/:na]
2026-08-26T13:20:25.9314470Z 	at org.flywaydb.core.internal.command.DbMigrate.migrate(DbMigrate.java:104) ~[flyway-core-11.7.2.jar!/:na]
2026-08-26T13:20:25.9314516Z 	at org.flywaydb.core.Flyway.lambda$migrate$1(Flyway.java:247) ~[flyway-core-11.7.2.jar!/:na]
2026-08-26T13:20:25.9314543Z 	at org.flywaydb.core.FlywayExecutor.execute(FlywayExecutor.java:210) ~[flyway-core-11.7.2.jar!/:na]
2026-08-26T13:20:25.9314568Z 	at org.flywaydb.core.Flyway.migrate(Flyway.java:188) ~[flyway-core-11.7.2.jar!/:na]
2026-08-26T13:20:25.9314599Z 	at org.springframework.boot.autoconfigure.flyway.FlywayMigrationInitializer.afterPropertiesSet(FlywayMigrationInitializer.java:66) ~[spring-boot-autoconfigure-3.5.13.jar!/:3.5.13]
2026-08-26T13:20:25.9314629Z 	at org.springframework.beans.factory.support.AbstractAutowireCapableBeanFactory.invokeInitMethods(AbstractAutowireCapableBeanFactory.java:1873) ~[spring-beans-6.2.17.jar!/:6.2.17]
2026-08-26T13:20:25.9314659Z 	at org.springframework.beans.factory.support.AbstractAutowireCapableBeanFactory.initializeBean(AbstractAutowireCapableBeanFactory.java:1822) ~[spring-beans-6.2.17.jar!/:6.2.17]
2026-08-26T13:20:25.9314716Z 	at org.springframework.beans.factory.support.AbstractAutowireCapableBeanFactory.doCreateBean(AbstractAutowireCapableBeanFactory.java:607) ~[spring-beans-6.2.17.jar!/:6.2.17]
2026-08-26T13:20:25.9314747Z 	at org.springframework.beans.factory.support.AbstractAutowireCapableBeanFactory.createBean(AbstractAutowireCapableBeanFactory.java:529) ~[spring-beans-6.2.17.jar!/:6.2.17]
2026-08-26T13:20:25.9314776Z 	at org.springframework.beans.factory.support.AbstractBeanFactory.lambda$doGetBean$0(AbstractBeanFactory.java:339) ~[spring-beans-6.2.17.jar!/:6.2.17]
2026-08-26T13:20:25.9314806Z 	at org.springframework.beans.factory.support.DefaultSingletonBeanRegistry.getSingleton(DefaultSingletonBeanRegistry.java:373) ~[spring-beans-6.2.17.jar!/:6.2.17]
2026-08-26T13:20:25.9314855Z 	at org.springframework.beans.factory.support.AbstractBeanFactory.doGetBean(AbstractBeanFactory.java:337) ~[spring-beans-6.2.17.jar!/:6.2.17]
2026-08-26T13:20:25.9314884Z 	at org.springframework.beans.factory.support.AbstractBeanFactory.getBean(AbstractBeanFactory.java:202) ~[spring-beans-6.2.17.jar!/:6.2.17]
2026-08-26T13:20:25.9314913Z 	at org.springframework.beans.factory.support.AbstractBeanFactory.doGetBean(AbstractBeanFactory.java:315) ~[spring-beans-6.2.17.jar!/:6.2.17]
2026-08-26T13:20:25.9314941Z 	at org.springframework.beans.factory.support.AbstractBeanFactory.getBean(AbstractBeanFactory.java:207) ~[spring-beans-6.2.17.jar!/:6.2.17]
2026-08-26T13:20:25.9314971Z 	at org.springframework.context.support.AbstractApplicationContext.finishBeanFactoryInitialization(AbstractApplicationContext.java:974) ~[spring-context-6.2.17.jar!/:6.2.17]
2026-08-26T13:20:25.9315018Z 	at org.springframework.context.support.AbstractApplicationContext.refresh(AbstractApplicationContext.java:628) ~[spring-context-6.2.17.jar!/:6.2.17]
2026-08-26T13:20:25.9315049Z 	at org.springframework.boot.web.servlet.context.ServletWebServerApplicationContext.refresh(ServletWebServerApplicationContext.java:146) ~[spring-boot-3.5.13.jar!/:3.5.13]
2026-08-26T13:20:25.9315076Z 	at org.springframework.boot.SpringApplication.refresh(SpringApplication.java:752) ~[spring-boot-3.5.13.jar!/:3.5.13]
2026-08-26T13:20:25.9315103Z 	at org.springframework.boot.SpringApplication.refreshContext(SpringApplication.java:439) ~[spring-boot-3.5.13.jar!/:3.5.13]
2026-08-26T13:20:25.9315130Z 	at org.springframework.boot.SpringApplication.run(SpringApplication.java:318) ~[spring-boot-3.5.13.jar!/:3.5.13]
2026-08-26T13:20:25.9315157Z 	at org.springframework.boot.SpringApplication.run(SpringApplication.java:1361) ~[spring-boot-3.5.13.jar!/:3.5.13]
2026-08-26T13:20:25.9315204Z 	at org.springframework.boot.SpringApplication.run(SpringApplication.java:1350) ~[spring-boot-3.5.13.jar!/:3.5.13]
2026-08-26T13:20:25.9315229Z 	at com.rvce.scas.ScasApplication.main(ScasApplication.java:20) ~[!/:0.0.1-SNAPSHOT]
2026-08-26T13:20:25.9315255Z 	at java.base/jdk.internal.reflect.NativeMethodAccessorImpl.invoke0(Native Method) ~[na:na]
2026-08-26T13:20:25.9315281Z 	at java.base/jdk.internal.reflect.NativeMethodAccessorImpl.invoke(Unknown Source) ~[na:na]
2026-08-26T13:20:25.9315307Z 	at java.base/jdk.internal.reflect.DelegatingMethodAccessorImpl.invoke(Unknown Source) ~[na:na]
2026-08-26T13:20:25.9315400Z 	at java.base/java.lang.reflect.Method.invoke(Unknown Source) ~[na:na]
2026-08-26T13:20:25.9315432Z 	at org.springframework.boot.loader.launch.Launcher.launch(Launcher.java:106) ~[app.jar:0.0.1-SNAPSHOT]
2026-08-26T13:20:25.9315463Z 	at org.springframework.boot.loader.launch.Launcher.launch(Launcher.java:64) ~[app.jar:0.0.1-SNAPSHOT]
2026-08-26T13:20:25.9315513Z 	at org.springframework.boot.loader.launch.JarLauncher.main(JarLauncher.java:40) ~[app.jar:0.0.1-SNAPSHOT]
2026-08-26T13:20:25.9315534Z 
2026-08-26T13:20:26.0657010Z 2026-08-26T13:20:26.064Z ERROR 1 --- [           main] o.f.c.i.j.TransactionalExecutionTemplate : Unable to rollback transaction
2026-08-26T13:20:26.0657643Z 
2026-08-26T13:20:26.0657704Z java.sql.SQLException: Connection is closed
2026-08-26T13:20:26.0657742Z 	at com.zaxxer.hikari.pool.ProxyConnection$ClosedConnection.lambda$getClosedConnection$0(ProxyConnection.java:562) ~[HikariCP-6.3.3.jar!/:na]
2026-08-26T13:20:26.0657861Z 	at jdk.proxy3/jdk.proxy3.$Proxy119.rollback(Unknown Source) ~[na:na]
2026-08-26T13:20:26.0657895Z 	at com.zaxxer.hikari.pool.ProxyConnection.rollback(ProxyConnection.java:386) ~[HikariCP-6.3.3.jar!/:na]
2026-08-26T13:20:26.0657928Z 	at com.zaxxer.hikari.pool.HikariProxyConnection.rollback(HikariProxyConnection.java) ~[HikariCP-6.3.3.jar!/:na]
2026-08-26T13:20:26.0657962Z 	at org.flywaydb.core.internal.jdbc.TransactionalExecutionTemplate.execute(TransactionalExecutionTemplate.java:75) ~[flyway-core-11.7.2.jar!/:na]
2026-08-26T13:20:26.0657995Z 	at org.flywaydb.core.internal.command.DbMigrate.applyMigrations(DbMigrate.java:282) ~[flyway-core-11.7.2.jar!/:na]
2026-08-26T13:20:26.0658028Z 	at org.flywaydb.core.internal.command.DbMigrate.migrateGroup(DbMigrate.java:255) ~[flyway-core-11.7.2.jar!/:na]
2026-08-26T13:20:26.0658085Z 	at org.flywaydb.core.internal.command.DbMigrate.lambda$migrateAll$0(DbMigrate.java:153) ~[flyway-core-11.7.2.jar!/:na]
2026-08-26T13:20:26.0658121Z 	at org.flywaydb.database.postgresql.PostgreSQLAdvisoryLockTemplate.execute(PostgreSQLAdvisoryLockTemplate.java:77) ~[flyway-database-postgresql-11.7.2.jar!/:na]
2026-08-26T13:20:26.0658157Z 	at org.flywaydb.database.postgresql.PostgreSQLAdvisoryLockTemplate.lambda$execute$0(PostgreSQLAdvisoryLockTemplate.java:60) ~[flyway-database-postgresql-11.7.2.jar!/:na]
2026-08-26T13:20:26.0658191Z 	at org.flywaydb.core.internal.jdbc.TransactionalExecutionTemplate.execute(TransactionalExecutionTemplate.java:59) ~[flyway-core-11.7.2.jar!/:na]
2026-08-26T13:20:26.0658226Z 	at org.flywaydb.database.postgresql.PostgreSQLAdvisoryLockTemplate.execute(PostgreSQLAdvisoryLockTemplate.java:60) ~[flyway-database-postgresql-11.7.2.jar!/:na]
2026-08-26T13:20:26.0658278Z 	at org.flywaydb.database.postgresql.PostgreSQLConnection.lock(PostgreSQLConnection.java:105) ~[flyway-database-postgresql-11.7.2.jar!/:na]
2026-08-26T13:20:26.0658312Z 	at org.flywaydb.core.internal.schemahistory.JdbcTableSchemaHistory.lock(JdbcTableSchemaHistory.java:164) ~[flyway-core-11.7.2.jar!/:na]
2026-08-26T13:20:26.0658343Z 	at org.flywaydb.core.internal.command.DbMigrate.migrateAll(DbMigrate.java:153) ~[flyway-core-11.7.2.jar!/:na]
2026-08-26T13:20:26.0658375Z 	at org.flywaydb.core.internal.command.DbMigrate.migrate(DbMigrate.java:104) ~[flyway-core-11.7.2.jar!/:na]
2026-08-26T13:20:26.0658405Z 	at org.flywaydb.core.Flyway.lambda$migrate$1(Flyway.java:247) ~[flyway-core-11.7.2.jar!/:na]
2026-08-26T13:20:26.0658458Z 	at org.flywaydb.core.FlywayExecutor.execute(FlywayExecutor.java:210) ~[flyway-core-11.7.2.jar!/:na]
2026-08-26T13:20:26.0658488Z 	at org.flywaydb.core.Flyway.migrate(Flyway.java:188) ~[flyway-core-11.7.2.jar!/:na]
2026-08-26T13:20:26.0658523Z 	at org.springframework.boot.autoconfigure.flyway.FlywayMigrationInitializer.afterPropertiesSet(FlywayMigrationInitializer.java:66) ~[spring-boot-autoconfigure-3.5.13.jar!/:3.5.13]
2026-08-26T13:20:26.0658559Z 	at org.springframework.beans.factory.support.AbstractAutowireCapableBeanFactory.invokeInitMethods(AbstractAutowireCapableBeanFactory.java:1873) ~[spring-beans-6.2.17.jar!/:6.2.17]
2026-08-26T13:20:26.0658593Z 	at org.springframework.beans.factory.support.AbstractAutowireCapableBeanFactory.initializeBean(AbstractAutowireCapableBeanFactory.java:1822) ~[spring-beans-6.2.17.jar!/:6.2.17]
2026-08-26T13:20:26.0658647Z 	at org.springframework.beans.factory.support.AbstractAutowireCapableBeanFactory.doCreateBean(AbstractAutowireCapableBeanFactory.java:607) ~[spring-beans-6.2.17.jar!/:6.2.17]
2026-08-26T13:20:26.0658683Z 	at org.springframework.beans.factory.support.AbstractAutowireCapableBeanFactory.createBean(AbstractAutowireCapableBeanFactory.java:529) ~[spring-beans-6.2.17.jar!/:6.2.17]
2026-08-26T13:20:26.0658717Z 	at org.springframework.beans.factory.support.AbstractBeanFactory.lambda$doGetBean$0(AbstractBeanFactory.java:339) ~[spring-beans-6.2.17.jar!/:6.2.17]
2026-08-26T13:20:26.0658751Z 	at org.springframework.beans.factory.support.DefaultSingletonBeanRegistry.getSingleton(DefaultSingletonBeanRegistry.java:373) ~[spring-beans-6.2.17.jar!/:6.2.17]
2026-08-26T13:20:26.0658784Z 	at org.springframework.beans.factory.support.AbstractBeanFactory.doGetBean(AbstractBeanFactory.java:337) ~[spring-beans-6.2.17.jar!/:6.2.17]
2026-08-26T13:20:26.0658835Z 	at org.springframework.beans.factory.support.AbstractBeanFactory.getBean(AbstractBeanFactory.java:202) ~[spring-beans-6.2.17.jar!/:6.2.17]
2026-08-26T13:20:26.0659077Z 	at org.springframework.beans.factory.support.AbstractBeanFactory.doGetBean(AbstractBeanFactory.java:315) ~[spring-beans-6.2.17.jar!/:6.2.17]
2026-08-26T13:20:26.0659120Z 	at org.springframework.beans.factory.support.AbstractBeanFactory.getBean(AbstractBeanFactory.java:207) ~[spring-beans-6.2.17.jar!/:6.2.17]
2026-08-26T13:20:26.0659156Z 	at org.springframework.context.support.AbstractApplicationContext.finishBeanFactoryInitialization(AbstractApplicationContext.java:974) ~[spring-context-6.2.17.jar!/:6.2.17]
2026-08-26T13:20:26.0659190Z 	at org.springframework.context.support.AbstractApplicationContext.refresh(AbstractApplicationContext.java:628) ~[spring-context-6.2.17.jar!/:6.2.17]
2026-08-26T13:20:26.0659253Z 	at org.springframework.boot.web.servlet.context.ServletWebServerApplicationContext.refresh(ServletWebServerApplicationContext.java:146) ~[spring-boot-3.5.13.jar!/:3.5.13]
2026-08-26T13:20:26.0659286Z 	at org.springframework.boot.SpringApplication.refresh(SpringApplication.java:752) ~[spring-boot-3.5.13.jar!/:3.5.13]
2026-08-26T13:20:26.0659318Z 	at org.springframework.boot.SpringApplication.refreshContext(SpringApplication.java:439) ~[spring-boot-3.5.13.jar!/:3.5.13]
2026-08-26T13:20:26.0659350Z 	at org.springframework.boot.SpringApplication.run(SpringApplication.java:318) ~[spring-boot-3.5.13.jar!/:3.5.13]
2026-08-26T13:20:26.0659381Z 	at org.springframework.boot.SpringApplication.run(SpringApplication.java:1361) ~[spring-boot-3.5.13.jar!/:3.5.13]
2026-08-26T13:20:26.0659432Z 	at org.springframework.boot.SpringApplication.run(SpringApplication.java:1350) ~[spring-boot-3.5.13.jar!/:3.5.13]
2026-08-26T13:20:26.0659463Z 	at com.rvce.scas.ScasApplication.main(ScasApplication.java:20) ~[!/:0.0.1-SNAPSHOT]
2026-08-26T13:20:26.0659493Z 	at java.base/jdk.internal.reflect.NativeMethodAccessorImpl.invoke0(Native Method) ~[na:na]
2026-08-26T13:20:26.0659524Z 	at java.base/jdk.internal.reflect.NativeMethodAccessorImpl.invoke(Unknown Source) ~[na:na]
2026-08-26T13:20:26.0659556Z 	at java.base/jdk.internal.reflect.DelegatingMethodAccessorImpl.invoke(Unknown Source) ~[na:na]
2026-08-26T13:20:26.0659584Z 	at java.base/java.lang.reflect.Method.invoke(Unknown Source) ~[na:na]
2026-08-26T13:20:26.0659632Z 	at org.springframework.boot.loader.launch.Launcher.launch(Launcher.java:106) ~[app.jar:0.0.1-SNAPSHOT]
2026-08-26T13:20:26.0659664Z 	at org.springframework.boot.loader.launch.Launcher.launch(Launcher.java:64) ~[app.jar:0.0.1-SNAPSHOT]
2026-08-26T13:20:26.0659695Z 	at org.springframework.boot.loader.launch.JarLauncher.main(JarLauncher.java:40) ~[app.jar:0.0.1-SNAPSHOT]
2026-08-26T13:20:26.0659720Z 
2026-08-26T13:20:26.0775923Z 2026-08-26T13:20:26.074Z ERROR 1 --- [           main] o.f.c.i.j.TransactionalExecutionTemplate : Unable to restore autocommit to original value for connection
2026-08-26T13:20:26.0776068Z 
2026-08-26T13:20:26.0776105Z java.sql.SQLException: Connection is closed
2026-08-26T13:20:26.0776182Z 	at com.zaxxer.hikari.pool.ProxyConnection$ClosedConnection.lambda$getClosedConnection$0(ProxyConnection.java:562) ~[HikariCP-6.3.3.jar!/:na]
2026-08-26T13:20:26.0776213Z 	at jdk.proxy3/jdk.proxy3.$Proxy119.setAutoCommit(Unknown Source) ~[na:na]
2026-08-26T13:20:26.0776245Z 	at com.zaxxer.hikari.pool.ProxyConnection.setAutoCommit(ProxyConnection.java:412) ~[HikariCP-6.3.3.jar!/:na]
2026-08-26T13:20:26.0776277Z 	at com.zaxxer.hikari.pool.HikariProxyConnection.setAutoCommit(HikariProxyConnection.java) ~[HikariCP-6.3.3.jar!/:na]
2026-08-26T13:20:26.0776310Z 	at org.flywaydb.core.internal.jdbc.TransactionalExecutionTemplate.execute(TransactionalExecutionTemplate.java:90) ~[flyway-core-11.7.2.jar!/:na]
2026-08-26T13:20:26.0776360Z 	at org.flywaydb.core.internal.command.DbMigrate.applyMigrations(DbMigrate.java:282) ~[flyway-core-11.7.2.jar!/:na]
2026-08-26T13:20:26.0776393Z 	at org.flywaydb.core.internal.command.DbMigrate.migrateGroup(DbMigrate.java:255) ~[flyway-core-11.7.2.jar!/:na]
2026-08-26T13:20:26.0776426Z 	at org.flywaydb.core.internal.command.DbMigrate.lambda$migrateAll$0(DbMigrate.java:153) ~[flyway-core-11.7.2.jar!/:na]
2026-08-26T13:20:26.0776460Z 	at org.flywaydb.database.postgresql.PostgreSQLAdvisoryLockTemplate.execute(PostgreSQLAdvisoryLockTemplate.java:77) ~[flyway-database-postgresql-11.7.2.jar!/:na]
2026-08-26T13:20:26.0776495Z 	at org.flywaydb.database.postgresql.PostgreSQLAdvisoryLockTemplate.lambda$execute$0(PostgreSQLAdvisoryLockTemplate.java:60) ~[flyway-database-postgresql-11.7.2.jar!/:na]
2026-08-26T13:20:26.0776552Z 	at org.flywaydb.core.internal.jdbc.TransactionalExecutionTemplate.execute(TransactionalExecutionTemplate.java:59) ~[flyway-core-11.7.2.jar!/:na]
2026-08-26T13:20:26.0776587Z 	at org.flywaydb.database.postgresql.PostgreSQLAdvisoryLockTemplate.execute(PostgreSQLAdvisoryLockTemplate.java:60) ~[flyway-database-postgresql-11.7.2.jar!/:na]
2026-08-26T13:20:26.0776621Z 	at org.flywaydb.database.postgresql.PostgreSQLConnection.lock(PostgreSQLConnection.java:105) ~[flyway-database-postgresql-11.7.2.jar!/:na]
2026-08-26T13:20:26.0776654Z 	at org.flywaydb.core.internal.schemahistory.JdbcTableSchemaHistory.lock(JdbcTableSchemaHistory.java:164) ~[flyway-core-11.7.2.jar!/:na]
2026-08-26T13:20:26.0776685Z 	at org.flywaydb.core.internal.command.DbMigrate.migrateAll(DbMigrate.java:153) ~[flyway-core-11.7.2.jar!/:na]
2026-08-26T13:20:26.0776717Z 	at org.flywaydb.core.internal.command.DbMigrate.migrate(DbMigrate.java:104) ~[flyway-core-11.7.2.jar!/:na]
2026-08-26T13:20:26.0776774Z 	at org.flywaydb.core.Flyway.lambda$migrate$1(Flyway.java:247) ~[flyway-core-11.7.2.jar!/:na]
2026-08-26T13:20:26.0776806Z 	at org.flywaydb.core.FlywayExecutor.execute(FlywayExecutor.java:210) ~[flyway-core-11.7.2.jar!/:na]
2026-08-26T13:20:26.0776836Z 	at org.flywaydb.core.Flyway.migrate(Flyway.java:188) ~[flyway-core-11.7.2.jar!/:na]
2026-08-26T13:20:26.0776871Z 	at org.springframework.boot.autoconfigure.flyway.FlywayMigrationInitializer.afterPropertiesSet(FlywayMigrationInitializer.java:66) ~[spring-boot-autoconfigure-3.5.13.jar!/:3.5.13]
2026-08-26T13:20:26.0776907Z 	at org.springframework.beans.factory.support.AbstractAutowireCapableBeanFactory.invokeInitMethods(AbstractAutowireCapableBeanFactory.java:1873) ~[spring-beans-6.2.17.jar!/:6.2.17]
2026-08-26T13:20:26.0776962Z 	at org.springframework.beans.factory.support.AbstractAutowireCapableBeanFactory.initializeBean(AbstractAutowireCapableBeanFactory.java:1822) ~[spring-beans-6.2.17.jar!/:6.2.17]
2026-08-26T13:20:26.0777000Z 	at org.springframework.beans.factory.support.AbstractAutowireCapableBeanFactory.doCreateBean(AbstractAutowireCapableBeanFactory.java:607) ~[spring-beans-6.2.17.jar!/:6.2.17]
2026-08-26T13:20:26.0777036Z 	at org.springframework.beans.factory.support.AbstractAutowireCapableBeanFactory.createBean(AbstractAutowireCapableBeanFactory.java:529) ~[spring-beans-6.2.17.jar!/:6.2.17]
2026-08-26T13:20:26.0777069Z 	at org.springframework.beans.factory.support.AbstractBeanFactory.lambda$doGetBean$0(AbstractBeanFactory.java:339) ~[spring-beans-6.2.17.jar!/:6.2.17]
2026-08-26T13:20:26.0777104Z 	at org.springframework.beans.factory.support.DefaultSingletonBeanRegistry.getSingleton(DefaultSingletonBeanRegistry.java:373) ~[spring-beans-6.2.17.jar!/:6.2.17]
2026-08-26T13:20:26.0777156Z 	at org.springframework.beans.factory.support.AbstractBeanFactory.doGetBean(AbstractBeanFactory.java:337) ~[spring-beans-6.2.17.jar!/:6.2.17]
2026-08-26T13:20:26.0777190Z 	at org.springframework.beans.factory.support.AbstractBeanFactory.getBean(AbstractBeanFactory.java:202) ~[spring-beans-6.2.17.jar!/:6.2.17]
2026-08-26T13:20:26.0777347Z 	at org.springframework.beans.factory.support.AbstractBeanFactory.doGetBean(AbstractBeanFactory.java:315) ~[spring-beans-6.2.17.jar!/:6.2.17]
2026-08-26T13:20:26.0777388Z 	at org.springframework.beans.factory.support.AbstractBeanFactory.getBean(AbstractBeanFactory.java:207) ~[spring-beans-6.2.17.jar!/:6.2.17]
2026-08-26T13:20:26.0777422Z 	at org.springframework.context.support.AbstractApplicationContext.finishBeanFactoryInitialization(AbstractApplicationContext.java:974) ~[spring-context-6.2.17.jar!/:6.2.17]
2026-08-26T13:20:26.0777481Z 	at org.springframework.context.support.AbstractApplicationContext.refresh(AbstractApplicationContext.java:628) ~[spring-context-6.2.17.jar!/:6.2.17]
2026-08-26T13:20:26.0777516Z 	at org.springframework.boot.web.servlet.context.ServletWebServerApplicationContext.refresh(ServletWebServerApplicationContext.java:146) ~[spring-boot-3.5.13.jar!/:3.5.13]
2026-08-26T13:20:26.0777547Z 	at org.springframework.boot.SpringApplication.refresh(SpringApplication.java:752) ~[spring-boot-3.5.13.jar!/:3.5.13]
2026-08-26T13:20:26.0777579Z 	at org.springframework.boot.SpringApplication.refreshContext(SpringApplication.java:439) ~[spring-boot-3.5.13.jar!/:3.5.13]
2026-08-26T13:20:26.0777611Z 	at org.springframework.boot.SpringApplication.run(SpringApplication.java:318) ~[spring-boot-3.5.13.jar!/:3.5.13]
2026-08-26T13:20:26.0777663Z 	at org.springframework.boot.SpringApplication.run(SpringApplication.java:1361) ~[spring-boot-3.5.13.jar!/:3.5.13]
2026-08-26T13:20:26.0777695Z 	at org.springframework.boot.SpringApplication.run(SpringApplication.java:1350) ~[spring-boot-3.5.13.jar!/:3.5.13]
2026-08-26T13:20:26.0777725Z 	at com.rvce.scas.ScasApplication.main(ScasApplication.java:20) ~[!/:0.0.1-SNAPSHOT]
2026-08-26T13:20:26.0777756Z 	at java.base/jdk.internal.reflect.NativeMethodAccessorImpl.invoke0(Native Method) ~[na:na]
2026-08-26T13:20:26.0777786Z 	at java.base/jdk.internal.reflect.NativeMethodAccessorImpl.invoke(Unknown Source) ~[na:na]
2026-08-26T13:20:26.0777816Z 	at java.base/jdk.internal.reflect.DelegatingMethodAccessorImpl.invoke(Unknown Source) ~[na:na]
2026-08-26T13:20:26.0777865Z 	at java.base/java.lang.reflect.Method.invoke(Unknown Source) ~[na:na]
2026-08-26T13:20:26.0777896Z 	at org.springframework.boot.loader.launch.Launcher.launch(Launcher.java:106) ~[app.jar:0.0.1-SNAPSHOT]
2026-08-26T13:20:26.0777927Z 	at org.springframework.boot.loader.launch.Launcher.launch(Launcher.java:64) ~[app.jar:0.0.1-SNAPSHOT]
2026-08-26T13:20:26.0777957Z 	at org.springframework.boot.loader.launch.JarLauncher.main(JarLauncher.java:40) ~[app.jar:0.0.1-SNAPSHOT]
2026-08-26T13:20:26.0777982Z 
2026-08-26T13:20:26.0778018Z 2026-08-26T13:20:26.077Z ERROR 1 --- [           main] o.f.core.internal.command.DbMigrate      : Migration of schema "public" to version "1 - users roles" failed! Changes successfully rolled back.
2026-08-26T13:20:26.1940769Z 2026-08-26T13:20:26.193Z  WARN 1 --- [           main] ConfigServletWebServerApplicationContext : Exception encountered during context initialization - cancelling refresh attempt: org.springframework.beans.factory.BeanCreationException: Error creating bean with name 'entityManagerFactory' defined in class path resource [org/springframework/boot/autoconfigure/orm/jpa/HibernateJpaConfiguration.class]: Failed to initialize dependency 'flywayInitializer' of LoadTimeWeaverAware bean 'entityManagerFactory': Error creating bean with name 'flywayInitializer' defined in class path resource [org/springframework/boot/autoconfigure/flyway/FlywayAutoConfiguration$FlywayConfiguration.class]: Script V1__users_roles.sql failed
2026-08-26T13:20:26.1941472Z ---------------------------------
2026-08-26T13:20:26.1941511Z SQL State  : 0A000
2026-08-26T13:20:26.1941546Z Error Code : 0
2026-08-26T13:20:26.1941667Z Message    : ERROR: extension "pgcrypto" is not allow-listed for users in Azure Database for PostgreSQL
2026-08-26T13:20:26.1941704Z   Hint: to learn how to allow an extension or see the list of allowed extensions, please refer to https://go.microsoft.com/fwlink/?linkid=2301063
2026-08-26T13:20:26.1941739Z Location   : db/migration/V1__users_roles.sql (/app/nested:/app/app.jar/!BOOT-INF/classes/!/db/migration/V1__users_roles.sql)
2026-08-26T13:20:26.1941766Z Line       : 38
2026-08-26T13:20:26.1941795Z Statement  : Run Flyway with -X option to see the actual statement causing the problem
2026-08-26T13:20:26.1941820Z 
2026-08-26T13:20:26.2035347Z 2026-08-26T13:20:26.203Z  INFO 1 --- [           main] com.zaxxer.hikari.HikariDataSource       : HikariPool-1 - Shutdown initiated...
2026-08-26T13:20:26.4110066Z 2026-08-26T13:20:26.410Z  INFO 1 --- [           main] com.zaxxer.hikari.HikariDataSource       : HikariPool-1 - Shutdown completed.
2026-08-26T13:20:26.6005277Z 2026-08-26T13:20:26.600Z  INFO 1 --- [           main] o.apache.catalina.core.StandardService   : Stopping service [Tomcat]
2026-08-26T13:20:26.9615317Z 2026-08-26T13:20:26.961Z  INFO 1 --- [           main] .s.b.a.l.ConditionEvaluationReportLogger : 
2026-08-26T13:20:26.9615975Z 
2026-08-26T13:20:26.9616041Z Error starting ApplicationContext. To display the condition evaluation report re-run your application with 'debug' enabled.
2026-08-26T13:20:27.2653207Z 2026-08-26T13:20:27.257Z ERROR 1 --- [           main] o.s.boot.SpringApplication               : Application run failed
2026-08-26T13:20:27.2653734Z 
2026-08-26T13:20:27.2653827Z org.springframework.beans.factory.BeanCreationException: Error creating bean with name 'entityManagerFactory' defined in class path resource [org/springframework/boot/autoconfigure/orm/jpa/HibernateJpaConfiguration.class]: Failed to initialize dependency 'flywayInitializer' of LoadTimeWeaverAware bean 'entityManagerFactory': Error creating bean with name 'flywayInitializer' defined in class path resource [org/springframework/boot/autoconfigure/flyway/FlywayAutoConfiguration$FlywayConfiguration.class]: Script V1__users_roles.sql failed
2026-08-26T13:20:27.2653860Z ---------------------------------
2026-08-26T13:20:27.2654066Z SQL State  : 0A000
2026-08-26T13:20:27.2654172Z Error Code : 0
2026-08-26T13:20:27.2654206Z Message    : ERROR: extension "pgcrypto" is not allow-listed for users in Azure Database for PostgreSQL
2026-08-26T13:20:27.2654241Z   Hint: to learn how to allow an extension or see the list of allowed extensions, please refer to https://go.microsoft.com/fwlink/?linkid=2301063
2026-08-26T13:20:27.2654275Z Location   : db/migration/V1__users_roles.sql (/app/nested:/app/app.jar/!BOOT-INF/classes/!/db/migration/V1__users_roles.sql)
2026-08-26T13:20:27.2654301Z Line       : 38
2026-08-26T13:20:27.2654330Z Statement  : Run Flyway with -X option to see the actual statement causing the problem
2026-08-26T13:20:27.2654383Z 
2026-08-26T13:20:27.2654416Z 	at org.springframework.beans.factory.support.AbstractBeanFactory.doGetBean(AbstractBeanFactory.java:328) ~[spring-beans-6.2.17.jar!/:6.2.17]
2026-08-26T13:20:27.2654449Z 	at org.springframework.beans.factory.support.AbstractBeanFactory.getBean(AbstractBeanFactory.java:207) ~[spring-beans-6.2.17.jar!/:6.2.17]
2026-08-26T13:20:27.2654486Z 	at org.springframework.context.support.AbstractApplicationContext.finishBeanFactoryInitialization(AbstractApplicationContext.java:974) ~[spring-context-6.2.17.jar!/:6.2.17]
2026-08-26T13:20:27.2654521Z 	at org.springframework.context.support.AbstractApplicationContext.refresh(AbstractApplicationContext.java:628) ~[spring-context-6.2.17.jar!/:6.2.17]
2026-08-26T13:20:27.2654580Z 	at org.springframework.boot.web.servlet.context.ServletWebServerApplicationContext.refresh(ServletWebServerApplicationContext.java:146) ~[spring-boot-3.5.13.jar!/:3.5.13]
2026-08-26T13:20:27.2654613Z 	at org.springframework.boot.SpringApplication.refresh(SpringApplication.java:752) ~[spring-boot-3.5.13.jar!/:3.5.13]
2026-08-26T13:20:27.2654645Z 	at org.springframework.boot.SpringApplication.refreshContext(SpringApplication.java:439) ~[spring-boot-3.5.13.jar!/:3.5.13]
2026-08-26T13:20:27.2654677Z 	at org.springframework.boot.SpringApplication.run(SpringApplication.java:318) ~[spring-boot-3.5.13.jar!/:3.5.13]
2026-08-26T13:20:27.2654709Z 	at org.springframework.boot.SpringApplication.run(SpringApplication.java:1361) ~[spring-boot-3.5.13.jar!/:3.5.13]
2026-08-26T13:20:27.2654740Z 	at org.springframework.boot.SpringApplication.run(SpringApplication.java:1350) ~[spring-boot-3.5.13.jar!/:3.5.13]
2026-08-26T13:20:27.2654791Z 	at com.rvce.scas.ScasApplication.main(ScasApplication.java:20) ~[!/:0.0.1-SNAPSHOT]
2026-08-26T13:20:27.2654822Z 	at java.base/jdk.internal.reflect.NativeMethodAccessorImpl.invoke0(Native Method) ~[na:na]
2026-08-26T13:20:27.2654851Z 	at java.base/jdk.internal.reflect.NativeMethodAccessorImpl.invoke(Unknown Source) ~[na:na]
2026-08-26T13:20:27.2654882Z 	at java.base/jdk.internal.reflect.DelegatingMethodAccessorImpl.invoke(Unknown Source) ~[na:na]
2026-08-26T13:20:27.2654910Z 	at java.base/java.lang.reflect.Method.invoke(Unknown Source) ~[na:na]
2026-08-26T13:20:27.2654941Z 	at org.springframework.boot.loader.launch.Launcher.launch(Launcher.java:106) ~[app.jar:0.0.1-SNAPSHOT]
2026-08-26T13:20:27.2654992Z 	at org.springframework.boot.loader.launch.Launcher.launch(Launcher.java:64) ~[app.jar:0.0.1-SNAPSHOT]
2026-08-26T13:20:27.2655023Z 	at org.springframework.boot.loader.launch.JarLauncher.main(JarLauncher.java:40) ~[app.jar:0.0.1-SNAPSHOT]
2026-08-26T13:20:27.2655065Z Caused by: org.springframework.beans.factory.BeanCreationException: Error creating bean with name 'flywayInitializer' defined in class path resource [org/springframework/boot/autoconfigure/flyway/FlywayAutoConfiguration$FlywayConfiguration.class]: Script V1__users_roles.sql failed
2026-08-26T13:20:27.2655092Z ---------------------------------
2026-08-26T13:20:27.2655117Z SQL State  : 0A000
2026-08-26T13:20:27.2655143Z Error Code : 0
2026-08-26T13:20:27.2655190Z Message    : ERROR: extension "pgcrypto" is not allow-listed for users in Azure Database for PostgreSQL
2026-08-26T13:20:27.2655225Z   Hint: to learn how to allow an extension or see the list of allowed extensions, please refer to https://go.microsoft.com/fwlink/?linkid=2301063
2026-08-26T13:20:27.2655258Z Location   : db/migration/V1__users_roles.sql (/app/nested:/app/app.jar/!BOOT-INF/classes/!/db/migration/V1__users_roles.sql)
2026-08-26T13:20:27.2655283Z Line       : 38
2026-08-26T13:20:27.2655502Z Statement  : Run Flyway with -X option to see the actual statement causing the problem
2026-08-26T13:20:27.2655694Z 
2026-08-26T13:20:27.2655749Z 	at org.springframework.beans.factory.support.AbstractAutowireCapableBeanFactory.initializeBean(AbstractAutowireCapableBeanFactory.java:1826) ~[spring-beans-6.2.17.jar!/:6.2.17]
2026-08-26T13:20:27.2655784Z 	at org.springframework.beans.factory.support.AbstractAutowireCapableBeanFactory.doCreateBean(AbstractAutowireCapableBeanFactory.java:607) ~[spring-beans-6.2.17.jar!/:6.2.17]
2026-08-26T13:20:27.2655818Z 	at org.springframework.beans.factory.support.AbstractAutowireCapableBeanFactory.createBean(AbstractAutowireCapableBeanFactory.java:529) ~[spring-beans-6.2.17.jar!/:6.2.17]
2026-08-26T13:20:27.2655851Z 	at org.springframework.beans.factory.support.AbstractBeanFactory.lambda$doGetBean$0(AbstractBeanFactory.java:339) ~[spring-beans-6.2.17.jar!/:6.2.17]
2026-08-26T13:20:27.2655884Z 	at org.springframework.beans.factory.support.DefaultSingletonBeanRegistry.getSingleton(DefaultSingletonBeanRegistry.java:373) ~[spring-beans-6.2.17.jar!/:6.2.17]
2026-08-26T13:20:27.2655937Z 	at org.springframework.beans.factory.support.AbstractBeanFactory.doGetBean(AbstractBeanFactory.java:337) ~[spring-beans-6.2.17.jar!/:6.2.17]
2026-08-26T13:20:27.2655969Z 	at org.springframework.beans.factory.support.AbstractBeanFactory.getBean(AbstractBeanFactory.java:202) ~[spring-beans-6.2.17.jar!/:6.2.17]
2026-08-26T13:20:27.2656000Z 	at org.springframework.beans.factory.support.AbstractBeanFactory.doGetBean(AbstractBeanFactory.java:315) ~[spring-beans-6.2.17.jar!/:6.2.17]
2026-08-26T13:20:27.2656025Z 	... 17 common frames omitted
2026-08-26T13:20:27.2656055Z Caused by: org.flywaydb.core.internal.exception.FlywayMigrateException: Script V1__users_roles.sql failed
2026-08-26T13:20:27.2656079Z ---------------------------------
2026-08-26T13:20:27.2656123Z SQL State  : 0A000
2026-08-26T13:20:27.2656148Z Error Code : 0
2026-08-26T13:20:27.2656176Z Message    : ERROR: extension "pgcrypto" is not allow-listed for users in Azure Database for PostgreSQL
2026-08-26T13:20:27.2656209Z   Hint: to learn how to allow an extension or see the list of allowed extensions, please refer to https://go.microsoft.com/fwlink/?linkid=2301063
2026-08-26T13:20:27.2656240Z Location   : db/migration/V1__users_roles.sql (/app/nested:/app/app.jar/!BOOT-INF/classes/!/db/migration/V1__users_roles.sql)
2026-08-26T13:20:27.2656263Z Line       : 38
2026-08-26T13:20:27.2656309Z Statement  : Run Flyway with -X option to see the actual statement causing the problem
2026-08-26T13:20:27.2656332Z 
2026-08-26T13:20:27.2656362Z 	at org.flywaydb.core.internal.command.DbMigrate.doMigrateGroup(DbMigrate.java:399) ~[flyway-core-11.7.2.jar!/:na]
2026-08-26T13:20:27.2656392Z 	at org.flywaydb.core.internal.command.DbMigrate.lambda$applyMigrations$1(DbMigrate.java:283) ~[flyway-core-11.7.2.jar!/:na]
2026-08-26T13:20:27.2656425Z 	at org.flywaydb.core.internal.jdbc.TransactionalExecutionTemplate.execute(TransactionalExecutionTemplate.java:59) ~[flyway-core-11.7.2.jar!/:na]
2026-08-26T13:20:27.2656455Z 	at org.flywaydb.core.internal.command.DbMigrate.applyMigrations(DbMigrate.java:282) ~[flyway-core-11.7.2.jar!/:na]
2026-08-26T13:20:27.2656503Z 	at org.flywaydb.core.internal.command.DbMigrate.migrateGroup(DbMigrate.java:255) ~[flyway-core-11.7.2.jar!/:na]
2026-08-26T13:20:27.2656534Z 	at org.flywaydb.core.internal.command.DbMigrate.lambda$migrateAll$0(DbMigrate.java:153) ~[flyway-core-11.7.2.jar!/:na]
2026-08-26T13:20:27.2656567Z 	at org.flywaydb.database.postgresql.PostgreSQLAdvisoryLockTemplate.execute(PostgreSQLAdvisoryLockTemplate.java:77) ~[flyway-database-postgresql-11.7.2.jar!/:na]
2026-08-26T13:20:27.2656600Z 	at org.flywaydb.database.postgresql.PostgreSQLAdvisoryLockTemplate.lambda$execute$0(PostgreSQLAdvisoryLockTemplate.java:60) ~[flyway-database-postgresql-11.7.2.jar!/:na]
2026-08-26T13:20:27.2656633Z 	at org.flywaydb.core.internal.jdbc.TransactionalExecutionTemplate.execute(TransactionalExecutionTemplate.java:59) ~[flyway-core-11.7.2.jar!/:na]
2026-08-26T13:20:27.2656686Z 	at org.flywaydb.database.postgresql.PostgreSQLAdvisoryLockTemplate.execute(PostgreSQLAdvisoryLockTemplate.java:60) ~[flyway-database-postgresql-11.7.2.jar!/:na]
2026-08-26T13:20:27.2656718Z 	at org.flywaydb.database.postgresql.PostgreSQLConnection.lock(PostgreSQLConnection.java:105) ~[flyway-database-postgresql-11.7.2.jar!/:na]
2026-08-26T13:20:27.2656749Z 	at org.flywaydb.core.internal.schemahistory.JdbcTableSchemaHistory.lock(JdbcTableSchemaHistory.java:164) ~[flyway-core-11.7.2.jar!/:na]
2026-08-26T13:20:27.2656780Z 	at org.flywaydb.core.internal.command.DbMigrate.migrateAll(DbMigrate.java:153) ~[flyway-core-11.7.2.jar!/:na]
2026-08-26T13:20:27.2656809Z 	at org.flywaydb.core.internal.command.DbMigrate.migrate(DbMigrate.java:104) ~[flyway-core-11.7.2.jar!/:na]
2026-08-26T13:20:27.2656838Z 	at org.flywaydb.core.Flyway.lambda$migrate$1(Flyway.java:247) ~[flyway-core-11.7.2.jar!/:na]
2026-08-26T13:20:27.2656891Z 	at org.flywaydb.core.FlywayExecutor.execute(FlywayExecutor.java:210) ~[flyway-core-11.7.2.jar!/:na]
2026-08-26T13:20:27.2656968Z 	at org.flywaydb.core.Flyway.migrate(Flyway.java:188) ~[flyway-core-11.7.2.jar!/:na]
2026-08-26T13:20:27.2657009Z 	at org.springframework.boot.autoconfigure.flyway.FlywayMigrationInitializer.afterPropertiesSet(FlywayMigrationInitializer.java:66) ~[spring-boot-autoconfigure-3.5.13.jar!/:3.5.13]
2026-08-26T13:20:27.2657043Z 	at org.springframework.beans.factory.support.AbstractAutowireCapableBeanFactory.invokeInitMethods(AbstractAutowireCapableBeanFactory.java:1873) ~[spring-beans-6.2.17.jar!/:6.2.17]
2026-08-26T13:20:27.2657076Z 	at org.springframework.beans.factory.support.AbstractAutowireCapableBeanFactory.initializeBean(AbstractAutowireCapableBeanFactory.java:1822) ~[spring-beans-6.2.17.jar!/:6.2.17]
2026-08-26T13:20:27.2657123Z 	... 24 common frames omitted
2026-08-26T13:20:27.2657153Z Caused by: org.flywaydb.core.internal.sqlscript.FlywaySqlScriptException: Script V1__users_roles.sql failed
2026-08-26T13:20:27.2657178Z ---------------------------------
2026-08-26T13:20:27.2657202Z SQL State  : 0A000
2026-08-26T13:20:27.2657225Z Error Code : 0
2026-08-26T13:20:27.2657255Z Message    : ERROR: extension "pgcrypto" is not allow-listed for users in Azure Database for PostgreSQL
2026-08-26T13:20:27.2657304Z   Hint: to learn how to allow an extension or see the list of allowed extensions, please refer to https://go.microsoft.com/fwlink/?linkid=2301063
2026-08-26T13:20:27.2657337Z Location   : db/migration/V1__users_roles.sql (/app/nested:/app/app.jar/!BOOT-INF/classes/!/db/migration/V1__users_roles.sql)
2026-08-26T13:20:27.2657362Z Line       : 38
2026-08-26T13:20:27.2657390Z Statement  : Run Flyway with -X option to see the actual statement causing the problem
2026-08-26T13:20:27.2657413Z 
2026-08-26T13:20:27.2657444Z 	at org.flywaydb.core.internal.sqlscript.DefaultSqlScriptExecutor.handleException(DefaultSqlScriptExecutor.java:256) ~[flyway-core-11.7.2.jar!/:na]
2026-08-26T13:20:27.2657477Z 	at org.flywaydb.core.internal.sqlscript.DefaultSqlScriptExecutor.executeStatement(DefaultSqlScriptExecutor.java:217) ~[flyway-core-11.7.2.jar!/:na]
2026-08-26T13:20:27.2657529Z 	at org.flywaydb.core.internal.sqlscript.DefaultSqlScriptExecutor.execute(DefaultSqlScriptExecutor.java:137) ~[flyway-core-11.7.2.jar!/:na]
2026-08-26T13:20:27.2657561Z 	at org.flywaydb.core.internal.resolver.sql.SqlMigrationExecutor.executeOnce(SqlMigrationExecutor.java:75) ~[flyway-core-11.7.2.jar!/:na]
2026-08-26T13:20:27.2657592Z 	at org.flywaydb.core.internal.resolver.sql.SqlMigrationExecutor.lambda$execute$0(SqlMigrationExecutor.java:66) ~[flyway-core-11.7.2.jar!/:na]
2026-08-26T13:20:27.2657624Z 	at org.flywaydb.core.internal.database.DefaultExecutionStrategy.execute(DefaultExecutionStrategy.java:31) ~[flyway-core-11.7.2.jar!/:na]
2026-08-26T13:20:27.2657654Z 	at org.flywaydb.core.internal.resolver.sql.SqlMigrationExecutor.execute(SqlMigrationExecutor.java:65) ~[flyway-core-11.7.2.jar!/:na]
2026-08-26T13:20:27.2657702Z 	at org.flywaydb.core.internal.command.DbMigrate.doMigrateGroup(DbMigrate.java:391) ~[flyway-core-11.7.2.jar!/:na]
2026-08-26T13:20:27.2657729Z 	... 43 common frames omitted
2026-08-26T13:20:27.2657759Z Caused by: org.postgresql.util.PSQLException: ERROR: extension "pgcrypto" is not allow-listed for users in Azure Database for PostgreSQL
2026-08-26T13:20:27.2657791Z   Hint: to learn how to allow an extension or see the list of allowed extensions, please refer to https://go.microsoft.com/fwlink/?linkid=2301063
2026-08-26T13:20:27.2657821Z 	at org.postgresql.core.v3.QueryExecutorImpl.receiveErrorResponse(QueryExecutorImpl.java:2875) ~[postgresql-42.7.10.jar!/:42.7.10]
2026-08-26T13:20:27.2657872Z 	at org.postgresql.core.v3.QueryExecutorImpl.processResults(QueryExecutorImpl.java:2560) ~[postgresql-42.7.10.jar!/:42.7.10]
2026-08-26T13:20:27.2657903Z 	at org.postgresql.core.v3.QueryExecutorImpl.execute(QueryExecutorImpl.java:429) ~[postgresql-42.7.10.jar!/:42.7.10]
2026-08-26T13:20:27.2657933Z 	at org.postgresql.jdbc.PgStatement.executeInternal(PgStatement.java:526) ~[postgresql-42.7.10.jar!/:42.7.10]
2026-08-26T13:20:27.2657962Z 	at org.postgresql.jdbc.PgStatement.execute(PgStatement.java:436) ~[postgresql-42.7.10.jar!/:42.7.10]
2026-08-26T13:20:27.2657992Z 	at org.postgresql.jdbc.PgStatement.executeWithFlags(PgStatement.java:358) ~[postgresql-42.7.10.jar!/:42.7.10]
2026-08-26T13:20:27.2658021Z 	at org.postgresql.jdbc.PgStatement.executeCachedSql(PgStatement.java:343) ~[postgresql-42.7.10.jar!/:42.7.10]
2026-08-26T13:20:27.2658072Z 	at org.postgresql.jdbc.PgStatement.executeWithFlags(PgStatement.java:319) ~[postgresql-42.7.10.jar!/:42.7.10]
2026-08-26T13:20:27.2658102Z 	at org.postgresql.jdbc.PgStatement.execute(PgStatement.java:314) ~[postgresql-42.7.10.jar!/:42.7.10]
2026-08-26T13:20:27.2658131Z 	at com.zaxxer.hikari.pool.ProxyStatement.execute(ProxyStatement.java:95) ~[HikariCP-6.3.3.jar!/:na]
2026-08-26T13:20:27.2658161Z 	at com.zaxxer.hikari.pool.HikariProxyStatement.execute(HikariProxyStatement.java) ~[HikariCP-6.3.3.jar!/:na]
2026-08-26T13:20:27.2658191Z 	at org.flywaydb.core.internal.jdbc.JdbcTemplate.executeStatement(JdbcTemplate.java:215) ~[flyway-core-11.7.2.jar!/:na]
2026-08-26T13:20:27.2658282Z 	at org.flywaydb.core.internal.sqlscript.ParsedSqlStatement.execute(ParsedSqlStatement.java:88) ~[flyway-core-11.7.2.jar!/:na]
2026-08-26T13:20:27.2658318Z 	at org.flywaydb.core.internal.sqlscript.DefaultSqlScriptExecutor.executeStatement(DefaultSqlScriptExecutor.java:212) ~[flyway-core-11.7.2.jar!/:na]
2026-08-26T13:20:27.2658343Z 	... 49 common frames omitted
2026-08-26T13:20:27.2658365Z 
2026-08-26T13:24:28.8073727Z 
2026-08-26T13:24:28.8099315Z   .   ____          _            __ _ _
2026-08-26T13:24:28.8099540Z  /\\ / ___'_ __ _ _(_)_ __  __ _ \ \ \ \
2026-08-26T13:24:28.8099573Z ( ( )\___ | '_ | '_| | '_ \/ _` | \ \ \ \
2026-08-26T13:24:28.8099599Z  \\/  ___)| |_)| | | | | || (_| |  ) ) ) )
2026-08-26T13:24:28.8099625Z   '  |____| .__|_| |_|_| |_\__, | / / / /
2026-08-26T13:24:28.8099697Z  =========|_|==============|___/=/_/_/_/
2026-08-26T13:24:28.8099725Z 
2026-08-26T13:24:28.8486681Z  :: Spring Boot ::               (v3.5.13)
2026-08-26T13:24:28.8487066Z 
2026-08-26T13:24:29.6285738Z 2026-08-26T13:24:29.608Z  INFO 1 --- [           main] com.rvce.scas.ScasApplication            : Starting ScasApplication v0.0.1-SNAPSHOT using Java 17.0.20 with PID 1 (/app/app.jar started by root in /app)
2026-08-26T13:24:29.6562183Z 2026-08-26T13:24:29.655Z  INFO 1 --- [           main] com.rvce.scas.ScasApplication            : The following 1 profile is active: "prod"
2026-08-26T13:24:46.5296663Z 2026-08-26T13:24:46.529Z  INFO 1 --- [           main] .s.d.r.c.RepositoryConfigurationDelegate : Multiple Spring Data modules found, entering strict repository configuration mode
2026-08-26T13:24:46.5590854Z 2026-08-26T13:24:46.548Z  INFO 1 --- [           main] .s.d.r.c.RepositoryConfigurationDelegate : Bootstrapping Spring Data JPA repositories in DEFAULT mode.
2026-08-26T13:24:48.8651735Z 2026-08-26T13:24:48.864Z  INFO 1 --- [           main] .s.d.r.c.RepositoryConfigurationDelegate : Finished Spring Data repository scanning in 2198 ms. Found 12 JPA repository interfaces.
2026-08-26T13:24:49.2395937Z 2026-08-26T13:24:49.239Z  INFO 1 --- [           main] .s.d.r.c.RepositoryConfigurationDelegate : Multiple Spring Data modules found, entering strict repository configuration mode
2026-08-26T13:24:49.2569117Z 2026-08-26T13:24:49.256Z  INFO 1 --- [           main] .s.d.r.c.RepositoryConfigurationDelegate : Bootstrapping Spring Data Redis repositories in DEFAULT mode.
2026-08-26T13:24:49.4119824Z 2026-08-26T13:24:49.411Z  INFO 1 --- [           main] .RepositoryConfigurationExtensionSupport : Spring Data Redis - Could not safely identify store assignment for repository candidate interface com.rvce.scas.repository.DepartmentRepository; If you want this repository to be a Redis repository, consider annotating your entities with one of these annotations: org.springframework.data.redis.core.RedisHash (preferred), or consider extending one of the following types with your repository: org.springframework.data.keyvalue.repository.KeyValueRepository
2026-08-26T13:24:49.4225526Z 2026-08-26T13:24:49.422Z  INFO 1 --- [           main] .RepositoryConfigurationExtensionSupport : Spring Data Redis - Could not safely identify store assignment for repository candidate interface com.rvce.scas.repository.ExamHallRepository; If you want this repository to be a Redis repository, consider annotating your entities with one of these annotations: org.springframework.data.redis.core.RedisHash (preferred), or consider extending one of the following types with your repository: org.springframework.data.keyvalue.repository.KeyValueRepository
2026-08-26T13:24:49.4301748Z 2026-08-26T13:24:49.429Z  INFO 1 --- [           main] .RepositoryConfigurationExtensionSupport : Spring Data Redis - Could not safely identify store assignment for repository candidate interface com.rvce.scas.repository.ExamSeatRepository; If you want this repository to be a Redis repository, consider annotating your entities with one of these annotations: org.springframework.data.redis.core.RedisHash (preferred), or consider extending one of the following types with your repository: org.springframework.data.keyvalue.repository.KeyValueRepository
2026-08-26T13:24:49.4301982Z 2026-08-26T13:24:49.429Z  INFO 1 --- [           main] .RepositoryConfigurationExtensionSupport : Spring Data Redis - Could not safely identify store assignment for repository candidate interface com.rvce.scas.repository.ExamSessionRepository; If you want this repository to be a Redis repository, consider annotating your entities with one of these annotations: org.springframework.data.redis.core.RedisHash (preferred), or consider extending one of the following types with your repository: org.springframework.data.keyvalue.repository.KeyValueRepository
2026-08-26T13:24:49.4320051Z 2026-08-26T13:24:49.431Z  INFO 1 --- [           main] .RepositoryConfigurationExtensionSupport : Spring Data Redis - Could not safely identify store assignment for repository candidate interface com.rvce.scas.repository.ExamStudentRepository; If you want this repository to be a Redis repository, consider annotating your entities with one of these annotations: org.springframework.data.redis.core.RedisHash (preferred), or consider extending one of the following types with your repository: org.springframework.data.keyvalue.repository.KeyValueRepository
2026-08-26T13:24:49.4749949Z 2026-08-26T13:24:49.466Z  INFO 1 --- [           main] .RepositoryConfigurationExtensionSupport : Spring Data Redis - Could not safely identify store assignment for repository candidate interface com.rvce.scas.repository.NotificationRepository; If you want this repository to be a Redis repository, consider annotating your entities with one of these annotations: org.springframework.data.redis.core.RedisHash (preferred), or consider extending one of the following types with your repository: org.springframework.data.keyvalue.repository.KeyValueRepository
2026-08-26T13:24:49.4750266Z 2026-08-26T13:24:49.466Z  INFO 1 --- [           main] .RepositoryConfigurationExtensionSupport : Spring Data Redis - Could not safely identify store assignment for repository candidate interface com.rvce.scas.repository.PasswordResetTokenRepository; If you want this repository to be a Redis repository, consider annotating your entities with one of these annotations: org.springframework.data.redis.core.RedisHash (preferred), or consider extending one of the following types with your repository: org.springframework.data.keyvalue.repository.KeyValueRepository
2026-08-26T13:24:49.4750333Z 2026-08-26T13:24:49.468Z  INFO 1 --- [           main] .RepositoryConfigurationExtensionSupport : Spring Data Redis - Could not safely identify store assignment for repository candidate interface com.rvce.scas.repository.RoleRepository; If you want this repository to be a Redis repository, consider annotating your entities with one of these annotations: org.springframework.data.redis.core.RedisHash (preferred), or consider extending one of the following types with your repository: org.springframework.data.keyvalue.repository.KeyValueRepository
2026-08-26T13:24:49.4873361Z 2026-08-26T13:24:49.484Z  INFO 1 --- [           main] .RepositoryConfigurationExtensionSupport : Spring Data Redis - Could not safely identify store assignment for repository candidate interface com.rvce.scas.repository.RoomRepository; If you want this repository to be a Redis repository, consider annotating your entities with one of these annotations: org.springframework.data.redis.core.RedisHash (preferred), or consider extending one of the following types with your repository: org.springframework.data.keyvalue.repository.KeyValueRepository
2026-08-26T13:24:49.4873995Z 2026-08-26T13:24:49.487Z  INFO 1 --- [           main] .RepositoryConfigurationExtensionSupport : Spring Data Redis - Could not safely identify store assignment for repository candidate interface com.rvce.scas.repository.TimetableSlotRepository; If you want this repository to be a Redis repository, consider annotating your entities with one of these annotations: org.springframework.data.redis.core.RedisHash (preferred), or consider extending one of the following types with your repository: org.springframework.data.keyvalue.repository.KeyValueRepository
2026-08-26T13:24:49.5029422Z 2026-08-26T13:24:49.493Z  INFO 1 --- [           main] .RepositoryConfigurationExtensionSupport : Spring Data Redis - Could not safely identify store assignment for repository candidate interface com.rvce.scas.repository.UserRepository; If you want this repository to be a Redis repository, consider annotating your entities with one of these annotations: org.springframework.data.redis.core.RedisHash (preferred), or consider extending one of the following types with your repository: org.springframework.data.keyvalue.repository.KeyValueRepository
2026-08-26T13:24:49.5029647Z 2026-08-26T13:24:49.495Z  INFO 1 --- [           main] .RepositoryConfigurationExtensionSupport : Spring Data Redis - Could not safely identify store assignment for repository candidate interface com.rvce.scas.repository.UserRoleRepository; If you want this repository to be a Redis repository, consider annotating your entities with one of these annotations: org.springframework.data.redis.core.RedisHash (preferred), or consider extending one of the following types with your repository: org.springframework.data.keyvalue.repository.KeyValueRepository
2026-08-26T13:24:49.5029690Z 2026-08-26T13:24:49.495Z  INFO 1 --- [           main] .s.d.r.c.RepositoryConfigurationDelegate : Finished Spring Data repository scanning in 156 ms. Found 0 Redis repository interfaces.
2026-08-26T13:24:57.5738321Z 2026-08-26T13:24:57.573Z  INFO 1 --- [           main] o.s.b.w.embedded.tomcat.TomcatWebServer  : Tomcat initialized with port 8080 (http)
2026-08-26T13:24:57.7284620Z 2026-08-26T13:24:57.727Z  INFO 1 --- [           main] o.apache.catalina.core.StandardService   : Starting service [Tomcat]
2026-08-26T13:24:57.7294748Z 2026-08-26T13:24:57.729Z  INFO 1 --- [           main] o.apache.catalina.core.StandardEngine    : Starting Servlet engine: [Apache Tomcat/10.1.53]
2026-08-26T13:24:59.4045564Z 2026-08-26T13:24:59.403Z  INFO 1 --- [           main] o.a.c.c.C.[Tomcat].[localhost].[/]       : Initializing Spring embedded WebApplicationContext
2026-08-26T13:24:59.4325592Z 2026-08-26T13:24:59.432Z  INFO 1 --- [           main] w.s.c.ServletWebServerApplicationContext : Root WebApplicationContext: initialization completed in 29321 ms
2026-08-26T13:25:22.2568270Z 2026-08-26T13:25:22.210Z  INFO 1 --- [           main] com.zaxxer.hikari.HikariDataSource       : HikariPool-1 - Starting...
2026-08-26T13:25:26.5361246Z 2026-08-26T13:25:26.534Z  INFO 1 --- [           main] com.zaxxer.hikari.pool.HikariPool        : HikariPool-1 - Added connection org.postgresql.jdbc.PgConnection@7f958d4a
2026-08-26T13:25:26.5710306Z 2026-08-26T13:25:26.570Z  INFO 1 --- [           main] com.zaxxer.hikari.HikariDataSource       : HikariPool-1 - Start completed.
2026-08-26T13:25:27.4837040Z 2026-08-26T13:25:27.482Z  INFO 1 --- [           main] org.flywaydb.core.FlywayExecutor         : Database: jdbc:postgresql://scas-postgres-k23.postgres.database.azure.com:5432/scasdb?sslmode=require (PostgreSQL 16.14)
2026-08-26T13:25:28.7056422Z 2026-08-26T13:25:28.699Z  INFO 1 --- [           main] o.f.core.internal.command.DbValidate     : Successfully validated 27 migrations (execution time 00:00.847s)
2026-08-26T13:25:28.9103354Z 2026-08-26T13:25:28.909Z  INFO 1 --- [           main] o.f.core.internal.command.DbMigrate      : Current version of schema "public": << Empty Schema >>
2026-08-26T13:25:29.3583639Z 2026-08-26T13:25:29.342Z  INFO 1 --- [           main] o.f.core.internal.command.DbMigrate      : Migrating schema "public" to version "1 - users roles"
2026-08-26T13:25:29.6060079Z 2026-08-26T13:25:29.537Z  WARN 1 --- [           main] com.zaxxer.hikari.pool.ProxyConnection   : HikariPool-1 - Connection org.postgresql.jdbc.PgConnection@1ac71b87 marked as broken because of SQLSTATE(0A000), ErrorCode(0)
2026-08-26T13:25:29.6060654Z 
2026-08-26T13:25:29.6060728Z org.postgresql.util.PSQLException: ERROR: extension "pgcrypto" is not allow-listed for users in Azure Database for PostgreSQL
2026-08-26T13:25:29.6060765Z   Hint: to learn how to allow an extension or see the list of allowed extensions, please refer to https://go.microsoft.com/fwlink/?linkid=2301063
2026-08-26T13:25:29.6060879Z 	at org.postgresql.core.v3.QueryExecutorImpl.receiveErrorResponse(QueryExecutorImpl.java:2875) ~[postgresql-42.7.10.jar!/:42.7.10]
2026-08-26T13:25:29.6060914Z 	at org.postgresql.core.v3.QueryExecutorImpl.processResults(QueryExecutorImpl.java:2560) ~[postgresql-42.7.10.jar!/:42.7.10]
2026-08-26T13:25:29.6060952Z 	at org.postgresql.core.v3.QueryExecutorImpl.execute(QueryExecutorImpl.java:429) ~[postgresql-42.7.10.jar!/:42.7.10]
2026-08-26T13:25:29.6061149Z 	at org.postgresql.jdbc.PgStatement.executeInternal(PgStatement.java:526) ~[postgresql-42.7.10.jar!/:42.7.10]
2026-08-26T13:25:29.6061180Z 	at org.postgresql.jdbc.PgStatement.execute(PgStatement.java:436) ~[postgresql-42.7.10.jar!/:42.7.10]
2026-08-26T13:25:29.6061247Z 	at org.postgresql.jdbc.PgStatement.executeWithFlags(PgStatement.java:358) ~[postgresql-42.7.10.jar!/:42.7.10]
2026-08-26T13:25:29.6061278Z 	at org.postgresql.jdbc.PgStatement.executeCachedSql(PgStatement.java:343) ~[postgresql-42.7.10.jar!/:42.7.10]
2026-08-26T13:25:29.6061308Z 	at org.postgresql.jdbc.PgStatement.executeWithFlags(PgStatement.java:319) ~[postgresql-42.7.10.jar!/:42.7.10]
2026-08-26T13:25:29.6061338Z 	at org.postgresql.jdbc.PgStatement.execute(PgStatement.java:314) ~[postgresql-42.7.10.jar!/:42.7.10]
2026-08-26T13:25:29.6061367Z 	at com.zaxxer.hikari.pool.ProxyStatement.execute(ProxyStatement.java:95) ~[HikariCP-6.3.3.jar!/:na]
2026-08-26T13:25:29.6061563Z 	at com.zaxxer.hikari.pool.HikariProxyStatement.execute(HikariProxyStatement.java) ~[HikariCP-6.3.3.jar!/:na]
2026-08-26T13:25:29.6061619Z 	at org.flywaydb.core.internal.jdbc.JdbcTemplate.executeStatement(JdbcTemplate.java:215) ~[flyway-core-11.7.2.jar!/:na]
2026-08-26T13:25:29.6061653Z 	at org.flywaydb.core.internal.sqlscript.ParsedSqlStatement.execute(ParsedSqlStatement.java:88) ~[flyway-core-11.7.2.jar!/:na]
2026-08-26T13:25:29.6061695Z 	at org.flywaydb.core.internal.sqlscript.DefaultSqlScriptExecutor.executeStatement(DefaultSqlScriptExecutor.java:212) ~[flyway-core-11.7.2.jar!/:na]
2026-08-26T13:25:29.6061728Z 	at org.flywaydb.core.internal.sqlscript.DefaultSqlScriptExecutor.execute(DefaultSqlScriptExecutor.java:137) ~[flyway-core-11.7.2.jar!/:na]
2026-08-26T13:25:29.6061785Z 	at org.flywaydb.core.internal.resolver.sql.SqlMigrationExecutor.executeOnce(SqlMigrationExecutor.java:75) ~[flyway-core-11.7.2.jar!/:na]
2026-08-26T13:25:29.6061820Z 	at org.flywaydb.core.internal.resolver.sql.SqlMigrationExecutor.lambda$execute$0(SqlMigrationExecutor.java:66) ~[flyway-core-11.7.2.jar!/:na]
2026-08-26T13:25:29.6061852Z 	at org.flywaydb.core.internal.database.DefaultExecutionStrategy.execute(DefaultExecutionStrategy.java:31) ~[flyway-core-11.7.2.jar!/:na]
2026-08-26T13:25:29.6061885Z 	at org.flywaydb.core.internal.resolver.sql.SqlMigrationExecutor.execute(SqlMigrationExecutor.java:65) ~[flyway-core-11.7.2.jar!/:na]
2026-08-26T13:25:29.6061916Z 	at org.flywaydb.core.internal.command.DbMigrate.doMigrateGroup(DbMigrate.java:391) ~[flyway-core-11.7.2.jar!/:na]
2026-08-26T13:25:29.6061947Z 	at org.flywaydb.core.internal.command.DbMigrate.lambda$applyMigrations$1(DbMigrate.java:283) ~[flyway-core-11.7.2.jar!/:na]
2026-08-26T13:25:29.6062005Z 	at org.flywaydb.core.internal.jdbc.TransactionalExecutionTemplate.execute(TransactionalExecutionTemplate.java:59) ~[flyway-core-11.7.2.jar!/:na]
2026-08-26T13:25:29.6062037Z 	at org.flywaydb.core.internal.command.DbMigrate.applyMigrations(DbMigrate.java:282) ~[flyway-core-11.7.2.jar!/:na]
2026-08-26T13:25:29.6062069Z 	at org.flywaydb.core.internal.command.DbMigrate.migrateGroup(DbMigrate.java:255) ~[flyway-core-11.7.2.jar!/:na]
2026-08-26T13:25:29.6062101Z 	at org.flywaydb.core.internal.command.DbMigrate.lambda$migrateAll$0(DbMigrate.java:153) ~[flyway-core-11.7.2.jar!/:na]
2026-08-26T13:25:29.6062135Z 	at org.flywaydb.database.postgresql.PostgreSQLAdvisoryLockTemplate.execute(PostgreSQLAdvisoryLockTemplate.java:77) ~[flyway-database-postgresql-11.7.2.jar!/:na]
2026-08-26T13:25:29.6062192Z 	at org.flywaydb.database.postgresql.PostgreSQLAdvisoryLockTemplate.lambda$execute$0(PostgreSQLAdvisoryLockTemplate.java:60) ~[flyway-database-postgresql-11.7.2.jar!/:na]
2026-08-26T13:25:29.6062226Z 	at org.flywaydb.core.internal.jdbc.TransactionalExecutionTemplate.execute(TransactionalExecutionTemplate.java:59) ~[flyway-core-11.7.2.jar!/:na]
2026-08-26T13:25:29.6062462Z 	at org.flywaydb.database.postgresql.PostgreSQLAdvisoryLockTemplate.execute(PostgreSQLAdvisoryLockTemplate.java:60) ~[flyway-database-postgresql-11.7.2.jar!/:na]
2026-08-26T13:25:29.6062531Z 	at org.flywaydb.database.postgresql.PostgreSQLConnection.lock(PostgreSQLConnection.java:105) ~[flyway-database-postgresql-11.7.2.jar!/:na]
2026-08-26T13:25:29.6062564Z 	at org.flywaydb.core.internal.schemahistory.JdbcTableSchemaHistory.lock(JdbcTableSchemaHistory.java:164) ~[flyway-core-11.7.2.jar!/:na]
2026-08-26T13:25:29.6062595Z 	at org.flywaydb.core.internal.command.DbMigrate.migrateAll(DbMigrate.java:153) ~[flyway-core-11.7.2.jar!/:na]
2026-08-26T13:25:29.6062627Z 	at org.flywaydb.core.internal.command.DbMigrate.migrate(DbMigrate.java:104) ~[flyway-core-11.7.2.jar!/:na]
2026-08-26T13:25:29.6062657Z 	at org.flywaydb.core.Flyway.lambda$migrate$1(Flyway.java:247) ~[flyway-core-11.7.2.jar!/:na]
2026-08-26T13:25:29.6062687Z 	at org.flywaydb.core.FlywayExecutor.execute(FlywayExecutor.java:210) ~[flyway-core-11.7.2.jar!/:na]
2026-08-26T13:25:29.6062738Z 	at org.flywaydb.core.Flyway.migrate(Flyway.java:188) ~[flyway-core-11.7.2.jar!/:na]
2026-08-26T13:25:29.6062774Z 	at org.springframework.boot.autoconfigure.flyway.FlywayMigrationInitializer.afterPropertiesSet(FlywayMigrationInitializer.java:66) ~[spring-boot-autoconfigure-3.5.13.jar!/:3.5.13]
2026-08-26T13:25:29.6062809Z 	at org.springframework.beans.factory.support.AbstractAutowireCapableBeanFactory.invokeInitMethods(AbstractAutowireCapableBeanFactory.java:1873) ~[spring-beans-6.2.17.jar!/:6.2.17]
2026-08-26T13:25:29.6062844Z 	at org.springframework.beans.factory.support.AbstractAutowireCapableBeanFactory.initializeBean(AbstractAutowireCapableBeanFactory.java:1822) ~[spring-beans-6.2.17.jar!/:6.2.17]
2026-08-26T13:25:29.6062879Z 	at org.springframework.beans.factory.support.AbstractAutowireCapableBeanFactory.doCreateBean(AbstractAutowireCapableBeanFactory.java:607) ~[spring-beans-6.2.17.jar!/:6.2.17]
2026-08-26T13:25:29.6062937Z 	at org.springframework.beans.factory.support.AbstractAutowireCapableBeanFactory.createBean(AbstractAutowireCapableBeanFactory.java:529) ~[spring-beans-6.2.17.jar!/:6.2.17]
2026-08-26T13:25:29.6062971Z 	at org.springframework.beans.factory.support.AbstractBeanFactory.lambda$doGetBean$0(AbstractBeanFactory.java:339) ~[spring-beans-6.2.17.jar!/:6.2.17]
2026-08-26T13:25:29.6063005Z 	at org.springframework.beans.factory.support.DefaultSingletonBeanRegistry.getSingleton(DefaultSingletonBeanRegistry.java:373) ~[spring-beans-6.2.17.jar!/:6.2.17]
2026-08-26T13:25:29.6063038Z 	at org.springframework.beans.factory.support.AbstractBeanFactory.doGetBean(AbstractBeanFactory.java:337) ~[spring-beans-6.2.17.jar!/:6.2.17]
2026-08-26T13:25:29.6063099Z 	at org.springframework.beans.factory.support.AbstractBeanFactory.getBean(AbstractBeanFactory.java:202) ~[spring-beans-6.2.17.jar!/:6.2.17]
2026-08-26T13:25:29.6063132Z 	at org.springframework.beans.factory.support.AbstractBeanFactory.doGetBean(AbstractBeanFactory.java:315) ~[spring-beans-6.2.17.jar!/:6.2.17]
2026-08-26T13:25:29.6063165Z 	at org.springframework.beans.factory.support.AbstractBeanFactory.getBean(AbstractBeanFactory.java:207) ~[spring-beans-6.2.17.jar!/:6.2.17]
2026-08-26T13:25:29.6063200Z 	at org.springframework.context.support.AbstractApplicationContext.finishBeanFactoryInitialization(AbstractApplicationContext.java:974) ~[spring-context-6.2.17.jar!/:6.2.17]
2026-08-26T13:25:29.6063233Z 	at org.springframework.context.support.AbstractApplicationContext.refresh(AbstractApplicationContext.java:628) ~[spring-context-6.2.17.jar!/:6.2.17]
2026-08-26T13:25:29.6063289Z 	at org.springframework.boot.web.servlet.context.ServletWebServerApplicationContext.refresh(ServletWebServerApplicationContext.java:146) ~[spring-boot-3.5.13.jar!/:3.5.13]
2026-08-26T13:25:29.6063321Z 	at org.springframework.boot.SpringApplication.refresh(SpringApplication.java:752) ~[spring-boot-3.5.13.jar!/:3.5.13]
2026-08-26T13:25:29.6063353Z 	at org.springframework.boot.SpringApplication.refreshContext(SpringApplication.java:439) ~[spring-boot-3.5.13.jar!/:3.5.13]
2026-08-26T13:25:29.6063384Z 	at org.springframework.boot.SpringApplication.run(SpringApplication.java:318) ~[spring-boot-3.5.13.jar!/:3.5.13]
2026-08-26T13:25:29.6063416Z 	at org.springframework.boot.SpringApplication.run(SpringApplication.java:1361) ~[spring-boot-3.5.13.jar!/:3.5.13]
2026-08-26T13:25:29.6063446Z 	at org.springframework.boot.SpringApplication.run(SpringApplication.java:1350) ~[spring-boot-3.5.13.jar!/:3.5.13]
2026-08-26T13:25:29.6063496Z 	at com.rvce.scas.ScasApplication.main(ScasApplication.java:20) ~[!/:0.0.1-SNAPSHOT]
2026-08-26T13:25:29.6063526Z 	at java.base/jdk.internal.reflect.NativeMethodAccessorImpl.invoke0(Native Method) ~[na:na]
2026-08-26T13:25:29.6063556Z 	at java.base/jdk.internal.reflect.NativeMethodAccessorImpl.invoke(Unknown Source) ~[na:na]
2026-08-26T13:25:29.6063587Z 	at java.base/jdk.internal.reflect.DelegatingMethodAccessorImpl.invoke(Unknown Source) ~[na:na]
2026-08-26T13:25:29.6063667Z 	at java.base/java.lang.reflect.Method.invoke(Unknown Source) ~[na:na]
2026-08-26T13:25:29.6063725Z 	at org.springframework.boot.loader.launch.Launcher.launch(Launcher.java:106) ~[app.jar:0.0.1-SNAPSHOT]
2026-08-26T13:25:29.6063762Z 	at org.springframework.boot.loader.launch.Launcher.launch(Launcher.java:64) ~[app.jar:0.0.1-SNAPSHOT]
2026-08-26T13:25:29.6063793Z 	at org.springframework.boot.loader.launch.JarLauncher.main(JarLauncher.java:40) ~[app.jar:0.0.1-SNAPSHOT]
2026-08-26T13:25:29.6063839Z 
2026-08-26T13:25:29.8106923Z 2026-08-26T13:25:29.803Z ERROR 1 --- [           main] o.f.c.i.j.TransactionalExecutionTemplate : Unable to rollback transaction
2026-08-26T13:25:29.8107492Z 
2026-08-26T13:25:29.8107556Z java.sql.SQLException: Connection is closed
2026-08-26T13:25:29.8107597Z 	at com.zaxxer.hikari.pool.ProxyConnection$ClosedConnection.lambda$getClosedConnection$0(ProxyConnection.java:562) ~[HikariCP-6.3.3.jar!/:na]
2026-08-26T13:25:29.8107629Z 	at jdk.proxy3/jdk.proxy3.$Proxy119.rollback(Unknown Source) ~[na:na]
2026-08-26T13:25:29.8107753Z 	at com.zaxxer.hikari.pool.ProxyConnection.rollback(ProxyConnection.java:386) ~[HikariCP-6.3.3.jar!/:na]
2026-08-26T13:25:29.8107787Z 	at com.zaxxer.hikari.pool.HikariProxyConnection.rollback(HikariProxyConnection.java) ~[HikariCP-6.3.3.jar!/:na]
2026-08-26T13:25:29.8107822Z 	at org.flywaydb.core.internal.jdbc.TransactionalExecutionTemplate.execute(TransactionalExecutionTemplate.java:75) ~[flyway-core-11.7.2.jar!/:na]
2026-08-26T13:25:29.8107854Z 	at org.flywaydb.core.internal.command.DbMigrate.applyMigrations(DbMigrate.java:282) ~[flyway-core-11.7.2.jar!/:na]
2026-08-26T13:25:29.8107884Z 	at org.flywaydb.core.internal.command.DbMigrate.migrateGroup(DbMigrate.java:255) ~[flyway-core-11.7.2.jar!/:na]
2026-08-26T13:25:29.8107917Z 	at org.flywaydb.core.internal.command.DbMigrate.lambda$migrateAll$0(DbMigrate.java:153) ~[flyway-core-11.7.2.jar!/:na]
2026-08-26T13:25:29.8107978Z 	at org.flywaydb.database.postgresql.PostgreSQLAdvisoryLockTemplate.execute(PostgreSQLAdvisoryLockTemplate.java:77) ~[flyway-database-postgresql-11.7.2.jar!/:na]
2026-08-26T13:25:29.8108015Z 	at org.flywaydb.database.postgresql.PostgreSQLAdvisoryLockTemplate.lambda$execute$0(PostgreSQLAdvisoryLockTemplate.java:60) ~[flyway-database-postgresql-11.7.2.jar!/:na]
2026-08-26T13:25:29.8108050Z 	at org.flywaydb.core.internal.jdbc.TransactionalExecutionTemplate.execute(TransactionalExecutionTemplate.java:59) ~[flyway-core-11.7.2.jar!/:na]
2026-08-26T13:25:29.8108085Z 	at org.flywaydb.database.postgresql.PostgreSQLAdvisoryLockTemplate.execute(PostgreSQLAdvisoryLockTemplate.java:60) ~[flyway-database-postgresql-11.7.2.jar!/:na]
2026-08-26T13:25:29.8108118Z 	at org.flywaydb.database.postgresql.PostgreSQLConnection.lock(PostgreSQLConnection.java:105) ~[flyway-database-postgresql-11.7.2.jar!/:na]
2026-08-26T13:25:29.8108182Z 	at org.flywaydb.core.internal.schemahistory.JdbcTableSchemaHistory.lock(JdbcTableSchemaHistory.java:164) ~[flyway-core-11.7.2.jar!/:na]
2026-08-26T13:25:29.8108214Z 	at org.flywaydb.core.internal.command.DbMigrate.migrateAll(DbMigrate.java:153) ~[flyway-core-11.7.2.jar!/:na]
2026-08-26T13:25:29.8108246Z 	at org.flywaydb.core.internal.command.DbMigrate.migrate(DbMigrate.java:104) ~[flyway-core-11.7.2.jar!/:na]
2026-08-26T13:25:29.8108277Z 	at org.flywaydb.core.Flyway.lambda$migrate$1(Flyway.java:247) ~[flyway-core-11.7.2.jar!/:na]
2026-08-26T13:25:29.8108309Z 	at org.flywaydb.core.FlywayExecutor.execute(FlywayExecutor.java:210) ~[flyway-core-11.7.2.jar!/:na]
2026-08-26T13:25:29.8108371Z 	at org.flywaydb.core.Flyway.migrate(Flyway.java:188) ~[flyway-core-11.7.2.jar!/:na]
2026-08-26T13:25:29.8108408Z 	at org.springframework.boot.autoconfigure.flyway.FlywayMigrationInitializer.afterPropertiesSet(FlywayMigrationInitializer.java:66) ~[spring-boot-autoconfigure-3.5.13.jar!/:3.5.13]
2026-08-26T13:25:29.8108445Z 	at org.springframework.beans.factory.support.AbstractAutowireCapableBeanFactory.invokeInitMethods(AbstractAutowireCapableBeanFactory.java:1873) ~[spring-beans-6.2.17.jar!/:6.2.17]
2026-08-26T13:25:29.8108480Z 	at org.springframework.beans.factory.support.AbstractAutowireCapableBeanFactory.initializeBean(AbstractAutowireCapableBeanFactory.java:1822) ~[spring-beans-6.2.17.jar!/:6.2.17]
2026-08-26T13:25:29.8108515Z 	at org.springframework.beans.factory.support.AbstractAutowireCapableBeanFactory.doCreateBean(AbstractAutowireCapableBeanFactory.java:607) ~[spring-beans-6.2.17.jar!/:6.2.17]
2026-08-26T13:25:29.8108573Z 	at org.springframework.beans.factory.support.AbstractAutowireCapableBeanFactory.createBean(AbstractAutowireCapableBeanFactory.java:529) ~[spring-beans-6.2.17.jar!/:6.2.17]
2026-08-26T13:25:29.8108608Z 	at org.springframework.beans.factory.support.AbstractBeanFactory.lambda$doGetBean$0(AbstractBeanFactory.java:339) ~[spring-beans-6.2.17.jar!/:6.2.17]
2026-08-26T13:25:29.8108643Z 	at org.springframework.beans.factory.support.DefaultSingletonBeanRegistry.getSingleton(DefaultSingletonBeanRegistry.java:373) ~[spring-beans-6.2.17.jar!/:6.2.17]
2026-08-26T13:25:29.8108676Z 	at org.springframework.beans.factory.support.AbstractBeanFactory.doGetBean(AbstractBeanFactory.java:337) ~[spring-beans-6.2.17.jar!/:6.2.17]
2026-08-26T13:25:29.8108709Z 	at org.springframework.beans.factory.support.AbstractBeanFactory.getBean(AbstractBeanFactory.java:202) ~[spring-beans-6.2.17.jar!/:6.2.17]
2026-08-26T13:25:29.8109163Z 	at org.springframework.beans.factory.support.AbstractBeanFactory.doGetBean(AbstractBeanFactory.java:315) ~[spring-beans-6.2.17.jar!/:6.2.17]
2026-08-26T13:25:29.8109217Z 	at org.springframework.beans.factory.support.AbstractBeanFactory.getBean(AbstractBeanFactory.java:207) ~[spring-beans-6.2.17.jar!/:6.2.17]
2026-08-26T13:25:29.8109253Z 	at org.springframework.context.support.AbstractApplicationContext.finishBeanFactoryInitialization(AbstractApplicationContext.java:974) ~[spring-context-6.2.17.jar!/:6.2.17]
2026-08-26T13:25:29.8109286Z 	at org.springframework.context.support.AbstractApplicationContext.refresh(AbstractApplicationContext.java:628) ~[spring-context-6.2.17.jar!/:6.2.17]
2026-08-26T13:25:29.8109322Z 	at org.springframework.boot.web.servlet.context.ServletWebServerApplicationContext.refresh(ServletWebServerApplicationContext.java:146) ~[spring-boot-3.5.13.jar!/:3.5.13]
2026-08-26T13:25:29.8109382Z 	at org.springframework.boot.SpringApplication.refresh(SpringApplication.java:752) ~[spring-boot-3.5.13.jar!/:3.5.13]
2026-08-26T13:25:29.8109415Z 	at org.springframework.boot.SpringApplication.refreshContext(SpringApplication.java:439) ~[spring-boot-3.5.13.jar!/:3.5.13]
2026-08-26T13:25:29.8109447Z 	at org.springframework.boot.SpringApplication.run(SpringApplication.java:318) ~[spring-boot-3.5.13.jar!/:3.5.13]
2026-08-26T13:25:29.8109480Z 	at org.springframework.boot.SpringApplication.run(SpringApplication.java:1361) ~[spring-boot-3.5.13.jar!/:3.5.13]
2026-08-26T13:25:29.8109511Z 	at org.springframework.boot.SpringApplication.run(SpringApplication.java:1350) ~[spring-boot-3.5.13.jar!/:3.5.13]
2026-08-26T13:25:29.8109558Z 	at com.rvce.scas.ScasApplication.main(ScasApplication.java:20) ~[!/:0.0.1-SNAPSHOT]
2026-08-26T13:25:29.8109590Z 	at java.base/jdk.internal.reflect.NativeMethodAccessorImpl.invoke0(Native Method) ~[na:na]
2026-08-26T13:25:29.8109621Z 	at java.base/jdk.internal.reflect.NativeMethodAccessorImpl.invoke(Unknown Source) ~[na:na]
2026-08-26T13:25:29.8109651Z 	at java.base/jdk.internal.reflect.DelegatingMethodAccessorImpl.invoke(Unknown Source) ~[na:na]
2026-08-26T13:25:29.8109680Z 	at java.base/java.lang.reflect.Method.invoke(Unknown Source) ~[na:na]
2026-08-26T13:25:29.8109712Z 	at org.springframework.boot.loader.launch.Launcher.launch(Launcher.java:106) ~[app.jar:0.0.1-SNAPSHOT]
2026-08-26T13:25:29.8109766Z 	at org.springframework.boot.loader.launch.Launcher.launch(Launcher.java:64) ~[app.jar:0.0.1-SNAPSHOT]
2026-08-26T13:25:29.8109797Z 	at org.springframework.boot.loader.launch.JarLauncher.main(JarLauncher.java:40) ~[app.jar:0.0.1-SNAPSHOT]
2026-08-26T13:25:29.8109821Z 
2026-08-26T13:25:29.8265911Z 2026-08-26T13:25:29.819Z ERROR 1 --- [           main] o.f.c.i.j.TransactionalExecutionTemplate : Unable to restore autocommit to original value for connection
2026-08-26T13:25:29.8266122Z 
2026-08-26T13:25:29.8266166Z java.sql.SQLException: Connection is closed
2026-08-26T13:25:29.8266211Z 	at com.zaxxer.hikari.pool.ProxyConnection$ClosedConnection.lambda$getClosedConnection$0(ProxyConnection.java:562) ~[HikariCP-6.3.3.jar!/:na]
2026-08-26T13:25:29.8266271Z 	at jdk.proxy3/jdk.proxy3.$Proxy119.setAutoCommit(Unknown Source) ~[na:na]
2026-08-26T13:25:29.8266304Z 	at com.zaxxer.hikari.pool.ProxyConnection.setAutoCommit(ProxyConnection.java:412) ~[HikariCP-6.3.3.jar!/:na]
2026-08-26T13:25:29.8266335Z 	at com.zaxxer.hikari.pool.HikariProxyConnection.setAutoCommit(HikariProxyConnection.java) ~[HikariCP-6.3.3.jar!/:na]
2026-08-26T13:25:29.8266369Z 	at org.flywaydb.core.internal.jdbc.TransactionalExecutionTemplate.execute(TransactionalExecutionTemplate.java:90) ~[flyway-core-11.7.2.jar!/:na]
2026-08-26T13:25:29.8266401Z 	at org.flywaydb.core.internal.command.DbMigrate.applyMigrations(DbMigrate.java:282) ~[flyway-core-11.7.2.jar!/:na]
2026-08-26T13:25:29.8266454Z 	at org.flywaydb.core.internal.command.DbMigrate.migrateGroup(DbMigrate.java:255) ~[flyway-core-11.7.2.jar!/:na]
2026-08-26T13:25:29.8266488Z 	at org.flywaydb.core.internal.command.DbMigrate.lambda$migrateAll$0(DbMigrate.java:153) ~[flyway-core-11.7.2.jar!/:na]
2026-08-26T13:25:29.8266523Z 	at org.flywaydb.database.postgresql.PostgreSQLAdvisoryLockTemplate.execute(PostgreSQLAdvisoryLockTemplate.java:77) ~[flyway-database-postgresql-11.7.2.jar!/:na]
2026-08-26T13:25:29.8266558Z 	at org.flywaydb.database.postgresql.PostgreSQLAdvisoryLockTemplate.lambda$execute$0(PostgreSQLAdvisoryLockTemplate.java:60) ~[flyway-database-postgresql-11.7.2.jar!/:na]
2026-08-26T13:25:29.8266593Z 	at org.flywaydb.core.internal.jdbc.TransactionalExecutionTemplate.execute(TransactionalExecutionTemplate.java:59) ~[flyway-core-11.7.2.jar!/:na]
2026-08-26T13:25:29.8266647Z 	at org.flywaydb.database.postgresql.PostgreSQLAdvisoryLockTemplate.execute(PostgreSQLAdvisoryLockTemplate.java:60) ~[flyway-database-postgresql-11.7.2.jar!/:na]
2026-08-26T13:25:29.8266680Z 	at org.flywaydb.database.postgresql.PostgreSQLConnection.lock(PostgreSQLConnection.java:105) ~[flyway-database-postgresql-11.7.2.jar!/:na]
2026-08-26T13:25:29.8266714Z 	at org.flywaydb.core.internal.schemahistory.JdbcTableSchemaHistory.lock(JdbcTableSchemaHistory.java:164) ~[flyway-core-11.7.2.jar!/:na]
2026-08-26T13:25:29.8266746Z 	at org.flywaydb.core.internal.command.DbMigrate.migrateAll(DbMigrate.java:153) ~[flyway-core-11.7.2.jar!/:na]
2026-08-26T13:25:29.8266777Z 	at org.flywaydb.core.internal.command.DbMigrate.migrate(DbMigrate.java:104) ~[flyway-core-11.7.2.jar!/:na]
2026-08-26T13:25:29.8266808Z 	at org.flywaydb.core.Flyway.lambda$migrate$1(Flyway.java:247) ~[flyway-core-11.7.2.jar!/:na]
2026-08-26T13:25:29.8266863Z 	at org.flywaydb.core.FlywayExecutor.execute(FlywayExecutor.java:210) ~[flyway-core-11.7.2.jar!/:na]
2026-08-26T13:25:29.8266894Z 	at org.flywaydb.core.Flyway.migrate(Flyway.java:188) ~[flyway-core-11.7.2.jar!/:na]
2026-08-26T13:25:29.8266930Z 	at org.springframework.boot.autoconfigure.flyway.FlywayMigrationInitializer.afterPropertiesSet(FlywayMigrationInitializer.java:66) ~[spring-boot-autoconfigure-3.5.13.jar!/:3.5.13]
2026-08-26T13:25:29.8266965Z 	at org.springframework.beans.factory.support.AbstractAutowireCapableBeanFactory.invokeInitMethods(AbstractAutowireCapableBeanFactory.java:1873) ~[spring-beans-6.2.17.jar!/:6.2.17]
2026-08-26T13:25:29.8267002Z 	at org.springframework.beans.factory.support.AbstractAutowireCapableBeanFactory.initializeBean(AbstractAutowireCapableBeanFactory.java:1822) ~[spring-beans-6.2.17.jar!/:6.2.17]
2026-08-26T13:25:29.8267069Z 	at org.springframework.beans.factory.support.AbstractAutowireCapableBeanFactory.doCreateBean(AbstractAutowireCapableBeanFactory.java:607) ~[spring-beans-6.2.17.jar!/:6.2.17]
2026-08-26T13:25:29.8267107Z 	at org.springframework.beans.factory.support.AbstractAutowireCapableBeanFactory.createBean(AbstractAutowireCapableBeanFactory.java:529) ~[spring-beans-6.2.17.jar!/:6.2.17]
2026-08-26T13:25:29.8267141Z 	at org.springframework.beans.factory.support.AbstractBeanFactory.lambda$doGetBean$0(AbstractBeanFactory.java:339) ~[spring-beans-6.2.17.jar!/:6.2.17]
2026-08-26T13:25:29.8267175Z 	at org.springframework.beans.factory.support.DefaultSingletonBeanRegistry.getSingleton(DefaultSingletonBeanRegistry.java:373) ~[spring-beans-6.2.17.jar!/:6.2.17]
2026-08-26T13:25:29.8267208Z 	at org.springframework.beans.factory.support.AbstractBeanFactory.doGetBean(AbstractBeanFactory.java:337) ~[spring-beans-6.2.17.jar!/:6.2.17]
2026-08-26T13:25:29.8267266Z 	at org.springframework.beans.factory.support.AbstractBeanFactory.getBean(AbstractBeanFactory.java:202) ~[spring-beans-6.2.17.jar!/:6.2.17]
2026-08-26T13:25:29.8267453Z 	at org.springframework.beans.factory.support.AbstractBeanFactory.doGetBean(AbstractBeanFactory.java:315) ~[spring-beans-6.2.17.jar!/:6.2.17]
2026-08-26T13:25:29.8267492Z 	at org.springframework.beans.factory.support.AbstractBeanFactory.getBean(AbstractBeanFactory.java:207) ~[spring-beans-6.2.17.jar!/:6.2.17]
2026-08-26T13:25:29.8267528Z 	at org.springframework.context.support.AbstractApplicationContext.finishBeanFactoryInitialization(AbstractApplicationContext.java:974) ~[spring-context-6.2.17.jar!/:6.2.17]
2026-08-26T13:25:29.8267563Z 	at org.springframework.context.support.AbstractApplicationContext.refresh(AbstractApplicationContext.java:628) ~[spring-context-6.2.17.jar!/:6.2.17]
2026-08-26T13:25:29.8267625Z 	at org.springframework.boot.web.servlet.context.ServletWebServerApplicationContext.refresh(ServletWebServerApplicationContext.java:146) ~[spring-boot-3.5.13.jar!/:3.5.13]
2026-08-26T13:25:29.8267658Z 	at org.springframework.boot.SpringApplication.refresh(SpringApplication.java:752) ~[spring-boot-3.5.13.jar!/:3.5.13]
2026-08-26T13:25:29.8267691Z 	at org.springframework.boot.SpringApplication.refreshContext(SpringApplication.java:439) ~[spring-boot-3.5.13.jar!/:3.5.13]
2026-08-26T13:25:29.8267722Z 	at org.springframework.boot.SpringApplication.run(SpringApplication.java:318) ~[spring-boot-3.5.13.jar!/:3.5.13]
2026-08-26T13:25:29.8267754Z 	at org.springframework.boot.SpringApplication.run(SpringApplication.java:1361) ~[spring-boot-3.5.13.jar!/:3.5.13]
2026-08-26T13:25:29.8267814Z 	at org.springframework.boot.SpringApplication.run(SpringApplication.java:1350) ~[spring-boot-3.5.13.jar!/:3.5.13]
2026-08-26T13:25:29.8267846Z 	at com.rvce.scas.ScasApplication.main(ScasApplication.java:20) ~[!/:0.0.1-SNAPSHOT]
2026-08-26T13:25:29.8267877Z 	at java.base/jdk.internal.reflect.NativeMethodAccessorImpl.invoke0(Native Method) ~[na:na]
2026-08-26T13:25:29.8267908Z 	at java.base/jdk.internal.reflect.NativeMethodAccessorImpl.invoke(Unknown Source) ~[na:na]
2026-08-26T13:25:29.8267938Z 	at java.base/jdk.internal.reflect.DelegatingMethodAccessorImpl.invoke(Unknown Source) ~[na:na]
2026-08-26T13:25:29.8267968Z 	at java.base/java.lang.reflect.Method.invoke(Unknown Source) ~[na:na]
2026-08-26T13:25:29.8268023Z 	at org.springframework.boot.loader.launch.Launcher.launch(Launcher.java:106) ~[app.jar:0.0.1-SNAPSHOT]
2026-08-26T13:25:29.8268054Z 	at org.springframework.boot.loader.launch.Launcher.launch(Launcher.java:64) ~[app.jar:0.0.1-SNAPSHOT]
2026-08-26T13:25:29.8268086Z 	at org.springframework.boot.loader.launch.JarLauncher.main(JarLauncher.java:40) ~[app.jar:0.0.1-SNAPSHOT]
2026-08-26T13:25:29.8268112Z 
2026-08-26T13:25:29.8831031Z 2026-08-26T13:25:29.863Z ERROR 1 --- [           main] o.f.core.internal.command.DbMigrate      : Migration of schema "public" to version "1 - users roles" failed! Changes successfully rolled back.
2026-08-26T13:25:29.9935123Z 2026-08-26T13:25:29.993Z  WARN 1 --- [           main] ConfigServletWebServerApplicationContext : Exception encountered during context initialization - cancelling refresh attempt: org.springframework.beans.factory.BeanCreationException: Error creating bean with name 'entityManagerFactory' defined in class path resource [org/springframework/boot/autoconfigure/orm/jpa/HibernateJpaConfiguration.class]: Failed to initialize dependency 'flywayInitializer' of LoadTimeWeaverAware bean 'entityManagerFactory': Error creating bean with name 'flywayInitializer' defined in class path resource [org/springframework/boot/autoconfigure/flyway/FlywayAutoConfiguration$FlywayConfiguration.class]: Script V1__users_roles.sql failed
2026-08-26T13:25:29.9936028Z ---------------------------------
2026-08-26T13:25:29.9936066Z SQL State  : 0A000
2026-08-26T13:25:29.9936101Z Error Code : 0
2026-08-26T13:25:29.9936133Z Message    : ERROR: extension "pgcrypto" is not allow-listed for users in Azure Database for PostgreSQL
2026-08-26T13:25:29.9936196Z   Hint: to learn how to allow an extension or see the list of allowed extensions, please refer to https://go.microsoft.com/fwlink/?linkid=2301063
2026-08-26T13:25:29.9936232Z Location   : db/migration/V1__users_roles.sql (/app/nested:/app/app.jar/!BOOT-INF/classes/!/db/migration/V1__users_roles.sql)
2026-08-26T13:25:29.9936258Z Line       : 38
2026-08-26T13:25:29.9936289Z Statement  : Run Flyway with -X option to see the actual statement causing the problem
2026-08-26T13:25:29.9936314Z 
2026-08-26T13:25:30.0453720Z 2026-08-26T13:25:30.043Z  INFO 1 --- [           main] com.zaxxer.hikari.HikariDataSource       : HikariPool-1 - Shutdown initiated...
2026-08-26T13:25:30.3633737Z 2026-08-26T13:25:30.346Z  INFO 1 --- [           main] com.zaxxer.hikari.HikariDataSource       : HikariPool-1 - Shutdown completed.
2026-08-26T13:25:30.5787000Z 2026-08-26T13:25:30.578Z  INFO 1 --- [           main] o.apache.catalina.core.StandardService   : Stopping service [Tomcat]
2026-08-26T13:25:30.8292204Z 2026-08-26T13:25:30.828Z  INFO 1 --- [           main] .s.b.a.l.ConditionEvaluationReportLogger : 
2026-08-26T13:25:30.8292877Z 
2026-08-26T13:25:30.8292943Z Error starting ApplicationContext. To display the condition evaluation report re-run your application with 'debug' enabled.
2026-08-26T13:25:31.1902046Z 2026-08-26T13:25:31.180Z ERROR 1 --- [           main] o.s.boot.SpringApplication               : Application run failed
2026-08-26T13:25:31.1902459Z 
2026-08-26T13:25:31.1902557Z org.springframework.beans.factory.BeanCreationException: Error creating bean with name 'entityManagerFactory' defined in class path resource [org/springframework/boot/autoconfigure/orm/jpa/HibernateJpaConfiguration.class]: Failed to initialize dependency 'flywayInitializer' of LoadTimeWeaverAware bean 'entityManagerFactory': Error creating bean with name 'flywayInitializer' defined in class path resource [org/springframework/boot/autoconfigure/flyway/FlywayAutoConfiguration$FlywayConfiguration.class]: Script V1__users_roles.sql failed
2026-08-26T13:25:31.1902589Z ---------------------------------
2026-08-26T13:25:31.1902614Z SQL State  : 0A000
2026-08-26T13:25:31.1902642Z Error Code : 0
2026-08-26T13:25:31.1902750Z Message    : ERROR: extension "pgcrypto" is not allow-listed for users in Azure Database for PostgreSQL
2026-08-26T13:25:31.1902784Z   Hint: to learn how to allow an extension or see the list of allowed extensions, please refer to https://go.microsoft.com/fwlink/?linkid=2301063
2026-08-26T13:25:31.1902817Z Location   : db/migration/V1__users_roles.sql (/app/nested:/app/app.jar/!BOOT-INF/classes/!/db/migration/V1__users_roles.sql)
2026-08-26T13:25:31.1902841Z Line       : 38
2026-08-26T13:25:31.1902869Z Statement  : Run Flyway with -X option to see the actual statement causing the problem
2026-08-26T13:25:31.1902892Z 
2026-08-26T13:25:31.1902942Z 	at org.springframework.beans.factory.support.AbstractBeanFactory.doGetBean(AbstractBeanFactory.java:328) ~[spring-beans-6.2.17.jar!/:6.2.17]
2026-08-26T13:25:31.1902974Z 	at org.springframework.beans.factory.support.AbstractBeanFactory.getBean(AbstractBeanFactory.java:207) ~[spring-beans-6.2.17.jar!/:6.2.17]
2026-08-26T13:25:31.1903008Z 	at org.springframework.context.support.AbstractApplicationContext.finishBeanFactoryInitialization(AbstractApplicationContext.java:974) ~[spring-context-6.2.17.jar!/:6.2.17]
2026-08-26T13:25:31.1903041Z 	at org.springframework.context.support.AbstractApplicationContext.refresh(AbstractApplicationContext.java:628) ~[spring-context-6.2.17.jar!/:6.2.17]
2026-08-26T13:25:31.1903075Z 	at org.springframework.boot.web.servlet.context.ServletWebServerApplicationContext.refresh(ServletWebServerApplicationContext.java:146) ~[spring-boot-3.5.13.jar!/:3.5.13]
2026-08-26T13:25:31.1903130Z 	at org.springframework.boot.SpringApplication.refresh(SpringApplication.java:752) ~[spring-boot-3.5.13.jar!/:3.5.13]
2026-08-26T13:25:31.1903161Z 	at org.springframework.boot.SpringApplication.refreshContext(SpringApplication.java:439) ~[spring-boot-3.5.13.jar!/:3.5.13]
2026-08-26T13:25:31.1903191Z 	at org.springframework.boot.SpringApplication.run(SpringApplication.java:318) ~[spring-boot-3.5.13.jar!/:3.5.13]
2026-08-26T13:25:31.1903220Z 	at org.springframework.boot.SpringApplication.run(SpringApplication.java:1361) ~[spring-boot-3.5.13.jar!/:3.5.13]
2026-08-26T13:25:31.1903249Z 	at org.springframework.boot.SpringApplication.run(SpringApplication.java:1350) ~[spring-boot-3.5.13.jar!/:3.5.13]
2026-08-26T13:25:31.1903280Z 	at com.rvce.scas.ScasApplication.main(ScasApplication.java:20) ~[!/:0.0.1-SNAPSHOT]
2026-08-26T13:25:31.1903331Z 	at java.base/jdk.internal.reflect.NativeMethodAccessorImpl.invoke0(Native Method) ~[na:na]
2026-08-26T13:25:31.1903360Z 	at java.base/jdk.internal.reflect.NativeMethodAccessorImpl.invoke(Unknown Source) ~[na:na]
2026-08-26T13:25:31.1903388Z 	at java.base/jdk.internal.reflect.DelegatingMethodAccessorImpl.invoke(Unknown Source) ~[na:na]
2026-08-26T13:25:31.1903415Z 	at java.base/java.lang.reflect.Method.invoke(Unknown Source) ~[na:na]
2026-08-26T13:25:31.1903443Z 	at org.springframework.boot.loader.launch.Launcher.launch(Launcher.java:106) ~[app.jar:0.0.1-SNAPSHOT]
2026-08-26T13:25:31.1903472Z 	at org.springframework.boot.loader.launch.Launcher.launch(Launcher.java:64) ~[app.jar:0.0.1-SNAPSHOT]
2026-08-26T13:25:31.1903527Z 	at org.springframework.boot.loader.launch.JarLauncher.main(JarLauncher.java:40) ~[app.jar:0.0.1-SNAPSHOT]
2026-08-26T13:25:31.1903568Z Caused by: org.springframework.beans.factory.BeanCreationException: Error creating bean with name 'flywayInitializer' defined in class path resource [org/springframework/boot/autoconfigure/flyway/FlywayAutoConfiguration$FlywayConfiguration.class]: Script V1__users_roles.sql failed
2026-08-26T13:25:31.1903595Z ---------------------------------
2026-08-26T13:25:31.1903619Z SQL State  : 0A000
2026-08-26T13:25:31.1903642Z Error Code : 0
2026-08-26T13:25:31.1903673Z Message    : ERROR: extension "pgcrypto" is not allow-listed for users in Azure Database for PostgreSQL
2026-08-26T13:25:31.1903724Z   Hint: to learn how to allow an extension or see the list of allowed extensions, please refer to https://go.microsoft.com/fwlink/?linkid=2301063
2026-08-26T13:25:31.1903755Z Location   : db/migration/V1__users_roles.sql (/app/nested:/app/app.jar/!BOOT-INF/classes/!/db/migration/V1__users_roles.sql)
2026-08-26T13:25:31.1903778Z Line       : 38
2026-08-26T13:25:31.1903984Z Statement  : Run Flyway with -X option to see the actual statement causing the problem
2026-08-26T13:25:31.1904012Z 
2026-08-26T13:25:31.1904046Z 	at org.springframework.beans.factory.support.AbstractAutowireCapableBeanFactory.initializeBean(AbstractAutowireCapableBeanFactory.java:1826) ~[spring-beans-6.2.17.jar!/:6.2.17]
2026-08-26T13:25:31.1904100Z 	at org.springframework.beans.factory.support.AbstractAutowireCapableBeanFactory.doCreateBean(AbstractAutowireCapableBeanFactory.java:607) ~[spring-beans-6.2.17.jar!/:6.2.17]
2026-08-26T13:25:31.1904134Z 	at org.springframework.beans.factory.support.AbstractAutowireCapableBeanFactory.createBean(AbstractAutowireCapableBeanFactory.java:529) ~[spring-beans-6.2.17.jar!/:6.2.17]
2026-08-26T13:25:31.1904166Z 	at org.springframework.beans.factory.support.AbstractBeanFactory.lambda$doGetBean$0(AbstractBeanFactory.java:339) ~[spring-beans-6.2.17.jar!/:6.2.17]
2026-08-26T13:25:31.1904198Z 	at org.springframework.beans.factory.support.DefaultSingletonBeanRegistry.getSingleton(DefaultSingletonBeanRegistry.java:373) ~[spring-beans-6.2.17.jar!/:6.2.17]
2026-08-26T13:25:31.1904250Z 	at org.springframework.beans.factory.support.AbstractBeanFactory.doGetBean(AbstractBeanFactory.java:337) ~[spring-beans-6.2.17.jar!/:6.2.17]
2026-08-26T13:25:31.1904283Z 	at org.springframework.beans.factory.support.AbstractBeanFactory.getBean(AbstractBeanFactory.java:202) ~[spring-beans-6.2.17.jar!/:6.2.17]
2026-08-26T13:25:31.1904313Z 	at org.springframework.beans.factory.support.AbstractBeanFactory.doGetBean(AbstractBeanFactory.java:315) ~[spring-beans-6.2.17.jar!/:6.2.17]
2026-08-26T13:25:31.1904339Z 	... 17 common frames omitted
2026-08-26T13:25:31.1904367Z Caused by: org.flywaydb.core.internal.exception.FlywayMigrateException: Script V1__users_roles.sql failed
2026-08-26T13:25:31.1904393Z ---------------------------------
2026-08-26T13:25:31.1904559Z SQL State  : 0A000
2026-08-26T13:25:31.1904612Z Error Code : 0
2026-08-26T13:25:31.1904640Z Message    : ERROR: extension "pgcrypto" is not allow-listed for users in Azure Database for PostgreSQL
2026-08-26T13:25:31.1904673Z   Hint: to learn how to allow an extension or see the list of allowed extensions, please refer to https://go.microsoft.com/fwlink/?linkid=2301063
2026-08-26T13:25:31.1904703Z Location   : db/migration/V1__users_roles.sql (/app/nested:/app/app.jar/!BOOT-INF/classes/!/db/migration/V1__users_roles.sql)
2026-08-26T13:25:31.1904726Z Line       : 38
2026-08-26T13:25:31.1904753Z Statement  : Run Flyway with -X option to see the actual statement causing the problem
2026-08-26T13:25:31.1904800Z 
2026-08-26T13:25:31.1904829Z 	at org.flywaydb.core.internal.command.DbMigrate.doMigrateGroup(DbMigrate.java:399) ~[flyway-core-11.7.2.jar!/:na]
2026-08-26T13:25:31.1904859Z 	at org.flywaydb.core.internal.command.DbMigrate.lambda$applyMigrations$1(DbMigrate.java:283) ~[flyway-core-11.7.2.jar!/:na]
2026-08-26T13:25:31.1904890Z 	at org.flywaydb.core.internal.jdbc.TransactionalExecutionTemplate.execute(TransactionalExecutionTemplate.java:59) ~[flyway-core-11.7.2.jar!/:na]
2026-08-26T13:25:31.1904921Z 	at org.flywaydb.core.internal.command.DbMigrate.applyMigrations(DbMigrate.java:282) ~[flyway-core-11.7.2.jar!/:na]
2026-08-26T13:25:31.1904951Z 	at org.flywaydb.core.internal.command.DbMigrate.migrateGroup(DbMigrate.java:255) ~[flyway-core-11.7.2.jar!/:na]
2026-08-26T13:25:31.1905003Z 	at org.flywaydb.core.internal.command.DbMigrate.lambda$migrateAll$0(DbMigrate.java:153) ~[flyway-core-11.7.2.jar!/:na]
2026-08-26T13:25:31.1905036Z 	at org.flywaydb.database.postgresql.PostgreSQLAdvisoryLockTemplate.execute(PostgreSQLAdvisoryLockTemplate.java:77) ~[flyway-database-postgresql-11.7.2.jar!/:na]
2026-08-26T13:25:31.1905069Z 	at org.flywaydb.database.postgresql.PostgreSQLAdvisoryLockTemplate.lambda$execute$0(PostgreSQLAdvisoryLockTemplate.java:60) ~[flyway-database-postgresql-11.7.2.jar!/:na]
2026-08-26T13:25:31.1905100Z 	at org.flywaydb.core.internal.jdbc.TransactionalExecutionTemplate.execute(TransactionalExecutionTemplate.java:59) ~[flyway-core-11.7.2.jar!/:na]
2026-08-26T13:25:31.1905132Z 	at org.flywaydb.database.postgresql.PostgreSQLAdvisoryLockTemplate.execute(PostgreSQLAdvisoryLockTemplate.java:60) ~[flyway-database-postgresql-11.7.2.jar!/:na]
2026-08-26T13:25:31.1905189Z 	at org.flywaydb.database.postgresql.PostgreSQLConnection.lock(PostgreSQLConnection.java:105) ~[flyway-database-postgresql-11.7.2.jar!/:na]
2026-08-26T13:25:31.1905220Z 	at org.flywaydb.core.internal.schemahistory.JdbcTableSchemaHistory.lock(JdbcTableSchemaHistory.java:164) ~[flyway-core-11.7.2.jar!/:na]
2026-08-26T13:25:31.1905250Z 	at org.flywaydb.core.internal.command.DbMigrate.migrateAll(DbMigrate.java:153) ~[flyway-core-11.7.2.jar!/:na]
2026-08-26T13:25:31.1905280Z 	at org.flywaydb.core.internal.command.DbMigrate.migrate(DbMigrate.java:104) ~[flyway-core-11.7.2.jar!/:na]
2026-08-26T13:25:31.1905308Z 	at org.flywaydb.core.Flyway.lambda$migrate$1(Flyway.java:247) ~[flyway-core-11.7.2.jar!/:na]
2026-08-26T13:25:31.1905359Z 	at org.flywaydb.core.FlywayExecutor.execute(FlywayExecutor.java:210) ~[flyway-core-11.7.2.jar!/:na]
2026-08-26T13:25:31.1905448Z 	at org.flywaydb.core.Flyway.migrate(Flyway.java:188) ~[flyway-core-11.7.2.jar!/:na]
2026-08-26T13:25:31.1905486Z 	at org.springframework.boot.autoconfigure.flyway.FlywayMigrationInitializer.afterPropertiesSet(FlywayMigrationInitializer.java:66) ~[spring-boot-autoconfigure-3.5.13.jar!/:3.5.13]
2026-08-26T13:25:31.1905521Z 	at org.springframework.beans.factory.support.AbstractAutowireCapableBeanFactory.invokeInitMethods(AbstractAutowireCapableBeanFactory.java:1873) ~[spring-beans-6.2.17.jar!/:6.2.17]
2026-08-26T13:25:31.1905554Z 	at org.springframework.beans.factory.support.AbstractAutowireCapableBeanFactory.initializeBean(AbstractAutowireCapableBeanFactory.java:1822) ~[spring-beans-6.2.17.jar!/:6.2.17]
2026-08-26T13:25:31.1905602Z 	... 24 common frames omitted
2026-08-26T13:25:31.1905631Z Caused by: org.flywaydb.core.internal.sqlscript.FlywaySqlScriptException: Script V1__users_roles.sql failed
2026-08-26T13:25:31.1905825Z ---------------------------------
2026-08-26T13:25:31.1905852Z SQL State  : 0A000
2026-08-26T13:25:31.1905875Z Error Code : 0
2026-08-26T13:25:31.1905904Z Message    : ERROR: extension "pgcrypto" is not allow-listed for users in Azure Database for PostgreSQL
2026-08-26T13:25:31.1905936Z   Hint: to learn how to allow an extension or see the list of allowed extensions, please refer to https://go.microsoft.com/fwlink/?linkid=2301063
2026-08-26T13:25:31.1905990Z Location   : db/migration/V1__users_roles.sql (/app/nested:/app/app.jar/!BOOT-INF/classes/!/db/migration/V1__users_roles.sql)
2026-08-26T13:25:31.1906016Z Line       : 38
2026-08-26T13:25:31.1906046Z Statement  : Run Flyway with -X option to see the actual statement causing the problem
2026-08-26T13:25:31.1906223Z 
2026-08-26T13:25:31.1906254Z 	at org.flywaydb.core.internal.sqlscript.DefaultSqlScriptExecutor.handleException(DefaultSqlScriptExecutor.java:256) ~[flyway-core-11.7.2.jar!/:na]
2026-08-26T13:25:31.1906285Z 	at org.flywaydb.core.internal.sqlscript.DefaultSqlScriptExecutor.executeStatement(DefaultSqlScriptExecutor.java:217) ~[flyway-core-11.7.2.jar!/:na]
2026-08-26T13:25:31.1906338Z 	at org.flywaydb.core.internal.sqlscript.DefaultSqlScriptExecutor.execute(DefaultSqlScriptExecutor.java:137) ~[flyway-core-11.7.2.jar!/:na]
2026-08-26T13:25:31.1906368Z 	at org.flywaydb.core.internal.resolver.sql.SqlMigrationExecutor.executeOnce(SqlMigrationExecutor.java:75) ~[flyway-core-11.7.2.jar!/:na]
2026-08-26T13:25:31.1906402Z 	at org.flywaydb.core.internal.resolver.sql.SqlMigrationExecutor.lambda$execute$0(SqlMigrationExecutor.java:66) ~[flyway-core-11.7.2.jar!/:na]
2026-08-26T13:25:31.1906432Z 	at org.flywaydb.core.internal.database.DefaultExecutionStrategy.execute(DefaultExecutionStrategy.java:31) ~[flyway-core-11.7.2.jar!/:na]
2026-08-26T13:25:31.1906464Z 	at org.flywaydb.core.internal.resolver.sql.SqlMigrationExecutor.execute(SqlMigrationExecutor.java:65) ~[flyway-core-11.7.2.jar!/:na]
2026-08-26T13:25:31.1906514Z 	at org.flywaydb.core.internal.command.DbMigrate.doMigrateGroup(DbMigrate.java:391) ~[flyway-core-11.7.2.jar!/:na]
2026-08-26T13:25:31.1906538Z 	... 43 common frames omitted
2026-08-26T13:25:31.1906568Z Caused by: org.postgresql.util.PSQLException: ERROR: extension "pgcrypto" is not allow-listed for users in Azure Database for PostgreSQL
2026-08-26T13:25:31.1906600Z   Hint: to learn how to allow an extension or see the list of allowed extensions, please refer to https://go.microsoft.com/fwlink/?linkid=2301063
2026-08-26T13:25:31.1906630Z 	at org.postgresql.core.v3.QueryExecutorImpl.receiveErrorResponse(QueryExecutorImpl.java:2875) ~[postgresql-42.7.10.jar!/:42.7.10]
2026-08-26T13:25:31.1906660Z 	at org.postgresql.core.v3.QueryExecutorImpl.processResults(QueryExecutorImpl.java:2560) ~[postgresql-42.7.10.jar!/:42.7.10]
2026-08-26T13:25:31.1906709Z 	at org.postgresql.core.v3.QueryExecutorImpl.execute(QueryExecutorImpl.java:429) ~[postgresql-42.7.10.jar!/:42.7.10]
2026-08-26T13:25:31.1906740Z 	at org.postgresql.jdbc.PgStatement.executeInternal(PgStatement.java:526) ~[postgresql-42.7.10.jar!/:42.7.10]
2026-08-26T13:25:31.1906767Z 	at org.postgresql.jdbc.PgStatement.execute(PgStatement.java:436) ~[postgresql-42.7.10.jar!/:42.7.10]
2026-08-26T13:25:31.1906796Z 	at org.postgresql.jdbc.PgStatement.executeWithFlags(PgStatement.java:358) ~[postgresql-42.7.10.jar!/:42.7.10]
2026-08-26T13:25:31.1906824Z 	at org.postgresql.jdbc.PgStatement.executeCachedSql(PgStatement.java:343) ~[postgresql-42.7.10.jar!/:42.7.10]
2026-08-26T13:25:31.1906853Z 	at org.postgresql.jdbc.PgStatement.executeWithFlags(PgStatement.java:319) ~[postgresql-42.7.10.jar!/:42.7.10]
2026-08-26T13:25:31.1906900Z 	at org.postgresql.jdbc.PgStatement.execute(PgStatement.java:314) ~[postgresql-42.7.10.jar!/:42.7.10]
2026-08-26T13:25:31.1906930Z 	at com.zaxxer.hikari.pool.ProxyStatement.execute(ProxyStatement.java:95) ~[HikariCP-6.3.3.jar!/:na]
2026-08-26T13:25:31.1906960Z 	at com.zaxxer.hikari.pool.HikariProxyStatement.execute(HikariProxyStatement.java) ~[HikariCP-6.3.3.jar!/:na]
2026-08-26T13:25:31.1906989Z 	at org.flywaydb.core.internal.jdbc.JdbcTemplate.executeStatement(JdbcTemplate.java:215) ~[flyway-core-11.7.2.jar!/:na]
2026-08-26T13:25:31.1907059Z 	at org.flywaydb.core.internal.sqlscript.ParsedSqlStatement.execute(ParsedSqlStatement.java:88) ~[flyway-core-11.7.2.jar!/:na]
2026-08-26T13:25:31.1907112Z 	at org.flywaydb.core.internal.sqlscript.DefaultSqlScriptExecutor.executeStatement(DefaultSqlScriptExecutor.java:212) ~[flyway-core-11.7.2.jar!/:na]
2026-08-26T13:25:31.1907309Z 	... 49 common frames omitted
2026-08-26T13:25:31.1907333Z 
2026-08-26T13:27:52.0600896Z 
2026-08-26T13:27:52.0681826Z   .   ____          _            __ _ _
2026-08-26T13:27:52.0681937Z  /\\ / ___'_ __ _ _(_)_ __  __ _ \ \ \ \
2026-08-26T13:27:52.0681969Z ( ( )\___ | '_ | '_| | '_ \/ _` | \ \ \ \
2026-08-26T13:27:52.0681993Z  \\/  ___)| |_)| | | | | || (_| |  ) ) ) )
2026-08-26T13:27:52.0682025Z   '  |____| .__|_| |_|_| |_\__, | / / / /
2026-08-26T13:27:52.0682088Z  =========|_|==============|___/=/_/_/_/
2026-08-26T13:27:52.0682113Z 
2026-08-26T13:27:52.0682139Z  :: Spring Boot ::               (v3.5.13)
2026-08-26T13:27:52.0791106Z 
2026-08-26T13:27:52.9633729Z 2026-08-26T13:27:52.933Z  INFO 1 --- [           main] com.rvce.scas.ScasApplication            : Starting ScasApplication v0.0.1-SNAPSHOT using Java 17.0.20 with PID 1 (/app/app.jar started by root in /app)
2026-08-26T13:27:52.9814914Z 2026-08-26T13:27:52.981Z  INFO 1 --- [           main] com.rvce.scas.ScasApplication            : The following 1 profile is active: "prod"
2026-08-26T13:28:16.4620208Z 2026-08-26T13:28:16.461Z  INFO 1 --- [           main] .s.d.r.c.RepositoryConfigurationDelegate : Multiple Spring Data modules found, entering strict repository configuration mode
2026-08-26T13:28:16.4884504Z 2026-08-26T13:28:16.482Z  INFO 1 --- [           main] .s.d.r.c.RepositoryConfigurationDelegate : Bootstrapping Spring Data JPA repositories in DEFAULT mode.
2026-08-26T13:28:20.6660944Z 2026-08-26T13:28:20.665Z  INFO 1 --- [           main] .s.d.r.c.RepositoryConfigurationDelegate : Finished Spring Data repository scanning in 4057 ms. Found 12 JPA repository interfaces.
2026-08-26T13:28:20.9163697Z 2026-08-26T13:28:20.915Z  INFO 1 --- [           main] .s.d.r.c.RepositoryConfigurationDelegate : Multiple Spring Data modules found, entering strict repository configuration mode
2026-08-26T13:28:20.9746219Z 2026-08-26T13:28:20.965Z  INFO 1 --- [           main] .s.d.r.c.RepositoryConfigurationDelegate : Bootstrapping Spring Data Redis repositories in DEFAULT mode.
2026-08-26T13:28:21.2230923Z 2026-08-26T13:28:21.222Z  INFO 1 --- [           main] .RepositoryConfigurationExtensionSupport : Spring Data Redis - Could not safely identify store assignment for repository candidate interface com.rvce.scas.repository.DepartmentRepository; If you want this repository to be a Redis repository, consider annotating your entities with one of these annotations: org.springframework.data.redis.core.RedisHash (preferred), or consider extending one of the following types with your repository: org.springframework.data.keyvalue.repository.KeyValueRepository
2026-08-26T13:28:21.2327030Z 2026-08-26T13:28:21.232Z  INFO 1 --- [           main] .RepositoryConfigurationExtensionSupport : Spring Data Redis - Could not safely identify store assignment for repository candidate interface com.rvce.scas.repository.ExamHallRepository; If you want this repository to be a Redis repository, consider annotating your entities with one of these annotations: org.springframework.data.redis.core.RedisHash (preferred), or consider extending one of the following types with your repository: org.springframework.data.keyvalue.repository.KeyValueRepository
2026-08-26T13:28:21.2594113Z 2026-08-26T13:28:21.258Z  INFO 1 --- [           main] .RepositoryConfigurationExtensionSupport : Spring Data Redis - Could not safely identify store assignment for repository candidate interface com.rvce.scas.repository.ExamSeatRepository; If you want this repository to be a Redis repository, consider annotating your entities with one of these annotations: org.springframework.data.redis.core.RedisHash (preferred), or consider extending one of the following types with your repository: org.springframework.data.keyvalue.repository.KeyValueRepository
2026-08-26T13:28:21.2612407Z 2026-08-26T13:28:21.259Z  INFO 1 --- [           main] .RepositoryConfigurationExtensionSupport : Spring Data Redis - Could not safely identify store assignment for repository candidate interface com.rvce.scas.repository.ExamSessionRepository; If you want this repository to be a Redis repository, consider annotating your entities with one of these annotations: org.springframework.data.redis.core.RedisHash (preferred), or consider extending one of the following types with your repository: org.springframework.data.keyvalue.repository.KeyValueRepository
2026-08-26T13:28:21.2796523Z 2026-08-26T13:28:21.278Z  INFO 1 --- [           main] .RepositoryConfigurationExtensionSupport : Spring Data Redis - Could not safely identify store assignment for repository candidate interface com.rvce.scas.repository.ExamStudentRepository; If you want this repository to be a Redis repository, consider annotating your entities with one of these annotations: org.springframework.data.redis.core.RedisHash (preferred), or consider extending one of the following types with your repository: org.springframework.data.keyvalue.repository.KeyValueRepository
2026-08-26T13:28:21.2894700Z 2026-08-26T13:28:21.289Z  INFO 1 --- [           main] .RepositoryConfigurationExtensionSupport : Spring Data Redis - Could not safely identify store assignment for repository candidate interface com.rvce.scas.repository.NotificationRepository; If you want this repository to be a Redis repository, consider annotating your entities with one of these annotations: org.springframework.data.redis.core.RedisHash (preferred), or consider extending one of the following types with your repository: org.springframework.data.keyvalue.repository.KeyValueRepository
2026-08-26T13:28:21.3062590Z 2026-08-26T13:28:21.305Z  INFO 1 --- [           main] .RepositoryConfigurationExtensionSupport : Spring Data Redis - Could not safely identify store assignment for repository candidate interface com.rvce.scas.repository.PasswordResetTokenRepository; If you want this repository to be a Redis repository, consider annotating your entities with one of these annotations: org.springframework.data.redis.core.RedisHash (preferred), or consider extending one of the following types with your repository: org.springframework.data.keyvalue.repository.KeyValueRepository
2026-08-26T13:28:21.3083875Z 2026-08-26T13:28:21.308Z  INFO 1 --- [           main] .RepositoryConfigurationExtensionSupport : Spring Data Redis - Could not safely identify store assignment for repository candidate interface com.rvce.scas.repository.RoleRepository; If you want this repository to be a Redis repository, consider annotating your entities with one of these annotations: org.springframework.data.redis.core.RedisHash (preferred), or consider extending one of the following types with your repository: org.springframework.data.keyvalue.repository.KeyValueRepository
2026-08-26T13:28:21.3165256Z 2026-08-26T13:28:21.316Z  INFO 1 --- [           main] .RepositoryConfigurationExtensionSupport : Spring Data Redis - Could not safely identify store assignment for repository candidate interface com.rvce.scas.repository.RoomRepository; If you want this repository to be a Redis repository, consider annotating your entities with one of these annotations: org.springframework.data.redis.core.RedisHash (preferred), or consider extending one of the following types with your repository: org.springframework.data.keyvalue.repository.KeyValueRepository
2026-08-26T13:28:21.3283654Z 2026-08-26T13:28:21.318Z  INFO 1 --- [           main] .RepositoryConfigurationExtensionSupport : Spring Data Redis - Could not safely identify store assignment for repository candidate interface com.rvce.scas.repository.TimetableSlotRepository; If you want this repository to be a Redis repository, consider annotating your entities with one of these annotations: org.springframework.data.redis.core.RedisHash (preferred), or consider extending one of the following types with your repository: org.springframework.data.keyvalue.repository.KeyValueRepository
2026-08-26T13:28:21.3436685Z 2026-08-26T13:28:21.343Z  INFO 1 --- [           main] .RepositoryConfigurationExtensionSupport : Spring Data Redis - Could not safely identify store assignment for repository candidate interface com.rvce.scas.repository.UserRepository; If you want this repository to be a Redis repository, consider annotating your entities with one of these annotations: org.springframework.data.redis.core.RedisHash (preferred), or consider extending one of the following types with your repository: org.springframework.data.keyvalue.repository.KeyValueRepository
2026-08-26T13:28:21.3625440Z 2026-08-26T13:28:21.355Z  INFO 1 --- [           main] .RepositoryConfigurationExtensionSupport : Spring Data Redis - Could not safely identify store assignment for repository candidate interface com.rvce.scas.repository.UserRoleRepository; If you want this repository to be a Redis repository, consider annotating your entities with one of these annotations: org.springframework.data.redis.core.RedisHash (preferred), or consider extending one of the following types with your repository: org.springframework.data.keyvalue.repository.KeyValueRepository
2026-08-26T13:28:21.3640346Z 2026-08-26T13:28:21.363Z  INFO 1 --- [           main] .s.d.r.c.RepositoryConfigurationDelegate : Finished Spring Data repository scanning in 243 ms. Found 0 Redis repository interfaces.
2026-08-26T13:28:31.4728271Z 2026-08-26T13:28:31.472Z  INFO 1 --- [           main] o.s.b.w.embedded.tomcat.TomcatWebServer  : Tomcat initialized with port 8080 (http)
2026-08-26T13:28:31.8771111Z 2026-08-26T13:28:31.876Z  INFO 1 --- [           main] o.apache.catalina.core.StandardService   : Starting service [Tomcat]
2026-08-26T13:28:31.8862363Z 2026-08-26T13:28:31.884Z  INFO 1 --- [           main] o.apache.catalina.core.StandardEngine    : Starting Servlet engine: [Apache Tomcat/10.1.53]
2026-08-26T13:28:33.3249473Z 2026-08-26T13:28:33.324Z  INFO 1 --- [           main] o.a.c.c.C.[Tomcat].[localhost].[/]       : Initializing Spring embedded WebApplicationContext
2026-08-26T13:28:33.3351296Z 2026-08-26T13:28:33.334Z  INFO 1 --- [           main] w.s.c.ServletWebServerApplicationContext : Root WebApplicationContext: initialization completed in 39823 ms
2026-08-26T13:29:00.6284958Z 2026-08-26T13:29:00.609Z  INFO 1 --- [           main] com.zaxxer.hikari.HikariDataSource       : HikariPool-1 - Starting...
2026-08-26T13:29:04.4468730Z 2026-08-26T13:29:04.430Z  INFO 1 --- [           main] com.zaxxer.hikari.pool.HikariPool        : HikariPool-1 - Added connection org.postgresql.jdbc.PgConnection@509e4902
2026-08-26T13:29:04.4752271Z 2026-08-26T13:29:04.466Z  INFO 1 --- [           main] com.zaxxer.hikari.HikariDataSource       : HikariPool-1 - Start completed.
2026-08-26T13:29:05.8099938Z 2026-08-26T13:29:05.808Z  INFO 1 --- [           main] org.flywaydb.core.FlywayExecutor         : Database: jdbc:postgresql://scas-postgres-k23.postgres.database.azure.com:5432/scasdb?sslmode=require (PostgreSQL 16.14)
2026-08-26T13:29:06.6484720Z 2026-08-26T13:29:06.647Z  INFO 1 --- [           main] o.f.core.internal.command.DbValidate     : Successfully validated 27 migrations (execution time 00:00.605s)
2026-08-26T13:29:06.9826799Z 2026-08-26T13:29:06.981Z  INFO 1 --- [           main] o.f.core.internal.command.DbMigrate      : Current version of schema "public": << Empty Schema >>
2026-08-26T13:29:07.4000907Z 2026-08-26T13:29:07.394Z  INFO 1 --- [           main] o.f.core.internal.command.DbMigrate      : Migrating schema "public" to version "1 - users roles"
2026-08-26T13:29:07.6161559Z 2026-08-26T13:29:07.534Z  WARN 1 --- [           main] com.zaxxer.hikari.pool.ProxyConnection   : HikariPool-1 - Connection org.postgresql.jdbc.PgConnection@24ac87a marked as broken because of SQLSTATE(0A000), ErrorCode(0)
2026-08-26T13:29:07.6162250Z 
2026-08-26T13:29:07.6162321Z org.postgresql.util.PSQLException: ERROR: extension "pgcrypto" is not allow-listed for users in Azure Database for PostgreSQL
2026-08-26T13:29:07.6162458Z   Hint: to learn how to allow an extension or see the list of allowed extensions, please refer to https://go.microsoft.com/fwlink/?linkid=2301063
2026-08-26T13:29:07.6162494Z 	at org.postgresql.core.v3.QueryExecutorImpl.receiveErrorResponse(QueryExecutorImpl.java:2875) ~[postgresql-42.7.10.jar!/:42.7.10]
2026-08-26T13:29:07.6162527Z 	at org.postgresql.core.v3.QueryExecutorImpl.processResults(QueryExecutorImpl.java:2560) ~[postgresql-42.7.10.jar!/:42.7.10]
2026-08-26T13:29:07.6162561Z 	at org.postgresql.core.v3.QueryExecutorImpl.execute(QueryExecutorImpl.java:429) ~[postgresql-42.7.10.jar!/:42.7.10]
2026-08-26T13:29:07.6162593Z 	at org.postgresql.jdbc.PgStatement.executeInternal(PgStatement.java:526) ~[postgresql-42.7.10.jar!/:42.7.10]
2026-08-26T13:29:07.6162649Z 	at org.postgresql.jdbc.PgStatement.execute(PgStatement.java:436) ~[postgresql-42.7.10.jar!/:42.7.10]
2026-08-26T13:29:07.6162696Z 	at org.postgresql.jdbc.PgStatement.executeWithFlags(PgStatement.java:358) ~[postgresql-42.7.10.jar!/:42.7.10]
2026-08-26T13:29:07.6162728Z 	at org.postgresql.jdbc.PgStatement.executeCachedSql(PgStatement.java:343) ~[postgresql-42.7.10.jar!/:42.7.10]
2026-08-26T13:29:07.6162759Z 	at org.postgresql.jdbc.PgStatement.executeWithFlags(PgStatement.java:319) ~[postgresql-42.7.10.jar!/:42.7.10]
2026-08-26T13:29:07.6162789Z 	at org.postgresql.jdbc.PgStatement.execute(PgStatement.java:314) ~[postgresql-42.7.10.jar!/:42.7.10]
2026-08-26T13:29:07.6162820Z 	at com.zaxxer.hikari.pool.ProxyStatement.execute(ProxyStatement.java:95) ~[HikariCP-6.3.3.jar!/:na]
2026-08-26T13:29:07.6162876Z 	at com.zaxxer.hikari.pool.HikariProxyStatement.execute(HikariProxyStatement.java) ~[HikariCP-6.3.3.jar!/:na]
2026-08-26T13:29:07.6162908Z 	at org.flywaydb.core.internal.jdbc.JdbcTemplate.executeStatement(JdbcTemplate.java:215) ~[flyway-core-11.7.2.jar!/:na]
2026-08-26T13:29:07.6162940Z 	at org.flywaydb.core.internal.sqlscript.ParsedSqlStatement.execute(ParsedSqlStatement.java:88) ~[flyway-core-11.7.2.jar!/:na]
2026-08-26T13:29:07.6162980Z 	at org.flywaydb.core.internal.sqlscript.DefaultSqlScriptExecutor.executeStatement(DefaultSqlScriptExecutor.java:212) ~[flyway-core-11.7.2.jar!/:na]
2026-08-26T13:29:07.6163046Z 	at org.flywaydb.core.internal.sqlscript.DefaultSqlScriptExecutor.execute(DefaultSqlScriptExecutor.java:137) ~[flyway-core-11.7.2.jar!/:na]
2026-08-26T13:29:07.6163080Z 	at org.flywaydb.core.internal.resolver.sql.SqlMigrationExecutor.executeOnce(SqlMigrationExecutor.java:75) ~[flyway-core-11.7.2.jar!/:na]
2026-08-26T13:29:07.6163114Z 	at org.flywaydb.core.internal.resolver.sql.SqlMigrationExecutor.lambda$execute$0(SqlMigrationExecutor.java:66) ~[flyway-core-11.7.2.jar!/:na]
2026-08-26T13:29:07.6163146Z 	at org.flywaydb.core.internal.database.DefaultExecutionStrategy.execute(DefaultExecutionStrategy.java:31) ~[flyway-core-11.7.2.jar!/:na]
2026-08-26T13:29:07.6163342Z 	at org.flywaydb.core.internal.resolver.sql.SqlMigrationExecutor.execute(SqlMigrationExecutor.java:65) ~[flyway-core-11.7.2.jar!/:na]
2026-08-26T13:29:07.6163391Z 	at org.flywaydb.core.internal.command.DbMigrate.doMigrateGroup(DbMigrate.java:391) ~[flyway-core-11.7.2.jar!/:na]
2026-08-26T13:29:07.6163423Z 	at org.flywaydb.core.internal.command.DbMigrate.lambda$applyMigrations$1(DbMigrate.java:283) ~[flyway-core-11.7.2.jar!/:na]
2026-08-26T13:29:07.6163456Z 	at org.flywaydb.core.internal.jdbc.TransactionalExecutionTemplate.execute(TransactionalExecutionTemplate.java:59) ~[flyway-core-11.7.2.jar!/:na]
2026-08-26T13:29:07.6163487Z 	at org.flywaydb.core.internal.command.DbMigrate.applyMigrations(DbMigrate.java:282) ~[flyway-core-11.7.2.jar!/:na]
2026-08-26T13:29:07.6163517Z 	at org.flywaydb.core.internal.command.DbMigrate.migrateGroup(DbMigrate.java:255) ~[flyway-core-11.7.2.jar!/:na]
2026-08-26T13:29:07.6163548Z 	at org.flywaydb.core.internal.command.DbMigrate.lambda$migrateAll$0(DbMigrate.java:153) ~[flyway-core-11.7.2.jar!/:na]
2026-08-26T13:29:07.6163603Z 	at org.flywaydb.database.postgresql.PostgreSQLAdvisoryLockTemplate.execute(PostgreSQLAdvisoryLockTemplate.java:77) ~[flyway-database-postgresql-11.7.2.jar!/:na]
2026-08-26T13:29:07.6163639Z 	at org.flywaydb.database.postgresql.PostgreSQLAdvisoryLockTemplate.lambda$execute$0(PostgreSQLAdvisoryLockTemplate.java:60) ~[flyway-database-postgresql-11.7.2.jar!/:na]
2026-08-26T13:29:07.6163732Z 	at org.flywaydb.core.internal.jdbc.TransactionalExecutionTemplate.execute(TransactionalExecutionTemplate.java:59) ~[flyway-core-11.7.2.jar!/:na]
2026-08-26T13:29:07.6164322Z 	at org.flywaydb.database.postgresql.PostgreSQLAdvisoryLockTemplate.execute(PostgreSQLAdvisoryLockTemplate.java:60) ~[flyway-database-postgresql-11.7.2.jar!/:na]
2026-08-26T13:29:07.6164391Z 	at org.flywaydb.database.postgresql.PostgreSQLConnection.lock(PostgreSQLConnection.java:105) ~[flyway-database-postgresql-11.7.2.jar!/:na]
2026-08-26T13:29:07.6164425Z 	at org.flywaydb.core.internal.schemahistory.JdbcTableSchemaHistory.lock(JdbcTableSchemaHistory.java:164) ~[flyway-core-11.7.2.jar!/:na]
2026-08-26T13:29:07.6164457Z 	at org.flywaydb.core.internal.command.DbMigrate.migrateAll(DbMigrate.java:153) ~[flyway-core-11.7.2.jar!/:na]
2026-08-26T13:29:07.6164488Z 	at org.flywaydb.core.internal.command.DbMigrate.migrate(DbMigrate.java:104) ~[flyway-core-11.7.2.jar!/:na]
2026-08-26T13:29:07.6164518Z 	at org.flywaydb.core.Flyway.lambda$migrate$1(Flyway.java:247) ~[flyway-core-11.7.2.jar!/:na]
2026-08-26T13:29:07.6164571Z 	at org.flywaydb.core.FlywayExecutor.execute(FlywayExecutor.java:210) ~[flyway-core-11.7.2.jar!/:na]
2026-08-26T13:29:07.6164602Z 	at org.flywaydb.core.Flyway.migrate(Flyway.java:188) ~[flyway-core-11.7.2.jar!/:na]
2026-08-26T13:29:07.6164637Z 	at org.springframework.boot.autoconfigure.flyway.FlywayMigrationInitializer.afterPropertiesSet(FlywayMigrationInitializer.java:66) ~[spring-boot-autoconfigure-3.5.13.jar!/:3.5.13]
2026-08-26T13:29:07.6164675Z 	at org.springframework.beans.factory.support.AbstractAutowireCapableBeanFactory.invokeInitMethods(AbstractAutowireCapableBeanFactory.java:1873) ~[spring-beans-6.2.17.jar!/:6.2.17]
2026-08-26T13:29:07.6164710Z 	at org.springframework.beans.factory.support.AbstractAutowireCapableBeanFactory.initializeBean(AbstractAutowireCapableBeanFactory.java:1822) ~[spring-beans-6.2.17.jar!/:6.2.17]
2026-08-26T13:29:07.6164766Z 	at org.springframework.beans.factory.support.AbstractAutowireCapableBeanFactory.doCreateBean(AbstractAutowireCapableBeanFactory.java:607) ~[spring-beans-6.2.17.jar!/:6.2.17]
2026-08-26T13:29:07.6164801Z 	at org.springframework.beans.factory.support.AbstractAutowireCapableBeanFactory.createBean(AbstractAutowireCapableBeanFactory.java:529) ~[spring-beans-6.2.17.jar!/:6.2.17]
2026-08-26T13:29:07.6164835Z 	at org.springframework.beans.factory.support.AbstractBeanFactory.lambda$doGetBean$0(AbstractBeanFactory.java:339) ~[spring-beans-6.2.17.jar!/:6.2.17]
2026-08-26T13:29:07.6164870Z 	at org.springframework.beans.factory.support.DefaultSingletonBeanRegistry.getSingleton(DefaultSingletonBeanRegistry.java:373) ~[spring-beans-6.2.17.jar!/:6.2.17]
2026-08-26T13:29:07.6164903Z 	at org.springframework.beans.factory.support.AbstractBeanFactory.doGetBean(AbstractBeanFactory.java:337) ~[spring-beans-6.2.17.jar!/:6.2.17]
2026-08-26T13:29:07.6164958Z 	at org.springframework.beans.factory.support.AbstractBeanFactory.getBean(AbstractBeanFactory.java:202) ~[spring-beans-6.2.17.jar!/:6.2.17]
2026-08-26T13:29:07.6164992Z 	at org.springframework.beans.factory.support.AbstractBeanFactory.doGetBean(AbstractBeanFactory.java:315) ~[spring-beans-6.2.17.jar!/:6.2.17]
2026-08-26T13:29:07.6165025Z 	at org.springframework.beans.factory.support.AbstractBeanFactory.getBean(AbstractBeanFactory.java:207) ~[spring-beans-6.2.17.jar!/:6.2.17]
2026-08-26T13:29:07.6165060Z 	at org.springframework.context.support.AbstractApplicationContext.finishBeanFactoryInitialization(AbstractApplicationContext.java:974) ~[spring-context-6.2.17.jar!/:6.2.17]
2026-08-26T13:29:07.6165094Z 	at org.springframework.context.support.AbstractApplicationContext.refresh(AbstractApplicationContext.java:628) ~[spring-context-6.2.17.jar!/:6.2.17]
2026-08-26T13:29:07.6165152Z 	at org.springframework.boot.web.servlet.context.ServletWebServerApplicationContext.refresh(ServletWebServerApplicationContext.java:146) ~[spring-boot-3.5.13.jar!/:3.5.13]
2026-08-26T13:29:07.6165184Z 	at org.springframework.boot.SpringApplication.refresh(SpringApplication.java:752) ~[spring-boot-3.5.13.jar!/:3.5.13]
2026-08-26T13:29:07.6165216Z 	at org.springframework.boot.SpringApplication.refreshContext(SpringApplication.java:439) ~[spring-boot-3.5.13.jar!/:3.5.13]
2026-08-26T13:29:07.6165248Z 	at org.springframework.boot.SpringApplication.run(SpringApplication.java:318) ~[spring-boot-3.5.13.jar!/:3.5.13]
2026-08-26T13:29:07.6165281Z 	at org.springframework.boot.SpringApplication.run(SpringApplication.java:1361) ~[spring-boot-3.5.13.jar!/:3.5.13]
2026-08-26T13:29:07.6165331Z 	at org.springframework.boot.SpringApplication.run(SpringApplication.java:1350) ~[spring-boot-3.5.13.jar!/:3.5.13]
2026-08-26T13:29:07.6165361Z 	at com.rvce.scas.ScasApplication.main(ScasApplication.java:20) ~[!/:0.0.1-SNAPSHOT]
2026-08-26T13:29:07.6165392Z 	at java.base/jdk.internal.reflect.NativeMethodAccessorImpl.invoke0(Native Method) ~[na:na]
2026-08-26T13:29:07.6165422Z 	at java.base/jdk.internal.reflect.NativeMethodAccessorImpl.invoke(Unknown Source) ~[na:na]
2026-08-26T13:29:07.6165452Z 	at java.base/jdk.internal.reflect.DelegatingMethodAccessorImpl.invoke(Unknown Source) ~[na:na]
2026-08-26T13:29:07.6165531Z 	at java.base/java.lang.reflect.Method.invoke(Unknown Source) ~[na:na]
2026-08-26T13:29:07.6165591Z 	at org.springframework.boot.loader.launch.Launcher.launch(Launcher.java:106) ~[app.jar:0.0.1-SNAPSHOT]
2026-08-26T13:29:07.6165629Z 	at org.springframework.boot.loader.launch.Launcher.launch(Launcher.java:64) ~[app.jar:0.0.1-SNAPSHOT]
2026-08-26T13:29:07.6165660Z 	at org.springframework.boot.loader.launch.JarLauncher.main(JarLauncher.java:40) ~[app.jar:0.0.1-SNAPSHOT]
2026-08-26T13:29:07.6165707Z 
2026-08-26T13:29:07.7377099Z 2026-08-26T13:29:07.730Z ERROR 1 --- [           main] o.f.c.i.j.TransactionalExecutionTemplate : Unable to rollback transaction
2026-08-26T13:29:07.7378195Z 
2026-08-26T13:29:07.7378266Z java.sql.SQLException: Connection is closed
2026-08-26T13:29:07.7378304Z 	at com.zaxxer.hikari.pool.ProxyConnection$ClosedConnection.lambda$getClosedConnection$0(ProxyConnection.java:562) ~[HikariCP-6.3.3.jar!/:na]
2026-08-26T13:29:07.7378335Z 	at jdk.proxy3/jdk.proxy3.$Proxy119.rollback(Unknown Source) ~[na:na]
2026-08-26T13:29:07.7378469Z 	at com.zaxxer.hikari.pool.ProxyConnection.rollback(ProxyConnection.java:386) ~[HikariCP-6.3.3.jar!/:na]
2026-08-26T13:29:07.7378504Z 	at com.zaxxer.hikari.pool.HikariProxyConnection.rollback(HikariProxyConnection.java) ~[HikariCP-6.3.3.jar!/:na]
2026-08-26T13:29:07.7378539Z 	at org.flywaydb.core.internal.jdbc.TransactionalExecutionTemplate.execute(TransactionalExecutionTemplate.java:75) ~[flyway-core-11.7.2.jar!/:na]
2026-08-26T13:29:07.7378572Z 	at org.flywaydb.core.internal.command.DbMigrate.applyMigrations(DbMigrate.java:282) ~[flyway-core-11.7.2.jar!/:na]
2026-08-26T13:29:07.7378604Z 	at org.flywaydb.core.internal.command.DbMigrate.migrateGroup(DbMigrate.java:255) ~[flyway-core-11.7.2.jar!/:na]
2026-08-26T13:29:07.7378636Z 	at org.flywaydb.core.internal.command.DbMigrate.lambda$migrateAll$0(DbMigrate.java:153) ~[flyway-core-11.7.2.jar!/:na]
2026-08-26T13:29:07.7378698Z 	at org.flywaydb.database.postgresql.PostgreSQLAdvisoryLockTemplate.execute(PostgreSQLAdvisoryLockTemplate.java:77) ~[flyway-database-postgresql-11.7.2.jar!/:na]
2026-08-26T13:29:07.7378735Z 	at org.flywaydb.database.postgresql.PostgreSQLAdvisoryLockTemplate.lambda$execute$0(PostgreSQLAdvisoryLockTemplate.java:60) ~[flyway-database-postgresql-11.7.2.jar!/:na]
2026-08-26T13:29:07.7378770Z 	at org.flywaydb.core.internal.jdbc.TransactionalExecutionTemplate.execute(TransactionalExecutionTemplate.java:59) ~[flyway-core-11.7.2.jar!/:na]
2026-08-26T13:29:07.7378805Z 	at org.flywaydb.database.postgresql.PostgreSQLAdvisoryLockTemplate.execute(PostgreSQLAdvisoryLockTemplate.java:60) ~[flyway-database-postgresql-11.7.2.jar!/:na]
2026-08-26T13:29:07.7378840Z 	at org.flywaydb.database.postgresql.PostgreSQLConnection.lock(PostgreSQLConnection.java:105) ~[flyway-database-postgresql-11.7.2.jar!/:na]
2026-08-26T13:29:07.7378891Z 	at org.flywaydb.core.internal.schemahistory.JdbcTableSchemaHistory.lock(JdbcTableSchemaHistory.java:164) ~[flyway-core-11.7.2.jar!/:na]
2026-08-26T13:29:07.7378926Z 	at org.flywaydb.core.internal.command.DbMigrate.migrateAll(DbMigrate.java:153) ~[flyway-core-11.7.2.jar!/:na]
2026-08-26T13:29:07.7378957Z 	at org.flywaydb.core.internal.command.DbMigrate.migrate(DbMigrate.java:104) ~[flyway-core-11.7.2.jar!/:na]
2026-08-26T13:29:07.7378987Z 	at org.flywaydb.core.Flyway.lambda$migrate$1(Flyway.java:247) ~[flyway-core-11.7.2.jar!/:na]
2026-08-26T13:29:07.7379018Z 	at org.flywaydb.core.FlywayExecutor.execute(FlywayExecutor.java:210) ~[flyway-core-11.7.2.jar!/:na]
2026-08-26T13:29:07.7379069Z 	at org.flywaydb.core.Flyway.migrate(Flyway.java:188) ~[flyway-core-11.7.2.jar!/:na]
2026-08-26T13:29:07.7379106Z 	at org.springframework.boot.autoconfigure.flyway.FlywayMigrationInitializer.afterPropertiesSet(FlywayMigrationInitializer.java:66) ~[spring-boot-autoconfigure-3.5.13.jar!/:3.5.13]
2026-08-26T13:29:07.7379144Z 	at org.springframework.beans.factory.support.AbstractAutowireCapableBeanFactory.invokeInitMethods(AbstractAutowireCapableBeanFactory.java:1873) ~[spring-beans-6.2.17.jar!/:6.2.17]
2026-08-26T13:29:07.7379179Z 	at org.springframework.beans.factory.support.AbstractAutowireCapableBeanFactory.initializeBean(AbstractAutowireCapableBeanFactory.java:1822) ~[spring-beans-6.2.17.jar!/:6.2.17]
2026-08-26T13:29:07.7379215Z 	at org.springframework.beans.factory.support.AbstractAutowireCapableBeanFactory.doCreateBean(AbstractAutowireCapableBeanFactory.java:607) ~[spring-beans-6.2.17.jar!/:6.2.17]
2026-08-26T13:29:07.7379269Z 	at org.springframework.beans.factory.support.AbstractAutowireCapableBeanFactory.createBean(AbstractAutowireCapableBeanFactory.java:529) ~[spring-beans-6.2.17.jar!/:6.2.17]
2026-08-26T13:29:07.7379303Z 	at org.springframework.beans.factory.support.AbstractBeanFactory.lambda$doGetBean$0(AbstractBeanFactory.java:339) ~[spring-beans-6.2.17.jar!/:6.2.17]
2026-08-26T13:29:07.7379337Z 	at org.springframework.beans.factory.support.DefaultSingletonBeanRegistry.getSingleton(DefaultSingletonBeanRegistry.java:373) ~[spring-beans-6.2.17.jar!/:6.2.17]
2026-08-26T13:29:07.7379371Z 	at org.springframework.beans.factory.support.AbstractBeanFactory.doGetBean(AbstractBeanFactory.java:337) ~[spring-beans-6.2.17.jar!/:6.2.17]
2026-08-26T13:29:07.7379405Z 	at org.springframework.beans.factory.support.AbstractBeanFactory.getBean(AbstractBeanFactory.java:202) ~[spring-beans-6.2.17.jar!/:6.2.17]
2026-08-26T13:29:07.7380717Z 	at org.springframework.beans.factory.support.AbstractBeanFactory.doGetBean(AbstractBeanFactory.java:315) ~[spring-beans-6.2.17.jar!/:6.2.17]
2026-08-26T13:29:07.7380835Z 	at org.springframework.beans.factory.support.AbstractBeanFactory.getBean(AbstractBeanFactory.java:207) ~[spring-beans-6.2.17.jar!/:6.2.17]
2026-08-26T13:29:07.7380872Z 	at org.springframework.context.support.AbstractApplicationContext.finishBeanFactoryInitialization(AbstractApplicationContext.java:974) ~[spring-context-6.2.17.jar!/:6.2.17]
2026-08-26T13:29:07.7380906Z 	at org.springframework.context.support.AbstractApplicationContext.refresh(AbstractApplicationContext.java:628) ~[spring-context-6.2.17.jar!/:6.2.17]
2026-08-26T13:29:07.7380942Z 	at org.springframework.boot.web.servlet.context.ServletWebServerApplicationContext.refresh(ServletWebServerApplicationContext.java:146) ~[spring-boot-3.5.13.jar!/:3.5.13]
2026-08-26T13:29:07.7381005Z 	at org.springframework.boot.SpringApplication.refresh(SpringApplication.java:752) ~[spring-boot-3.5.13.jar!/:3.5.13]
2026-08-26T13:29:07.7381040Z 	at org.springframework.boot.SpringApplication.refreshContext(SpringApplication.java:439) ~[spring-boot-3.5.13.jar!/:3.5.13]
2026-08-26T13:29:07.7381072Z 	at org.springframework.boot.SpringApplication.run(SpringApplication.java:318) ~[spring-boot-3.5.13.jar!/:3.5.13]
2026-08-26T13:29:07.7381104Z 	at org.springframework.boot.SpringApplication.run(SpringApplication.java:1361) ~[spring-boot-3.5.13.jar!/:3.5.13]
2026-08-26T13:29:07.7381135Z 	at org.springframework.boot.SpringApplication.run(SpringApplication.java:1350) ~[spring-boot-3.5.13.jar!/:3.5.13]
2026-08-26T13:29:07.7381185Z 	at com.rvce.scas.ScasApplication.main(ScasApplication.java:20) ~[!/:0.0.1-SNAPSHOT]
2026-08-26T13:29:07.7381216Z 	at java.base/jdk.internal.reflect.NativeMethodAccessorImpl.invoke0(Native Method) ~[na:na]
2026-08-26T13:29:07.7381246Z 	at java.base/jdk.internal.reflect.NativeMethodAccessorImpl.invoke(Unknown Source) ~[na:na]
2026-08-26T13:29:07.7381276Z 	at java.base/jdk.internal.reflect.DelegatingMethodAccessorImpl.invoke(Unknown Source) ~[na:na]
2026-08-26T13:29:07.7381306Z 	at java.base/java.lang.reflect.Method.invoke(Unknown Source) ~[na:na]
2026-08-26T13:29:07.7381338Z 	at org.springframework.boot.loader.launch.Launcher.launch(Launcher.java:106) ~[app.jar:0.0.1-SNAPSHOT]
2026-08-26T13:29:07.7381392Z 	at org.springframework.boot.loader.launch.Launcher.launch(Launcher.java:64) ~[app.jar:0.0.1-SNAPSHOT]
2026-08-26T13:29:07.7381425Z 	at org.springframework.boot.loader.launch.JarLauncher.main(JarLauncher.java:40) ~[app.jar:0.0.1-SNAPSHOT]
2026-08-26T13:29:07.7381451Z 
2026-08-26T13:29:07.7492699Z 2026-08-26T13:29:07.745Z ERROR 1 --- [           main] o.f.c.i.j.TransactionalExecutionTemplate : Unable to restore autocommit to original value for connection
2026-08-26T13:29:07.7492929Z 
2026-08-26T13:29:07.7492979Z java.sql.SQLException: Connection is closed
2026-08-26T13:29:07.7493020Z 	at com.zaxxer.hikari.pool.ProxyConnection$ClosedConnection.lambda$getClosedConnection$0(ProxyConnection.java:562) ~[HikariCP-6.3.3.jar!/:na]
2026-08-26T13:29:07.7493088Z 	at jdk.proxy3/jdk.proxy3.$Proxy119.setAutoCommit(Unknown Source) ~[na:na]
2026-08-26T13:29:07.7493121Z 	at com.zaxxer.hikari.pool.ProxyConnection.setAutoCommit(ProxyConnection.java:412) ~[HikariCP-6.3.3.jar!/:na]
2026-08-26T13:29:07.7493153Z 	at com.zaxxer.hikari.pool.HikariProxyConnection.setAutoCommit(HikariProxyConnection.java) ~[HikariCP-6.3.3.jar!/:na]
2026-08-26T13:29:07.7493186Z 	at org.flywaydb.core.internal.jdbc.TransactionalExecutionTemplate.execute(TransactionalExecutionTemplate.java:90) ~[flyway-core-11.7.2.jar!/:na]
2026-08-26T13:29:07.7493218Z 	at org.flywaydb.core.internal.command.DbMigrate.applyMigrations(DbMigrate.java:282) ~[flyway-core-11.7.2.jar!/:na]
2026-08-26T13:29:07.7493270Z 	at org.flywaydb.core.internal.command.DbMigrate.migrateGroup(DbMigrate.java:255) ~[flyway-core-11.7.2.jar!/:na]
2026-08-26T13:29:07.7493303Z 	at org.flywaydb.core.internal.command.DbMigrate.lambda$migrateAll$0(DbMigrate.java:153) ~[flyway-core-11.7.2.jar!/:na]
2026-08-26T13:29:07.7493340Z 	at org.flywaydb.database.postgresql.PostgreSQLAdvisoryLockTemplate.execute(PostgreSQLAdvisoryLockTemplate.java:77) ~[flyway-database-postgresql-11.7.2.jar!/:na]
2026-08-26T13:29:07.7493376Z 	at org.flywaydb.database.postgresql.PostgreSQLAdvisoryLockTemplate.lambda$execute$0(PostgreSQLAdvisoryLockTemplate.java:60) ~[flyway-database-postgresql-11.7.2.jar!/:na]
2026-08-26T13:29:07.7493410Z 	at org.flywaydb.core.internal.jdbc.TransactionalExecutionTemplate.execute(TransactionalExecutionTemplate.java:59) ~[flyway-core-11.7.2.jar!/:na]
2026-08-26T13:29:07.7493462Z 	at org.flywaydb.database.postgresql.PostgreSQLAdvisoryLockTemplate.execute(PostgreSQLAdvisoryLockTemplate.java:60) ~[flyway-database-postgresql-11.7.2.jar!/:na]
2026-08-26T13:29:07.7493497Z 	at org.flywaydb.database.postgresql.PostgreSQLConnection.lock(PostgreSQLConnection.java:105) ~[flyway-database-postgresql-11.7.2.jar!/:na]
2026-08-26T13:29:07.7493531Z 	at org.flywaydb.core.internal.schemahistory.JdbcTableSchemaHistory.lock(JdbcTableSchemaHistory.java:164) ~[flyway-core-11.7.2.jar!/:na]
2026-08-26T13:29:07.7493562Z 	at org.flywaydb.core.internal.command.DbMigrate.migrateAll(DbMigrate.java:153) ~[flyway-core-11.7.2.jar!/:na]
2026-08-26T13:29:07.7493594Z 	at org.flywaydb.core.internal.command.DbMigrate.migrate(DbMigrate.java:104) ~[flyway-core-11.7.2.jar!/:na]
2026-08-26T13:29:07.7493625Z 	at org.flywaydb.core.Flyway.lambda$migrate$1(Flyway.java:247) ~[flyway-core-11.7.2.jar!/:na]
2026-08-26T13:29:07.7493676Z 	at org.flywaydb.core.FlywayExecutor.execute(FlywayExecutor.java:210) ~[flyway-core-11.7.2.jar!/:na]
2026-08-26T13:29:07.7493708Z 	at org.flywaydb.core.Flyway.migrate(Flyway.java:188) ~[flyway-core-11.7.2.jar!/:na]
2026-08-26T13:29:07.7493744Z 	at org.springframework.boot.autoconfigure.flyway.FlywayMigrationInitializer.afterPropertiesSet(FlywayMigrationInitializer.java:66) ~[spring-boot-autoconfigure-3.5.13.jar!/:3.5.13]
2026-08-26T13:29:07.7493780Z 	at org.springframework.beans.factory.support.AbstractAutowireCapableBeanFactory.invokeInitMethods(AbstractAutowireCapableBeanFactory.java:1873) ~[spring-beans-6.2.17.jar!/:6.2.17]
2026-08-26T13:29:07.7493815Z 	at org.springframework.beans.factory.support.AbstractAutowireCapableBeanFactory.initializeBean(AbstractAutowireCapableBeanFactory.java:1822) ~[spring-beans-6.2.17.jar!/:6.2.17]
2026-08-26T13:29:07.7493870Z 	at org.springframework.beans.factory.support.AbstractAutowireCapableBeanFactory.doCreateBean(AbstractAutowireCapableBeanFactory.java:607) ~[spring-beans-6.2.17.jar!/:6.2.17]
2026-08-26T13:29:07.7493907Z 	at org.springframework.beans.factory.support.AbstractAutowireCapableBeanFactory.createBean(AbstractAutowireCapableBeanFactory.java:529) ~[spring-beans-6.2.17.jar!/:6.2.17]
2026-08-26T13:29:07.7493942Z 	at org.springframework.beans.factory.support.AbstractBeanFactory.lambda$doGetBean$0(AbstractBeanFactory.java:339) ~[spring-beans-6.2.17.jar!/:6.2.17]
2026-08-26T13:29:07.7493978Z 	at org.springframework.beans.factory.support.DefaultSingletonBeanRegistry.getSingleton(DefaultSingletonBeanRegistry.java:373) ~[spring-beans-6.2.17.jar!/:6.2.17]
2026-08-26T13:29:07.7494012Z 	at org.springframework.beans.factory.support.AbstractBeanFactory.doGetBean(AbstractBeanFactory.java:337) ~[spring-beans-6.2.17.jar!/:6.2.17]
2026-08-26T13:29:07.7494064Z 	at org.springframework.beans.factory.support.AbstractBeanFactory.getBean(AbstractBeanFactory.java:202) ~[spring-beans-6.2.17.jar!/:6.2.17]
2026-08-26T13:29:07.7494252Z 	at org.springframework.beans.factory.support.AbstractBeanFactory.doGetBean(AbstractBeanFactory.java:315) ~[spring-beans-6.2.17.jar!/:6.2.17]
2026-08-26T13:29:07.7494292Z 	at org.springframework.beans.factory.support.AbstractBeanFactory.getBean(AbstractBeanFactory.java:207) ~[spring-beans-6.2.17.jar!/:6.2.17]
2026-08-26T13:29:07.7494328Z 	at org.springframework.context.support.AbstractApplicationContext.finishBeanFactoryInitialization(AbstractApplicationContext.java:974) ~[spring-context-6.2.17.jar!/:6.2.17]
2026-08-26T13:29:07.7494362Z 	at org.springframework.context.support.AbstractApplicationContext.refresh(AbstractApplicationContext.java:628) ~[spring-context-6.2.17.jar!/:6.2.17]
2026-08-26T13:29:07.7494419Z 	at org.springframework.boot.web.servlet.context.ServletWebServerApplicationContext.refresh(ServletWebServerApplicationContext.java:146) ~[spring-boot-3.5.13.jar!/:3.5.13]
2026-08-26T13:29:07.7494451Z 	at org.springframework.boot.SpringApplication.refresh(SpringApplication.java:752) ~[spring-boot-3.5.13.jar!/:3.5.13]
2026-08-26T13:29:07.7494484Z 	at org.springframework.boot.SpringApplication.refreshContext(SpringApplication.java:439) ~[spring-boot-3.5.13.jar!/:3.5.13]
2026-08-26T13:29:07.7494516Z 	at org.springframework.boot.SpringApplication.run(SpringApplication.java:318) ~[spring-boot-3.5.13.jar!/:3.5.13]
2026-08-26T13:29:07.7494547Z 	at org.springframework.boot.SpringApplication.run(SpringApplication.java:1361) ~[spring-boot-3.5.13.jar!/:3.5.13]
2026-08-26T13:29:07.7494596Z 	at org.springframework.boot.SpringApplication.run(SpringApplication.java:1350) ~[spring-boot-3.5.13.jar!/:3.5.13]
2026-08-26T13:29:07.7494625Z 	at com.rvce.scas.ScasApplication.main(ScasApplication.java:20) ~[!/:0.0.1-SNAPSHOT]
2026-08-26T13:29:07.7494656Z 	at java.base/jdk.internal.reflect.NativeMethodAccessorImpl.invoke0(Native Method) ~[na:na]
2026-08-26T13:29:07.7494687Z 	at java.base/jdk.internal.reflect.NativeMethodAccessorImpl.invoke(Unknown Source) ~[na:na]
2026-08-26T13:29:07.7494717Z 	at java.base/jdk.internal.reflect.DelegatingMethodAccessorImpl.invoke(Unknown Source) ~[na:na]
2026-08-26T13:29:07.7494746Z 	at java.base/java.lang.reflect.Method.invoke(Unknown Source) ~[na:na]
2026-08-26T13:29:07.7494796Z 	at org.springframework.boot.loader.launch.Launcher.launch(Launcher.java:106) ~[app.jar:0.0.1-SNAPSHOT]
2026-08-26T13:29:07.7494828Z 	at org.springframework.boot.loader.launch.Launcher.launch(Launcher.java:64) ~[app.jar:0.0.1-SNAPSHOT]
2026-08-26T13:29:07.7494859Z 	at org.springframework.boot.loader.launch.JarLauncher.main(JarLauncher.java:40) ~[app.jar:0.0.1-SNAPSHOT]
2026-08-26T13:29:07.7494883Z 
2026-08-26T13:29:07.7557257Z 2026-08-26T13:29:07.755Z ERROR 1 --- [           main] o.f.core.internal.command.DbMigrate      : Migration of schema "public" to version "1 - users roles" failed! Changes successfully rolled back.
2026-08-26T13:29:07.8476311Z 2026-08-26T13:29:07.823Z  WARN 1 --- [           main] ConfigServletWebServerApplicationContext : Exception encountered during context initialization - cancelling refresh attempt: org.springframework.beans.factory.BeanCreationException: Error creating bean with name 'entityManagerFactory' defined in class path resource [org/springframework/boot/autoconfigure/orm/jpa/HibernateJpaConfiguration.class]: Failed to initialize dependency 'flywayInitializer' of LoadTimeWeaverAware bean 'entityManagerFactory': Error creating bean with name 'flywayInitializer' defined in class path resource [org/springframework/boot/autoconfigure/flyway/FlywayAutoConfiguration$FlywayConfiguration.class]: Script V1__users_roles.sql failed
2026-08-26T13:29:07.8476875Z ---------------------------------
2026-08-26T13:29:07.8476913Z SQL State  : 0A000
2026-08-26T13:29:07.8476948Z Error Code : 0
2026-08-26T13:29:07.8476980Z Message    : ERROR: extension "pgcrypto" is not allow-listed for users in Azure Database for PostgreSQL
2026-08-26T13:29:07.8477037Z   Hint: to learn how to allow an extension or see the list of allowed extensions, please refer to https://go.microsoft.com/fwlink/?linkid=2301063
2026-08-26T13:29:07.8477071Z Location   : db/migration/V1__users_roles.sql (/app/nested:/app/app.jar/!BOOT-INF/classes/!/db/migration/V1__users_roles.sql)
2026-08-26T13:29:07.8477097Z Line       : 38
2026-08-26T13:29:07.8477127Z Statement  : Run Flyway with -X option to see the actual statement causing the problem
2026-08-26T13:29:07.8477152Z 
2026-08-26T13:29:07.8600280Z 2026-08-26T13:29:07.859Z  INFO 1 --- [           main] com.zaxxer.hikari.HikariDataSource       : HikariPool-1 - Shutdown initiated...
2026-08-26T13:29:08.0814371Z 2026-08-26T13:29:08.080Z  INFO 1 --- [           main] com.zaxxer.hikari.HikariDataSource       : HikariPool-1 - Shutdown completed.
2026-08-26T13:29:08.3647974Z 2026-08-26T13:29:08.364Z  INFO 1 --- [           main] o.apache.catalina.core.StandardService   : Stopping service [Tomcat]
2026-08-26T13:29:08.6586461Z 2026-08-26T13:29:08.642Z  INFO 1 --- [           main] .s.b.a.l.ConditionEvaluationReportLogger : 
2026-08-26T13:29:08.6587266Z 
2026-08-26T13:29:08.6587344Z Error starting ApplicationContext. To display the condition evaluation report re-run your application with 'debug' enabled.
2026-08-26T13:29:08.9580232Z 2026-08-26T13:29:08.892Z ERROR 1 --- [           main] o.s.boot.SpringApplication               : Application run failed
2026-08-26T13:29:08.9580529Z 
2026-08-26T13:29:08.9580618Z org.springframework.beans.factory.BeanCreationException: Error creating bean with name 'entityManagerFactory' defined in class path resource [org/springframework/boot/autoconfigure/orm/jpa/HibernateJpaConfiguration.class]: Failed to initialize dependency 'flywayInitializer' of LoadTimeWeaverAware bean 'entityManagerFactory': Error creating bean with name 'flywayInitializer' defined in class path resource [org/springframework/boot/autoconfigure/flyway/FlywayAutoConfiguration$FlywayConfiguration.class]: Script V1__users_roles.sql failed
2026-08-26T13:29:08.9580652Z ---------------------------------
2026-08-26T13:29:08.9580683Z SQL State  : 0A000
2026-08-26T13:29:08.9580707Z Error Code : 0
2026-08-26T13:29:08.9580782Z Message    : ERROR: extension "pgcrypto" is not allow-listed for users in Azure Database for PostgreSQL
2026-08-26T13:29:08.9580817Z   Hint: to learn how to allow an extension or see the list of allowed extensions, please refer to https://go.microsoft.com/fwlink/?linkid=2301063
2026-08-26T13:29:08.9580850Z Location   : db/migration/V1__users_roles.sql (/app/nested:/app/app.jar/!BOOT-INF/classes/!/db/migration/V1__users_roles.sql)
2026-08-26T13:29:08.9580875Z Line       : 38
2026-08-26T13:29:08.9580905Z Statement  : Run Flyway with -X option to see the actual statement causing the problem
2026-08-26T13:29:08.9580927Z 
2026-08-26T13:29:08.9580984Z 	at org.springframework.beans.factory.support.AbstractBeanFactory.doGetBean(AbstractBeanFactory.java:328) ~[spring-beans-6.2.17.jar!/:6.2.17]
2026-08-26T13:29:08.9581017Z 	at org.springframework.beans.factory.support.AbstractBeanFactory.getBean(AbstractBeanFactory.java:207) ~[spring-beans-6.2.17.jar!/:6.2.17]
2026-08-26T13:29:08.9581052Z 	at org.springframework.context.support.AbstractApplicationContext.finishBeanFactoryInitialization(AbstractApplicationContext.java:974) ~[spring-context-6.2.17.jar!/:6.2.17]
2026-08-26T13:29:08.9581085Z 	at org.springframework.context.support.AbstractApplicationContext.refresh(AbstractApplicationContext.java:628) ~[spring-context-6.2.17.jar!/:6.2.17]
2026-08-26T13:29:08.9581119Z 	at org.springframework.boot.web.servlet.context.ServletWebServerApplicationContext.refresh(ServletWebServerApplicationContext.java:146) ~[spring-boot-3.5.13.jar!/:3.5.13]
2026-08-26T13:29:08.9581173Z 	at org.springframework.boot.SpringApplication.refresh(SpringApplication.java:752) ~[spring-boot-3.5.13.jar!/:3.5.13]
2026-08-26T13:29:08.9581204Z 	at org.springframework.boot.SpringApplication.refreshContext(SpringApplication.java:439) ~[spring-boot-3.5.13.jar!/:3.5.13]
2026-08-26T13:29:08.9581234Z 	at org.springframework.boot.SpringApplication.run(SpringApplication.java:318) ~[spring-boot-3.5.13.jar!/:3.5.13]
2026-08-26T13:29:08.9581265Z 	at org.springframework.boot.SpringApplication.run(SpringApplication.java:1361) ~[spring-boot-3.5.13.jar!/:3.5.13]
2026-08-26T13:29:08.9581295Z 	at org.springframework.boot.SpringApplication.run(SpringApplication.java:1350) ~[spring-boot-3.5.13.jar!/:3.5.13]
2026-08-26T13:29:08.9581323Z 	at com.rvce.scas.ScasApplication.main(ScasApplication.java:20) ~[!/:0.0.1-SNAPSHOT]
2026-08-26T13:29:08.9581374Z 	at java.base/jdk.internal.reflect.NativeMethodAccessorImpl.invoke0(Native Method) ~[na:na]
2026-08-26T13:29:08.9581404Z 	at java.base/jdk.internal.reflect.NativeMethodAccessorImpl.invoke(Unknown Source) ~[na:na]
2026-08-26T13:29:08.9581434Z 	at java.base/jdk.internal.reflect.DelegatingMethodAccessorImpl.invoke(Unknown Source) ~[na:na]
2026-08-26T13:29:08.9581636Z 	at java.base/java.lang.reflect.Method.invoke(Unknown Source) ~[na:na]
2026-08-26T13:29:08.9581669Z 	at org.springframework.boot.loader.launch.Launcher.launch(Launcher.java:106) ~[app.jar:0.0.1-SNAPSHOT]
2026-08-26T13:29:08.9581701Z 	at org.springframework.boot.loader.launch.Launcher.launch(Launcher.java:64) ~[app.jar:0.0.1-SNAPSHOT]
2026-08-26T13:29:08.9581756Z 	at org.springframework.boot.loader.launch.JarLauncher.main(JarLauncher.java:40) ~[app.jar:0.0.1-SNAPSHOT]
2026-08-26T13:29:08.9581799Z Caused by: org.springframework.beans.factory.BeanCreationException: Error creating bean with name 'flywayInitializer' defined in class path resource [org/springframework/boot/autoconfigure/flyway/FlywayAutoConfiguration$FlywayConfiguration.class]: Script V1__users_roles.sql failed
2026-08-26T13:29:08.9581827Z ---------------------------------
2026-08-26T13:29:08.9581854Z SQL State  : 0A000
2026-08-26T13:29:08.9581879Z Error Code : 0
2026-08-26T13:29:08.9581910Z Message    : ERROR: extension "pgcrypto" is not allow-listed for users in Azure Database for PostgreSQL
2026-08-26T13:29:08.9581965Z   Hint: to learn how to allow an extension or see the list of allowed extensions, please refer to https://go.microsoft.com/fwlink/?linkid=2301063
2026-08-26T13:29:08.9581998Z Location   : db/migration/V1__users_roles.sql (/app/nested:/app/app.jar/!BOOT-INF/classes/!/db/migration/V1__users_roles.sql)
2026-08-26T13:29:08.9582023Z Line       : 38
2026-08-26T13:29:08.9582215Z Statement  : Run Flyway with -X option to see the actual statement causing the problem
2026-08-26T13:29:08.9582247Z 
2026-08-26T13:29:08.9582284Z 	at org.springframework.beans.factory.support.AbstractAutowireCapableBeanFactory.initializeBean(AbstractAutowireCapableBeanFactory.java:1826) ~[spring-beans-6.2.17.jar!/:6.2.17]
2026-08-26T13:29:08.9582342Z 	at org.springframework.beans.factory.support.AbstractAutowireCapableBeanFactory.doCreateBean(AbstractAutowireCapableBeanFactory.java:607) ~[spring-beans-6.2.17.jar!/:6.2.17]
2026-08-26T13:29:08.9582379Z 	at org.springframework.beans.factory.support.AbstractAutowireCapableBeanFactory.createBean(AbstractAutowireCapableBeanFactory.java:529) ~[spring-beans-6.2.17.jar!/:6.2.17]
2026-08-26T13:29:08.9582412Z 	at org.springframework.beans.factory.support.AbstractBeanFactory.lambda$doGetBean$0(AbstractBeanFactory.java:339) ~[spring-beans-6.2.17.jar!/:6.2.17]
2026-08-26T13:29:08.9582446Z 	at org.springframework.beans.factory.support.DefaultSingletonBeanRegistry.getSingleton(DefaultSingletonBeanRegistry.java:373) ~[spring-beans-6.2.17.jar!/:6.2.17]
2026-08-26T13:29:08.9582502Z 	at org.springframework.beans.factory.support.AbstractBeanFactory.doGetBean(AbstractBeanFactory.java:337) ~[spring-beans-6.2.17.jar!/:6.2.17]
2026-08-26T13:29:08.9582536Z 	at org.springframework.beans.factory.support.AbstractBeanFactory.getBean(AbstractBeanFactory.java:202) ~[spring-beans-6.2.17.jar!/:6.2.17]
2026-08-26T13:29:08.9582569Z 	at org.springframework.beans.factory.support.AbstractBeanFactory.doGetBean(AbstractBeanFactory.java:315) ~[spring-beans-6.2.17.jar!/:6.2.17]
2026-08-26T13:29:08.9582597Z 	... 17 common frames omitted
2026-08-26T13:29:08.9582629Z Caused by: org.flywaydb.core.internal.exception.FlywayMigrateException: Script V1__users_roles.sql failed
2026-08-26T13:29:08.9582655Z ---------------------------------
2026-08-26T13:29:08.9582680Z SQL State  : 0A000
2026-08-26T13:29:08.9582731Z Error Code : 0
2026-08-26T13:29:08.9582762Z Message    : ERROR: extension "pgcrypto" is not allow-listed for users in Azure Database for PostgreSQL
2026-08-26T13:29:08.9582795Z   Hint: to learn how to allow an extension or see the list of allowed extensions, please refer to https://go.microsoft.com/fwlink/?linkid=2301063
2026-08-26T13:29:08.9582828Z Location   : db/migration/V1__users_roles.sql (/app/nested:/app/app.jar/!BOOT-INF/classes/!/db/migration/V1__users_roles.sql)
2026-08-26T13:29:08.9582857Z Line       : 38
2026-08-26T13:29:08.9582890Z Statement  : Run Flyway with -X option to see the actual statement causing the problem
2026-08-26T13:29:08.9582938Z 
2026-08-26T13:29:08.9582970Z 	at org.flywaydb.core.internal.command.DbMigrate.doMigrateGroup(DbMigrate.java:399) ~[flyway-core-11.7.2.jar!/:na]
2026-08-26T13:29:08.9583002Z 	at org.flywaydb.core.internal.command.DbMigrate.lambda$applyMigrations$1(DbMigrate.java:283) ~[flyway-core-11.7.2.jar!/:na]
2026-08-26T13:29:08.9583035Z 	at org.flywaydb.core.internal.jdbc.TransactionalExecutionTemplate.execute(TransactionalExecutionTemplate.java:59) ~[flyway-core-11.7.2.jar!/:na]
2026-08-26T13:29:08.9583066Z 	at org.flywaydb.core.internal.command.DbMigrate.applyMigrations(DbMigrate.java:282) ~[flyway-core-11.7.2.jar!/:na]
2026-08-26T13:29:08.9583097Z 	at org.flywaydb.core.internal.command.DbMigrate.migrateGroup(DbMigrate.java:255) ~[flyway-core-11.7.2.jar!/:na]
2026-08-26T13:29:08.9583149Z 	at org.flywaydb.core.internal.command.DbMigrate.lambda$migrateAll$0(DbMigrate.java:153) ~[flyway-core-11.7.2.jar!/:na]
2026-08-26T13:29:08.9583185Z 	at org.flywaydb.database.postgresql.PostgreSQLAdvisoryLockTemplate.execute(PostgreSQLAdvisoryLockTemplate.java:77) ~[flyway-database-postgresql-11.7.2.jar!/:na]
2026-08-26T13:29:08.9583219Z 	at org.flywaydb.database.postgresql.PostgreSQLAdvisoryLockTemplate.lambda$execute$0(PostgreSQLAdvisoryLockTemplate.java:60) ~[flyway-database-postgresql-11.7.2.jar!/:na]
2026-08-26T13:29:08.9583252Z 	at org.flywaydb.core.internal.jdbc.TransactionalExecutionTemplate.execute(TransactionalExecutionTemplate.java:59) ~[flyway-core-11.7.2.jar!/:na]
2026-08-26T13:29:08.9583286Z 	at org.flywaydb.database.postgresql.PostgreSQLAdvisoryLockTemplate.execute(PostgreSQLAdvisoryLockTemplate.java:60) ~[flyway-database-postgresql-11.7.2.jar!/:na]
2026-08-26T13:29:08.9583339Z 	at org.flywaydb.database.postgresql.PostgreSQLConnection.lock(PostgreSQLConnection.java:105) ~[flyway-database-postgresql-11.7.2.jar!/:na]
2026-08-26T13:29:08.9583372Z 	at org.flywaydb.core.internal.schemahistory.JdbcTableSchemaHistory.lock(JdbcTableSchemaHistory.java:164) ~[flyway-core-11.7.2.jar!/:na]
2026-08-26T13:29:08.9583404Z 	at org.flywaydb.core.internal.command.DbMigrate.migrateAll(DbMigrate.java:153) ~[flyway-core-11.7.2.jar!/:na]
2026-08-26T13:29:08.9583435Z 	at org.flywaydb.core.internal.command.DbMigrate.migrate(DbMigrate.java:104) ~[flyway-core-11.7.2.jar!/:na]
2026-08-26T13:29:08.9583468Z 	at org.flywaydb.core.Flyway.lambda$migrate$1(Flyway.java:247) ~[flyway-core-11.7.2.jar!/:na]
2026-08-26T13:29:08.9586213Z 	at org.flywaydb.core.FlywayExecutor.execute(FlywayExecutor.java:210) ~[flyway-core-11.7.2.jar!/:na]
2026-08-26T13:29:08.9586479Z 	at org.flywaydb.core.Flyway.migrate(Flyway.java:188) ~[flyway-core-11.7.2.jar!/:na]
2026-08-26T13:29:08.9586523Z 	at org.springframework.boot.autoconfigure.flyway.FlywayMigrationInitializer.afterPropertiesSet(FlywayMigrationInitializer.java:66) ~[spring-boot-autoconfigure-3.5.13.jar!/:3.5.13]
2026-08-26T13:29:08.9586558Z 	at org.springframework.beans.factory.support.AbstractAutowireCapableBeanFactory.invokeInitMethods(AbstractAutowireCapableBeanFactory.java:1873) ~[spring-beans-6.2.17.jar!/:6.2.17]
2026-08-26T13:29:08.9586593Z 	at org.springframework.beans.factory.support.AbstractAutowireCapableBeanFactory.initializeBean(AbstractAutowireCapableBeanFactory.java:1822) ~[spring-beans-6.2.17.jar!/:6.2.17]
2026-08-26T13:29:08.9586657Z 	... 24 common frames omitted
2026-08-26T13:29:08.9586693Z Caused by: org.flywaydb.core.internal.sqlscript.FlywaySqlScriptException: Script V1__users_roles.sql failed
2026-08-26T13:29:08.9586719Z ---------------------------------
2026-08-26T13:29:08.9586746Z SQL State  : 0A000
2026-08-26T13:29:08.9586771Z Error Code : 0
2026-08-26T13:29:08.9586801Z Message    : ERROR: extension "pgcrypto" is not allow-listed for users in Azure Database for PostgreSQL
2026-08-26T13:29:08.9586834Z   Hint: to learn how to allow an extension or see the list of allowed extensions, please refer to https://go.microsoft.com/fwlink/?linkid=2301063
2026-08-26T13:29:08.9586889Z Location   : db/migration/V1__users_roles.sql (/app/nested:/app/app.jar/!BOOT-INF/classes/!/db/migration/V1__users_roles.sql)
2026-08-26T13:29:08.9586915Z Line       : 38
2026-08-26T13:29:08.9586944Z Statement  : Run Flyway with -X option to see the actual statement causing the problem
2026-08-26T13:29:08.9586968Z 
2026-08-26T13:29:08.9587003Z 	at org.flywaydb.core.internal.sqlscript.DefaultSqlScriptExecutor.handleException(DefaultSqlScriptExecutor.java:256) ~[flyway-core-11.7.2.jar!/:na]
2026-08-26T13:29:08.9587037Z 	at org.flywaydb.core.internal.sqlscript.DefaultSqlScriptExecutor.executeStatement(DefaultSqlScriptExecutor.java:217) ~[flyway-core-11.7.2.jar!/:na]
2026-08-26T13:29:08.9587089Z 	at org.flywaydb.core.internal.sqlscript.DefaultSqlScriptExecutor.execute(DefaultSqlScriptExecutor.java:137) ~[flyway-core-11.7.2.jar!/:na]
2026-08-26T13:29:08.9587123Z 	at org.flywaydb.core.internal.resolver.sql.SqlMigrationExecutor.executeOnce(SqlMigrationExecutor.java:75) ~[flyway-core-11.7.2.jar!/:na]
2026-08-26T13:29:08.9587156Z 	at org.flywaydb.core.internal.resolver.sql.SqlMigrationExecutor.lambda$execute$0(SqlMigrationExecutor.java:66) ~[flyway-core-11.7.2.jar!/:na]
2026-08-26T13:29:08.9587190Z 	at org.flywaydb.core.internal.database.DefaultExecutionStrategy.execute(DefaultExecutionStrategy.java:31) ~[flyway-core-11.7.2.jar!/:na]
2026-08-26T13:29:08.9587222Z 	at org.flywaydb.core.internal.resolver.sql.SqlMigrationExecutor.execute(SqlMigrationExecutor.java:65) ~[flyway-core-11.7.2.jar!/:na]
2026-08-26T13:29:08.9587275Z 	at org.flywaydb.core.internal.command.DbMigrate.doMigrateGroup(DbMigrate.java:391) ~[flyway-core-11.7.2.jar!/:na]
2026-08-26T13:29:08.9587303Z 	... 43 common frames omitted
2026-08-26T13:29:08.9587335Z Caused by: org.postgresql.util.PSQLException: ERROR: extension "pgcrypto" is not allow-listed for users in Azure Database for PostgreSQL
2026-08-26T13:29:08.9587368Z   Hint: to learn how to allow an extension or see the list of allowed extensions, please refer to https://go.microsoft.com/fwlink/?linkid=2301063
2026-08-26T13:29:08.9587401Z 	at org.postgresql.core.v3.QueryExecutorImpl.receiveErrorResponse(QueryExecutorImpl.java:2875) ~[postgresql-42.7.10.jar!/:42.7.10]
2026-08-26T13:29:08.9587433Z 	at org.postgresql.core.v3.QueryExecutorImpl.processResults(QueryExecutorImpl.java:2560) ~[postgresql-42.7.10.jar!/:42.7.10]
2026-08-26T13:29:08.9587487Z 	at org.postgresql.core.v3.QueryExecutorImpl.execute(QueryExecutorImpl.java:429) ~[postgresql-42.7.10.jar!/:42.7.10]
2026-08-26T13:29:08.9587519Z 	at org.postgresql.jdbc.PgStatement.executeInternal(PgStatement.java:526) ~[postgresql-42.7.10.jar!/:42.7.10]
2026-08-26T13:29:08.9587550Z 	at org.postgresql.jdbc.PgStatement.execute(PgStatement.java:436) ~[postgresql-42.7.10.jar!/:42.7.10]
2026-08-26T13:29:08.9587580Z 	at org.postgresql.jdbc.PgStatement.executeWithFlags(PgStatement.java:358) ~[postgresql-42.7.10.jar!/:42.7.10]
2026-08-26T13:29:08.9587611Z 	at org.postgresql.jdbc.PgStatement.executeCachedSql(PgStatement.java:343) ~[postgresql-42.7.10.jar!/:42.7.10]
2026-08-26T13:29:08.9587642Z 	at org.postgresql.jdbc.PgStatement.executeWithFlags(PgStatement.java:319) ~[postgresql-42.7.10.jar!/:42.7.10]
2026-08-26T13:29:08.9587691Z 	at org.postgresql.jdbc.PgStatement.execute(PgStatement.java:314) ~[postgresql-42.7.10.jar!/:42.7.10]
2026-08-26T13:29:08.9587722Z 	at com.zaxxer.hikari.pool.ProxyStatement.execute(ProxyStatement.java:95) ~[HikariCP-6.3.3.jar!/:na]
2026-08-26T13:29:08.9587753Z 	at com.zaxxer.hikari.pool.HikariProxyStatement.execute(HikariProxyStatement.java) ~[HikariCP-6.3.3.jar!/:na]
2026-08-26T13:29:08.9587786Z 	at org.flywaydb.core.internal.jdbc.JdbcTemplate.executeStatement(JdbcTemplate.java:215) ~[flyway-core-11.7.2.jar!/:na]
2026-08-26T13:29:08.9587868Z 	at org.flywaydb.core.internal.sqlscript.ParsedSqlStatement.execute(ParsedSqlStatement.java:88) ~[flyway-core-11.7.2.jar!/:na]
2026-08-26T13:29:08.9587931Z 	at org.flywaydb.core.internal.sqlscript.DefaultSqlScriptExecutor.executeStatement(DefaultSqlScriptExecutor.java:212) ~[flyway-core-11.7.2.jar!/:na]
2026-08-26T13:29:08.9587959Z 	... 49 common frames omitted
2026-08-26T13:29:08.9587982Z 
2026-08-26T13:39:42.0060965Z 
2026-08-26T13:39:42.0070414Z   .   ____          _            __ _ _
2026-08-26T13:39:42.0070573Z  /\\ / ___'_ __ _ _(_)_ __  __ _ \ \ \ \
2026-08-26T13:39:42.0070605Z ( ( )\___ | '_ | '_| | '_ \/ _` | \ \ \ \
2026-08-26T13:39:42.0070631Z  \\/  ___)| |_)| | | | | || (_| |  ) ) ) )
2026-08-26T13:39:42.0070660Z   '  |____| .__|_| |_|_| |_\__, | / / / /
2026-08-26T13:39:42.0070688Z  =========|_|==============|___/=/_/_/_/
2026-08-26T13:39:42.0070709Z 
2026-08-26T13:39:42.0181226Z  :: Spring Boot ::               (v3.5.13)
2026-08-26T13:39:42.0190444Z 
2026-08-26T13:39:42.9237830Z 2026-08-26T13:39:42.903Z  INFO 1 --- [           main] com.rvce.scas.ScasApplication            : Starting ScasApplication v0.0.1-SNAPSHOT using Java 17.0.20 with PID 1 (/app/app.jar started by root in /app)
2026-08-26T13:39:42.9412391Z 2026-08-26T13:39:42.940Z  INFO 1 --- [           main] com.rvce.scas.ScasApplication            : The following 1 profile is active: "prod"
2026-08-26T13:39:59.6106220Z 2026-08-26T13:39:59.609Z  INFO 1 --- [           main] .s.d.r.c.RepositoryConfigurationDelegate : Multiple Spring Data modules found, entering strict repository configuration mode
2026-08-26T13:39:59.6387848Z 2026-08-26T13:39:59.638Z  INFO 1 --- [           main] .s.d.r.c.RepositoryConfigurationDelegate : Bootstrapping Spring Data JPA repositories in DEFAULT mode.
2026-08-26T13:40:04.0802616Z 2026-08-26T13:40:04.079Z  INFO 1 --- [           main] .s.d.r.c.RepositoryConfigurationDelegate : Finished Spring Data repository scanning in 4265 ms. Found 12 JPA repository interfaces.
2026-08-26T13:40:05.1335968Z 2026-08-26T13:40:05.124Z  INFO 1 --- [           main] .s.d.r.c.RepositoryConfigurationDelegate : Multiple Spring Data modules found, entering strict repository configuration mode
2026-08-26T13:40:05.2102210Z 2026-08-26T13:40:05.165Z  INFO 1 --- [           main] .s.d.r.c.RepositoryConfigurationDelegate : Bootstrapping Spring Data Redis repositories in DEFAULT mode.
2026-08-26T13:40:06.3334426Z 2026-08-26T13:40:06.332Z  INFO 1 --- [           main] .RepositoryConfigurationExtensionSupport : Spring Data Redis - Could not safely identify store assignment for repository candidate interface com.rvce.scas.repository.DepartmentRepository; If you want this repository to be a Redis repository, consider annotating your entities with one of these annotations: org.springframework.data.redis.core.RedisHash (preferred), or consider extending one of the following types with your repository: org.springframework.data.keyvalue.repository.KeyValueRepository
2026-08-26T13:40:06.4184454Z 2026-08-26T13:40:06.370Z  INFO 1 --- [           main] .RepositoryConfigurationExtensionSupport : Spring Data Redis - Could not safely identify store assignment for repository candidate interface com.rvce.scas.repository.ExamHallRepository; If you want this repository to be a Redis repository, consider annotating your entities with one of these annotations: org.springframework.data.redis.core.RedisHash (preferred), or consider extending one of the following types with your repository: org.springframework.data.keyvalue.repository.KeyValueRepository
2026-08-26T13:40:06.4449757Z 2026-08-26T13:40:06.417Z  INFO 1 --- [           main] .RepositoryConfigurationExtensionSupport : Spring Data Redis - Could not safely identify store assignment for repository candidate interface com.rvce.scas.repository.ExamSeatRepository; If you want this repository to be a Redis repository, consider annotating your entities with one of these annotations: org.springframework.data.redis.core.RedisHash (preferred), or consider extending one of the following types with your repository: org.springframework.data.keyvalue.repository.KeyValueRepository
2026-08-26T13:40:06.5486343Z 2026-08-26T13:40:06.541Z  INFO 1 --- [           main] .RepositoryConfigurationExtensionSupport : Spring Data Redis - Could not safely identify store assignment for repository candidate interface com.rvce.scas.repository.ExamSessionRepository; If you want this repository to be a Redis repository, consider annotating your entities with one of these annotations: org.springframework.data.redis.core.RedisHash (preferred), or consider extending one of the following types with your repository: org.springframework.data.keyvalue.repository.KeyValueRepository
2026-08-26T13:40:06.5521633Z 2026-08-26T13:40:06.551Z  INFO 1 --- [           main] .RepositoryConfigurationExtensionSupport : Spring Data Redis - Could not safely identify store assignment for repository candidate interface com.rvce.scas.repository.ExamStudentRepository; If you want this repository to be a Redis repository, consider annotating your entities with one of these annotations: org.springframework.data.redis.core.RedisHash (preferred), or consider extending one of the following types with your repository: org.springframework.data.keyvalue.repository.KeyValueRepository
2026-08-26T13:40:06.6377789Z 2026-08-26T13:40:06.636Z  INFO 1 --- [           main] .RepositoryConfigurationExtensionSupport : Spring Data Redis - Could not safely identify store assignment for repository candidate interface com.rvce.scas.repository.NotificationRepository; If you want this repository to be a Redis repository, consider annotating your entities with one of these annotations: org.springframework.data.redis.core.RedisHash (preferred), or consider extending one of the following types with your repository: org.springframework.data.keyvalue.repository.KeyValueRepository
2026-08-26T13:40:06.6481567Z 2026-08-26T13:40:06.647Z  INFO 1 --- [           main] .RepositoryConfigurationExtensionSupport : Spring Data Redis - Could not safely identify store assignment for repository candidate interface com.rvce.scas.repository.PasswordResetTokenRepository; If you want this repository to be a Redis repository, consider annotating your entities with one of these annotations: org.springframework.data.redis.core.RedisHash (preferred), or consider extending one of the following types with your repository: org.springframework.data.keyvalue.repository.KeyValueRepository
2026-08-26T13:40:06.6659345Z 2026-08-26T13:40:06.654Z  INFO 1 --- [           main] .RepositoryConfigurationExtensionSupport : Spring Data Redis - Could not safely identify store assignment for repository candidate interface com.rvce.scas.repository.RoleRepository; If you want this repository to be a Redis repository, consider annotating your entities with one of these annotations: org.springframework.data.redis.core.RedisHash (preferred), or consider extending one of the following types with your repository: org.springframework.data.keyvalue.repository.KeyValueRepository
2026-08-26T13:40:06.6659562Z 2026-08-26T13:40:06.656Z  INFO 1 --- [           main] .RepositoryConfigurationExtensionSupport : Spring Data Redis - Could not safely identify store assignment for repository candidate interface com.rvce.scas.repository.RoomRepository; If you want this repository to be a Redis repository, consider annotating your entities with one of these annotations: org.springframework.data.redis.core.RedisHash (preferred), or consider extending one of the following types with your repository: org.springframework.data.keyvalue.repository.KeyValueRepository
2026-08-26T13:40:06.6659627Z 2026-08-26T13:40:06.657Z  INFO 1 --- [           main] .RepositoryConfigurationExtensionSupport : Spring Data Redis - Could not safely identify store assignment for repository candidate interface com.rvce.scas.repository.TimetableSlotRepository; If you want this repository to be a Redis repository, consider annotating your entities with one of these annotations: org.springframework.data.redis.core.RedisHash (preferred), or consider extending one of the following types with your repository: org.springframework.data.keyvalue.repository.KeyValueRepository
2026-08-26T13:40:06.6753464Z 2026-08-26T13:40:06.675Z  INFO 1 --- [           main] .RepositoryConfigurationExtensionSupport : Spring Data Redis - Could not safely identify store assignment for repository candidate interface com.rvce.scas.repository.UserRepository; If you want this repository to be a Redis repository, consider annotating your entities with one of these annotations: org.springframework.data.redis.core.RedisHash (preferred), or consider extending one of the following types with your repository: org.springframework.data.keyvalue.repository.KeyValueRepository
2026-08-26T13:40:06.6758346Z 2026-08-26T13:40:06.675Z  INFO 1 --- [           main] .RepositoryConfigurationExtensionSupport : Spring Data Redis - Could not safely identify store assignment for repository candidate interface com.rvce.scas.repository.UserRoleRepository; If you want this repository to be a Redis repository, consider annotating your entities with one of these annotations: org.springframework.data.redis.core.RedisHash (preferred), or consider extending one of the following types with your repository: org.springframework.data.keyvalue.repository.KeyValueRepository
2026-08-26T13:40:06.6764978Z 2026-08-26T13:40:06.676Z  INFO 1 --- [           main] .s.d.r.c.RepositoryConfigurationDelegate : Finished Spring Data repository scanning in 523 ms. Found 0 Redis repository interfaces.
2026-08-26T13:40:19.9772865Z 2026-08-26T13:40:19.976Z  INFO 1 --- [           main] o.s.b.w.embedded.tomcat.TomcatWebServer  : Tomcat initialized with port 8080 (http)
2026-08-26T13:40:20.1684140Z 2026-08-26T13:40:20.168Z  INFO 1 --- [           main] o.apache.catalina.core.StandardService   : Starting service [Tomcat]
2026-08-26T13:40:20.1777709Z 2026-08-26T13:40:20.177Z  INFO 1 --- [           main] o.apache.catalina.core.StandardEngine    : Starting Servlet engine: [Apache Tomcat/10.1.53]
2026-08-26T13:40:21.4600300Z 2026-08-26T13:40:21.459Z  INFO 1 --- [           main] o.a.c.c.C.[Tomcat].[localhost].[/]       : Initializing Spring embedded WebApplicationContext
2026-08-26T13:40:21.4712546Z 2026-08-26T13:40:21.470Z  INFO 1 --- [           main] w.s.c.ServletWebServerApplicationContext : Root WebApplicationContext: initialization completed in 37860 ms
2026-08-26T13:40:50.4641903Z 2026-08-26T13:40:50.443Z  INFO 1 --- [           main] com.zaxxer.hikari.HikariDataSource       : HikariPool-1 - Starting...
2026-08-26T13:40:53.5592867Z 2026-08-26T13:40:53.558Z  INFO 1 --- [           main] com.zaxxer.hikari.pool.HikariPool        : HikariPool-1 - Added connection org.postgresql.jdbc.PgConnection@3c34c491
2026-08-26T13:40:53.5970989Z 2026-08-26T13:40:53.594Z  INFO 1 --- [           main] com.zaxxer.hikari.HikariDataSource       : HikariPool-1 - Start completed.
2026-08-26T13:40:54.4791345Z 2026-08-26T13:40:54.478Z  INFO 1 --- [           main] org.flywaydb.core.FlywayExecutor         : Database: jdbc:postgresql://scas-postgres-k23.postgres.database.azure.com:5432/scasdb?sslmode=require (PostgreSQL 16.14)
2026-08-26T13:40:55.3871101Z 2026-08-26T13:40:55.386Z  INFO 1 --- [           main] o.f.core.internal.command.DbValidate     : Successfully validated 27 migrations (execution time 00:00.571s)
2026-08-26T13:40:55.5414064Z 2026-08-26T13:40:55.540Z  INFO 1 --- [           main] o.f.core.internal.command.DbMigrate      : Current version of schema "public": << Empty Schema >>
2026-08-26T13:40:55.9341661Z 2026-08-26T13:40:55.933Z  INFO 1 --- [           main] o.f.core.internal.command.DbMigrate      : Migrating schema "public" to version "1 - users roles"
2026-08-26T13:40:56.8936587Z 2026-08-26T13:40:56.875Z  INFO 1 --- [           main] o.f.core.internal.command.DbMigrate      : Migrating schema "public" to version "2 - rooms timetable"
2026-08-26T13:40:57.5646401Z 2026-08-26T13:40:57.564Z  INFO 1 --- [           main] o.f.core.internal.command.DbMigrate      : Migrating schema "public" to version "3 - exam seating"
2026-08-26T13:40:57.9476964Z 2026-08-26T13:40:57.947Z  INFO 1 --- [           main] o.f.core.internal.command.DbMigrate      : Migrating schema "public" to version "4 - notifications audit"
2026-08-26T13:40:58.3383292Z 2026-08-26T13:40:58.337Z  INFO 1 --- [           main] o.f.core.internal.command.DbMigrate      : Migrating schema "public" to version "5 - indexes constraints"
2026-08-26T13:40:58.7449428Z 2026-08-26T13:40:58.744Z  INFO 1 --- [           main] o.f.core.internal.command.DbMigrate      : Migrating schema "public" to version "5.1 - allow timetable overrides resource"
2026-08-26T13:40:59.1156145Z 2026-08-26T13:40:59.115Z  INFO 1 --- [           main] o.f.core.internal.command.DbMigrate      : Migrating schema "public" to version "6 - seed data"
2026-08-26T13:40:59.3786750Z 2026-08-26T13:40:59.377Z  INFO 1 --- [           main] o.f.c.i.s.DefaultSqlScriptExecutor       : DB: Seed verification passed: 30 rooms, 33 users, 7 roles
2026-08-26T13:40:59.3892115Z 2026-08-26T13:40:59.388Z  INFO 1 --- [           main] o.f.c.i.s.DefaultSqlScriptExecutor       : +--------+
2026-08-26T13:40:59.3892420Z | setval |
2026-08-26T13:40:59.3892462Z +--------+
2026-08-26T13:40:59.3892614Z | 3      |
2026-08-26T13:40:59.3892639Z +--------+
2026-08-26T13:40:59.3892663Z 
2026-08-26T13:40:59.5249176Z 2026-08-26T13:40:59.524Z  INFO 1 --- [           main] o.f.core.internal.command.DbMigrate      : Migrating schema "public" to version "7 - add missing day override columns"
2026-08-26T13:40:59.6915079Z 2026-08-26T13:40:59.691Z  INFO 1 --- [           main] o.f.core.internal.command.DbMigrate      : Migrating schema "public" to version "8 - fix timetable slots department"
2026-08-26T13:40:59.7124402Z 2026-08-26T13:40:59.711Z  INFO 1 --- [           main] o.f.c.i.s.DefaultSqlScriptExecutor       : DB: constraint "timetable_slots_department_id_fkey" of relation "timetable_slots" does not exist, skipping
2026-08-26T13:40:59.7288671Z 2026-08-26T13:40:59.728Z  INFO 1 --- [           main] o.f.c.i.s.DefaultSqlScriptExecutor       : DB: column "department_id" of relation "timetable_slots" does not exist, skipping
2026-08-26T13:40:59.8572117Z 2026-08-26T13:40:59.856Z  INFO 1 --- [           main] o.f.core.internal.command.DbMigrate      : Migrating schema "public" to version "9 - add is active to timetable slots"
2026-08-26T13:40:59.9355939Z 2026-08-26T13:40:59.935Z  INFO 1 --- [           main] o.f.core.internal.command.DbMigrate      : Migrating schema "public" to version "10 - fix seeded user passwords"
2026-08-26T13:41:00.0722795Z 2026-08-26T13:41:00.071Z  INFO 1 --- [           main] o.f.core.internal.command.DbMigrate      : Migrating schema "public" to version "11 - manual seating dashboard"
2026-08-26T13:41:00.2673511Z 2026-08-26T13:41:00.266Z  INFO 1 --- [           main] o.f.core.internal.command.DbMigrate      : Migrating schema "public" to version "12 - permission constraint and override seed backfill"
2026-08-26T13:41:00.3822818Z 2026-08-26T13:41:00.374Z  INFO 1 --- [           main] o.f.core.internal.command.DbMigrate      : Migrating schema "public" to version "13 - add version to exam seats"
2026-08-26T13:41:00.5125806Z 2026-08-26T13:41:00.511Z  INFO 1 --- [           main] o.f.core.internal.command.DbMigrate      : Migrating schema "public" to version "14 - remove needs front row"
2026-08-26T13:41:00.6465988Z 2026-08-26T13:41:00.645Z  INFO 1 --- [           main] o.f.core.internal.command.DbMigrate      : Migrating schema "public" to version "16 - remove unused override reservation tables"
2026-08-26T13:41:00.7228620Z 2026-08-26T13:41:00.722Z  INFO 1 --- [           main] o.f.c.i.s.DefaultSqlScriptExecutor       : DB: table "room_reservations" does not exist, skipping
2026-08-26T13:41:00.8314828Z 2026-08-26T13:41:00.830Z  INFO 1 --- [           main] o.f.core.internal.command.DbMigrate      : Migrating schema "public" to version "17 - add version to users"
2026-08-26T13:41:00.9411502Z 2026-08-26T13:41:00.940Z  INFO 1 --- [           main] o.f.core.internal.command.DbMigrate      : Migrating schema "public" to version "18 - password reset tokens"
2026-08-26T13:41:01.1219841Z 2026-08-26T13:41:01.121Z  INFO 1 --- [           main] o.f.core.internal.command.DbMigrate      : Migrating schema "public" to version "19 - update role constraint"
2026-08-26T13:41:01.1992993Z 2026-08-26T13:41:01.198Z  INFO 1 --- [           main] o.f.core.internal.command.DbMigrate      : Migrating schema "public" to version "20 - enable column encryption"
2026-08-26T13:41:01.3972919Z 2026-08-26T13:41:01.396Z  INFO 1 --- [           main] o.f.core.internal.command.DbMigrate      : Migrating schema "public" to version "21 - fix invalid usn format"
2026-08-26T13:41:01.5353677Z 2026-08-26T13:41:01.534Z  INFO 1 --- [           main] o.f.core.internal.command.DbMigrate      : Migrating schema "public" to version "22 - allow encrypted usn values"
2026-08-26T13:41:01.7074313Z 2026-08-26T13:41:01.707Z  INFO 1 --- [           main] o.f.core.internal.command.DbMigrate      : Migrating schema "public" to version "23 - seed admin exam controller roles"
2026-08-26T13:41:01.9332938Z 2026-08-26T13:41:01.932Z  INFO 1 --- [           main] o.f.core.internal.command.DbMigrate      : Migrating schema "public" to version "24 - add user email hash lookup"
2026-08-26T13:41:02.1944993Z 2026-08-26T13:41:02.193Z  INFO 1 --- [           main] o.f.core.internal.command.DbMigrate      : Migrating schema "public" to version "26 - seed cse teachers"
2026-08-26T13:41:02.8011959Z 2026-08-26T13:41:02.800Z  INFO 1 --- [           main] o.f.core.internal.command.DbMigrate      : Migrating schema "public" to version "27 - seed 4thsem csestudents"
2026-08-26T13:41:02.8427624Z 2026-08-26T13:41:02.842Z  WARN 1 --- [           main] o.f.c.i.s.DefaultSqlScriptExecutor       : DB: there is already a transaction in progress (SQL State: 25001 - Error Code: 0)
2026-08-26T13:41:03.0882541Z 2026-08-26T13:41:03.085Z  INFO 1 --- [           main] o.f.c.i.s.DefaultSqlScriptExecutor       : DB: V27 migration: 487 student accounts have STUDENT role
2026-08-26T13:41:03.1632845Z 2026-08-26T13:41:03.147Z  INFO 1 --- [           main] o.f.core.internal.command.DbMigrate      : Migrating schema "public" to version "28 - normalize exam student usn values"
2026-08-26T13:41:03.1840837Z 2026-08-26T13:41:03.183Z  WARN 1 --- [           main] o.f.c.i.s.DefaultSqlScriptExecutor       : DB: there is already a transaction in progress (SQL State: 25001 - Error Code: 0)
2026-08-26T13:41:03.2723448Z 2026-08-26T13:41:03.271Z  INFO 1 --- [           main] o.f.core.internal.command.DbMigrate      : Successfully applied 27 migrations to schema "public", now at version v28 (execution time 00:03.522s)
2026-08-26T13:41:04.4666610Z 2026-08-26T13:41:04.466Z  INFO 1 --- [           main] o.hibernate.jpa.internal.util.LogHelper  : HHH000204: Processing PersistenceUnitInfo [name: default]
2026-08-26T13:41:05.2716545Z 2026-08-26T13:41:05.271Z  INFO 1 --- [           main] org.hibernate.Version                    : HHH000412: Hibernate ORM core version 6.6.45.Final
2026-08-26T13:41:05.7368647Z 2026-08-26T13:41:05.736Z  INFO 1 --- [           main] o.h.c.internal.RegionFactoryInitiator    : HHH000026: Second-level cache disabled
2026-08-26T13:41:10.1542077Z 2026-08-26T13:41:10.153Z  INFO 1 --- [           main] o.s.o.j.p.SpringPersistenceUnitInfo      : No LoadTimeWeaver setup: ignoring JPA class transformer
2026-08-26T13:41:10.8679151Z 2026-08-26T13:41:10.862Z  WARN 1 --- [           main] org.hibernate.orm.deprecation            : HHH90000025: PostgreSQLDialect does not need to be specified explicitly using 'hibernate.dialect' (remove the property setting and it will be selected by default)
2026-08-26T13:41:11.1015512Z 2026-08-26T13:41:11.101Z  INFO 1 --- [           main] org.hibernate.orm.connections.pooling    : HHH10001005: Database info:
2026-08-26T13:41:11.1015991Z 	Database JDBC URL [Connecting through datasource 'HikariDataSource (HikariPool-1)']
2026-08-26T13:41:11.1016035Z 	Database driver: undefined/unknown
2026-08-26T13:41:11.1016063Z 	Database version: 16.14
2026-08-26T13:41:11.1016102Z 	Autocommit mode: undefined/unknown
2026-08-26T13:41:11.1016213Z 	Isolation level: undefined/unknown
2026-08-26T13:41:11.1016241Z 	Minimum pool size: undefined/unknown
2026-08-26T13:41:11.1016268Z 	Maximum pool size: undefined/unknown
2026-08-26T13:41:29.7459221Z 2026-08-26T13:41:29.745Z  INFO 1 --- [           main] o.h.e.t.j.p.i.JtaPlatformInitiator       : HHH000489: No JTA platform available (set 'hibernate.transaction.jta.platform' to enable JTA platform integration)
2026-08-26T13:41:30.3187109Z 2026-08-26T13:41:30.312Z  INFO 1 --- [           main] j.LocalContainerEntityManagerFactoryBean : Initialized JPA EntityManagerFactory for persistence unit 'default'
2026-08-26T13:41:34.4473959Z 2026-08-26T13:41:34.446Z  INFO 1 --- [           main] o.s.d.j.r.query.QueryEnhancerFactory     : Hibernate is in classpath; If applicable, HQL parser will be used.
2026-08-26T13:41:43.2851629Z 2026-08-26T13:41:43.284Z  INFO 1 --- [           main] eAuthenticationProviderManagerConfigurer : Global AuthenticationManager configured with AuthenticationProvider bean with name authenticationProvider
2026-08-26T13:41:43.3035659Z 2026-08-26T13:41:43.303Z  WARN 1 --- [           main] r$InitializeUserDetailsManagerConfigurer : Global AuthenticationManager configured with an AuthenticationProvider bean. UserDetailsService beans will not be used by Spring Security for automatically configuring username/password login. Consider removing the AuthenticationProvider bean. Alternatively, consider using the UserDetailsService in a manually instantiated DaoAuthenticationProvider. If the current configuration is intentional, to turn off this warning, increase the logging level of 'org.springframework.security.config.annotation.authentication.configuration.InitializeUserDetailsBeanManagerConfigurer' to ERROR
2026-08-26T13:41:50.6149242Z 2026-08-26T13:41:50.614Z  WARN 1 --- [           main] ConfigServletWebServerApplicationContext : Exception encountered during context initialization - cancelling refresh attempt: org.springframework.beans.factory.UnsatisfiedDependencyException: Error creating bean with name 'passwordResetController' defined in URL [jar:nested:/app/app.jar/!BOOT-INF/classes/!/com/rvce/scas/controller/PasswordResetController.class]: Unsatisfied dependency expressed through constructor parameter 0: Error creating bean with name 'passwordResetService' defined in URL [jar:nested:/app/app.jar/!BOOT-INF/classes/!/com/rvce/scas/service/PasswordResetService.class]: Unsatisfied dependency expressed through constructor parameter 3: No qualifying bean of type 'com.rvce.scas.service.email.EmailService' available: expected at least 1 bean which qualifies as autowire candidate. Dependency annotations: {}
2026-08-26T13:41:50.6802398Z 2026-08-26T13:41:50.679Z  INFO 1 --- [           main] j.LocalContainerEntityManagerFactoryBean : Closing JPA EntityManagerFactory for persistence unit 'default'
2026-08-26T13:41:50.7025723Z 2026-08-26T13:41:50.702Z  INFO 1 --- [           main] com.zaxxer.hikari.HikariDataSource       : HikariPool-1 - Shutdown initiated...
2026-08-26T13:41:50.7581693Z 2026-08-26T13:41:50.755Z  INFO 1 --- [           main] com.zaxxer.hikari.HikariDataSource       : HikariPool-1 - Shutdown completed.
2026-08-26T13:41:51.0806619Z 2026-08-26T13:41:51.079Z  INFO 1 --- [           main] o.apache.catalina.core.StandardService   : Stopping service [Tomcat]
2026-08-26T13:41:51.3111494Z 2026-08-26T13:41:51.310Z  INFO 1 --- [           main] .s.b.a.l.ConditionEvaluationReportLogger : 
2026-08-26T13:41:51.3112151Z 
2026-08-26T13:41:51.3112225Z Error starting ApplicationContext. To display the condition evaluation report re-run your application with 'debug' enabled.
2026-08-26T13:41:51.8364645Z 2026-08-26T13:41:51.828Z ERROR 1 --- [           main] o.s.b.d.LoggingFailureAnalysisReporter   : 
2026-08-26T13:41:51.8365172Z 
2026-08-26T13:41:51.8365231Z ***************************
2026-08-26T13:41:51.8365257Z APPLICATION FAILED TO START
2026-08-26T13:41:51.8365282Z ***************************
2026-08-26T13:41:51.8365314Z 
2026-08-26T13:41:51.8365341Z Description:
2026-08-26T13:41:51.8365364Z 
2026-08-26T13:41:51.8365502Z Parameter 3 of constructor in com.rvce.scas.service.PasswordResetService required a bean of type 'com.rvce.scas.service.email.EmailService' that could not be found.
2026-08-26T13:41:51.8365529Z 
2026-08-26T13:41:51.8365551Z 
2026-08-26T13:41:51.8365575Z Action:
2026-08-26T13:41:51.8365599Z 
2026-08-26T13:41:51.8365629Z Consider defining a bean of type 'com.rvce.scas.service.email.EmailService' in your configuration.
2026-08-26T13:41:51.8365652Z 
2026-08-26T13:43:42.5761108Z 
2026-08-26T13:43:42.5946010Z   .   ____          _            __ _ _
2026-08-26T13:43:42.5946194Z  /\\ / ___'_ __ _ _(_)_ __  __ _ \ \ \ \
2026-08-26T13:43:42.5946408Z ( ( )\___ | '_ | '_| | '_ \/ _` | \ \ \ \
2026-08-26T13:43:42.5946435Z  \\/  ___)| |_)| | | | | || (_| |  ) ) ) )
2026-08-26T13:43:42.5946465Z   '  |____| .__|_| |_|_| |_\__, | / / / /
2026-08-26T13:43:42.5946545Z  =========|_|==============|___/=/_/_/_/
2026-08-26T13:43:42.5946568Z 
2026-08-26T13:43:42.6035190Z  :: Spring Boot ::               (v3.5.13)
2026-08-26T13:43:42.6038220Z 
2026-08-26T13:43:44.3728964Z 2026-08-26T13:43:44.354Z  INFO 1 --- [           main] com.rvce.scas.ScasApplication            : Starting ScasApplication v0.0.1-SNAPSHOT using Java 17.0.20 with PID 1 (/app/app.jar started by root in /app)
2026-08-26T13:43:44.4150570Z 2026-08-26T13:43:44.413Z  INFO 1 --- [           main] com.rvce.scas.ScasApplication            : The following 1 profile is active: "prod"
2026-08-26T13:44:08.3860790Z 2026-08-26T13:44:08.385Z  INFO 1 --- [           main] .s.d.r.c.RepositoryConfigurationDelegate : Multiple Spring Data modules found, entering strict repository configuration mode
2026-08-26T13:44:08.4049468Z 2026-08-26T13:44:08.404Z  INFO 1 --- [           main] .s.d.r.c.RepositoryConfigurationDelegate : Bootstrapping Spring Data JPA repositories in DEFAULT mode.
2026-08-26T13:44:12.2021158Z 2026-08-26T13:44:12.201Z  INFO 1 --- [           main] .s.d.r.c.RepositoryConfigurationDelegate : Finished Spring Data repository scanning in 3686 ms. Found 12 JPA repository interfaces.
2026-08-26T13:44:12.6485139Z 2026-08-26T13:44:12.629Z  INFO 1 --- [           main] .s.d.r.c.RepositoryConfigurationDelegate : Multiple Spring Data modules found, entering strict repository configuration mode
2026-08-26T13:44:12.6486033Z 2026-08-26T13:44:12.636Z  INFO 1 --- [           main] .s.d.r.c.RepositoryConfigurationDelegate : Bootstrapping Spring Data Redis repositories in DEFAULT mode.
2026-08-26T13:44:12.9399983Z 2026-08-26T13:44:12.939Z  INFO 1 --- [           main] .RepositoryConfigurationExtensionSupport : Spring Data Redis - Could not safely identify store assignment for repository candidate interface com.rvce.scas.repository.DepartmentRepository; If you want this repository to be a Redis repository, consider annotating your entities with one of these annotations: org.springframework.data.redis.core.RedisHash (preferred), or consider extending one of the following types with your repository: org.springframework.data.keyvalue.repository.KeyValueRepository
2026-08-26T13:44:12.9484128Z 2026-08-26T13:44:12.948Z  INFO 1 --- [           main] .RepositoryConfigurationExtensionSupport : Spring Data Redis - Could not safely identify store assignment for repository candidate interface com.rvce.scas.repository.ExamHallRepository; If you want this repository to be a Redis repository, consider annotating your entities with one of these annotations: org.springframework.data.redis.core.RedisHash (preferred), or consider extending one of the following types with your repository: org.springframework.data.keyvalue.repository.KeyValueRepository
2026-08-26T13:44:12.9500769Z 2026-08-26T13:44:12.949Z  INFO 1 --- [           main] .RepositoryConfigurationExtensionSupport : Spring Data Redis - Could not safely identify store assignment for repository candidate interface com.rvce.scas.repository.ExamSeatRepository; If you want this repository to be a Redis repository, consider annotating your entities with one of these annotations: org.springframework.data.redis.core.RedisHash (preferred), or consider extending one of the following types with your repository: org.springframework.data.keyvalue.repository.KeyValueRepository
2026-08-26T13:44:12.9578864Z 2026-08-26T13:44:12.957Z  INFO 1 --- [           main] .RepositoryConfigurationExtensionSupport : Spring Data Redis - Could not safely identify store assignment for repository candidate interface com.rvce.scas.repository.ExamSessionRepository; If you want this repository to be a Redis repository, consider annotating your entities with one of these annotations: org.springframework.data.redis.core.RedisHash (preferred), or consider extending one of the following types with your repository: org.springframework.data.keyvalue.repository.KeyValueRepository
2026-08-26T13:44:12.9589753Z 2026-08-26T13:44:12.958Z  INFO 1 --- [           main] .RepositoryConfigurationExtensionSupport : Spring Data Redis - Could not safely identify store assignment for repository candidate interface com.rvce.scas.repository.ExamStudentRepository; If you want this repository to be a Redis repository, consider annotating your entities with one of these annotations: org.springframework.data.redis.core.RedisHash (preferred), or consider extending one of the following types with your repository: org.springframework.data.keyvalue.repository.KeyValueRepository
2026-08-26T13:44:12.9606373Z 2026-08-26T13:44:12.960Z  INFO 1 --- [           main] .RepositoryConfigurationExtensionSupport : Spring Data Redis - Could not safely identify store assignment for repository candidate interface com.rvce.scas.repository.NotificationRepository; If you want this repository to be a Redis repository, consider annotating your entities with one of these annotations: org.springframework.data.redis.core.RedisHash (preferred), or consider extending one of the following types with your repository: org.springframework.data.keyvalue.repository.KeyValueRepository
2026-08-26T13:44:13.0057447Z 2026-08-26T13:44:12.961Z  INFO 1 --- [           main] .RepositoryConfigurationExtensionSupport : Spring Data Redis - Could not safely identify store assignment for repository candidate interface com.rvce.scas.repository.PasswordResetTokenRepository; If you want this repository to be a Redis repository, consider annotating your entities with one of these annotations: org.springframework.data.redis.core.RedisHash (preferred), or consider extending one of the following types with your repository: org.springframework.data.keyvalue.repository.KeyValueRepository
2026-08-26T13:44:13.0073396Z 2026-08-26T13:44:13.007Z  INFO 1 --- [           main] .RepositoryConfigurationExtensionSupport : Spring Data Redis - Could not safely identify store assignment for repository candidate interface com.rvce.scas.repository.RoleRepository; If you want this repository to be a Redis repository, consider annotating your entities with one of these annotations: org.springframework.data.redis.core.RedisHash (preferred), or consider extending one of the following types with your repository: org.springframework.data.keyvalue.repository.KeyValueRepository
2026-08-26T13:44:13.0082917Z 2026-08-26T13:44:13.008Z  INFO 1 --- [           main] .RepositoryConfigurationExtensionSupport : Spring Data Redis - Could not safely identify store assignment for repository candidate interface com.rvce.scas.repository.RoomRepository; If you want this repository to be a Redis repository, consider annotating your entities with one of these annotations: org.springframework.data.redis.core.RedisHash (preferred), or consider extending one of the following types with your repository: org.springframework.data.keyvalue.repository.KeyValueRepository
2026-08-26T13:44:13.0159406Z 2026-08-26T13:44:13.015Z  INFO 1 --- [           main] .RepositoryConfigurationExtensionSupport : Spring Data Redis - Could not safely identify store assignment for repository candidate interface com.rvce.scas.repository.TimetableSlotRepository; If you want this repository to be a Redis repository, consider annotating your entities with one of these annotations: org.springframework.data.redis.core.RedisHash (preferred), or consider extending one of the following types with your repository: org.springframework.data.keyvalue.repository.KeyValueRepository
2026-08-26T13:44:13.0168291Z 2026-08-26T13:44:13.016Z  INFO 1 --- [           main] .RepositoryConfigurationExtensionSupport : Spring Data Redis - Could not safely identify store assignment for repository candidate interface com.rvce.scas.repository.UserRepository; If you want this repository to be a Redis repository, consider annotating your entities with one of these annotations: org.springframework.data.redis.core.RedisHash (preferred), or consider extending one of the following types with your repository: org.springframework.data.keyvalue.repository.KeyValueRepository
2026-08-26T13:44:13.0192095Z 2026-08-26T13:44:13.018Z  INFO 1 --- [           main] .RepositoryConfigurationExtensionSupport : Spring Data Redis - Could not safely identify store assignment for repository candidate interface com.rvce.scas.repository.UserRoleRepository; If you want this repository to be a Redis repository, consider annotating your entities with one of these annotations: org.springframework.data.redis.core.RedisHash (preferred), or consider extending one of the following types with your repository: org.springframework.data.keyvalue.repository.KeyValueRepository
2026-08-26T13:44:13.0271835Z 2026-08-26T13:44:13.026Z  INFO 1 --- [           main] .s.d.r.c.RepositoryConfigurationDelegate : Finished Spring Data repository scanning in 124 ms. Found 0 Redis repository interfaces.
2026-08-26T13:44:22.0646094Z 2026-08-26T13:44:22.064Z  INFO 1 --- [           main] o.s.b.w.embedded.tomcat.TomcatWebServer  : Tomcat initialized with port 8080 (http)
2026-08-26T13:44:22.2381927Z 2026-08-26T13:44:22.237Z  INFO 1 --- [           main] o.apache.catalina.core.StandardService   : Starting service [Tomcat]
2026-08-26T13:44:22.2664087Z 2026-08-26T13:44:22.249Z  INFO 1 --- [           main] o.apache.catalina.core.StandardEngine    : Starting Servlet engine: [Apache Tomcat/10.1.53]
2026-08-26T13:44:23.8641647Z 2026-08-26T13:44:23.863Z  INFO 1 --- [           main] o.a.c.c.C.[Tomcat].[localhost].[/]       : Initializing Spring embedded WebApplicationContext
2026-08-26T13:44:23.8829371Z 2026-08-26T13:44:23.882Z  INFO 1 --- [           main] w.s.c.ServletWebServerApplicationContext : Root WebApplicationContext: initialization completed in 38979 ms
2026-08-26T13:44:46.6039799Z 2026-08-26T13:44:46.591Z  INFO 1 --- [           main] com.zaxxer.hikari.HikariDataSource       : HikariPool-1 - Starting...
2026-08-26T13:44:49.6480131Z 2026-08-26T13:44:49.647Z  INFO 1 --- [           main] com.zaxxer.hikari.pool.HikariPool        : HikariPool-1 - Added connection org.postgresql.jdbc.PgConnection@509e4902
2026-08-26T13:44:49.6670672Z 2026-08-26T13:44:49.666Z  INFO 1 --- [           main] com.zaxxer.hikari.HikariDataSource       : HikariPool-1 - Start completed.
2026-08-26T13:44:50.1611881Z 2026-08-26T13:44:50.160Z  INFO 1 --- [           main] org.flywaydb.core.FlywayExecutor         : Database: jdbc:postgresql://scas-postgres-k23.postgres.database.azure.com:5432/scasdb?sslmode=require (PostgreSQL 16.14)
2026-08-26T13:44:51.5375916Z 2026-08-26T13:44:51.536Z  INFO 1 --- [           main] o.f.core.internal.command.DbValidate     : Successfully validated 27 migrations (execution time 00:01.006s)
2026-08-26T13:44:51.7112884Z 2026-08-26T13:44:51.710Z  INFO 1 --- [           main] o.f.core.internal.command.DbMigrate      : Current version of schema "public": 28
2026-08-26T13:44:51.7492569Z 2026-08-26T13:44:51.748Z  INFO 1 --- [           main] o.f.core.internal.command.DbMigrate      : Schema "public" is up to date. No migration necessary.
2026-08-26T13:44:53.0154279Z 2026-08-26T13:44:53.014Z  INFO 1 --- [           main] o.hibernate.jpa.internal.util.LogHelper  : HHH000204: Processing PersistenceUnitInfo [name: default]
2026-08-26T13:44:54.0210609Z 2026-08-26T13:44:54.020Z  INFO 1 --- [           main] org.hibernate.Version                    : HHH000412: Hibernate ORM core version 6.6.45.Final
2026-08-26T13:44:54.3814647Z 2026-08-26T13:44:54.380Z  INFO 1 --- [           main] o.h.c.internal.RegionFactoryInitiator    : HHH000026: Second-level cache disabled
2026-08-26T13:44:58.1715123Z 2026-08-26T13:44:58.171Z  INFO 1 --- [           main] o.s.o.j.p.SpringPersistenceUnitInfo      : No LoadTimeWeaver setup: ignoring JPA class transformer
2026-08-26T13:44:59.1038823Z 2026-08-26T13:44:59.103Z  WARN 1 --- [           main] org.hibernate.orm.deprecation            : HHH90000025: PostgreSQLDialect does not need to be specified explicitly using 'hibernate.dialect' (remove the property setting and it will be selected by default)
2026-08-26T13:44:59.2655526Z 2026-08-26T13:44:59.264Z  INFO 1 --- [           main] org.hibernate.orm.connections.pooling    : HHH10001005: Database info:
2026-08-26T13:44:59.2656244Z 	Database JDBC URL [Connecting through datasource 'HikariDataSource (HikariPool-1)']
2026-08-26T13:44:59.2656284Z 	Database driver: undefined/unknown
2026-08-26T13:44:59.2656310Z 	Database version: 16.14
2026-08-26T13:44:59.2656569Z 	Autocommit mode: undefined/unknown
2026-08-26T13:44:59.2656594Z 	Isolation level: undefined/unknown
2026-08-26T13:44:59.2656717Z 	Minimum pool size: undefined/unknown
2026-08-26T13:44:59.2656742Z 	Maximum pool size: undefined/unknown
2026-08-26T13:45:21.7316226Z 2026-08-26T13:45:21.730Z  INFO 1 --- [           main] o.h.e.t.j.p.i.JtaPlatformInitiator       : HHH000489: No JTA platform available (set 'hibernate.transaction.jta.platform' to enable JTA platform integration)
2026-08-26T13:45:22.2359280Z 2026-08-26T13:45:22.235Z  INFO 1 --- [           main] j.LocalContainerEntityManagerFactoryBean : Initialized JPA EntityManagerFactory for persistence unit 'default'
2026-08-26T13:45:26.8133067Z 2026-08-26T13:45:26.812Z  INFO 1 --- [           main] o.s.d.j.r.query.QueryEnhancerFactory     : Hibernate is in classpath; If applicable, HQL parser will be used.
2026-08-26T13:45:36.1086552Z 2026-08-26T13:45:36.108Z  INFO 1 --- [           main] eAuthenticationProviderManagerConfigurer : Global AuthenticationManager configured with AuthenticationProvider bean with name authenticationProvider
2026-08-26T13:45:36.1293283Z 2026-08-26T13:45:36.127Z  WARN 1 --- [           main] r$InitializeUserDetailsManagerConfigurer : Global AuthenticationManager configured with an AuthenticationProvider bean. UserDetailsService beans will not be used by Spring Security for automatically configuring username/password login. Consider removing the AuthenticationProvider bean. Alternatively, consider using the UserDetailsService in a manually instantiated DaoAuthenticationProvider. If the current configuration is intentional, to turn off this warning, increase the logging level of 'org.springframework.security.config.annotation.authentication.configuration.InitializeUserDetailsBeanManagerConfigurer' to ERROR
2026-08-26T13:45:46.1384142Z 2026-08-26T13:45:46.108Z  WARN 1 --- [           main] ConfigServletWebServerApplicationContext : Exception encountered during context initialization - cancelling refresh attempt: org.springframework.beans.factory.UnsatisfiedDependencyException: Error creating bean with name 'passwordResetController' defined in URL [jar:nested:/app/app.jar/!BOOT-INF/classes/!/com/rvce/scas/controller/PasswordResetController.class]: Unsatisfied dependency expressed through constructor parameter 0: Error creating bean with name 'passwordResetService' defined in URL [jar:nested:/app/app.jar/!BOOT-INF/classes/!/com/rvce/scas/service/PasswordResetService.class]: Unsatisfied dependency expressed through constructor parameter 3: No qualifying bean of type 'com.rvce.scas.service.email.EmailService' available: expected at least 1 bean which qualifies as autowire candidate. Dependency annotations: {}
2026-08-26T13:45:46.1581131Z 2026-08-26T13:45:46.157Z  INFO 1 --- [           main] j.LocalContainerEntityManagerFactoryBean : Closing JPA EntityManagerFactory for persistence unit 'default'
2026-08-26T13:45:46.2668653Z 2026-08-26T13:45:46.256Z  INFO 1 --- [           main] com.zaxxer.hikari.HikariDataSource       : HikariPool-1 - Shutdown initiated...
2026-08-26T13:45:46.3424933Z 2026-08-26T13:45:46.341Z  INFO 1 --- [           main] com.zaxxer.hikari.HikariDataSource       : HikariPool-1 - Shutdown completed.
2026-08-26T13:45:46.4961583Z 2026-08-26T13:45:46.495Z  INFO 1 --- [           main] o.apache.catalina.core.StandardService   : Stopping service [Tomcat]
2026-08-26T13:45:46.7590340Z 2026-08-26T13:45:46.758Z  INFO 1 --- [           main] .s.b.a.l.ConditionEvaluationReportLogger : 
2026-08-26T13:45:46.7590892Z 
2026-08-26T13:45:46.7590956Z Error starting ApplicationContext. To display the condition evaluation report re-run your application with 'debug' enabled.
2026-08-26T13:45:47.0728682Z 2026-08-26T13:45:47.072Z ERROR 1 --- [           main] o.s.b.d.LoggingFailureAnalysisReporter   : 
2026-08-26T13:45:47.0729243Z 
2026-08-26T13:45:47.0729298Z ***************************
2026-08-26T13:45:47.0729328Z APPLICATION FAILED TO START
2026-08-26T13:45:47.0729349Z ***************************
2026-08-26T13:45:47.0729373Z 
2026-08-26T13:45:47.0729401Z Description:
2026-08-26T13:45:47.0729421Z 
2026-08-26T13:45:47.0729545Z Parameter 3 of constructor in com.rvce.scas.service.PasswordResetService required a bean of type 'com.rvce.scas.service.email.EmailService' that could not be found.
2026-08-26T13:45:47.0729582Z 
2026-08-26T13:45:47.0729602Z 
2026-08-26T13:45:47.0729623Z Action:
2026-08-26T13:45:47.0729643Z 
2026-08-26T13:45:47.0729670Z Consider defining a bean of type 'com.rvce.scas.service.email.EmailService' in your configuration.
2026-08-26T13:45:47.0729691Z 
2026-08-26T14:09:59.0829986Z 
2026-08-26T14:09:59.0862367Z   .   ____          _            __ _ _
2026-08-26T14:09:59.0862920Z  /\\ / ___'_ __ _ _(_)_ __  __ _ \ \ \ \
2026-08-26T14:09:59.0862986Z ( ( )\___ | '_ | '_| | '_ \/ _` | \ \ \ \
2026-08-26T14:09:59.0863016Z  \\/  ___)| |_)| | | | | || (_| |  ) ) ) )
2026-08-26T14:09:59.0863045Z   '  |____| .__|_| |_|_| |_\__, | / / / /
2026-08-26T14:09:59.0863132Z  =========|_|==============|___/=/_/_/_/
2026-08-26T14:09:59.0863158Z 
2026-08-26T14:09:59.0965155Z  :: Spring Boot ::               (v3.5.13)
2026-08-26T14:09:59.0965289Z 
2026-08-26T14:10:00.0662895Z 2026-08-26T14:10:00.039Z  INFO 1 --- [           main] com.rvce.scas.ScasApplication            : Starting ScasApplication v0.0.1-SNAPSHOT using Java 17.0.20 with PID 1 (/app/app.jar started by root in /app)
2026-08-26T14:10:00.0776657Z 2026-08-26T14:10:00.077Z  INFO 1 --- [           main] com.rvce.scas.ScasApplication            : The following 1 profile is active: "prod"
2026-08-26T14:10:24.6875057Z 2026-08-26T14:10:24.681Z  INFO 1 --- [           main] .s.d.r.c.RepositoryConfigurationDelegate : Multiple Spring Data modules found, entering strict repository configuration mode
2026-08-26T14:10:24.7092671Z 2026-08-26T14:10:24.708Z  INFO 1 --- [           main] .s.d.r.c.RepositoryConfigurationDelegate : Bootstrapping Spring Data JPA repositories in DEFAULT mode.
2026-08-26T14:10:27.3887922Z 2026-08-26T14:10:27.388Z  INFO 1 --- [           main] .s.d.r.c.RepositoryConfigurationDelegate : Finished Spring Data repository scanning in 2590 ms. Found 12 JPA repository interfaces.
2026-08-26T14:10:27.6048527Z 2026-08-26T14:10:27.604Z  INFO 1 --- [           main] .s.d.r.c.RepositoryConfigurationDelegate : Multiple Spring Data modules found, entering strict repository configuration mode
2026-08-26T14:10:27.6236046Z 2026-08-26T14:10:27.623Z  INFO 1 --- [           main] .s.d.r.c.RepositoryConfigurationDelegate : Bootstrapping Spring Data Redis repositories in DEFAULT mode.
2026-08-26T14:10:27.7996164Z 2026-08-26T14:10:27.799Z  INFO 1 --- [           main] .RepositoryConfigurationExtensionSupport : Spring Data Redis - Could not safely identify store assignment for repository candidate interface com.rvce.scas.repository.DepartmentRepository; If you want this repository to be a Redis repository, consider annotating your entities with one of these annotations: org.springframework.data.redis.core.RedisHash (preferred), or consider extending one of the following types with your repository: org.springframework.data.keyvalue.repository.KeyValueRepository
2026-08-26T14:10:27.8075001Z 2026-08-26T14:10:27.801Z  INFO 1 --- [           main] .RepositoryConfigurationExtensionSupport : Spring Data Redis - Could not safely identify store assignment for repository candidate interface com.rvce.scas.repository.ExamHallRepository; If you want this repository to be a Redis repository, consider annotating your entities with one of these annotations: org.springframework.data.redis.core.RedisHash (preferred), or consider extending one of the following types with your repository: org.springframework.data.keyvalue.repository.KeyValueRepository
2026-08-26T14:10:27.8087647Z 2026-08-26T14:10:27.808Z  INFO 1 --- [           main] .RepositoryConfigurationExtensionSupport : Spring Data Redis - Could not safely identify store assignment for repository candidate interface com.rvce.scas.repository.ExamSeatRepository; If you want this repository to be a Redis repository, consider annotating your entities with one of these annotations: org.springframework.data.redis.core.RedisHash (preferred), or consider extending one of the following types with your repository: org.springframework.data.keyvalue.repository.KeyValueRepository
2026-08-26T14:10:27.8103329Z 2026-08-26T14:10:27.810Z  INFO 1 --- [           main] .RepositoryConfigurationExtensionSupport : Spring Data Redis - Could not safely identify store assignment for repository candidate interface com.rvce.scas.repository.ExamSessionRepository; If you want this repository to be a Redis repository, consider annotating your entities with one of these annotations: org.springframework.data.redis.core.RedisHash (preferred), or consider extending one of the following types with your repository: org.springframework.data.keyvalue.repository.KeyValueRepository
2026-08-26T14:10:27.8173649Z 2026-08-26T14:10:27.810Z  INFO 1 --- [           main] .RepositoryConfigurationExtensionSupport : Spring Data Redis - Could not safely identify store assignment for repository candidate interface com.rvce.scas.repository.ExamStudentRepository; If you want this repository to be a Redis repository, consider annotating your entities with one of these annotations: org.springframework.data.redis.core.RedisHash (preferred), or consider extending one of the following types with your repository: org.springframework.data.keyvalue.repository.KeyValueRepository
2026-08-26T14:10:27.8188091Z 2026-08-26T14:10:27.818Z  INFO 1 --- [           main] .RepositoryConfigurationExtensionSupport : Spring Data Redis - Could not safely identify store assignment for repository candidate interface com.rvce.scas.repository.NotificationRepository; If you want this repository to be a Redis repository, consider annotating your entities with one of these annotations: org.springframework.data.redis.core.RedisHash (preferred), or consider extending one of the following types with your repository: org.springframework.data.keyvalue.repository.KeyValueRepository
2026-08-26T14:10:27.8197298Z 2026-08-26T14:10:27.819Z  INFO 1 --- [           main] .RepositoryConfigurationExtensionSupport : Spring Data Redis - Could not safely identify store assignment for repository candidate interface com.rvce.scas.repository.PasswordResetTokenRepository; If you want this repository to be a Redis repository, consider annotating your entities with one of these annotations: org.springframework.data.redis.core.RedisHash (preferred), or consider extending one of the following types with your repository: org.springframework.data.keyvalue.repository.KeyValueRepository
2026-08-26T14:10:27.8208277Z 2026-08-26T14:10:27.820Z  INFO 1 --- [           main] .RepositoryConfigurationExtensionSupport : Spring Data Redis - Could not safely identify store assignment for repository candidate interface com.rvce.scas.repository.RoleRepository; If you want this repository to be a Redis repository, consider annotating your entities with one of these annotations: org.springframework.data.redis.core.RedisHash (preferred), or consider extending one of the following types with your repository: org.springframework.data.keyvalue.repository.KeyValueRepository
2026-08-26T14:10:27.8276870Z 2026-08-26T14:10:27.827Z  INFO 1 --- [           main] .RepositoryConfigurationExtensionSupport : Spring Data Redis - Could not safely identify store assignment for repository candidate interface com.rvce.scas.repository.RoomRepository; If you want this repository to be a Redis repository, consider annotating your entities with one of these annotations: org.springframework.data.redis.core.RedisHash (preferred), or consider extending one of the following types with your repository: org.springframework.data.keyvalue.repository.KeyValueRepository
2026-08-26T14:10:27.8285171Z 2026-08-26T14:10:27.828Z  INFO 1 --- [           main] .RepositoryConfigurationExtensionSupport : Spring Data Redis - Could not safely identify store assignment for repository candidate interface com.rvce.scas.repository.TimetableSlotRepository; If you want this repository to be a Redis repository, consider annotating your entities with one of these annotations: org.springframework.data.redis.core.RedisHash (preferred), or consider extending one of the following types with your repository: org.springframework.data.keyvalue.repository.KeyValueRepository
2026-08-26T14:10:27.8295321Z 2026-08-26T14:10:27.829Z  INFO 1 --- [           main] .RepositoryConfigurationExtensionSupport : Spring Data Redis - Could not safely identify store assignment for repository candidate interface com.rvce.scas.repository.UserRepository; If you want this repository to be a Redis repository, consider annotating your entities with one of these annotations: org.springframework.data.redis.core.RedisHash (preferred), or consider extending one of the following types with your repository: org.springframework.data.keyvalue.repository.KeyValueRepository
2026-08-26T14:10:27.8307048Z 2026-08-26T14:10:27.830Z  INFO 1 --- [           main] .RepositoryConfigurationExtensionSupport : Spring Data Redis - Could not safely identify store assignment for repository candidate interface com.rvce.scas.repository.UserRoleRepository; If you want this repository to be a Redis repository, consider annotating your entities with one of these annotations: org.springframework.data.redis.core.RedisHash (preferred), or consider extending one of the following types with your repository: org.springframework.data.keyvalue.repository.KeyValueRepository
2026-08-26T14:10:27.8564091Z 2026-08-26T14:10:27.855Z  INFO 1 --- [           main] .s.d.r.c.RepositoryConfigurationDelegate : Finished Spring Data repository scanning in 119 ms. Found 0 Redis repository interfaces.
2026-08-26T14:10:37.2124084Z 2026-08-26T14:10:37.205Z  INFO 1 --- [           main] o.s.b.w.embedded.tomcat.TomcatWebServer  : Tomcat initialized with port 8080 (http)
2026-08-26T14:10:37.3672827Z 2026-08-26T14:10:37.366Z  INFO 1 --- [           main] o.apache.catalina.core.StandardService   : Starting service [Tomcat]
2026-08-26T14:10:37.3744898Z 2026-08-26T14:10:37.373Z  INFO 1 --- [           main] o.apache.catalina.core.StandardEngine    : Starting Servlet engine: [Apache Tomcat/10.1.53]
2026-08-26T14:10:38.6133890Z 2026-08-26T14:10:38.612Z  INFO 1 --- [           main] o.a.c.c.C.[Tomcat].[localhost].[/]       : Initializing Spring embedded WebApplicationContext
2026-08-26T14:10:38.6328276Z 2026-08-26T14:10:38.632Z  INFO 1 --- [           main] w.s.c.ServletWebServerApplicationContext : Root WebApplicationContext: initialization completed in 38155 ms
2026-08-26T14:10:56.7773876Z 2026-08-26T14:10:56.769Z  INFO 1 --- [           main] com.zaxxer.hikari.HikariDataSource       : HikariPool-1 - Starting...
2026-08-26T14:10:59.9933402Z 2026-08-26T14:10:59.992Z  INFO 1 --- [           main] com.zaxxer.hikari.pool.HikariPool        : HikariPool-1 - Added connection org.postgresql.jdbc.PgConnection@509e4902
2026-08-26T14:11:00.0144482Z 2026-08-26T14:11:00.014Z  INFO 1 --- [           main] com.zaxxer.hikari.HikariDataSource       : HikariPool-1 - Start completed.
2026-08-26T14:11:00.4429653Z 2026-08-26T14:11:00.442Z  INFO 1 --- [           main] org.flywaydb.core.FlywayExecutor         : Database: jdbc:postgresql://scas-postgres-k23.postgres.database.azure.com:5432/scasdb?sslmode=require (PostgreSQL 16.14)
2026-08-26T14:11:02.2973193Z 2026-08-26T14:11:02.296Z  WARN 1 --- [           main] ConfigServletWebServerApplicationContext : Exception encountered during context initialization - cancelling refresh attempt: org.springframework.beans.factory.BeanCreationException: Error creating bean with name 'entityManagerFactory' defined in class path resource [org/springframework/boot/autoconfigure/orm/jpa/HibernateJpaConfiguration.class]: Failed to initialize dependency 'flywayInitializer' of LoadTimeWeaverAware bean 'entityManagerFactory': Error creating bean with name 'flywayInitializer' defined in class path resource [org/springframework/boot/autoconfigure/flyway/FlywayAutoConfiguration$FlywayConfiguration.class]: Validate failed: Migrations have failed validation
2026-08-26T14:11:02.2973714Z Migration checksum mismatch for migration version 1
2026-08-26T14:11:02.2973745Z -> Applied to database : -1104352864
2026-08-26T14:11:02.2973768Z -> Resolved locally    : -1630943335
2026-08-26T14:11:02.2973796Z Either revert the changes to the migration, or run repair to update the schema history.
2026-08-26T14:11:02.2973849Z Need more flexibility with validation rules? Learn more: https://rd.gt/3AbJUZE
2026-08-26T14:11:02.3048282Z 2026-08-26T14:11:02.303Z  INFO 1 --- [           main] com.zaxxer.hikari.HikariDataSource       : HikariPool-1 - Shutdown initiated...
2026-08-26T14:11:02.3636243Z 2026-08-26T14:11:02.363Z  INFO 1 --- [           main] com.zaxxer.hikari.HikariDataSource       : HikariPool-1 - Shutdown completed.
2026-08-26T14:11:02.5470574Z 2026-08-26T14:11:02.540Z  INFO 1 --- [           main] o.apache.catalina.core.StandardService   : Stopping service [Tomcat]
2026-08-26T14:11:02.7344315Z 2026-08-26T14:11:02.733Z  INFO 1 --- [           main] .s.b.a.l.ConditionEvaluationReportLogger : 
2026-08-26T14:11:02.7344865Z 
2026-08-26T14:11:02.7344914Z Error starting ApplicationContext. To display the condition evaluation report re-run your application with 'debug' enabled.
2026-08-26T14:11:03.0308063Z 2026-08-26T14:11:02.989Z ERROR 1 --- [           main] o.s.boot.SpringApplication               : Application run failed
2026-08-26T14:11:03.0308582Z 
2026-08-26T14:11:03.0308678Z org.springframework.beans.factory.BeanCreationException: Error creating bean with name 'entityManagerFactory' defined in class path resource [org/springframework/boot/autoconfigure/orm/jpa/HibernateJpaConfiguration.class]: Failed to initialize dependency 'flywayInitializer' of LoadTimeWeaverAware bean 'entityManagerFactory': Error creating bean with name 'flywayInitializer' defined in class path resource [org/springframework/boot/autoconfigure/flyway/FlywayAutoConfiguration$FlywayConfiguration.class]: Validate failed: Migrations have failed validation
2026-08-26T14:11:03.0308814Z Migration checksum mismatch for migration version 1
2026-08-26T14:11:03.0308844Z -> Applied to database : -1104352864
2026-08-26T14:11:03.0313936Z -> Resolved locally    : -1630943335
2026-08-26T14:11:03.0313976Z Either revert the changes to the migration, or run repair to update the schema history.
2026-08-26T14:11:03.0314006Z Need more flexibility with validation rules? Learn more: https://rd.gt/3AbJUZE
2026-08-26T14:11:03.0314041Z 	at org.springframework.beans.factory.support.AbstractBeanFactory.doGetBean(AbstractBeanFactory.java:328) ~[spring-beans-6.2.17.jar!/:6.2.17]
2026-08-26T14:11:03.0314098Z 	at org.springframework.beans.factory.support.AbstractBeanFactory.getBean(AbstractBeanFactory.java:207) ~[spring-beans-6.2.17.jar!/:6.2.17]
2026-08-26T14:11:03.0314133Z 	at org.springframework.context.support.AbstractApplicationContext.finishBeanFactoryInitialization(AbstractApplicationContext.java:974) ~[spring-context-6.2.17.jar!/:6.2.17]
2026-08-26T14:11:03.0314166Z 	at org.springframework.context.support.AbstractApplicationContext.refresh(AbstractApplicationContext.java:628) ~[spring-context-6.2.17.jar!/:6.2.17]
2026-08-26T14:11:03.0314200Z 	at org.springframework.boot.web.servlet.context.ServletWebServerApplicationContext.refresh(ServletWebServerApplicationContext.java:146) ~[spring-boot-3.5.13.jar!/:3.5.13]
2026-08-26T14:11:03.0314262Z 	at org.springframework.boot.SpringApplication.refresh(SpringApplication.java:752) ~[spring-boot-3.5.13.jar!/:3.5.13]
2026-08-26T14:11:03.0314295Z 	at org.springframework.boot.SpringApplication.refreshContext(SpringApplication.java:439) ~[spring-boot-3.5.13.jar!/:3.5.13]
2026-08-26T14:11:03.0314326Z 	at org.springframework.boot.SpringApplication.run(SpringApplication.java:318) ~[spring-boot-3.5.13.jar!/:3.5.13]
2026-08-26T14:11:03.0314357Z 	at org.springframework.boot.SpringApplication.run(SpringApplication.java:1361) ~[spring-boot-3.5.13.jar!/:3.5.13]
2026-08-26T14:11:03.0314390Z 	at org.springframework.boot.SpringApplication.run(SpringApplication.java:1350) ~[spring-boot-3.5.13.jar!/:3.5.13]
2026-08-26T14:11:03.0314450Z 	at com.rvce.scas.ScasApplication.main(ScasApplication.java:20) ~[!/:0.0.1-SNAPSHOT]
2026-08-26T14:11:03.0314481Z 	at java.base/jdk.internal.reflect.NativeMethodAccessorImpl.invoke0(Native Method) ~[na:na]
2026-08-26T14:11:03.0314510Z 	at java.base/jdk.internal.reflect.NativeMethodAccessorImpl.invoke(Unknown Source) ~[na:na]
2026-08-26T14:11:03.0314542Z 	at java.base/jdk.internal.reflect.DelegatingMethodAccessorImpl.invoke(Unknown Source) ~[na:na]
2026-08-26T14:11:03.0314570Z 	at java.base/java.lang.reflect.Method.invoke(Unknown Source) ~[na:na]
2026-08-26T14:11:03.0314598Z 	at org.springframework.boot.loader.launch.Launcher.launch(Launcher.java:106) ~[app.jar:0.0.1-SNAPSHOT]
2026-08-26T14:11:03.0314648Z 	at org.springframework.boot.loader.launch.Launcher.launch(Launcher.java:64) ~[app.jar:0.0.1-SNAPSHOT]
2026-08-26T14:11:03.0314679Z 	at org.springframework.boot.loader.launch.JarLauncher.main(JarLauncher.java:40) ~[app.jar:0.0.1-SNAPSHOT]
2026-08-26T14:11:03.0314720Z Caused by: org.springframework.beans.factory.BeanCreationException: Error creating bean with name 'flywayInitializer' defined in class path resource [org/springframework/boot/autoconfigure/flyway/FlywayAutoConfiguration$FlywayConfiguration.class]: Validate failed: Migrations have failed validation
2026-08-26T14:11:03.0314747Z Migration checksum mismatch for migration version 1
2026-08-26T14:11:03.0314773Z -> Applied to database : -1104352864
2026-08-26T14:11:03.0314798Z -> Resolved locally    : -1630943335
2026-08-26T14:11:03.0314846Z Either revert the changes to the migration, or run repair to update the schema history.
2026-08-26T14:11:03.0314875Z Need more flexibility with validation rules? Learn more: https://rd.gt/3AbJUZE
2026-08-26T14:11:03.0314909Z 	at org.springframework.beans.factory.support.AbstractAutowireCapableBeanFactory.initializeBean(AbstractAutowireCapableBeanFactory.java:1826) ~[spring-beans-6.2.17.jar!/:6.2.17]
2026-08-26T14:11:03.0314945Z 	at org.springframework.beans.factory.support.AbstractAutowireCapableBeanFactory.doCreateBean(AbstractAutowireCapableBeanFactory.java:607) ~[spring-beans-6.2.17.jar!/:6.2.17]
2026-08-26T14:11:03.0315185Z 	at org.springframework.beans.factory.support.AbstractAutowireCapableBeanFactory.createBean(AbstractAutowireCapableBeanFactory.java:529) ~[spring-beans-6.2.17.jar!/:6.2.17]
2026-08-26T14:11:03.0315230Z 	at org.springframework.beans.factory.support.AbstractBeanFactory.lambda$doGetBean$0(AbstractBeanFactory.java:339) ~[spring-beans-6.2.17.jar!/:6.2.17]
2026-08-26T14:11:03.0383677Z 	at org.springframework.beans.factory.support.DefaultSingletonBeanRegistry.getSingleton(DefaultSingletonBeanRegistry.java:373) ~[spring-beans-6.2.17.jar!/:6.2.17]
2026-08-26T14:11:03.0383813Z 	at org.springframework.beans.factory.support.AbstractBeanFactory.doGetBean(AbstractBeanFactory.java:337) ~[spring-beans-6.2.17.jar!/:6.2.17]
2026-08-26T14:11:03.0383852Z 	at org.springframework.beans.factory.support.AbstractBeanFactory.getBean(AbstractBeanFactory.java:202) ~[spring-beans-6.2.17.jar!/:6.2.17]
2026-08-26T14:11:03.0383915Z 	at org.springframework.beans.factory.support.AbstractBeanFactory.doGetBean(AbstractBeanFactory.java:315) ~[spring-beans-6.2.17.jar!/:6.2.17]
2026-08-26T14:11:03.0383943Z 	... 17 common frames omitted
2026-08-26T14:11:03.0383977Z Caused by: org.flywaydb.core.api.exception.FlywayValidateException: Validate failed: Migrations have failed validation
2026-08-26T14:11:03.0384006Z Migration checksum mismatch for migration version 1
2026-08-26T14:11:03.0384032Z -> Applied to database : -1104352864
2026-08-26T14:11:03.0384058Z -> Resolved locally    : -1630943335
2026-08-26T14:11:03.0384088Z Either revert the changes to the migration, or run repair to update the schema history.
2026-08-26T14:11:03.0384297Z Need more flexibility with validation rules? Learn more: https://rd.gt/3AbJUZE
2026-08-26T14:11:03.0384328Z 	at org.flywaydb.core.Flyway.lambda$migrate$1(Flyway.java:201) ~[flyway-core-11.7.2.jar!/:na]
2026-08-26T14:11:03.0384358Z 	at org.flywaydb.core.FlywayExecutor.execute(FlywayExecutor.java:210) ~[flyway-core-11.7.2.jar!/:na]
2026-08-26T14:11:03.0384387Z 	at org.flywaydb.core.Flyway.migrate(Flyway.java:188) ~[flyway-core-11.7.2.jar!/:na]
2026-08-26T14:11:03.0384421Z 	at org.springframework.boot.autoconfigure.flyway.FlywayMigrationInitializer.afterPropertiesSet(FlywayMigrationInitializer.java:66) ~[spring-boot-autoconfigure-3.5.13.jar!/:3.5.13]
2026-08-26T14:11:03.0384455Z 	at org.springframework.beans.factory.support.AbstractAutowireCapableBeanFactory.invokeInitMethods(AbstractAutowireCapableBeanFactory.java:1873) ~[spring-beans-6.2.17.jar!/:6.2.17]
2026-08-26T14:11:03.0384512Z 	at org.springframework.beans.factory.support.AbstractAutowireCapableBeanFactory.initializeBean(AbstractAutowireCapableBeanFactory.java:1822) ~[spring-beans-6.2.17.jar!/:6.2.17]
2026-08-26T14:11:03.0384753Z 	... 24 common frames omitted
2026-08-26T14:11:03.0384778Z 
2026-08-26T14:22:52.7530886Z 
2026-08-26T14:22:52.7546495Z   .   ____          _            __ _ _
2026-08-26T14:22:52.7546616Z  /\\ / ___'_ __ _ _(_)_ __  __ _ \ \ \ \
2026-08-26T14:22:52.7546647Z ( ( )\___ | '_ | '_| | '_ \/ _` | \ \ \ \
2026-08-26T14:22:52.7546673Z  \\/  ___)| |_)| | | | | || (_| |  ) ) ) )
2026-08-26T14:22:52.7546704Z   '  |____| .__|_| |_|_| |_\__, | / / / /
2026-08-26T14:22:52.7546764Z  =========|_|==============|___/=/_/_/_/
2026-08-26T14:22:52.7546789Z 
2026-08-26T14:22:52.7630364Z  :: Spring Boot ::               (v3.5.13)
2026-08-26T14:22:52.7630495Z 
2026-08-26T14:22:55.0491292Z 2026-08-26T14:22:55.028Z  INFO 1 --- [           main] com.rvce.scas.ScasApplication            : Starting ScasApplication v0.0.1-SNAPSHOT using Java 17.0.20 with PID 1 (/app/app.jar started by root in /app)
2026-08-26T14:22:55.0769745Z 2026-08-26T14:22:55.076Z  INFO 1 --- [           main] com.rvce.scas.ScasApplication            : The following 1 profile is active: "prod"
2026-08-26T14:23:14.4018135Z 2026-08-26T14:23:14.401Z  INFO 1 --- [           main] .s.d.r.c.RepositoryConfigurationDelegate : Multiple Spring Data modules found, entering strict repository configuration mode
2026-08-26T14:23:14.4295602Z 2026-08-26T14:23:14.422Z  INFO 1 --- [           main] .s.d.r.c.RepositoryConfigurationDelegate : Bootstrapping Spring Data JPA repositories in DEFAULT mode.
2026-08-26T14:23:16.5117692Z 2026-08-26T14:23:16.511Z  INFO 1 --- [           main] .s.d.r.c.RepositoryConfigurationDelegate : Finished Spring Data repository scanning in 1981 ms. Found 12 JPA repository interfaces.
2026-08-26T14:23:16.9736491Z 2026-08-26T14:23:16.973Z  INFO 1 --- [           main] .s.d.r.c.RepositoryConfigurationDelegate : Multiple Spring Data modules found, entering strict repository configuration mode
2026-08-26T14:23:16.9830009Z 2026-08-26T14:23:16.982Z  INFO 1 --- [           main] .s.d.r.c.RepositoryConfigurationDelegate : Bootstrapping Spring Data Redis repositories in DEFAULT mode.
2026-08-26T14:23:17.1651040Z 2026-08-26T14:23:17.158Z  INFO 1 --- [           main] .RepositoryConfigurationExtensionSupport : Spring Data Redis - Could not safely identify store assignment for repository candidate interface com.rvce.scas.repository.DepartmentRepository; If you want this repository to be a Redis repository, consider annotating your entities with one of these annotations: org.springframework.data.redis.core.RedisHash (preferred), or consider extending one of the following types with your repository: org.springframework.data.keyvalue.repository.KeyValueRepository
2026-08-26T14:23:17.1871652Z 2026-08-26T14:23:17.185Z  INFO 1 --- [           main] .RepositoryConfigurationExtensionSupport : Spring Data Redis - Could not safely identify store assignment for repository candidate interface com.rvce.scas.repository.ExamHallRepository; If you want this repository to be a Redis repository, consider annotating your entities with one of these annotations: org.springframework.data.redis.core.RedisHash (preferred), or consider extending one of the following types with your repository: org.springframework.data.keyvalue.repository.KeyValueRepository
2026-08-26T14:23:17.2153791Z 2026-08-26T14:23:17.214Z  INFO 1 --- [           main] .RepositoryConfigurationExtensionSupport : Spring Data Redis - Could not safely identify store assignment for repository candidate interface com.rvce.scas.repository.ExamSeatRepository; If you want this repository to be a Redis repository, consider annotating your entities with one of these annotations: org.springframework.data.redis.core.RedisHash (preferred), or consider extending one of the following types with your repository: org.springframework.data.keyvalue.repository.KeyValueRepository
2026-08-26T14:23:17.2177199Z 2026-08-26T14:23:17.217Z  INFO 1 --- [           main] .RepositoryConfigurationExtensionSupport : Spring Data Redis - Could not safely identify store assignment for repository candidate interface com.rvce.scas.repository.ExamSessionRepository; If you want this repository to be a Redis repository, consider annotating your entities with one of these annotations: org.springframework.data.redis.core.RedisHash (preferred), or consider extending one of the following types with your repository: org.springframework.data.keyvalue.repository.KeyValueRepository
2026-08-26T14:23:17.2249111Z 2026-08-26T14:23:17.224Z  INFO 1 --- [           main] .RepositoryConfigurationExtensionSupport : Spring Data Redis - Could not safely identify store assignment for repository candidate interface com.rvce.scas.repository.ExamStudentRepository; If you want this repository to be a Redis repository, consider annotating your entities with one of these annotations: org.springframework.data.redis.core.RedisHash (preferred), or consider extending one of the following types with your repository: org.springframework.data.keyvalue.repository.KeyValueRepository
2026-08-26T14:23:17.2366427Z 2026-08-26T14:23:17.236Z  INFO 1 --- [           main] .RepositoryConfigurationExtensionSupport : Spring Data Redis - Could not safely identify store assignment for repository candidate interface com.rvce.scas.repository.NotificationRepository; If you want this repository to be a Redis repository, consider annotating your entities with one of these annotations: org.springframework.data.redis.core.RedisHash (preferred), or consider extending one of the following types with your repository: org.springframework.data.keyvalue.repository.KeyValueRepository
2026-08-26T14:23:17.2453182Z 2026-08-26T14:23:17.243Z  INFO 1 --- [           main] .RepositoryConfigurationExtensionSupport : Spring Data Redis - Could not safely identify store assignment for repository candidate interface com.rvce.scas.repository.PasswordResetTokenRepository; If you want this repository to be a Redis repository, consider annotating your entities with one of these annotations: org.springframework.data.redis.core.RedisHash (preferred), or consider extending one of the following types with your repository: org.springframework.data.keyvalue.repository.KeyValueRepository
2026-08-26T14:23:17.2453894Z 2026-08-26T14:23:17.244Z  INFO 1 --- [           main] .RepositoryConfigurationExtensionSupport : Spring Data Redis - Could not safely identify store assignment for repository candidate interface com.rvce.scas.repository.RoleRepository; If you want this repository to be a Redis repository, consider annotating your entities with one of these annotations: org.springframework.data.redis.core.RedisHash (preferred), or consider extending one of the following types with your repository: org.springframework.data.keyvalue.repository.KeyValueRepository
2026-08-26T14:23:17.2453977Z 2026-08-26T14:23:17.245Z  INFO 1 --- [           main] .RepositoryConfigurationExtensionSupport : Spring Data Redis - Could not safely identify store assignment for repository candidate interface com.rvce.scas.repository.RoomRepository; If you want this repository to be a Redis repository, consider annotating your entities with one of these annotations: org.springframework.data.redis.core.RedisHash (preferred), or consider extending one of the following types with your repository: org.springframework.data.keyvalue.repository.KeyValueRepository
2026-08-26T14:23:17.2474113Z 2026-08-26T14:23:17.246Z  INFO 1 --- [           main] .RepositoryConfigurationExtensionSupport : Spring Data Redis - Could not safely identify store assignment for repository candidate interface com.rvce.scas.repository.TimetableSlotRepository; If you want this repository to be a Redis repository, consider annotating your entities with one of these annotations: org.springframework.data.redis.core.RedisHash (preferred), or consider extending one of the following types with your repository: org.springframework.data.keyvalue.repository.KeyValueRepository
2026-08-26T14:23:17.2567673Z 2026-08-26T14:23:17.253Z  INFO 1 --- [           main] .RepositoryConfigurationExtensionSupport : Spring Data Redis - Could not safely identify store assignment for repository candidate interface com.rvce.scas.repository.UserRepository; If you want this repository to be a Redis repository, consider annotating your entities with one of these annotations: org.springframework.data.redis.core.RedisHash (preferred), or consider extending one of the following types with your repository: org.springframework.data.keyvalue.repository.KeyValueRepository
2026-08-26T14:23:17.2567910Z 2026-08-26T14:23:17.255Z  INFO 1 --- [           main] .RepositoryConfigurationExtensionSupport : Spring Data Redis - Could not safely identify store assignment for repository candidate interface com.rvce.scas.repository.UserRoleRepository; If you want this repository to be a Redis repository, consider annotating your entities with one of these annotations: org.springframework.data.redis.core.RedisHash (preferred), or consider extending one of the following types with your repository: org.springframework.data.keyvalue.repository.KeyValueRepository
2026-08-26T14:23:17.2567961Z 2026-08-26T14:23:17.256Z  INFO 1 --- [           main] .s.d.r.c.RepositoryConfigurationDelegate : Finished Spring Data repository scanning in 156 ms. Found 0 Redis repository interfaces.
2026-08-26T14:23:30.9854620Z 2026-08-26T14:23:30.984Z  INFO 1 --- [           main] o.s.b.w.embedded.tomcat.TomcatWebServer  : Tomcat initialized with port 8080 (http)
2026-08-26T14:23:31.1216229Z 2026-08-26T14:23:31.121Z  INFO 1 --- [           main] o.apache.catalina.core.StandardService   : Starting service [Tomcat]
2026-08-26T14:23:31.1370706Z 2026-08-26T14:23:31.135Z  INFO 1 --- [           main] o.apache.catalina.core.StandardEngine    : Starting Servlet engine: [Apache Tomcat/10.1.53]
2026-08-26T14:23:32.6931323Z 2026-08-26T14:23:32.692Z  INFO 1 --- [           main] o.a.c.c.C.[Tomcat].[localhost].[/]       : Initializing Spring embedded WebApplicationContext
2026-08-26T14:23:32.7280138Z 2026-08-26T14:23:32.727Z  INFO 1 --- [           main] w.s.c.ServletWebServerApplicationContext : Root WebApplicationContext: initialization completed in 37036 ms
2026-08-26T14:23:52.8851910Z 2026-08-26T14:23:52.875Z  INFO 1 --- [           main] com.zaxxer.hikari.HikariDataSource       : HikariPool-1 - Starting...
2026-08-26T14:23:56.1425000Z 2026-08-26T14:23:56.114Z  INFO 1 --- [           main] com.zaxxer.hikari.pool.HikariPool        : HikariPool-1 - Added connection org.postgresql.jdbc.PgConnection@1a06b95
2026-08-26T14:23:56.1694772Z 2026-08-26T14:23:56.163Z  INFO 1 --- [           main] com.zaxxer.hikari.HikariDataSource       : HikariPool-1 - Start completed.
2026-08-26T14:23:56.7102476Z 2026-08-26T14:23:56.709Z  INFO 1 --- [           main] org.flywaydb.core.FlywayExecutor         : Database: jdbc:postgresql://scas-postgres-k23.postgres.database.azure.com:5432/scasdb?sslmode=require (PostgreSQL 16.14)
2026-08-26T14:23:58.1618741Z 2026-08-26T14:23:58.155Z  WARN 1 --- [           main] ConfigServletWebServerApplicationContext : Exception encountered during context initialization - cancelling refresh attempt: org.springframework.beans.factory.BeanCreationException: Error creating bean with name 'entityManagerFactory' defined in class path resource [org/springframework/boot/autoconfigure/orm/jpa/HibernateJpaConfiguration.class]: Failed to initialize dependency 'flywayInitializer' of LoadTimeWeaverAware bean 'entityManagerFactory': Error creating bean with name 'flywayInitializer' defined in class path resource [org/springframework/boot/autoconfigure/flyway/FlywayAutoConfiguration$FlywayConfiguration.class]: Validate failed: Migrations have failed validation
2026-08-26T14:23:58.1619416Z Migration checksum mismatch for migration version 1
2026-08-26T14:23:58.1619454Z -> Applied to database : -1104352864
2026-08-26T14:23:58.1619482Z -> Resolved locally    : -1630943335
2026-08-26T14:23:58.1619512Z Either revert the changes to the migration, or run repair to update the schema history.
2026-08-26T14:23:58.1619542Z Need more flexibility with validation rules? Learn more: https://rd.gt/3AbJUZE
2026-08-26T14:23:58.1634967Z 2026-08-26T14:23:58.163Z  INFO 1 --- [           main] com.zaxxer.hikari.HikariDataSource       : HikariPool-1 - Shutdown initiated...
2026-08-26T14:23:58.2220693Z 2026-08-26T14:23:58.204Z  INFO 1 --- [           main] com.zaxxer.hikari.HikariDataSource       : HikariPool-1 - Shutdown completed.
2026-08-26T14:23:58.3976522Z 2026-08-26T14:23:58.397Z  INFO 1 --- [           main] o.apache.catalina.core.StandardService   : Stopping service [Tomcat]
2026-08-26T14:23:58.6073106Z 2026-08-26T14:23:58.601Z  INFO 1 --- [           main] .s.b.a.l.ConditionEvaluationReportLogger : 
2026-08-26T14:23:58.6073588Z 
2026-08-26T14:23:58.6073653Z Error starting ApplicationContext. To display the condition evaluation report re-run your application with 'debug' enabled.
2026-08-26T14:23:58.9933311Z 2026-08-26T14:23:58.925Z ERROR 1 --- [           main] o.s.boot.SpringApplication               : Application run failed
2026-08-26T14:23:58.9933963Z 
2026-08-26T14:23:58.9934069Z org.springframework.beans.factory.BeanCreationException: Error creating bean with name 'entityManagerFactory' defined in class path resource [org/springframework/boot/autoconfigure/orm/jpa/HibernateJpaConfiguration.class]: Failed to initialize dependency 'flywayInitializer' of LoadTimeWeaverAware bean 'entityManagerFactory': Error creating bean with name 'flywayInitializer' defined in class path resource [org/springframework/boot/autoconfigure/flyway/FlywayAutoConfiguration$FlywayConfiguration.class]: Validate failed: Migrations have failed validation
2026-08-26T14:23:58.9934104Z Migration checksum mismatch for migration version 1
2026-08-26T14:23:58.9934490Z -> Applied to database : -1104352864
2026-08-26T14:23:58.9934524Z -> Resolved locally    : -1630943335
2026-08-26T14:23:58.9934555Z Either revert the changes to the migration, or run repair to update the schema history.
2026-08-26T14:23:58.9934585Z Need more flexibility with validation rules? Learn more: https://rd.gt/3AbJUZE
2026-08-26T14:23:58.9934618Z 	at org.springframework.beans.factory.support.AbstractBeanFactory.doGetBean(AbstractBeanFactory.java:328) ~[spring-beans-6.2.17.jar!/:6.2.17]
2026-08-26T14:23:58.9934651Z 	at org.springframework.beans.factory.support.AbstractBeanFactory.getBean(AbstractBeanFactory.java:207) ~[spring-beans-6.2.17.jar!/:6.2.17]
2026-08-26T14:23:58.9934707Z 	at org.springframework.context.support.AbstractApplicationContext.finishBeanFactoryInitialization(AbstractApplicationContext.java:974) ~[spring-context-6.2.17.jar!/:6.2.17]
2026-08-26T14:23:58.9934743Z 	at org.springframework.context.support.AbstractApplicationContext.refresh(AbstractApplicationContext.java:628) ~[spring-context-6.2.17.jar!/:6.2.17]
2026-08-26T14:23:58.9934778Z 	at org.springframework.boot.web.servlet.context.ServletWebServerApplicationContext.refresh(ServletWebServerApplicationContext.java:146) ~[spring-boot-3.5.13.jar!/:3.5.13]
2026-08-26T14:23:58.9934809Z 	at org.springframework.boot.SpringApplication.refresh(SpringApplication.java:752) ~[spring-boot-3.5.13.jar!/:3.5.13]
2026-08-26T14:23:58.9934842Z 	at org.springframework.boot.SpringApplication.refreshContext(SpringApplication.java:439) ~[spring-boot-3.5.13.jar!/:3.5.13]
2026-08-26T14:23:58.9934904Z 	at org.springframework.boot.SpringApplication.run(SpringApplication.java:318) ~[spring-boot-3.5.13.jar!/:3.5.13]
2026-08-26T14:23:58.9934935Z 	at org.springframework.boot.SpringApplication.run(SpringApplication.java:1361) ~[spring-boot-3.5.13.jar!/:3.5.13]
2026-08-26T14:23:58.9934984Z 	at org.springframework.boot.SpringApplication.run(SpringApplication.java:1350) ~[spring-boot-3.5.13.jar!/:3.5.13]
2026-08-26T14:23:58.9935013Z 	at com.rvce.scas.ScasApplication.main(ScasApplication.java:20) ~[!/:0.0.1-SNAPSHOT]
2026-08-26T14:23:58.9935044Z 	at java.base/jdk.internal.reflect.NativeMethodAccessorImpl.invoke0(Native Method) ~[na:na]
2026-08-26T14:23:58.9935094Z 	at java.base/jdk.internal.reflect.NativeMethodAccessorImpl.invoke(Unknown Source) ~[na:na]
2026-08-26T14:23:58.9935125Z 	at java.base/jdk.internal.reflect.DelegatingMethodAccessorImpl.invoke(Unknown Source) ~[na:na]
2026-08-26T14:23:58.9935152Z 	at java.base/java.lang.reflect.Method.invoke(Unknown Source) ~[na:na]
2026-08-26T14:23:58.9935182Z 	at org.springframework.boot.loader.launch.Launcher.launch(Launcher.java:106) ~[app.jar:0.0.1-SNAPSHOT]
2026-08-26T14:23:58.9935211Z 	at org.springframework.boot.loader.launch.Launcher.launch(Launcher.java:64) ~[app.jar:0.0.1-SNAPSHOT]
2026-08-26T14:23:58.9935240Z 	at org.springframework.boot.loader.launch.JarLauncher.main(JarLauncher.java:40) ~[app.jar:0.0.1-SNAPSHOT]
2026-08-26T14:23:58.9935304Z Caused by: org.springframework.beans.factory.BeanCreationException: Error creating bean with name 'flywayInitializer' defined in class path resource [org/springframework/boot/autoconfigure/flyway/FlywayAutoConfiguration$FlywayConfiguration.class]: Validate failed: Migrations have failed validation
2026-08-26T14:23:58.9935332Z Migration checksum mismatch for migration version 1
2026-08-26T14:23:58.9935358Z -> Applied to database : -1104352864
2026-08-26T14:23:58.9935383Z -> Resolved locally    : -1630943335
2026-08-26T14:23:58.9935412Z Either revert the changes to the migration, or run repair to update the schema history.
2026-08-26T14:23:58.9935439Z Need more flexibility with validation rules? Learn more: https://rd.gt/3AbJUZE
2026-08-26T14:23:58.9935524Z 	at org.springframework.beans.factory.support.AbstractAutowireCapableBeanFactory.initializeBean(AbstractAutowireCapableBeanFactory.java:1826) ~[spring-beans-6.2.17.jar!/:6.2.17]
2026-08-26T14:23:58.9935565Z 	at org.springframework.beans.factory.support.AbstractAutowireCapableBeanFactory.doCreateBean(AbstractAutowireCapableBeanFactory.java:607) ~[spring-beans-6.2.17.jar!/:6.2.17]
2026-08-26T14:23:58.9935865Z 	at org.springframework.beans.factory.support.AbstractAutowireCapableBeanFactory.createBean(AbstractAutowireCapableBeanFactory.java:529) ~[spring-beans-6.2.17.jar!/:6.2.17]
2026-08-26T14:23:58.9935933Z 	at org.springframework.beans.factory.support.AbstractBeanFactory.lambda$doGetBean$0(AbstractBeanFactory.java:339) ~[spring-beans-6.2.17.jar!/:6.2.17]
2026-08-26T14:23:58.9935967Z 	at org.springframework.beans.factory.support.DefaultSingletonBeanRegistry.getSingleton(DefaultSingletonBeanRegistry.java:373) ~[spring-beans-6.2.17.jar!/:6.2.17]
2026-08-26T14:23:58.9935999Z 	at org.springframework.beans.factory.support.AbstractBeanFactory.doGetBean(AbstractBeanFactory.java:337) ~[spring-beans-6.2.17.jar!/:6.2.17]
2026-08-26T14:23:58.9936031Z 	at org.springframework.beans.factory.support.AbstractBeanFactory.getBean(AbstractBeanFactory.java:202) ~[spring-beans-6.2.17.jar!/:6.2.17]
2026-08-26T14:23:58.9936063Z 	at org.springframework.beans.factory.support.AbstractBeanFactory.doGetBean(AbstractBeanFactory.java:315) ~[spring-beans-6.2.17.jar!/:6.2.17]
2026-08-26T14:23:58.9936112Z 	... 17 common frames omitted
2026-08-26T14:23:58.9936144Z Caused by: org.flywaydb.core.api.exception.FlywayValidateException: Validate failed: Migrations have failed validation
2026-08-26T14:23:58.9936170Z Migration checksum mismatch for migration version 1
2026-08-26T14:23:58.9936196Z -> Applied to database : -1104352864
2026-08-26T14:23:58.9936220Z -> Resolved locally    : -1630943335
2026-08-26T14:23:58.9936248Z Either revert the changes to the migration, or run repair to update the schema history.
2026-08-26T14:23:58.9936275Z Need more flexibility with validation rules? Learn more: https://rd.gt/3AbJUZE
2026-08-26T14:23:58.9936337Z 	at org.flywaydb.core.Flyway.lambda$migrate$1(Flyway.java:201) ~[flyway-core-11.7.2.jar!/:na]
2026-08-26T14:23:58.9936367Z 	at org.flywaydb.core.FlywayExecutor.execute(FlywayExecutor.java:210) ~[flyway-core-11.7.2.jar!/:na]
2026-08-26T14:23:58.9936395Z 	at org.flywaydb.core.Flyway.migrate(Flyway.java:188) ~[flyway-core-11.7.2.jar!/:na]
2026-08-26T14:23:58.9936430Z 	at org.springframework.boot.autoconfigure.flyway.FlywayMigrationInitializer.afterPropertiesSet(FlywayMigrationInitializer.java:66) ~[spring-boot-autoconfigure-3.5.13.jar!/:3.5.13]
2026-08-26T14:23:58.9936464Z 	at org.springframework.beans.factory.support.AbstractAutowireCapableBeanFactory.invokeInitMethods(AbstractAutowireCapableBeanFactory.java:1873) ~[spring-beans-6.2.17.jar!/:6.2.17]
2026-08-26T14:23:58.9936524Z 	at org.springframework.beans.factory.support.AbstractAutowireCapableBeanFactory.initializeBean(AbstractAutowireCapableBeanFactory.java:1822) ~[spring-beans-6.2.17.jar!/:6.2.17]
2026-08-26T14:23:58.9937675Z 	... 24 common frames omitted
2026-08-26T14:23:58.9937734Z 
2026-08-26T14:25:47.3798055Z 
2026-08-26T14:25:47.3804569Z   .   ____          _            __ _ _
2026-08-26T14:25:47.3804699Z  /\\ / ___'_ __ _ _(_)_ __  __ _ \ \ \ \
2026-08-26T14:25:47.3804738Z ( ( )\___ | '_ | '_| | '_ \/ _` | \ \ \ \
2026-08-26T14:25:47.3804768Z  \\/  ___)| |_)| | | | | || (_| |  ) ) ) )
2026-08-26T14:25:47.3804876Z   '  |____| .__|_| |_|_| |_\__, | / / / /
2026-08-26T14:25:47.3804908Z  =========|_|==============|___/=/_/_/_/
2026-08-26T14:25:47.3804933Z 
2026-08-26T14:25:47.4169368Z  :: Spring Boot ::               (v3.5.13)
2026-08-26T14:25:47.4190247Z 
2026-08-26T14:25:48.3445353Z 2026-08-26T14:25:48.324Z  INFO 1 --- [           main] com.rvce.scas.ScasApplication            : Starting ScasApplication v0.0.1-SNAPSHOT using Java 17.0.20 with PID 1 (/app/app.jar started by root in /app)
2026-08-26T14:25:48.3544950Z 2026-08-26T14:25:48.354Z  INFO 1 --- [           main] com.rvce.scas.ScasApplication            : The following 1 profile is active: "prod"
2026-08-26T14:26:08.3795969Z 2026-08-26T14:26:08.370Z  INFO 1 --- [           main] .s.d.r.c.RepositoryConfigurationDelegate : Multiple Spring Data modules found, entering strict repository configuration mode
2026-08-26T14:26:08.4286673Z 2026-08-26T14:26:08.410Z  INFO 1 --- [           main] .s.d.r.c.RepositoryConfigurationDelegate : Bootstrapping Spring Data JPA repositories in DEFAULT mode.
2026-08-26T14:26:10.8261741Z 2026-08-26T14:26:10.825Z  INFO 1 --- [           main] .s.d.r.c.RepositoryConfigurationDelegate : Finished Spring Data repository scanning in 2307 ms. Found 12 JPA repository interfaces.
2026-08-26T14:26:11.1137163Z 2026-08-26T14:26:11.106Z  INFO 1 --- [           main] .s.d.r.c.RepositoryConfigurationDelegate : Multiple Spring Data modules found, entering strict repository configuration mode
2026-08-26T14:26:11.1410089Z 2026-08-26T14:26:11.140Z  INFO 1 --- [           main] .s.d.r.c.RepositoryConfigurationDelegate : Bootstrapping Spring Data Redis repositories in DEFAULT mode.
2026-08-26T14:26:11.4096122Z 2026-08-26T14:26:11.409Z  INFO 1 --- [           main] .RepositoryConfigurationExtensionSupport : Spring Data Redis - Could not safely identify store assignment for repository candidate interface com.rvce.scas.repository.DepartmentRepository; If you want this repository to be a Redis repository, consider annotating your entities with one of these annotations: org.springframework.data.redis.core.RedisHash (preferred), or consider extending one of the following types with your repository: org.springframework.data.keyvalue.repository.KeyValueRepository
2026-08-26T14:26:11.4388532Z 2026-08-26T14:26:11.438Z  INFO 1 --- [           main] .RepositoryConfigurationExtensionSupport : Spring Data Redis - Could not safely identify store assignment for repository candidate interface com.rvce.scas.repository.ExamHallRepository; If you want this repository to be a Redis repository, consider annotating your entities with one of these annotations: org.springframework.data.redis.core.RedisHash (preferred), or consider extending one of the following types with your repository: org.springframework.data.keyvalue.repository.KeyValueRepository
2026-08-26T14:26:11.4594241Z 2026-08-26T14:26:11.459Z  INFO 1 --- [           main] .RepositoryConfigurationExtensionSupport : Spring Data Redis - Could not safely identify store assignment for repository candidate interface com.rvce.scas.repository.ExamSeatRepository; If you want this repository to be a Redis repository, consider annotating your entities with one of these annotations: org.springframework.data.redis.core.RedisHash (preferred), or consider extending one of the following types with your repository: org.springframework.data.keyvalue.repository.KeyValueRepository
2026-08-26T14:26:11.5128459Z 2026-08-26T14:26:11.512Z  INFO 1 --- [           main] .RepositoryConfigurationExtensionSupport : Spring Data Redis - Could not safely identify store assignment for repository candidate interface com.rvce.scas.repository.ExamSessionRepository; If you want this repository to be a Redis repository, consider annotating your entities with one of these annotations: org.springframework.data.redis.core.RedisHash (preferred), or consider extending one of the following types with your repository: org.springframework.data.keyvalue.repository.KeyValueRepository
2026-08-26T14:26:11.5206262Z 2026-08-26T14:26:11.514Z  INFO 1 --- [           main] .RepositoryConfigurationExtensionSupport : Spring Data Redis - Could not safely identify store assignment for repository candidate interface com.rvce.scas.repository.ExamStudentRepository; If you want this repository to be a Redis repository, consider annotating your entities with one of these annotations: org.springframework.data.redis.core.RedisHash (preferred), or consider extending one of the following types with your repository: org.springframework.data.keyvalue.repository.KeyValueRepository
2026-08-26T14:26:11.5783123Z 2026-08-26T14:26:11.577Z  INFO 1 --- [           main] .RepositoryConfigurationExtensionSupport : Spring Data Redis - Could not safely identify store assignment for repository candidate interface com.rvce.scas.repository.NotificationRepository; If you want this repository to be a Redis repository, consider annotating your entities with one of these annotations: org.springframework.data.redis.core.RedisHash (preferred), or consider extending one of the following types with your repository: org.springframework.data.keyvalue.repository.KeyValueRepository
2026-08-26T14:26:11.5991883Z 2026-08-26T14:26:11.580Z  INFO 1 --- [           main] .RepositoryConfigurationExtensionSupport : Spring Data Redis - Could not safely identify store assignment for repository candidate interface com.rvce.scas.repository.PasswordResetTokenRepository; If you want this repository to be a Redis repository, consider annotating your entities with one of these annotations: org.springframework.data.redis.core.RedisHash (preferred), or consider extending one of the following types with your repository: org.springframework.data.keyvalue.repository.KeyValueRepository
2026-08-26T14:26:11.6068525Z 2026-08-26T14:26:11.606Z  INFO 1 --- [           main] .RepositoryConfigurationExtensionSupport : Spring Data Redis - Could not safely identify store assignment for repository candidate interface com.rvce.scas.repository.RoleRepository; If you want this repository to be a Redis repository, consider annotating your entities with one of these annotations: org.springframework.data.redis.core.RedisHash (preferred), or consider extending one of the following types with your repository: org.springframework.data.keyvalue.repository.KeyValueRepository
2026-08-26T14:26:11.6158641Z 2026-08-26T14:26:11.615Z  INFO 1 --- [           main] .RepositoryConfigurationExtensionSupport : Spring Data Redis - Could not safely identify store assignment for repository candidate interface com.rvce.scas.repository.RoomRepository; If you want this repository to be a Redis repository, consider annotating your entities with one of these annotations: org.springframework.data.redis.core.RedisHash (preferred), or consider extending one of the following types with your repository: org.springframework.data.keyvalue.repository.KeyValueRepository
2026-08-26T14:26:11.6173083Z 2026-08-26T14:26:11.617Z  INFO 1 --- [           main] .RepositoryConfigurationExtensionSupport : Spring Data Redis - Could not safely identify store assignment for repository candidate interface com.rvce.scas.repository.TimetableSlotRepository; If you want this repository to be a Redis repository, consider annotating your entities with one of these annotations: org.springframework.data.redis.core.RedisHash (preferred), or consider extending one of the following types with your repository: org.springframework.data.keyvalue.repository.KeyValueRepository
2026-08-26T14:26:11.6334972Z 2026-08-26T14:26:11.632Z  INFO 1 --- [           main] .RepositoryConfigurationExtensionSupport : Spring Data Redis - Could not safely identify store assignment for repository candidate interface com.rvce.scas.repository.UserRepository; If you want this repository to be a Redis repository, consider annotating your entities with one of these annotations: org.springframework.data.redis.core.RedisHash (preferred), or consider extending one of the following types with your repository: org.springframework.data.keyvalue.repository.KeyValueRepository
2026-08-26T14:26:11.6505099Z 2026-08-26T14:26:11.641Z  INFO 1 --- [           main] .RepositoryConfigurationExtensionSupport : Spring Data Redis - Could not safely identify store assignment for repository candidate interface com.rvce.scas.repository.UserRoleRepository; If you want this repository to be a Redis repository, consider annotating your entities with one of these annotations: org.springframework.data.redis.core.RedisHash (preferred), or consider extending one of the following types with your repository: org.springframework.data.keyvalue.repository.KeyValueRepository
2026-08-26T14:26:11.6532268Z 2026-08-26T14:26:11.653Z  INFO 1 --- [           main] .s.d.r.c.RepositoryConfigurationDelegate : Finished Spring Data repository scanning in 378 ms. Found 0 Redis repository interfaces.
2026-08-26T14:26:20.2938476Z 2026-08-26T14:26:20.293Z  INFO 1 --- [           main] o.s.b.w.embedded.tomcat.TomcatWebServer  : Tomcat initialized with port 8080 (http)
2026-08-26T14:26:20.4809702Z 2026-08-26T14:26:20.474Z  INFO 1 --- [           main] o.apache.catalina.core.StandardService   : Starting service [Tomcat]
2026-08-26T14:26:20.4825074Z 2026-08-26T14:26:20.481Z  INFO 1 --- [           main] o.apache.catalina.core.StandardEngine    : Starting Servlet engine: [Apache Tomcat/10.1.53]
2026-08-26T14:26:22.0978624Z 2026-08-26T14:26:22.091Z  INFO 1 --- [           main] o.a.c.c.C.[Tomcat].[localhost].[/]       : Initializing Spring embedded WebApplicationContext
2026-08-26T14:26:22.1602660Z 2026-08-26T14:26:22.159Z  INFO 1 --- [           main] w.s.c.ServletWebServerApplicationContext : Root WebApplicationContext: initialization completed in 33173 ms
2026-08-26T14:26:41.9930655Z 2026-08-26T14:26:41.983Z  INFO 1 --- [           main] com.zaxxer.hikari.HikariDataSource       : HikariPool-1 - Starting...
2026-08-26T14:26:44.7682600Z 2026-08-26T14:26:44.767Z  INFO 1 --- [           main] com.zaxxer.hikari.pool.HikariPool        : HikariPool-1 - Added connection org.postgresql.jdbc.PgConnection@7fb02606
2026-08-26T14:26:44.8676318Z 2026-08-26T14:26:44.865Z  INFO 1 --- [           main] com.zaxxer.hikari.HikariDataSource       : HikariPool-1 - Start completed.
2026-08-26T14:26:45.4373674Z 2026-08-26T14:26:45.436Z  INFO 1 --- [           main] org.flywaydb.core.FlywayExecutor         : Database: jdbc:postgresql://scas-postgres-k23.postgres.database.azure.com:5432/scasdb?sslmode=require (PostgreSQL 16.14)
2026-08-26T14:26:46.9271823Z 2026-08-26T14:26:46.926Z  INFO 1 --- [           main] o.f.core.internal.command.DbMigrate      : Current version of schema "public": 28
2026-08-26T14:26:46.9476442Z 2026-08-26T14:26:46.947Z  INFO 1 --- [           main] o.f.core.internal.command.DbMigrate      : Schema "public" is up to date. No migration necessary.
2026-08-26T14:26:48.1375678Z 2026-08-26T14:26:48.136Z  INFO 1 --- [           main] o.hibernate.jpa.internal.util.LogHelper  : HHH000204: Processing PersistenceUnitInfo [name: default]
2026-08-26T14:26:49.0481077Z 2026-08-26T14:26:49.047Z  INFO 1 --- [           main] org.hibernate.Version                    : HHH000412: Hibernate ORM core version 6.6.45.Final
2026-08-26T14:26:49.6464560Z 2026-08-26T14:26:49.645Z  INFO 1 --- [           main] o.h.c.internal.RegionFactoryInitiator    : HHH000026: Second-level cache disabled
2026-08-26T14:26:54.1406481Z 2026-08-26T14:26:54.140Z  INFO 1 --- [           main] o.s.o.j.p.SpringPersistenceUnitInfo      : No LoadTimeWeaver setup: ignoring JPA class transformer
2026-08-26T14:26:55.1043088Z 2026-08-26T14:26:55.098Z  WARN 1 --- [           main] org.hibernate.orm.deprecation            : HHH90000025: PostgreSQLDialect does not need to be specified explicitly using 'hibernate.dialect' (remove the property setting and it will be selected by default)
2026-08-26T14:26:55.3573132Z 2026-08-26T14:26:55.356Z  INFO 1 --- [           main] org.hibernate.orm.connections.pooling    : HHH10001005: Database info:
2026-08-26T14:26:55.3573831Z 	Database JDBC URL [Connecting through datasource 'HikariDataSource (HikariPool-1)']
2026-08-26T14:26:55.3573879Z 	Database driver: undefined/unknown
2026-08-26T14:26:55.3574017Z 	Database version: 16.14
2026-08-26T14:26:55.3574062Z 	Autocommit mode: undefined/unknown
2026-08-26T14:26:55.3574090Z 	Isolation level: undefined/unknown
2026-08-26T14:26:55.3574116Z 	Minimum pool size: undefined/unknown
2026-08-26T14:26:55.3574143Z 	Maximum pool size: undefined/unknown
2026-08-26T14:27:28.5622110Z 2026-08-26T14:27:28.524Z  INFO 1 --- [           main] o.h.e.t.j.p.i.JtaPlatformInitiator       : HHH000489: No JTA platform available (set 'hibernate.transaction.jta.platform' to enable JTA platform integration)
2026-08-26T14:27:31.5701896Z 2026-08-26T14:27:31.569Z  INFO 1 --- [           main] j.LocalContainerEntityManagerFactoryBean : Initialized JPA EntityManagerFactory for persistence unit 'default'
2026-08-26T14:27:36.8961175Z 2026-08-26T14:27:36.895Z  INFO 1 --- [           main] o.s.d.j.r.query.QueryEnhancerFactory     : Hibernate is in classpath; If applicable, HQL parser will be used.
2026-08-26T14:27:46.1458924Z 2026-08-26T14:27:46.143Z  INFO 1 --- [           main] eAuthenticationProviderManagerConfigurer : Global AuthenticationManager configured with AuthenticationProvider bean with name authenticationProvider
2026-08-26T14:27:46.1640967Z 2026-08-26T14:27:46.163Z  WARN 1 --- [           main] r$InitializeUserDetailsManagerConfigurer : Global AuthenticationManager configured with an AuthenticationProvider bean. UserDetailsService beans will not be used by Spring Security for automatically configuring username/password login. Consider removing the AuthenticationProvider bean. Alternatively, consider using the UserDetailsService in a manually instantiated DaoAuthenticationProvider. If the current configuration is intentional, to turn off this warning, increase the logging level of 'org.springframework.security.config.annotation.authentication.configuration.InitializeUserDetailsBeanManagerConfigurer' to ERROR
2026-08-26T14:27:58.5194233Z 2026-08-26T14:27:58.513Z  WARN 1 --- [           main] ConfigServletWebServerApplicationContext : Exception encountered during context initialization - cancelling refresh attempt: org.springframework.beans.factory.UnsatisfiedDependencyException: Error creating bean with name 'passwordResetController' defined in URL [jar:nested:/app/app.jar/!BOOT-INF/classes/!/com/rvce/scas/controller/PasswordResetController.class]: Unsatisfied dependency expressed through constructor parameter 0: Error creating bean with name 'passwordResetService' defined in URL [jar:nested:/app/app.jar/!BOOT-INF/classes/!/com/rvce/scas/service/PasswordResetService.class]: Unsatisfied dependency expressed through constructor parameter 3: No qualifying bean of type 'com.rvce.scas.service.email.EmailService' available: expected at least 1 bean which qualifies as autowire candidate. Dependency annotations: {}
2026-08-26T14:27:58.5699227Z 2026-08-26T14:27:58.569Z  INFO 1 --- [           main] j.LocalContainerEntityManagerFactoryBean : Closing JPA EntityManagerFactory for persistence unit 'default'
2026-08-26T14:27:58.6205795Z 2026-08-26T14:27:58.620Z  INFO 1 --- [           main] com.zaxxer.hikari.HikariDataSource       : HikariPool-1 - Shutdown initiated...
2026-08-26T14:27:58.7285715Z 2026-08-26T14:27:58.728Z  INFO 1 --- [           main] com.zaxxer.hikari.HikariDataSource       : HikariPool-1 - Shutdown completed.
2026-08-26T14:27:58.9812493Z 2026-08-26T14:27:58.980Z  INFO 1 --- [           main] o.apache.catalina.core.StandardService   : Stopping service [Tomcat]
2026-08-26T14:27:59.2382807Z 2026-08-26T14:27:59.237Z  INFO 1 --- [           main] .s.b.a.l.ConditionEvaluationReportLogger : 
2026-08-26T14:27:59.2383508Z 
2026-08-26T14:27:59.2383578Z Error starting ApplicationContext. To display the condition evaluation report re-run your application with 'debug' enabled.
2026-08-26T14:27:59.8054984Z 2026-08-26T14:27:59.795Z ERROR 1 --- [           main] o.s.b.d.LoggingFailureAnalysisReporter   : 
2026-08-26T14:27:59.8055483Z 
2026-08-26T14:27:59.8055543Z ***************************
2026-08-26T14:27:59.8055568Z APPLICATION FAILED TO START
2026-08-26T14:27:59.8055597Z ***************************
2026-08-26T14:27:59.8055622Z 
2026-08-26T14:27:59.8055645Z Description:
2026-08-26T14:27:59.8055669Z 
2026-08-26T14:27:59.8055790Z Parameter 3 of constructor in com.rvce.scas.service.PasswordResetService required a bean of type 'com.rvce.scas.service.email.EmailService' that could not be found.
2026-08-26T14:27:59.8055836Z 
2026-08-26T14:27:59.8055858Z 
2026-08-26T14:27:59.8055880Z Action:
2026-08-26T14:27:59.8055902Z 
2026-08-26T14:27:59.8055929Z Consider defining a bean of type 'com.rvce.scas.service.email.EmailService' in your configuration.
2026-08-26T14:27:59.8055951Z 
