========== New Cold Start Attempt (2026-08-26T11:39:05.5432411+00:00) ==========
2026-08-26T11:39:05.5432411+00:00 ContainerStatus: State: Starting, Action: EstablishingSiteNetworks, LastError: , LastErrorTimestamp: 01/01/0001 00:00:00, LastErrorDetails: , Details: , DetailsLevel: INFO
2026-08-26T11:39:09.4919578+00:00 ContainerStatus: State: Starting, Action: StartingMsiContainer, LastError: , LastErrorTimestamp: 01/01/0001 00:00:00, LastErrorDetails: , Details: , DetailsLevel: INFO
2026-08-26T11:39:32.5742407+00:00 ContainerStatus: State: Starting, Action: StartingSiteContainers, LastError: , LastErrorTimestamp: 01/01/0001 00:00:00, LastErrorDetails: , Details: , DetailsLevel: INFO
2026-08-26T11:39:32.5814235+00:00 ContainerStatus: Container start method called.
2026-08-26T11:39:32.5825984+00:00 ContainerStatus: State: Starting, Action: PullingImage, LastError: , LastErrorTimestamp: 01/01/0001 00:00:00, LastErrorDetails: , Details: Pulling image scasacr2026rvce.azurecr.io/scas-backend:demo-544b4de for scas-backend-2026-rvce., DetailsLevel: INFO
2026-08-26T11:39:32.5833959+00:00 ContainerStatus: Establishing network.
2026-08-26T11:39:32.5839090+00:00 ContainerStatus: Pulling image: scasacr2026rvce.azurecr.io/scas-backend:demo-544b4de.
2026-08-26T11:39:51.2564759+00:00 ContainerStatus: Image scasacr2026rvce.azurecr.io/scas-backend:demo-544b4de is pulled from registry scasacr2026rvce.azurecr.io
2026-08-26T11:39:51.2569099+00:00 ContainerStatus: Container is starting.
2026-08-26T11:39:51.2668475+00:00 ContainerStatus: State: Starting, Action: MountingVolumes, LastError: , LastErrorTimestamp: 01/01/0001 00:00:00, LastErrorDetails: , Details: Mounting volumes for scas-backend-2026-rvce., DetailsLevel: INFO
2026-08-26T11:39:51.2680266+00:00 ContainerStatus: Establishing user namespace if not established already.
2026-08-26T11:39:51.2681901+00:00 ContainerStatus: Establishing network if not established already.
2026-08-26T11:39:51.2683087+00:00 ContainerStatus: Mounting volumes.
2026-08-26T11:39:51.2687642+00:00 ContainerStatus: Nested mountpoint volatile/logs
2026-08-26T11:39:51.2978241+00:00 ContainerStatus: Nested mountpoint 
2026-08-26T11:39:51.3077275+00:00 ContainerStatus: Nested mountpoint 
2026-08-26T11:39:51.4600675+00:00 ContainerStatus: State: Starting, Action: CreatingContainer, LastError: , LastErrorTimestamp: 01/01/0001 00:00:00, LastErrorDetails: , Details: Finished pulling container image and mounting volumes for scas-backend-2026-rvce. Allocatinng the rest of the container resources to finish container creation., DetailsLevel: INFO
2026-08-26T11:39:51.4609416+00:00 ContainerStatus: Creating container.
2026-08-26T11:39:51.5255089+00:00 ContainerStatus: Creating pipes for streaming container io.
2026-08-26T11:39:51.5258595+00:00 ContainerStatus: Creating stdout named pipe at /podr/container/pipe/738454137397_scas-backend-2026-rvce/stdout_c4f3c516952646d7aab4e3c49dd9bb29.
2026-08-26T11:39:51.5261184+00:00 ContainerStatus: Successfully created stdout named pipe at: /podr/container/pipe/738454137397_scas-backend-2026-rvce/stdout_c4f3c516952646d7aab4e3c49dd9bb29.
2026-08-26T11:39:51.5267690+00:00 ContainerStatus: Opening named pipe /podr/container/pipe/738454137397_scas-backend-2026-rvce/stdout_c4f3c516952646d7aab4e3c49dd9bb29 for reading in non-blocking mode.
2026-08-26T11:39:51.5268823+00:00 ContainerStatus: Successfully opened named pipe: /podr/container/pipe/738454137397_scas-backend-2026-rvce/stdout_c4f3c516952646d7aab4e3c49dd9bb29.
2026-08-26T11:39:51.5271003+00:00 ContainerStatus: Successfully removed non-blocking flag from /podr/container/pipe/738454137397_scas-backend-2026-rvce/stdout_c4f3c516952646d7aab4e3c49dd9bb29.
2026-08-26T11:39:51.5436239+00:00 ContainerStatus: Creating stderr named pipe at /podr/container/pipe/738454137397_scas-backend-2026-rvce/stderr_5e523dfd7d3f4395b02d0daec42d9bd2.
2026-08-26T11:39:51.5438156+00:00 ContainerStatus: Successfully created stderr named pipe at: /podr/container/pipe/738454137397_scas-backend-2026-rvce/stderr_5e523dfd7d3f4395b02d0daec42d9bd2.
2026-08-26T11:39:51.5439049+00:00 ContainerStatus: Opening named pipe /podr/container/pipe/738454137397_scas-backend-2026-rvce/stderr_5e523dfd7d3f4395b02d0daec42d9bd2 for reading in non-blocking mode.
2026-08-26T11:39:51.5444636+00:00 ContainerStatus: Successfully opened named pipe: /podr/container/pipe/738454137397_scas-backend-2026-rvce/stderr_5e523dfd7d3f4395b02d0daec42d9bd2.
2026-08-26T11:39:51.5445575+00:00 ContainerStatus: Successfully removed non-blocking flag from /podr/container/pipe/738454137397_scas-backend-2026-rvce/stderr_5e523dfd7d3f4395b02d0daec42d9bd2.
2026-08-26T11:39:51.5447564+00:00 ContainerStatus: Creating container with image: scasacr2026rvce.azurecr.io/scas-backend:demo-544b4de from registry: scasacr2026rvce.azurecr.io and fully qualified image name: scasacr2026rvce.azurecr.io/scas-backend:demo-544b4de
2026-08-26T11:39:52.3719606+00:00 ContainerStatus: Starting container: 738454137397_scas-backend-2026-rvce.
2026-08-26T11:39:52.4731160+00:00 ContainerStatus: Starting watchers and probes.
2026-08-26T11:39:52.5382709+00:00 ContainerStatus: Starting metrics collection.
2026-08-26T11:39:52.5385598+00:00 ContainerStatus: Container is running.
2026-08-26T11:39:52.5410298+00:00 ContainerStatus: State: Starting, Action: CreatingContainer, LastError: , LastErrorTimestamp: 01/01/0001 00:00:00, LastErrorDetails: , Details: Container scas-backend-2026-rvce successfully created and is running., DetailsLevel: INFO
2026-08-26T11:39:52.6868619+00:00 ContainerStatus: Container start method finished after 20104 ms.
2026-08-26T11:39:52.7516374+00:00 ContainerStatus: State: Starting, Action: InitiatingSiteWarmUpProbe, LastError: , LastErrorTimestamp: 01/01/0001 00:00:00, LastErrorDetails: , Details: Container scas-backend-2026-rvce successfully created and is running., DetailsLevel: INFO
2026-08-26T11:39:52.7910241+00:00 ContainerStatus: State: Starting, Action: WaitingForSiteWarmUpProbeSuccess, LastError: , LastErrorTimestamp: 01/01/0001 00:00:00, LastErrorDetails: , Details: Pinging warmup path to ensure container is ready to receive requests., DetailsLevel: INFO
2026-08-26T11:40:13.1130359+00:00 ContainerStream: 
2026-08-26T11:40:13.1229422+00:00 ContainerStream:   .   ____          _            __ _ _
2026-08-26T11:40:13.1229771+00:00 ContainerStream:  /\\ / ___'_ __ _ _(_)_ __  __ _ \ \ \ \
2026-08-26T11:40:13.1229843+00:00 ContainerStream: ( ( )\___ | '_ | '_| | '_ \/ _` | \ \ \ \
2026-08-26T11:40:13.1229898+00:00 ContainerStream:  \\/  ___)| |_)| | | | | || (_| |  ) ) ) )
2026-08-26T11:40:13.1230090+00:00 ContainerStream:   '  |____| .__|_| |_|_| |_\__, | / / / /
2026-08-26T11:40:13.1230174+00:00 ContainerStream:  =========|_|==============|___/=/_/_/_/
2026-08-26T11:40:13.1230211+00:00 ContainerStream: 
2026-08-26T11:40:13.1230323+00:00 ContainerStream:  :: Spring Boot ::               (v3.5.13)
2026-08-26T11:40:13.1230362+00:00 ContainerStream: 
2026-08-26T11:40:14.8120838+00:00 ContainerStream: 2026-08-26T11:40:14.786Z  INFO 1 --- [           main] com.rvce.scas.ScasApplication            : Starting ScasApplication v0.0.1-SNAPSHOT using Java 17.0.20 with PID 1 (/app/app.jar started by root in /app)
2026-08-26T11:40:14.8146457+00:00 ContainerStream: 2026-08-26T11:40:14.814Z  INFO 1 --- [           main] com.rvce.scas.ScasApplication            : The following 1 profile is active: "prod"
2026-08-26T11:40:36.6734208+00:00 ContainerStream: 2026-08-26T11:40:36.672Z  INFO 1 --- [           main] .s.d.r.c.RepositoryConfigurationDelegate : Multiple Spring Data modules found, entering strict repository configuration mode
2026-08-26T11:40:36.7117715+00:00 ContainerStream: 2026-08-26T11:40:36.711Z  INFO 1 --- [           main] .s.d.r.c.RepositoryConfigurationDelegate : Bootstrapping Spring Data JPA repositories in DEFAULT mode.
2026-08-26T11:40:39.1356547+00:00 ContainerStream: 2026-08-26T11:40:39.129Z  INFO 1 --- [           main] .s.d.r.c.RepositoryConfigurationDelegate : Finished Spring Data repository scanning in 2299 ms. Found 12 JPA repository interfaces.
2026-08-26T11:40:39.5648462+00:00 ContainerStream: 2026-08-26T11:40:39.564Z  INFO 1 --- [           main] .s.d.r.c.RepositoryConfigurationDelegate : Multiple Spring Data modules found, entering strict repository configuration mode
2026-08-26T11:40:39.5847186+00:00 ContainerStream: 2026-08-26T11:40:39.582Z  INFO 1 --- [           main] .s.d.r.c.RepositoryConfigurationDelegate : Bootstrapping Spring Data Redis repositories in DEFAULT mode.
2026-08-26T11:40:39.7901827+00:00 ContainerStream: 2026-08-26T11:40:39.789Z  INFO 1 --- [           main] .RepositoryConfigurationExtensionSupport : Spring Data Redis - Could not safely identify store assignment for repository candidate interface com.rvce.scas.repository.DepartmentRepository; If you want this repository to be a Redis repository, consider annotating your entities with one of these annotations: org.springframework.data.redis.core.RedisHash (preferred), or consider extending one of the following types with your repository: org.springframework.data.keyvalue.repository.KeyValueRepository
2026-08-26T11:40:39.8000983+00:00 ContainerStream: 2026-08-26T11:40:39.798Z  INFO 1 --- [           main] .RepositoryConfigurationExtensionSupport : Spring Data Redis - Could not safely identify store assignment for repository candidate interface com.rvce.scas.repository.ExamHallRepository; If you want this repository to be a Redis repository, consider annotating your entities with one of these annotations: org.springframework.data.redis.core.RedisHash (preferred), or consider extending one of the following types with your repository: org.springframework.data.keyvalue.repository.KeyValueRepository
2026-08-26T11:40:39.8190300+00:00 ContainerStream: 2026-08-26T11:40:39.815Z  INFO 1 --- [           main] .RepositoryConfigurationExtensionSupport : Spring Data Redis - Could not safely identify store assignment for repository candidate interface com.rvce.scas.repository.ExamSeatRepository; If you want this repository to be a Redis repository, consider annotating your entities with one of these annotations: org.springframework.data.redis.core.RedisHash (preferred), or consider extending one of the following types with your repository: org.springframework.data.keyvalue.repository.KeyValueRepository
2026-08-26T11:40:39.8280580+00:00 ContainerStream: 2026-08-26T11:40:39.827Z  INFO 1 --- [           main] .RepositoryConfigurationExtensionSupport : Spring Data Redis - Could not safely identify store assignment for repository candidate interface com.rvce.scas.repository.ExamSessionRepository; If you want this repository to be a Redis repository, consider annotating your entities with one of these annotations: org.springframework.data.redis.core.RedisHash (preferred), or consider extending one of the following types with your repository: org.springframework.data.keyvalue.repository.KeyValueRepository
2026-08-26T11:40:39.8537935+00:00 ContainerStream: 2026-08-26T11:40:39.835Z  INFO 1 --- [           main] .RepositoryConfigurationExtensionSupport : Spring Data Redis - Could not safely identify store assignment for repository candidate interface com.rvce.scas.repository.ExamStudentRepository; If you want this repository to be a Redis repository, consider annotating your entities with one of these annotations: org.springframework.data.redis.core.RedisHash (preferred), or consider extending one of the following types with your repository: org.springframework.data.keyvalue.repository.KeyValueRepository
2026-08-26T11:40:39.8861349+00:00 ContainerStream: 2026-08-26T11:40:39.885Z  INFO 1 --- [           main] .RepositoryConfigurationExtensionSupport : Spring Data Redis - Could not safely identify store assignment for repository candidate interface com.rvce.scas.repository.NotificationRepository; If you want this repository to be a Redis repository, consider annotating your entities with one of these annotations: org.springframework.data.redis.core.RedisHash (preferred), or consider extending one of the following types with your repository: org.springframework.data.keyvalue.repository.KeyValueRepository
2026-08-26T11:40:39.8961878+00:00 ContainerStream: 2026-08-26T11:40:39.895Z  INFO 1 --- [           main] .RepositoryConfigurationExtensionSupport : Spring Data Redis - Could not safely identify store assignment for repository candidate interface com.rvce.scas.repository.PasswordResetTokenRepository; If you want this repository to be a Redis repository, consider annotating your entities with one of these annotations: org.springframework.data.redis.core.RedisHash (preferred), or consider extending one of the following types with your repository: org.springframework.data.keyvalue.repository.KeyValueRepository
2026-08-26T11:40:39.9441352+00:00 ContainerStream: 2026-08-26T11:40:39.931Z  INFO 1 --- [           main] .RepositoryConfigurationExtensionSupport : Spring Data Redis - Could not safely identify store assignment for repository candidate interface com.rvce.scas.repository.RoleRepository; If you want this repository to be a Redis repository, consider annotating your entities with one of these annotations: org.springframework.data.redis.core.RedisHash (preferred), or consider extending one of the following types with your repository: org.springframework.data.keyvalue.repository.KeyValueRepository
2026-08-26T11:40:39.9442024+00:00 ContainerStream: 2026-08-26T11:40:39.940Z  INFO 1 --- [           main] .RepositoryConfigurationExtensionSupport : Spring Data Redis - Could not safely identify store assignment for repository candidate interface com.rvce.scas.repository.RoomRepository; If you want this repository to be a Redis repository, consider annotating your entities with one of these annotations: org.springframework.data.redis.core.RedisHash (preferred), or consider extending one of the following types with your repository: org.springframework.data.keyvalue.repository.KeyValueRepository
2026-08-26T11:40:39.9598767+00:00 ContainerStream: 2026-08-26T11:40:39.941Z  INFO 1 --- [           main] .RepositoryConfigurationExtensionSupport : Spring Data Redis - Could not safely identify store assignment for repository candidate interface com.rvce.scas.repository.TimetableSlotRepository; If you want this repository to be a Redis repository, consider annotating your entities with one of these annotations: org.springframework.data.redis.core.RedisHash (preferred), or consider extending one of the following types with your repository: org.springframework.data.keyvalue.repository.KeyValueRepository
2026-08-26T11:40:39.9599679+00:00 ContainerStream: 2026-08-26T11:40:39.941Z  INFO 1 --- [           main] .RepositoryConfigurationExtensionSupport : Spring Data Redis - Could not safely identify store assignment for repository candidate interface com.rvce.scas.repository.UserRepository; If you want this repository to be a Redis repository, consider annotating your entities with one of these annotations: org.springframework.data.redis.core.RedisHash (preferred), or consider extending one of the following types with your repository: org.springframework.data.keyvalue.repository.KeyValueRepository
2026-08-26T11:40:39.9600025+00:00 ContainerStream: 2026-08-26T11:40:39.942Z  INFO 1 --- [           main] .RepositoryConfigurationExtensionSupport : Spring Data Redis - Could not safely identify store assignment for repository candidate interface com.rvce.scas.repository.UserRoleRepository; If you want this repository to be a Redis repository, consider annotating your entities with one of these annotations: org.springframework.data.redis.core.RedisHash (preferred), or consider extending one of the following types with your repository: org.springframework.data.keyvalue.repository.KeyValueRepository
2026-08-26T11:40:39.9600174+00:00 ContainerStream: 2026-08-26T11:40:39.942Z  INFO 1 --- [           main] .s.d.r.c.RepositoryConfigurationDelegate : Finished Spring Data repository scanning in 232 ms. Found 0 Redis repository interfaces.
2026-08-26T11:40:49.1609667+00:00 ContainerStream: 2026-08-26T11:40:49.159Z  INFO 1 --- [           main] o.s.b.w.embedded.tomcat.TomcatWebServer  : Tomcat initialized with port 8080 (http)
2026-08-26T11:40:49.3376270+00:00 ContainerStream: 2026-08-26T11:40:49.321Z  INFO 1 --- [           main] o.apache.catalina.core.StandardService   : Starting service [Tomcat]
2026-08-26T11:40:49.3398975+00:00 ContainerStream: 2026-08-26T11:40:49.339Z  INFO 1 --- [           main] o.apache.catalina.core.StandardEngine    : Starting Servlet engine: [Apache Tomcat/10.1.53]
2026-08-26T11:40:50.7864506+00:00 ContainerStream: 2026-08-26T11:40:50.785Z  INFO 1 --- [           main] o.a.c.c.C.[Tomcat].[localhost].[/]       : Initializing Spring embedded WebApplicationContext
2026-08-26T11:40:50.8024806+00:00 ContainerStream: 2026-08-26T11:40:50.796Z  INFO 1 --- [           main] w.s.c.ServletWebServerApplicationContext : Root WebApplicationContext: initialization completed in 35012 ms
2026-08-26T11:41:11.8537830+00:00 ContainerStream: 2026-08-26T11:41:11.825Z  INFO 1 --- [           main] com.zaxxer.hikari.HikariDataSource       : HikariPool-1 - Starting...
2026-08-26T11:41:15.3441579+00:00 ContainerStream: 2026-08-26T11:41:15.343Z  INFO 1 --- [           main] com.zaxxer.hikari.pool.HikariPool        : HikariPool-1 - Added connection org.postgresql.jdbc.PgConnection@509e4902
2026-08-26T11:41:15.3727535+00:00 ContainerStream: 2026-08-26T11:41:15.372Z  INFO 1 --- [           main] com.zaxxer.hikari.HikariDataSource       : HikariPool-1 - Start completed.
2026-08-26T11:41:15.8699918+00:00 ContainerStream: 2026-08-26T11:41:15.869Z  INFO 1 --- [           main] org.flywaydb.core.FlywayExecutor         : Database: jdbc:postgresql://scas-postgres-k23.postgres.database.azure.com:5432/scasdb?sslmode=require (PostgreSQL 16.14)
2026-08-26T11:41:16.8495391+00:00 ContainerStream: 2026-08-26T11:41:16.848Z  INFO 1 --- [           main] o.f.c.i.s.JdbcTableSchemaHistory         : Schema history table "public"."flyway_schema_history" does not exist yet
2026-08-26T11:41:17.0118369+00:00 ContainerStream: 2026-08-26T11:41:17.011Z  INFO 1 --- [           main] o.f.core.internal.command.DbValidate     : Successfully validated 27 migrations (execution time 00:00.711s)
2026-08-26T11:41:17.1473581+00:00 ContainerStream: 2026-08-26T11:41:17.146Z  INFO 1 --- [           main] o.f.c.i.s.JdbcTableSchemaHistory         : Creating Schema History table "public"."flyway_schema_history" ...
2026-08-26T11:41:17.6573290+00:00 ContainerStream: 2026-08-26T11:41:17.656Z  INFO 1 --- [           main] o.f.core.internal.command.DbMigrate      : Current version of schema "public": << Empty Schema >>
2026-08-26T11:41:18.0071756+00:00 ContainerStream: 2026-08-26T11:41:18.006Z  INFO 1 --- [           main] o.f.core.internal.command.DbMigrate      : Migrating schema "public" to version "1 - users roles"
2026-08-26T11:41:18.4082834+00:00 ContainerStream: 2026-08-26T11:41:18.309Z  WARN 1 --- [           main] com.zaxxer.hikari.pool.ProxyConnection   : HikariPool-1 - Connection org.postgresql.jdbc.PgConnection@21f94fe3 marked as broken because of SQLSTATE(0A000), ErrorCode(0)
2026-08-26T11:41:18.4083765+00:00 ContainerStream: 
2026-08-26T11:41:18.4083842+00:00 ContainerStream: org.postgresql.util.PSQLException: ERROR: extension "citext" is not allow-listed for users in Azure Database for PostgreSQL
2026-08-26T11:41:18.4083889+00:00 ContainerStream:   Hint: to learn how to allow an extension or see the list of allowed extensions, please refer to https://go.microsoft.com/fwlink/?linkid=2301063
2026-08-26T11:41:18.4126885+00:00 ContainerStream: 	at org.postgresql.core.v3.QueryExecutorImpl.receiveErrorResponse(QueryExecutorImpl.java:2875) ~[postgresql-42.7.10.jar!/:42.7.10]
2026-08-26T11:41:18.4127077+00:00 ContainerStream: 	at org.postgresql.core.v3.QueryExecutorImpl.processResults(QueryExecutorImpl.java:2560) ~[postgresql-42.7.10.jar!/:42.7.10]
2026-08-26T11:41:18.4127220+00:00 ContainerStream: 	at org.postgresql.core.v3.QueryExecutorImpl.execute(QueryExecutorImpl.java:429) ~[postgresql-42.7.10.jar!/:42.7.10]
2026-08-26T11:41:18.4127257+00:00 ContainerStream: 	at org.postgresql.jdbc.PgStatement.executeInternal(PgStatement.java:526) ~[postgresql-42.7.10.jar!/:42.7.10]
2026-08-26T11:41:18.4127293+00:00 ContainerStream: 	at org.postgresql.jdbc.PgStatement.execute(PgStatement.java:436) ~[postgresql-42.7.10.jar!/:42.7.10]
2026-08-26T11:41:18.4127328+00:00 ContainerStream: 	at org.postgresql.jdbc.PgStatement.executeWithFlags(PgStatement.java:358) ~[postgresql-42.7.10.jar!/:42.7.10]
2026-08-26T11:41:18.4127362+00:00 ContainerStream: 	at org.postgresql.jdbc.PgStatement.executeCachedSql(PgStatement.java:343) ~[postgresql-42.7.10.jar!/:42.7.10]
2026-08-26T11:41:18.4127424+00:00 ContainerStream: 	at org.postgresql.jdbc.PgStatement.executeWithFlags(PgStatement.java:319) ~[postgresql-42.7.10.jar!/:42.7.10]
2026-08-26T11:41:18.4127458+00:00 ContainerStream: 	at org.postgresql.jdbc.PgStatement.execute(PgStatement.java:314) ~[postgresql-42.7.10.jar!/:42.7.10]
2026-08-26T11:41:18.4127492+00:00 ContainerStream: 	at com.zaxxer.hikari.pool.ProxyStatement.execute(ProxyStatement.java:95) ~[HikariCP-6.3.3.jar!/:na]
2026-08-26T11:41:18.4127526+00:00 ContainerStream: 	at com.zaxxer.hikari.pool.HikariProxyStatement.execute(HikariProxyStatement.java) ~[HikariCP-6.3.3.jar!/:na]
2026-08-26T11:41:18.4127607+00:00 ContainerStream: 	at org.flywaydb.core.internal.jdbc.JdbcTemplate.executeStatement(JdbcTemplate.java:215) ~[flyway-core-11.7.2.jar!/:na]
2026-08-26T11:41:18.4127752+00:00 ContainerStream: 	at org.flywaydb.core.internal.sqlscript.ParsedSqlStatement.execute(ParsedSqlStatement.java:88) ~[flyway-core-11.7.2.jar!/:na]
2026-08-26T11:41:18.4127880+00:00 ContainerStream: 	at org.flywaydb.core.internal.sqlscript.DefaultSqlScriptExecutor.executeStatement(DefaultSqlScriptExecutor.java:212) ~[flyway-core-11.7.2.jar!/:na]
2026-08-26T11:41:18.4127923+00:00 ContainerStream: 	at org.flywaydb.core.internal.sqlscript.DefaultSqlScriptExecutor.execute(DefaultSqlScriptExecutor.java:137) ~[flyway-core-11.7.2.jar!/:na]
2026-08-26T11:41:18.4127961+00:00 ContainerStream: 	at org.flywaydb.core.internal.resolver.sql.SqlMigrationExecutor.executeOnce(SqlMigrationExecutor.java:75) ~[flyway-core-11.7.2.jar!/:na]
2026-08-26T11:41:18.4127999+00:00 ContainerStream: 	at org.flywaydb.core.internal.resolver.sql.SqlMigrationExecutor.lambda$execute$0(SqlMigrationExecutor.java:66) ~[flyway-core-11.7.2.jar!/:na]
2026-08-26T11:41:18.4128053+00:00 ContainerStream: 	at org.flywaydb.core.internal.database.DefaultExecutionStrategy.execute(DefaultExecutionStrategy.java:31) ~[flyway-core-11.7.2.jar!/:na]
2026-08-26T11:41:18.4128090+00:00 ContainerStream: 	at org.flywaydb.core.internal.resolver.sql.SqlMigrationExecutor.execute(SqlMigrationExecutor.java:65) ~[flyway-core-11.7.2.jar!/:na]
2026-08-26T11:41:18.4128124+00:00 ContainerStream: 	at org.flywaydb.core.internal.command.DbMigrate.doMigrateGroup(DbMigrate.java:391) ~[flyway-core-11.7.2.jar!/:na]
2026-08-26T11:41:18.4128161+00:00 ContainerStream: 	at org.flywaydb.core.internal.command.DbMigrate.lambda$applyMigrations$1(DbMigrate.java:283) ~[flyway-core-11.7.2.jar!/:na]
2026-08-26T11:41:18.4128198+00:00 ContainerStream: 	at org.flywaydb.core.internal.jdbc.TransactionalExecutionTemplate.execute(TransactionalExecutionTemplate.java:59) ~[flyway-core-11.7.2.jar!/:na]
2026-08-26T11:41:18.4128232+00:00 ContainerStream: 	at org.flywaydb.core.internal.command.DbMigrate.applyMigrations(DbMigrate.java:282) ~[flyway-core-11.7.2.jar!/:na]
2026-08-26T11:41:18.4128294+00:00 ContainerStream: 	at org.flywaydb.core.internal.command.DbMigrate.migrateGroup(DbMigrate.java:255) ~[flyway-core-11.7.2.jar!/:na]
2026-08-26T11:41:18.4128368+00:00 ContainerStream: 	at org.flywaydb.core.internal.command.DbMigrate.lambda$migrateAll$0(DbMigrate.java:153) ~[flyway-core-11.7.2.jar!/:na]
2026-08-26T11:41:18.4128407+00:00 ContainerStream: 	at org.flywaydb.database.postgresql.PostgreSQLAdvisoryLockTemplate.execute(PostgreSQLAdvisoryLockTemplate.java:77) ~[flyway-database-postgresql-11.7.2.jar!/:na]
2026-08-26T11:41:18.4128448+00:00 ContainerStream: 	at org.flywaydb.database.postgresql.PostgreSQLAdvisoryLockTemplate.lambda$execute$0(PostgreSQLAdvisoryLockTemplate.java:60) ~[flyway-database-postgresql-11.7.2.jar!/:na]
2026-08-26T11:41:18.4128485+00:00 ContainerStream: 	at org.flywaydb.core.internal.jdbc.TransactionalExecutionTemplate.execute(TransactionalExecutionTemplate.java:59) ~[flyway-core-11.7.2.jar!/:na]
2026-08-26T11:41:18.4128913+00:00 ContainerStream: 	at org.flywaydb.database.postgresql.PostgreSQLAdvisoryLockTemplate.execute(PostgreSQLAdvisoryLockTemplate.java:60) ~[flyway-database-postgresql-11.7.2.jar!/:na]
2026-08-26T11:41:18.4128985+00:00 ContainerStream: 	at org.flywaydb.database.postgresql.PostgreSQLConnection.lock(PostgreSQLConnection.java:105) ~[flyway-database-postgresql-11.7.2.jar!/:na]
2026-08-26T11:41:18.4129027+00:00 ContainerStream: 	at org.flywaydb.core.internal.schemahistory.JdbcTableSchemaHistory.lock(JdbcTableSchemaHistory.java:164) ~[flyway-core-11.7.2.jar!/:na]
2026-08-26T11:41:18.4129087+00:00 ContainerStream: 	at org.flywaydb.core.internal.command.DbMigrate.migrateAll(DbMigrate.java:153) ~[flyway-core-11.7.2.jar!/:na]
2026-08-26T11:41:18.4129126+00:00 ContainerStream: 	at org.flywaydb.core.internal.command.DbMigrate.migrate(DbMigrate.java:104) ~[flyway-core-11.7.2.jar!/:na]
2026-08-26T11:41:18.4129159+00:00 ContainerStream: 	at org.flywaydb.core.Flyway.lambda$migrate$1(Flyway.java:247) ~[flyway-core-11.7.2.jar!/:na]
2026-08-26T11:41:18.4129194+00:00 ContainerStream: 	at org.flywaydb.core.FlywayExecutor.execute(FlywayExecutor.java:210) ~[flyway-core-11.7.2.jar!/:na]
2026-08-26T11:41:18.4129227+00:00 ContainerStream: 	at org.flywaydb.core.Flyway.migrate(Flyway.java:188) ~[flyway-core-11.7.2.jar!/:na]
2026-08-26T11:41:18.4129266+00:00 ContainerStream: 	at org.springframework.boot.autoconfigure.flyway.FlywayMigrationInitializer.afterPropertiesSet(FlywayMigrationInitializer.java:66) ~[spring-boot-autoconfigure-3.5.13.jar!/:3.5.13]
2026-08-26T11:41:18.4129324+00:00 ContainerStream: 	at org.springframework.beans.factory.support.AbstractAutowireCapableBeanFactory.invokeInitMethods(AbstractAutowireCapableBeanFactory.java:1873) ~[spring-beans-6.2.17.jar!/:6.2.17]
2026-08-26T11:41:18.4129364+00:00 ContainerStream: 	at org.springframework.beans.factory.support.AbstractAutowireCapableBeanFactory.initializeBean(AbstractAutowireCapableBeanFactory.java:1822) ~[spring-beans-6.2.17.jar!/:6.2.17]
2026-08-26T11:41:18.4129403+00:00 ContainerStream: 	at org.springframework.beans.factory.support.AbstractAutowireCapableBeanFactory.doCreateBean(AbstractAutowireCapableBeanFactory.java:607) ~[spring-beans-6.2.17.jar!/:6.2.17]
2026-08-26T11:41:18.4129442+00:00 ContainerStream: 	at org.springframework.beans.factory.support.AbstractAutowireCapableBeanFactory.createBean(AbstractAutowireCapableBeanFactory.java:529) ~[spring-beans-6.2.17.jar!/:6.2.17]
2026-08-26T11:41:18.4129497+00:00 ContainerStream: 	at org.springframework.beans.factory.support.AbstractBeanFactory.lambda$doGetBean$0(AbstractBeanFactory.java:339) ~[spring-beans-6.2.17.jar!/:6.2.17]
2026-08-26T11:41:18.4129537+00:00 ContainerStream: 	at org.springframework.beans.factory.support.DefaultSingletonBeanRegistry.getSingleton(DefaultSingletonBeanRegistry.java:373) ~[spring-beans-6.2.17.jar!/:6.2.17]
2026-08-26T11:41:18.4129573+00:00 ContainerStream: 	at org.springframework.beans.factory.support.AbstractBeanFactory.doGetBean(AbstractBeanFactory.java:337) ~[spring-beans-6.2.17.jar!/:6.2.17]
2026-08-26T11:41:18.4129609+00:00 ContainerStream: 	at org.springframework.beans.factory.support.AbstractBeanFactory.getBean(AbstractBeanFactory.java:202) ~[spring-beans-6.2.17.jar!/:6.2.17]
2026-08-26T11:41:18.4129646+00:00 ContainerStream: 	at org.springframework.beans.factory.support.AbstractBeanFactory.doGetBean(AbstractBeanFactory.java:315) ~[spring-beans-6.2.17.jar!/:6.2.17]
2026-08-26T11:41:18.4129701+00:00 ContainerStream: 	at org.springframework.beans.factory.support.AbstractBeanFactory.getBean(AbstractBeanFactory.java:207) ~[spring-beans-6.2.17.jar!/:6.2.17]
2026-08-26T11:41:18.4129740+00:00 ContainerStream: 	at org.springframework.context.support.AbstractApplicationContext.finishBeanFactoryInitialization(AbstractApplicationContext.java:974) ~[spring-context-6.2.17.jar!/:6.2.17]
2026-08-26T11:41:18.4129777+00:00 ContainerStream: 	at org.springframework.context.support.AbstractApplicationContext.refresh(AbstractApplicationContext.java:628) ~[spring-context-6.2.17.jar!/:6.2.17]
2026-08-26T11:41:18.4129815+00:00 ContainerStream: 	at org.springframework.boot.web.servlet.context.ServletWebServerApplicationContext.refresh(ServletWebServerApplicationContext.java:146) ~[spring-boot-3.5.13.jar!/:3.5.13]
2026-08-26T11:41:18.4129849+00:00 ContainerStream: 	at org.springframework.boot.SpringApplication.refresh(SpringApplication.java:752) ~[spring-boot-3.5.13.jar!/:3.5.13]
2026-08-26T11:41:18.4129907+00:00 ContainerStream: 	at org.springframework.boot.SpringApplication.refreshContext(SpringApplication.java:439) ~[spring-boot-3.5.13.jar!/:3.5.13]
2026-08-26T11:41:18.4129943+00:00 ContainerStream: 	at org.springframework.boot.SpringApplication.run(SpringApplication.java:318) ~[spring-boot-3.5.13.jar!/:3.5.13]
2026-08-26T11:41:18.4129978+00:00 ContainerStream: 	at org.springframework.boot.SpringApplication.run(SpringApplication.java:1361) ~[spring-boot-3.5.13.jar!/:3.5.13]
2026-08-26T11:41:18.4130013+00:00 ContainerStream: 	at org.springframework.boot.SpringApplication.run(SpringApplication.java:1350) ~[spring-boot-3.5.13.jar!/:3.5.13]
2026-08-26T11:41:18.4130046+00:00 ContainerStream: 	at com.rvce.scas.ScasApplication.main(ScasApplication.java:20) ~[!/:0.0.1-SNAPSHOT]
2026-08-26T11:41:18.4130273+00:00 ContainerStream: 	at java.base/jdk.internal.reflect.NativeMethodAccessorImpl.invoke0(Native Method) ~[na:na]
2026-08-26T11:41:18.4130327+00:00 ContainerStream: 	at java.base/jdk.internal.reflect.NativeMethodAccessorImpl.invoke(Unknown Source) ~[na:na]
2026-08-26T11:41:18.4130362+00:00 ContainerStream: 	at java.base/jdk.internal.reflect.DelegatingMethodAccessorImpl.invoke(Unknown Source) ~[na:na]
2026-08-26T11:41:18.4130551+00:00 ContainerStream: 	at java.base/java.lang.reflect.Method.invoke(Unknown Source) ~[na:na]
2026-08-26T11:41:18.4130595+00:00 ContainerStream: 	at org.springframework.boot.loader.launch.Launcher.launch(Launcher.java:106) ~[app.jar:0.0.1-SNAPSHOT]
2026-08-26T11:41:18.4130659+00:00 ContainerStream: 	at org.springframework.boot.loader.launch.Launcher.launch(Launcher.java:64) ~[app.jar:0.0.1-SNAPSHOT]
2026-08-26T11:41:18.4130711+00:00 ContainerStream: 	at org.springframework.boot.loader.launch.JarLauncher.main(JarLauncher.java:40) ~[app.jar:0.0.1-SNAPSHOT]
2026-08-26T11:41:18.4130741+00:00 ContainerStream: 
2026-08-26T11:41:18.5875927+00:00 ContainerStream: 2026-08-26T11:41:18.571Z ERROR 1 --- [           main] o.f.c.i.j.TransactionalExecutionTemplate : Unable to rollback transaction
2026-08-26T11:41:18.5876687+00:00 ContainerStream: 
2026-08-26T11:41:18.5876744+00:00 ContainerStream: java.sql.SQLException: Connection is closed
2026-08-26T11:41:18.5876784+00:00 ContainerStream: 	at com.zaxxer.hikari.pool.ProxyConnection$ClosedConnection.lambda$getClosedConnection$0(ProxyConnection.java:562) ~[HikariCP-6.3.3.jar!/:na]
2026-08-26T11:41:18.5876817+00:00 ContainerStream: 	at jdk.proxy3/jdk.proxy3.$Proxy119.rollback(Unknown Source) ~[na:na]
2026-08-26T11:41:18.5876850+00:00 ContainerStream: 	at com.zaxxer.hikari.pool.ProxyConnection.rollback(ProxyConnection.java:386) ~[HikariCP-6.3.3.jar!/:na]
2026-08-26T11:41:18.5876884+00:00 ContainerStream: 	at com.zaxxer.hikari.pool.HikariProxyConnection.rollback(HikariProxyConnection.java) ~[HikariCP-6.3.3.jar!/:na]
2026-08-26T11:41:18.5876945+00:00 ContainerStream: 	at org.flywaydb.core.internal.jdbc.TransactionalExecutionTemplate.execute(TransactionalExecutionTemplate.java:75) ~[flyway-core-11.7.2.jar!/:na]
2026-08-26T11:41:18.5876982+00:00 ContainerStream: 	at org.flywaydb.core.internal.command.DbMigrate.applyMigrations(DbMigrate.java:282) ~[flyway-core-11.7.2.jar!/:na]
2026-08-26T11:41:18.5877014+00:00 ContainerStream: 	at org.flywaydb.core.internal.command.DbMigrate.migrateGroup(DbMigrate.java:255) ~[flyway-core-11.7.2.jar!/:na]
2026-08-26T11:41:18.5877047+00:00 ContainerStream: 	at org.flywaydb.core.internal.command.DbMigrate.lambda$migrateAll$0(DbMigrate.java:153) ~[flyway-core-11.7.2.jar!/:na]
2026-08-26T11:41:18.5877082+00:00 ContainerStream: 	at org.flywaydb.database.postgresql.PostgreSQLAdvisoryLockTemplate.execute(PostgreSQLAdvisoryLockTemplate.java:77) ~[flyway-database-postgresql-11.7.2.jar!/:na]
2026-08-26T11:41:18.5877121+00:00 ContainerStream: 	at org.flywaydb.database.postgresql.PostgreSQLAdvisoryLockTemplate.lambda$execute$0(PostgreSQLAdvisoryLockTemplate.java:60) ~[flyway-database-postgresql-11.7.2.jar!/:na]
2026-08-26T11:41:18.5877179+00:00 ContainerStream: 	at org.flywaydb.core.internal.jdbc.TransactionalExecutionTemplate.execute(TransactionalExecutionTemplate.java:59) ~[flyway-core-11.7.2.jar!/:na]
2026-08-26T11:41:18.5877216+00:00 ContainerStream: 	at org.flywaydb.database.postgresql.PostgreSQLAdvisoryLockTemplate.execute(PostgreSQLAdvisoryLockTemplate.java:60) ~[flyway-database-postgresql-11.7.2.jar!/:na]
2026-08-26T11:41:18.5877250+00:00 ContainerStream: 	at org.flywaydb.database.postgresql.PostgreSQLConnection.lock(PostgreSQLConnection.java:105) ~[flyway-database-postgresql-11.7.2.jar!/:na]
2026-08-26T11:41:18.5877284+00:00 ContainerStream: 	at org.flywaydb.core.internal.schemahistory.JdbcTableSchemaHistory.lock(JdbcTableSchemaHistory.java:164) ~[flyway-core-11.7.2.jar!/:na]
2026-08-26T11:41:18.5877316+00:00 ContainerStream: 	at org.flywaydb.core.internal.command.DbMigrate.migrateAll(DbMigrate.java:153) ~[flyway-core-11.7.2.jar!/:na]
2026-08-26T11:41:18.5877369+00:00 ContainerStream: 	at org.flywaydb.core.internal.command.DbMigrate.migrate(DbMigrate.java:104) ~[flyway-core-11.7.2.jar!/:na]
2026-08-26T11:41:18.5877402+00:00 ContainerStream: 	at org.flywaydb.core.Flyway.lambda$migrate$1(Flyway.java:247) ~[flyway-core-11.7.2.jar!/:na]
2026-08-26T11:41:18.5877434+00:00 ContainerStream: 	at org.flywaydb.core.FlywayExecutor.execute(FlywayExecutor.java:210) ~[flyway-core-11.7.2.jar!/:na]
2026-08-26T11:41:18.5877464+00:00 ContainerStream: 	at org.flywaydb.core.Flyway.migrate(Flyway.java:188) ~[flyway-core-11.7.2.jar!/:na]
2026-08-26T11:41:18.5877501+00:00 ContainerStream: 	at org.springframework.boot.autoconfigure.flyway.FlywayMigrationInitializer.afterPropertiesSet(FlywayMigrationInitializer.java:66) ~[spring-boot-autoconfigure-3.5.13.jar!/:3.5.13]
2026-08-26T11:41:18.5877559+00:00 ContainerStream: 	at org.springframework.beans.factory.support.AbstractAutowireCapableBeanFactory.invokeInitMethods(AbstractAutowireCapableBeanFactory.java:1873) ~[spring-beans-6.2.17.jar!/:6.2.17]
2026-08-26T11:41:18.5877597+00:00 ContainerStream: 	at org.springframework.beans.factory.support.AbstractAutowireCapableBeanFactory.initializeBean(AbstractAutowireCapableBeanFactory.java:1822) ~[spring-beans-6.2.17.jar!/:6.2.17]
2026-08-26T11:41:18.5877635+00:00 ContainerStream: 	at org.springframework.beans.factory.support.AbstractAutowireCapableBeanFactory.doCreateBean(AbstractAutowireCapableBeanFactory.java:607) ~[spring-beans-6.2.17.jar!/:6.2.17]
2026-08-26T11:41:18.5877670+00:00 ContainerStream: 	at org.springframework.beans.factory.support.AbstractAutowireCapableBeanFactory.createBean(AbstractAutowireCapableBeanFactory.java:529) ~[spring-beans-6.2.17.jar!/:6.2.17]
2026-08-26T11:41:18.5877705+00:00 ContainerStream: 	at org.springframework.beans.factory.support.AbstractBeanFactory.lambda$doGetBean$0(AbstractBeanFactory.java:339) ~[spring-beans-6.2.17.jar!/:6.2.17]
2026-08-26T11:41:18.5877760+00:00 ContainerStream: 	at org.springframework.beans.factory.support.DefaultSingletonBeanRegistry.getSingleton(DefaultSingletonBeanRegistry.java:373) ~[spring-beans-6.2.17.jar!/:6.2.17]
2026-08-26T11:41:18.5877797+00:00 ContainerStream: 	at org.springframework.beans.factory.support.AbstractBeanFactory.doGetBean(AbstractBeanFactory.java:337) ~[spring-beans-6.2.17.jar!/:6.2.17]
2026-08-26T11:41:18.5877832+00:00 ContainerStream: 	at org.springframework.beans.factory.support.AbstractBeanFactory.getBean(AbstractBeanFactory.java:202) ~[spring-beans-6.2.17.jar!/:6.2.17]
2026-08-26T11:41:18.5880068+00:00 ContainerStream: 	at org.springframework.beans.factory.support.AbstractBeanFactory.doGetBean(AbstractBeanFactory.java:315) ~[spring-beans-6.2.17.jar!/:6.2.17]
2026-08-26T11:41:18.5880179+00:00 ContainerStream: 	at org.springframework.beans.factory.support.AbstractBeanFactory.getBean(AbstractBeanFactory.java:207) ~[spring-beans-6.2.17.jar!/:6.2.17]
2026-08-26T11:41:18.5880256+00:00 ContainerStream: 	at org.springframework.context.support.AbstractApplicationContext.finishBeanFactoryInitialization(AbstractApplicationContext.java:974) ~[spring-context-6.2.17.jar!/:6.2.17]
2026-08-26T11:41:18.5880293+00:00 ContainerStream: 	at org.springframework.context.support.AbstractApplicationContext.refresh(AbstractApplicationContext.java:628) ~[spring-context-6.2.17.jar!/:6.2.17]
2026-08-26T11:41:18.5880330+00:00 ContainerStream: 	at org.springframework.boot.web.servlet.context.ServletWebServerApplicationContext.refresh(ServletWebServerApplicationContext.java:146) ~[spring-boot-3.5.13.jar!/:3.5.13]
2026-08-26T11:41:18.5880364+00:00 ContainerStream: 	at org.springframework.boot.SpringApplication.refresh(SpringApplication.java:752) ~[spring-boot-3.5.13.jar!/:3.5.13]
2026-08-26T11:41:18.5880396+00:00 ContainerStream: 	at org.springframework.boot.SpringApplication.refreshContext(SpringApplication.java:439) ~[spring-boot-3.5.13.jar!/:3.5.13]
2026-08-26T11:41:18.5880458+00:00 ContainerStream: 	at org.springframework.boot.SpringApplication.run(SpringApplication.java:318) ~[spring-boot-3.5.13.jar!/:3.5.13]
2026-08-26T11:41:18.5880492+00:00 ContainerStream: 	at org.springframework.boot.SpringApplication.run(SpringApplication.java:1361) ~[spring-boot-3.5.13.jar!/:3.5.13]
2026-08-26T11:41:18.5880524+00:00 ContainerStream: 	at org.springframework.boot.SpringApplication.run(SpringApplication.java:1350) ~[spring-boot-3.5.13.jar!/:3.5.13]
2026-08-26T11:41:18.5880554+00:00 ContainerStream: 	at com.rvce.scas.ScasApplication.main(ScasApplication.java:20) ~[!/:0.0.1-SNAPSHOT]
2026-08-26T11:41:18.5880586+00:00 ContainerStream: 	at java.base/jdk.internal.reflect.NativeMethodAccessorImpl.invoke0(Native Method) ~[na:na]
2026-08-26T11:41:18.5880618+00:00 ContainerStream: 	at java.base/jdk.internal.reflect.NativeMethodAccessorImpl.invoke(Unknown Source) ~[na:na]
2026-08-26T11:41:18.5880672+00:00 ContainerStream: 	at java.base/jdk.internal.reflect.DelegatingMethodAccessorImpl.invoke(Unknown Source) ~[na:na]
2026-08-26T11:41:18.5880703+00:00 ContainerStream: 	at java.base/java.lang.reflect.Method.invoke(Unknown Source) ~[na:na]
2026-08-26T11:41:18.5880736+00:00 ContainerStream: 	at org.springframework.boot.loader.launch.Launcher.launch(Launcher.java:106) ~[app.jar:0.0.1-SNAPSHOT]
2026-08-26T11:41:18.5881371+00:00 ContainerStream: 	at org.springframework.boot.loader.launch.Launcher.launch(Launcher.java:64) ~[app.jar:0.0.1-SNAPSHOT]
2026-08-26T11:41:18.5881428+00:00 ContainerStream: 	at org.springframework.boot.loader.launch.JarLauncher.main(JarLauncher.java:40) ~[app.jar:0.0.1-SNAPSHOT]
2026-08-26T11:41:18.5881456+00:00 ContainerStream: 
2026-08-26T11:41:18.6057608+00:00 ContainerStream: 2026-08-26T11:41:18.604Z ERROR 1 --- [           main] o.f.c.i.j.TransactionalExecutionTemplate : Unable to restore autocommit to original value for connection
2026-08-26T11:41:18.6058043+00:00 ContainerStream: 
2026-08-26T11:41:18.6058103+00:00 ContainerStream: java.sql.SQLException: Connection is closed
2026-08-26T11:41:18.6058143+00:00 ContainerStream: 	at com.zaxxer.hikari.pool.ProxyConnection$ClosedConnection.lambda$getClosedConnection$0(ProxyConnection.java:562) ~[HikariCP-6.3.3.jar!/:na]
2026-08-26T11:41:18.6058176+00:00 ContainerStream: 	at jdk.proxy3/jdk.proxy3.$Proxy119.setAutoCommit(Unknown Source) ~[na:na]
2026-08-26T11:41:18.6058217+00:00 ContainerStream: 	at com.zaxxer.hikari.pool.ProxyConnection.setAutoCommit(ProxyConnection.java:412) ~[HikariCP-6.3.3.jar!/:na]
2026-08-26T11:41:18.6058301+00:00 ContainerStream: 	at com.zaxxer.hikari.pool.HikariProxyConnection.setAutoCommit(HikariProxyConnection.java) ~[HikariCP-6.3.3.jar!/:na]
2026-08-26T11:41:18.6058339+00:00 ContainerStream: 	at org.flywaydb.core.internal.jdbc.TransactionalExecutionTemplate.execute(TransactionalExecutionTemplate.java:90) ~[flyway-core-11.7.2.jar!/:na]
2026-08-26T11:41:18.6058372+00:00 ContainerStream: 	at org.flywaydb.core.internal.command.DbMigrate.applyMigrations(DbMigrate.java:282) ~[flyway-core-11.7.2.jar!/:na]
2026-08-26T11:41:18.6058404+00:00 ContainerStream: 	at org.flywaydb.core.internal.command.DbMigrate.migrateGroup(DbMigrate.java:255) ~[flyway-core-11.7.2.jar!/:na]
2026-08-26T11:41:18.6058442+00:00 ContainerStream: 	at org.flywaydb.core.internal.command.DbMigrate.lambda$migrateAll$0(DbMigrate.java:153) ~[flyway-core-11.7.2.jar!/:na]
2026-08-26T11:41:18.6058498+00:00 ContainerStream: 	at org.flywaydb.database.postgresql.PostgreSQLAdvisoryLockTemplate.execute(PostgreSQLAdvisoryLockTemplate.java:77) ~[flyway-database-postgresql-11.7.2.jar!/:na]
2026-08-26T11:41:18.6058538+00:00 ContainerStream: 	at org.flywaydb.database.postgresql.PostgreSQLAdvisoryLockTemplate.lambda$execute$0(PostgreSQLAdvisoryLockTemplate.java:60) ~[flyway-database-postgresql-11.7.2.jar!/:na]
2026-08-26T11:41:18.6058574+00:00 ContainerStream: 	at org.flywaydb.core.internal.jdbc.TransactionalExecutionTemplate.execute(TransactionalExecutionTemplate.java:59) ~[flyway-core-11.7.2.jar!/:na]
2026-08-26T11:41:18.6058609+00:00 ContainerStream: 	at org.flywaydb.database.postgresql.PostgreSQLAdvisoryLockTemplate.execute(PostgreSQLAdvisoryLockTemplate.java:60) ~[flyway-database-postgresql-11.7.2.jar!/:na]
2026-08-26T11:41:18.6058644+00:00 ContainerStream: 	at org.flywaydb.database.postgresql.PostgreSQLConnection.lock(PostgreSQLConnection.java:105) ~[flyway-database-postgresql-11.7.2.jar!/:na]
2026-08-26T11:41:18.6058699+00:00 ContainerStream: 	at org.flywaydb.core.internal.schemahistory.JdbcTableSchemaHistory.lock(JdbcTableSchemaHistory.java:164) ~[flyway-core-11.7.2.jar!/:na]
2026-08-26T11:41:18.6058734+00:00 ContainerStream: 	at org.flywaydb.core.internal.command.DbMigrate.migrateAll(DbMigrate.java:153) ~[flyway-core-11.7.2.jar!/:na]
2026-08-26T11:41:18.6058767+00:00 ContainerStream: 	at org.flywaydb.core.internal.command.DbMigrate.migrate(DbMigrate.java:104) ~[flyway-core-11.7.2.jar!/:na]
2026-08-26T11:41:18.6058797+00:00 ContainerStream: 	at org.flywaydb.core.Flyway.lambda$migrate$1(Flyway.java:247) ~[flyway-core-11.7.2.jar!/:na]
2026-08-26T11:41:18.6058830+00:00 ContainerStream: 	at org.flywaydb.core.FlywayExecutor.execute(FlywayExecutor.java:210) ~[flyway-core-11.7.2.jar!/:na]
2026-08-26T11:41:18.6058860+00:00 ContainerStream: 	at org.flywaydb.core.Flyway.migrate(Flyway.java:188) ~[flyway-core-11.7.2.jar!/:na]
2026-08-26T11:41:18.6058924+00:00 ContainerStream: 	at org.springframework.boot.autoconfigure.flyway.FlywayMigrationInitializer.afterPropertiesSet(FlywayMigrationInitializer.java:66) ~[spring-boot-autoconfigure-3.5.13.jar!/:3.5.13]
2026-08-26T11:41:18.6058962+00:00 ContainerStream: 	at org.springframework.beans.factory.support.AbstractAutowireCapableBeanFactory.invokeInitMethods(AbstractAutowireCapableBeanFactory.java:1873) ~[spring-beans-6.2.17.jar!/:6.2.17]
2026-08-26T11:41:18.6058998+00:00 ContainerStream: 	at org.springframework.beans.factory.support.AbstractAutowireCapableBeanFactory.initializeBean(AbstractAutowireCapableBeanFactory.java:1822) ~[spring-beans-6.2.17.jar!/:6.2.17]
2026-08-26T11:41:18.6059034+00:00 ContainerStream: 	at org.springframework.beans.factory.support.AbstractAutowireCapableBeanFactory.doCreateBean(AbstractAutowireCapableBeanFactory.java:607) ~[spring-beans-6.2.17.jar!/:6.2.17]
2026-08-26T11:41:18.6059071+00:00 ContainerStream: 	at org.springframework.beans.factory.support.AbstractAutowireCapableBeanFactory.createBean(AbstractAutowireCapableBeanFactory.java:529) ~[spring-beans-6.2.17.jar!/:6.2.17]
2026-08-26T11:41:18.6059126+00:00 ContainerStream: 	at org.springframework.beans.factory.support.AbstractBeanFactory.lambda$doGetBean$0(AbstractBeanFactory.java:339) ~[spring-beans-6.2.17.jar!/:6.2.17]
2026-08-26T11:41:18.6059165+00:00 ContainerStream: 	at org.springframework.beans.factory.support.DefaultSingletonBeanRegistry.getSingleton(DefaultSingletonBeanRegistry.java:373) ~[spring-beans-6.2.17.jar!/:6.2.17]
2026-08-26T11:41:18.6059198+00:00 ContainerStream: 	at org.springframework.beans.factory.support.AbstractBeanFactory.doGetBean(AbstractBeanFactory.java:337) ~[spring-beans-6.2.17.jar!/:6.2.17]
2026-08-26T11:41:18.6059232+00:00 ContainerStream: 	at org.springframework.beans.factory.support.AbstractBeanFactory.getBean(AbstractBeanFactory.java:202) ~[spring-beans-6.2.17.jar!/:6.2.17]
2026-08-26T11:41:18.6059477+00:00 ContainerStream: 	at org.springframework.beans.factory.support.AbstractBeanFactory.doGetBean(AbstractBeanFactory.java:315) ~[spring-beans-6.2.17.jar!/:6.2.17]
2026-08-26T11:41:18.6059543+00:00 ContainerStream: 	at org.springframework.beans.factory.support.AbstractBeanFactory.getBean(AbstractBeanFactory.java:207) ~[spring-beans-6.2.17.jar!/:6.2.17]
2026-08-26T11:41:18.6059579+00:00 ContainerStream: 	at org.springframework.context.support.AbstractApplicationContext.finishBeanFactoryInitialization(AbstractApplicationContext.java:974) ~[spring-context-6.2.17.jar!/:6.2.17]
2026-08-26T11:41:18.6059614+00:00 ContainerStream: 	at org.springframework.context.support.AbstractApplicationContext.refresh(AbstractApplicationContext.java:628) ~[spring-context-6.2.17.jar!/:6.2.17]
2026-08-26T11:41:18.6059650+00:00 ContainerStream: 	at org.springframework.boot.web.servlet.context.ServletWebServerApplicationContext.refresh(ServletWebServerApplicationContext.java:146) ~[spring-boot-3.5.13.jar!/:3.5.13]
2026-08-26T11:41:18.6059683+00:00 ContainerStream: 	at org.springframework.boot.SpringApplication.refresh(SpringApplication.java:752) ~[spring-boot-3.5.13.jar!/:3.5.13]
2026-08-26T11:41:18.6059737+00:00 ContainerStream: 	at org.springframework.boot.SpringApplication.refreshContext(SpringApplication.java:439) ~[spring-boot-3.5.13.jar!/:3.5.13]
2026-08-26T11:41:18.6059771+00:00 ContainerStream: 	at org.springframework.boot.SpringApplication.run(SpringApplication.java:318) ~[spring-boot-3.5.13.jar!/:3.5.13]
2026-08-26T11:41:18.6059805+00:00 ContainerStream: 	at org.springframework.boot.SpringApplication.run(SpringApplication.java:1361) ~[spring-boot-3.5.13.jar!/:3.5.13]
2026-08-26T11:41:18.6059837+00:00 ContainerStream: 	at org.springframework.boot.SpringApplication.run(SpringApplication.java:1350) ~[spring-boot-3.5.13.jar!/:3.5.13]
2026-08-26T11:41:18.6059868+00:00 ContainerStream: 	at com.rvce.scas.ScasApplication.main(ScasApplication.java:20) ~[!/:0.0.1-SNAPSHOT]
2026-08-26T11:41:18.6059919+00:00 ContainerStream: 	at java.base/jdk.internal.reflect.NativeMethodAccessorImpl.invoke0(Native Method) ~[na:na]
2026-08-26T11:41:18.6059950+00:00 ContainerStream: 	at java.base/jdk.internal.reflect.NativeMethodAccessorImpl.invoke(Unknown Source) ~[na:na]
2026-08-26T11:41:18.6059981+00:00 ContainerStream: 	at java.base/jdk.internal.reflect.DelegatingMethodAccessorImpl.invoke(Unknown Source) ~[na:na]
2026-08-26T11:41:18.6060010+00:00 ContainerStream: 	at java.base/java.lang.reflect.Method.invoke(Unknown Source) ~[na:na]
2026-08-26T11:41:18.6060042+00:00 ContainerStream: 	at org.springframework.boot.loader.launch.Launcher.launch(Launcher.java:106) ~[app.jar:0.0.1-SNAPSHOT]
2026-08-26T11:41:18.6060075+00:00 ContainerStream: 	at org.springframework.boot.loader.launch.Launcher.launch(Launcher.java:64) ~[app.jar:0.0.1-SNAPSHOT]
2026-08-26T11:41:18.6060125+00:00 ContainerStream: 	at org.springframework.boot.loader.launch.JarLauncher.main(JarLauncher.java:40) ~[app.jar:0.0.1-SNAPSHOT]
2026-08-26T11:41:18.6060157+00:00 ContainerStream: 
2026-08-26T11:41:18.6179501+00:00 ContainerStream: 2026-08-26T11:41:18.616Z ERROR 1 --- [           main] o.f.core.internal.command.DbMigrate      : Migration of schema "public" to version "1 - users roles" failed! Changes successfully rolled back.
2026-08-26T11:41:18.7193013+00:00 ContainerStream: 2026-08-26T11:41:18.710Z  WARN 1 --- [           main] ConfigServletWebServerApplicationContext : Exception encountered during context initialization - cancelling refresh attempt: org.springframework.beans.factory.BeanCreationException: Error creating bean with name 'entityManagerFactory' defined in class path resource [org/springframework/boot/autoconfigure/orm/jpa/HibernateJpaConfiguration.class]: Failed to initialize dependency 'flywayInitializer' of LoadTimeWeaverAware bean 'entityManagerFactory': Error creating bean with name 'flywayInitializer' defined in class path resource [org/springframework/boot/autoconfigure/flyway/FlywayAutoConfiguration$FlywayConfiguration.class]: Script V1__users_roles.sql failed
2026-08-26T11:41:18.7193601+00:00 ContainerStream: ---------------------------------
2026-08-26T11:41:18.7193642+00:00 ContainerStream: SQL State  : 0A000
2026-08-26T11:41:18.7193680+00:00 ContainerStream: Error Code : 0
2026-08-26T11:41:18.7193716+00:00 ContainerStream: Message    : ERROR: extension "citext" is not allow-listed for users in Azure Database for PostgreSQL
2026-08-26T11:41:18.7193752+00:00 ContainerStream:   Hint: to learn how to allow an extension or see the list of allowed extensions, please refer to https://go.microsoft.com/fwlink/?linkid=2301063
2026-08-26T11:41:18.7193787+00:00 ContainerStream: Location   : db/migration/V1__users_roles.sql (/app/nested:/app/app.jar/!BOOT-INF/classes/!/db/migration/V1__users_roles.sql)
2026-08-26T11:41:18.7193838+00:00 ContainerStream: Line       : 39
2026-08-26T11:41:18.7193871+00:00 ContainerStream: Statement  : Run Flyway with -X option to see the actual statement causing the problem
2026-08-26T11:41:18.7193897+00:00 ContainerStream: 
2026-08-26T11:41:18.7603941+00:00 ContainerStream: 2026-08-26T11:41:18.759Z  INFO 1 --- [           main] com.zaxxer.hikari.HikariDataSource       : HikariPool-1 - Shutdown initiated...
2026-08-26T11:41:19.0349470+00:00 ContainerStream: 2026-08-26T11:41:19.034Z  INFO 1 --- [           main] com.zaxxer.hikari.HikariDataSource       : HikariPool-1 - Shutdown completed.
2026-08-26T11:41:19.2550611+00:00 ContainerStream: 2026-08-26T11:41:19.240Z  INFO 1 --- [           main] o.apache.catalina.core.StandardService   : Stopping service [Tomcat]
2026-08-26T11:41:19.6042896+00:00 ContainerStream: 2026-08-26T11:41:19.603Z  INFO 1 --- [           main] .s.b.a.l.ConditionEvaluationReportLogger : 
2026-08-26T11:41:19.6043413+00:00 ContainerStream: 
2026-08-26T11:41:19.6043484+00:00 ContainerStream: Error starting ApplicationContext. To display the condition evaluation report re-run your application with 'debug' enabled.
2026-08-26T11:41:19.8255642+00:00 ContainerStream: 2026-08-26T11:41:19.809Z ERROR 1 --- [           main] o.s.boot.SpringApplication               : Application run failed
2026-08-26T11:41:19.8256342+00:00 ContainerStream: 
2026-08-26T11:41:19.8256438+00:00 ContainerStream: org.springframework.beans.factory.BeanCreationException: Error creating bean with name 'entityManagerFactory' defined in class path resource [org/springframework/boot/autoconfigure/orm/jpa/HibernateJpaConfiguration.class]: Failed to initialize dependency 'flywayInitializer' of LoadTimeWeaverAware bean 'entityManagerFactory': Error creating bean with name 'flywayInitializer' defined in class path resource [org/springframework/boot/autoconfigure/flyway/FlywayAutoConfiguration$FlywayConfiguration.class]: Script V1__users_roles.sql failed
2026-08-26T11:41:19.8256473+00:00 ContainerStream: ---------------------------------
2026-08-26T11:41:19.8256503+00:00 ContainerStream: SQL State  : 0A000
2026-08-26T11:41:19.8256531+00:00 ContainerStream: Error Code : 0
2026-08-26T11:41:19.8256583+00:00 ContainerStream: Message    : ERROR: extension "citext" is not allow-listed for users in Azure Database for PostgreSQL
2026-08-26T11:41:19.8256620+00:00 ContainerStream:   Hint: to learn how to allow an extension or see the list of allowed extensions, please refer to https://go.microsoft.com/fwlink/?linkid=2301063
2026-08-26T11:41:19.8256654+00:00 ContainerStream: Location   : db/migration/V1__users_roles.sql (/app/nested:/app/app.jar/!BOOT-INF/classes/!/db/migration/V1__users_roles.sql)
2026-08-26T11:41:19.8256681+00:00 ContainerStream: Line       : 39
2026-08-26T11:41:19.8256712+00:00 ContainerStream: Statement  : Run Flyway with -X option to see the actual statement causing the problem
2026-08-26T11:41:19.8256737+00:00 ContainerStream: 
2026-08-26T11:41:19.8256774+00:00 ContainerStream: 	at org.springframework.beans.factory.support.AbstractBeanFactory.doGetBean(AbstractBeanFactory.java:328) ~[spring-beans-6.2.17.jar!/:6.2.17]
2026-08-26T11:41:19.8256829+00:00 ContainerStream: 	at org.springframework.beans.factory.support.AbstractBeanFactory.getBean(AbstractBeanFactory.java:207) ~[spring-beans-6.2.17.jar!/:6.2.17]
2026-08-26T11:41:19.8256868+00:00 ContainerStream: 	at org.springframework.context.support.AbstractApplicationContext.finishBeanFactoryInitialization(AbstractApplicationContext.java:974) ~[spring-context-6.2.17.jar!/:6.2.17]
2026-08-26T11:41:19.8256903+00:00 ContainerStream: 	at org.springframework.context.support.AbstractApplicationContext.refresh(AbstractApplicationContext.java:628) ~[spring-context-6.2.17.jar!/:6.2.17]
2026-08-26T11:41:19.8256940+00:00 ContainerStream: 	at org.springframework.boot.web.servlet.context.ServletWebServerApplicationContext.refresh(ServletWebServerApplicationContext.java:146) ~[spring-boot-3.5.13.jar!/:3.5.13]
2026-08-26T11:41:19.8256974+00:00 ContainerStream: 	at org.springframework.boot.SpringApplication.refresh(SpringApplication.java:752) ~[spring-boot-3.5.13.jar!/:3.5.13]
2026-08-26T11:41:19.8257029+00:00 ContainerStream: 	at org.springframework.boot.SpringApplication.refreshContext(SpringApplication.java:439) ~[spring-boot-3.5.13.jar!/:3.5.13]
2026-08-26T11:41:19.8257063+00:00 ContainerStream: 	at org.springframework.boot.SpringApplication.run(SpringApplication.java:318) ~[spring-boot-3.5.13.jar!/:3.5.13]
2026-08-26T11:41:19.8257095+00:00 ContainerStream: 	at org.springframework.boot.SpringApplication.run(SpringApplication.java:1361) ~[spring-boot-3.5.13.jar!/:3.5.13]
2026-08-26T11:41:19.8257127+00:00 ContainerStream: 	at org.springframework.boot.SpringApplication.run(SpringApplication.java:1350) ~[spring-boot-3.5.13.jar!/:3.5.13]
2026-08-26T11:41:19.8257157+00:00 ContainerStream: 	at com.rvce.scas.ScasApplication.main(ScasApplication.java:20) ~[!/:0.0.1-SNAPSHOT]
2026-08-26T11:41:19.8257204+00:00 ContainerStream: 	at java.base/jdk.internal.reflect.NativeMethodAccessorImpl.invoke0(Native Method) ~[na:na]
2026-08-26T11:41:19.8257237+00:00 ContainerStream: 	at java.base/jdk.internal.reflect.NativeMethodAccessorImpl.invoke(Unknown Source) ~[na:na]
2026-08-26T11:41:19.8257268+00:00 ContainerStream: 	at java.base/jdk.internal.reflect.DelegatingMethodAccessorImpl.invoke(Unknown Source) ~[na:na]
2026-08-26T11:41:19.8257298+00:00 ContainerStream: 	at java.base/java.lang.reflect.Method.invoke(Unknown Source) ~[na:na]
2026-08-26T11:41:19.8257329+00:00 ContainerStream: 	at org.springframework.boot.loader.launch.Launcher.launch(Launcher.java:106) ~[app.jar:0.0.1-SNAPSHOT]
2026-08-26T11:41:19.8257361+00:00 ContainerStream: 	at org.springframework.boot.loader.launch.Launcher.launch(Launcher.java:64) ~[app.jar:0.0.1-SNAPSHOT]
2026-08-26T11:41:19.8257417+00:00 ContainerStream: 	at org.springframework.boot.loader.launch.JarLauncher.main(JarLauncher.java:40) ~[app.jar:0.0.1-SNAPSHOT]
2026-08-26T11:41:19.8257461+00:00 ContainerStream: Caused by: org.springframework.beans.factory.BeanCreationException: Error creating bean with name 'flywayInitializer' defined in class path resource [org/springframework/boot/autoconfigure/flyway/FlywayAutoConfiguration$FlywayConfiguration.class]: Script V1__users_roles.sql failed
2026-08-26T11:41:19.8257490+00:00 ContainerStream: ---------------------------------
2026-08-26T11:41:19.8257531+00:00 ContainerStream: SQL State  : 0A000
2026-08-26T11:41:19.8257557+00:00 ContainerStream: Error Code : 0
2026-08-26T11:41:19.8257589+00:00 ContainerStream: Message    : ERROR: extension "citext" is not allow-listed for users in Azure Database for PostgreSQL
2026-08-26T11:41:19.8257645+00:00 ContainerStream:   Hint: to learn how to allow an extension or see the list of allowed extensions, please refer to https://go.microsoft.com/fwlink/?linkid=2301063
2026-08-26T11:41:19.8257681+00:00 ContainerStream: Location   : db/migration/V1__users_roles.sql (/app/nested:/app/app.jar/!BOOT-INF/classes/!/db/migration/V1__users_roles.sql)
2026-08-26T11:41:19.8257707+00:00 ContainerStream: Line       : 39
2026-08-26T11:41:19.8258205+00:00 ContainerStream: Statement  : Run Flyway with -X option to see the actual statement causing the problem
2026-08-26T11:41:19.8258250+00:00 ContainerStream: 
2026-08-26T11:41:19.8258288+00:00 ContainerStream: 	at org.springframework.beans.factory.support.AbstractAutowireCapableBeanFactory.initializeBean(AbstractAutowireCapableBeanFactory.java:1826) ~[spring-beans-6.2.17.jar!/:6.2.17]
2026-08-26T11:41:19.8258350+00:00 ContainerStream: 	at org.springframework.beans.factory.support.AbstractAutowireCapableBeanFactory.doCreateBean(AbstractAutowireCapableBeanFactory.java:607) ~[spring-beans-6.2.17.jar!/:6.2.17]
2026-08-26T11:41:19.8258387+00:00 ContainerStream: 	at org.springframework.beans.factory.support.AbstractAutowireCapableBeanFactory.createBean(AbstractAutowireCapableBeanFactory.java:529) ~[spring-beans-6.2.17.jar!/:6.2.17]
2026-08-26T11:41:19.8258423+00:00 ContainerStream: 	at org.springframework.beans.factory.support.AbstractBeanFactory.lambda$doGetBean$0(AbstractBeanFactory.java:339) ~[spring-beans-6.2.17.jar!/:6.2.17]
2026-08-26T11:41:19.8258459+00:00 ContainerStream: 	at org.springframework.beans.factory.support.DefaultSingletonBeanRegistry.getSingleton(DefaultSingletonBeanRegistry.java:373) ~[spring-beans-6.2.17.jar!/:6.2.17]
2026-08-26T11:41:19.8258493+00:00 ContainerStream: 	at org.springframework.beans.factory.support.AbstractBeanFactory.doGetBean(AbstractBeanFactory.java:337) ~[spring-beans-6.2.17.jar!/:6.2.17]
2026-08-26T11:41:19.8258546+00:00 ContainerStream: 	at org.springframework.beans.factory.support.AbstractBeanFactory.getBean(AbstractBeanFactory.java:202) ~[spring-beans-6.2.17.jar!/:6.2.17]
2026-08-26T11:41:19.8258581+00:00 ContainerStream: 	at org.springframework.beans.factory.support.AbstractBeanFactory.doGetBean(AbstractBeanFactory.java:315) ~[spring-beans-6.2.17.jar!/:6.2.17]
2026-08-26T11:41:19.8258609+00:00 ContainerStream: 	... 17 common frames omitted
2026-08-26T11:41:19.8258641+00:00 ContainerStream: Caused by: org.flywaydb.core.internal.exception.FlywayMigrateException: Script V1__users_roles.sql failed
2026-08-26T11:41:19.8258668+00:00 ContainerStream: ---------------------------------
2026-08-26T11:41:19.8258695+00:00 ContainerStream: SQL State  : 0A000
2026-08-26T11:41:19.8258741+00:00 ContainerStream: Error Code : 0
2026-08-26T11:41:19.8258773+00:00 ContainerStream: Message    : ERROR: extension "citext" is not allow-listed for users in Azure Database for PostgreSQL
2026-08-26T11:41:19.8258807+00:00 ContainerStream:   Hint: to learn how to allow an extension or see the list of allowed extensions, please refer to https://go.microsoft.com/fwlink/?linkid=2301063
2026-08-26T11:41:19.8258840+00:00 ContainerStream: Location   : db/migration/V1__users_roles.sql (/app/nested:/app/app.jar/!BOOT-INF/classes/!/db/migration/V1__users_roles.sql)
2026-08-26T11:41:19.8258867+00:00 ContainerStream: Line       : 39
2026-08-26T11:41:19.8258898+00:00 ContainerStream: Statement  : Run Flyway with -X option to see the actual statement causing the problem
2026-08-26T11:41:19.8258941+00:00 ContainerStream: 
2026-08-26T11:41:19.8258975+00:00 ContainerStream: 	at org.flywaydb.core.internal.command.DbMigrate.doMigrateGroup(DbMigrate.java:399) ~[flyway-core-11.7.2.jar!/:na]
2026-08-26T11:41:19.8259009+00:00 ContainerStream: 	at org.flywaydb.core.internal.command.DbMigrate.lambda$applyMigrations$1(DbMigrate.java:283) ~[flyway-core-11.7.2.jar!/:na]
2026-08-26T11:41:19.8259044+00:00 ContainerStream: 	at org.flywaydb.core.internal.jdbc.TransactionalExecutionTemplate.execute(TransactionalExecutionTemplate.java:59) ~[flyway-core-11.7.2.jar!/:na]
2026-08-26T11:41:19.8259078+00:00 ContainerStream: 	at org.flywaydb.core.internal.command.DbMigrate.applyMigrations(DbMigrate.java:282) ~[flyway-core-11.7.2.jar!/:na]
2026-08-26T11:41:19.8259110+00:00 ContainerStream: 	at org.flywaydb.core.internal.command.DbMigrate.migrateGroup(DbMigrate.java:255) ~[flyway-core-11.7.2.jar!/:na]
2026-08-26T11:41:19.8260407+00:00 ContainerStream: 	at org.flywaydb.core.internal.command.DbMigrate.lambda$migrateAll$0(DbMigrate.java:153) ~[flyway-core-11.7.2.jar!/:na]
2026-08-26T11:41:19.8260474+00:00 ContainerStream: 	at org.flywaydb.database.postgresql.PostgreSQLAdvisoryLockTemplate.execute(PostgreSQLAdvisoryLockTemplate.java:77) ~[flyway-database-postgresql-11.7.2.jar!/:na]
2026-08-26T11:41:19.8260513+00:00 ContainerStream: 	at org.flywaydb.database.postgresql.PostgreSQLAdvisoryLockTemplate.lambda$execute$0(PostgreSQLAdvisoryLockTemplate.java:60) ~[flyway-database-postgresql-11.7.2.jar!/:na]
2026-08-26T11:41:19.8260548+00:00 ContainerStream: 	at org.flywaydb.core.internal.jdbc.TransactionalExecutionTemplate.execute(TransactionalExecutionTemplate.java:59) ~[flyway-core-11.7.2.jar!/:na]
2026-08-26T11:41:19.8260583+00:00 ContainerStream: 	at org.flywaydb.database.postgresql.PostgreSQLAdvisoryLockTemplate.execute(PostgreSQLAdvisoryLockTemplate.java:60) ~[flyway-database-postgresql-11.7.2.jar!/:na]
2026-08-26T11:41:19.8260639+00:00 ContainerStream: 	at org.flywaydb.database.postgresql.PostgreSQLConnection.lock(PostgreSQLConnection.java:105) ~[flyway-database-postgresql-11.7.2.jar!/:na]
2026-08-26T11:41:19.8260673+00:00 ContainerStream: 	at org.flywaydb.core.internal.schemahistory.JdbcTableSchemaHistory.lock(JdbcTableSchemaHistory.java:164) ~[flyway-core-11.7.2.jar!/:na]
2026-08-26T11:41:19.8260707+00:00 ContainerStream: 	at org.flywaydb.core.internal.command.DbMigrate.migrateAll(DbMigrate.java:153) ~[flyway-core-11.7.2.jar!/:na]
2026-08-26T11:41:19.8260741+00:00 ContainerStream: 	at org.flywaydb.core.internal.command.DbMigrate.migrate(DbMigrate.java:104) ~[flyway-core-11.7.2.jar!/:na]
2026-08-26T11:41:19.8260775+00:00 ContainerStream: 	at org.flywaydb.core.Flyway.lambda$migrate$1(Flyway.java:247) ~[flyway-core-11.7.2.jar!/:na]
2026-08-26T11:41:19.8260827+00:00 ContainerStream: 	at org.flywaydb.core.FlywayExecutor.execute(FlywayExecutor.java:210) ~[flyway-core-11.7.2.jar!/:na]
2026-08-26T11:41:19.8262685+00:00 ContainerStream: 	at org.flywaydb.core.Flyway.migrate(Flyway.java:188) ~[flyway-core-11.7.2.jar!/:na]
2026-08-26T11:41:19.8262781+00:00 ContainerStream: 	at org.springframework.boot.autoconfigure.flyway.FlywayMigrationInitializer.afterPropertiesSet(FlywayMigrationInitializer.java:66) ~[spring-boot-autoconfigure-3.5.13.jar!/:3.5.13]
2026-08-26T11:41:19.8262820+00:00 ContainerStream: 	at org.springframework.beans.factory.support.AbstractAutowireCapableBeanFactory.invokeInitMethods(AbstractAutowireCapableBeanFactory.java:1873) ~[spring-beans-6.2.17.jar!/:6.2.17]
2026-08-26T11:41:19.8262856+00:00 ContainerStream: 	at org.springframework.beans.factory.support.AbstractAutowireCapableBeanFactory.initializeBean(AbstractAutowireCapableBeanFactory.java:1822) ~[spring-beans-6.2.17.jar!/:6.2.17]
2026-08-26T11:41:19.8262919+00:00 ContainerStream: 	... 24 common frames omitted
2026-08-26T11:41:19.8262955+00:00 ContainerStream: Caused by: org.flywaydb.core.internal.sqlscript.FlywaySqlScriptException: Script V1__users_roles.sql failed
2026-08-26T11:41:19.8262984+00:00 ContainerStream: ---------------------------------
2026-08-26T11:41:19.8263011+00:00 ContainerStream: SQL State  : 0A000
2026-08-26T11:41:19.8263039+00:00 ContainerStream: Error Code : 0
2026-08-26T11:41:19.8263072+00:00 ContainerStream: Message    : ERROR: extension "citext" is not allow-listed for users in Azure Database for PostgreSQL
2026-08-26T11:41:19.8263106+00:00 ContainerStream:   Hint: to learn how to allow an extension or see the list of allowed extensions, please refer to https://go.microsoft.com/fwlink/?linkid=2301063
2026-08-26T11:41:19.8263160+00:00 ContainerStream: Location   : db/migration/V1__users_roles.sql (/app/nested:/app/app.jar/!BOOT-INF/classes/!/db/migration/V1__users_roles.sql)
2026-08-26T11:41:19.8263187+00:00 ContainerStream: Line       : 39
2026-08-26T11:41:19.8263218+00:00 ContainerStream: Statement  : Run Flyway with -X option to see the actual statement causing the problem
2026-08-26T11:41:19.8263244+00:00 ContainerStream: 
2026-08-26T11:41:19.8263279+00:00 ContainerStream: 	at org.flywaydb.core.internal.sqlscript.DefaultSqlScriptExecutor.handleException(DefaultSqlScriptExecutor.java:256) ~[flyway-core-11.7.2.jar!/:na]
2026-08-26T11:41:19.8263314+00:00 ContainerStream: 	at org.flywaydb.core.internal.sqlscript.DefaultSqlScriptExecutor.executeStatement(DefaultSqlScriptExecutor.java:217) ~[flyway-core-11.7.2.jar!/:na]
2026-08-26T11:41:19.8263369+00:00 ContainerStream: 	at org.flywaydb.core.internal.sqlscript.DefaultSqlScriptExecutor.execute(DefaultSqlScriptExecutor.java:137) ~[flyway-core-11.7.2.jar!/:na]
2026-08-26T11:41:19.8263403+00:00 ContainerStream: 	at org.flywaydb.core.internal.resolver.sql.SqlMigrationExecutor.executeOnce(SqlMigrationExecutor.java:75) ~[flyway-core-11.7.2.jar!/:na]
2026-08-26T11:41:19.8263437+00:00 ContainerStream: 	at org.flywaydb.core.internal.resolver.sql.SqlMigrationExecutor.lambda$execute$0(SqlMigrationExecutor.java:66) ~[flyway-core-11.7.2.jar!/:na]
2026-08-26T11:41:19.8263471+00:00 ContainerStream: 	at org.flywaydb.core.internal.database.DefaultExecutionStrategy.execute(DefaultExecutionStrategy.java:31) ~[flyway-core-11.7.2.jar!/:na]
2026-08-26T11:41:19.8263504+00:00 ContainerStream: 	at org.flywaydb.core.internal.resolver.sql.SqlMigrationExecutor.execute(SqlMigrationExecutor.java:65) ~[flyway-core-11.7.2.jar!/:na]
2026-08-26T11:41:19.8263557+00:00 ContainerStream: 	at org.flywaydb.core.internal.command.DbMigrate.doMigrateGroup(DbMigrate.java:391) ~[flyway-core-11.7.2.jar!/:na]
2026-08-26T11:41:19.8263586+00:00 ContainerStream: 	... 43 common frames omitted
2026-08-26T11:41:19.8263619+00:00 ContainerStream: Caused by: org.postgresql.util.PSQLException: ERROR: extension "citext" is not allow-listed for users in Azure Database for PostgreSQL
2026-08-26T11:41:19.8263653+00:00 ContainerStream:   Hint: to learn how to allow an extension or see the list of allowed extensions, please refer to https://go.microsoft.com/fwlink/?linkid=2301063
2026-08-26T11:41:19.8263686+00:00 ContainerStream: 	at org.postgresql.core.v3.QueryExecutorImpl.receiveErrorResponse(QueryExecutorImpl.java:2875) ~[postgresql-42.7.10.jar!/:42.7.10]
2026-08-26T11:41:19.8263720+00:00 ContainerStream: 	at org.postgresql.core.v3.QueryExecutorImpl.processResults(QueryExecutorImpl.java:2560) ~[postgresql-42.7.10.jar!/:42.7.10]
2026-08-26T11:41:19.8263774+00:00 ContainerStream: 	at org.postgresql.core.v3.QueryExecutorImpl.execute(QueryExecutorImpl.java:429) ~[postgresql-42.7.10.jar!/:42.7.10]
2026-08-26T11:41:19.8263807+00:00 ContainerStream: 	at org.postgresql.jdbc.PgStatement.executeInternal(PgStatement.java:526) ~[postgresql-42.7.10.jar!/:42.7.10]
2026-08-26T11:41:19.8263840+00:00 ContainerStream: 	at org.postgresql.jdbc.PgStatement.execute(PgStatement.java:436) ~[postgresql-42.7.10.jar!/:42.7.10]
2026-08-26T11:41:19.8263872+00:00 ContainerStream: 	at org.postgresql.jdbc.PgStatement.executeWithFlags(PgStatement.java:358) ~[postgresql-42.7.10.jar!/:42.7.10]
2026-08-26T11:41:19.8263904+00:00 ContainerStream: 	at org.postgresql.jdbc.PgStatement.executeCachedSql(PgStatement.java:343) ~[postgresql-42.7.10.jar!/:42.7.10]
2026-08-26T11:41:19.8263954+00:00 ContainerStream: 	at org.postgresql.jdbc.PgStatement.executeWithFlags(PgStatement.java:319) ~[postgresql-42.7.10.jar!/:42.7.10]
2026-08-26T11:41:19.8263987+00:00 ContainerStream: 	at org.postgresql.jdbc.PgStatement.execute(PgStatement.java:314) ~[postgresql-42.7.10.jar!/:42.7.10]
2026-08-26T11:41:19.8264019+00:00 ContainerStream: 	at com.zaxxer.hikari.pool.ProxyStatement.execute(ProxyStatement.java:95) ~[HikariCP-6.3.3.jar!/:na]
2026-08-26T11:41:19.8264051+00:00 ContainerStream: 	at com.zaxxer.hikari.pool.HikariProxyStatement.execute(HikariProxyStatement.java) ~[HikariCP-6.3.3.jar!/:na]
2026-08-26T11:41:19.8264085+00:00 ContainerStream: 	at org.flywaydb.core.internal.jdbc.JdbcTemplate.executeStatement(JdbcTemplate.java:215) ~[flyway-core-11.7.2.jar!/:na]
2026-08-26T11:41:19.8264186+00:00 ContainerStream: 	at org.flywaydb.core.internal.sqlscript.ParsedSqlStatement.execute(ParsedSqlStatement.java:88) ~[flyway-core-11.7.2.jar!/:na]
2026-08-26T11:41:19.8264251+00:00 ContainerStream: 	at org.flywaydb.core.internal.sqlscript.DefaultSqlScriptExecutor.executeStatement(DefaultSqlScriptExecutor.java:212) ~[flyway-core-11.7.2.jar!/:na]
2026-08-26T11:41:19.8264279+00:00 ContainerStream: 	... 49 common frames omitted
2026-08-26T11:41:19.8264304+00:00 ContainerStream: 
2026-08-26T11:41:20.3557636+00:00 ContainerStatus: Container has finished running with exit code: 1.
2026-08-26T11:41:20.3711433+00:00 ContainerStatus: Container is terminating. Grace period: 5 seconds.
2026-08-26T11:41:20.4076967+00:00 ContainerStatus: Stop and delete container. Retry count = 0
2026-08-26T11:41:20.4178383+00:00 ContainerStatus: Stopping container: 738454137397_scas-backend-2026-rvce.
2026-08-26T11:41:20.5325360+00:00 ContainerStatus: Deleting container: 738454137397_scas-backend-2026-rvce. Retry count = 0
2026-08-26T11:41:20.7934446+00:00 ContainerStatus: Container spec TerminationMessagePolicy  path 
2026-08-26T11:41:20.8052686+00:00 ContainerStatus: Container is terminated. Total time elapsed: 424 ms.
2026-08-26T11:41:20.8055228+00:00 ContainerStatus: Site container: scas-backend-2026-rvce terminated during site startup.
2026-08-26T11:41:20.8138078+00:00 ContainerStatus: State: Stopping, Action: CancellingStartup, LastError: , LastErrorTimestamp: 01/01/0001 00:00:00, LastErrorDetails: , Details: Site container: scas-backend-2026-rvce terminated during site startup. Cancelling site startup., DetailsLevel: ERR
2026-08-26T11:41:21.0144224+00:00 ContainerStatus: Site startup probe failed after 88.1312603 seconds.
2026-08-26T11:41:21.4953263+00:00 ContainerStatus: State: Stopping, Action: CancellingStartup, LastError: ContainerStartupFailure, LastErrorTimestamp: 08/26/2026 11:41:21, LastErrorDetails: Container exited with exit code 1 during startup after 88.3s. Please inspect your container logs for more details., Details: Site container: scas-backend-2026-rvce terminated during site startup. Cancelling site startup., DetailsLevel: ERR
2026-08-26T11:41:21.5644784+00:00 ContainerStatus: Failed to start site. Revert by stopping site.
2026-08-26T11:41:21.6133956+00:00 ContainerStatus: State: Stopping, Action: StoppingSite, LastError: ContainerStartupFailure, LastErrorTimestamp: 08/26/2026 11:41:21, LastErrorDetails: Container exited with exit code 1 during startup after 88.3s. Please inspect your container logs for more details., Details: Site container: scas-backend-2026-rvce terminated during site startup. Cancelling site startup., DetailsLevel: ERR
2026-08-26T11:41:21.6302524+00:00 ContainerStatus: State: Stopping, Action: StoppingSiteContainers, LastError: ContainerStartupFailure, LastErrorTimestamp: 08/26/2026 11:41:21, LastErrorDetails: Container exited with exit code 1 during startup after 88.3s. Please inspect your container logs for more details., Details: Site container: scas-backend-2026-rvce terminated during site startup. Cancelling site startup., DetailsLevel: ERR
2026-08-26T11:41:22.4143879+00:00 ContainerStatus: Site container: scas-backend-2026-rvce_managedIdentity terminated during site startup.
2026-08-26T11:41:22.4160264+00:00 ContainerStatus: State: Stopping, Action: StoppingSiteContainers, LastError: ContainerStartupFailure, LastErrorTimestamp: 08/26/2026 11:41:21, LastErrorDetails: Container exited with exit code 1 during startup after 88.3s. Please inspect your container logs for more details., Details: Site container: scas-backend-2026-rvce terminated during site startup. Cancelling site startup., DetailsLevel: ERR
2026-08-26T11:41:22.4173433+00:00 ContainerStatus: Site: scas-backend-2026-rvce stopped.
========== New Cold Start Attempt (2026-08-26T11:41:22.4947234+00:00) ==========
2026-08-26T11:41:22.4947234+00:00 ContainerStatus: State: Stopping, Action: UnmountingVolumes, LastError: ContainerStartupFailure, LastErrorTimestamp: 08/26/2026 11:41:21, LastErrorDetails: Container exited with exit code 1 during startup after 88.3s. Please inspect your container logs for more details., Details: Site container: scas-backend-2026-rvce terminated during site startup. Cancelling site startup., DetailsLevel: ERR
2026-08-26T11:41:23.3610915+00:00 ContainerStatus: State: Stopping, Action: StoppingSiteNetworks, LastError: ContainerStartupFailure, LastErrorTimestamp: 08/26/2026 11:41:21, LastErrorDetails: Container exited with exit code 1 during startup after 88.3s. Please inspect your container logs for more details., Details: Site container: scas-backend-2026-rvce terminated during site startup. Cancelling site startup., DetailsLevel: ERR
2026-08-26T11:41:23.9323786+00:00 ContainerStatus: State: Stopped, Action: None, LastError: ContainerStartupFailure, LastErrorTimestamp: 08/26/2026 11:41:21, LastErrorDetails: Container exited with exit code 1 during startup after 88.3s. Please inspect your container logs for more details., Details: Site stopped at 08/26/2026 11:41:23 (UTC), DetailsLevel: ERR
2026-08-26T11:41:25.0508444+00:00 ContainerStatus: State: Stopped, Action: None, LastError: ContainerStartupFailure, LastErrorTimestamp: 08/26/2026 11:41:21, LastErrorDetails: Container exited with exit code 1 during startup after 88.3s. Please inspect your container logs for more details., Details: Site stopped at 08/26/2026 11:41:23 (UTC), DetailsLevel: ERR
2026-08-26T11:42:01.6545008+00:00 ContainerStatus: State: Starting, Action: EstablishingSiteNetworks, LastError: ContainerStartupFailure, LastErrorTimestamp: 08/26/2026 11:41:21, LastErrorDetails: Container exited with exit code 1 during startup after 88.3s. Please inspect your container logs for more details., Details: Site stopped at 08/26/2026 11:41:23 (UTC), DetailsLevel: ERR
2026-08-26T11:42:07.0359719+00:00 ContainerStatus: State: Starting, Action: StartingMsiContainer, LastError: ContainerStartupFailure, LastErrorTimestamp: 08/26/2026 11:41:21, LastErrorDetails: Container exited with exit code 1 during startup after 88.3s. Please inspect your container logs for more details., Details: Site stopped at 08/26/2026 11:41:23 (UTC), DetailsLevel: ERR
2026-08-26T11:42:33.7698572+00:00 ContainerStatus: State: Starting, Action: StartingSiteContainers, LastError: ContainerStartupFailure, LastErrorTimestamp: 08/26/2026 11:41:21, LastErrorDetails: Container exited with exit code 1 during startup after 88.3s. Please inspect your container logs for more details., Details: Site stopped at 08/26/2026 11:41:23 (UTC), DetailsLevel: ERR
2026-08-26T11:42:33.7704176+00:00 ContainerStatus: Container start method called.
2026-08-26T11:42:33.7705420+00:00 ContainerStatus: State: Starting, Action: PullingImage, LastError: ContainerStartupFailure, LastErrorTimestamp: 08/26/2026 11:41:21, LastErrorDetails: Container exited with exit code 1 during startup after 88.3s. Please inspect your container logs for more details., Details: Pulling image scasacr2026rvce.azurecr.io/scas-backend:demo-544b4de for scas-backend-2026-rvce., DetailsLevel: INFO
2026-08-26T11:42:33.7706465+00:00 ContainerStatus: Establishing network.
2026-08-26T11:42:33.7760925+00:00 ContainerStatus: Pulling image: scasacr2026rvce.azurecr.io/scas-backend:demo-544b4de.
2026-08-26T11:42:37.7632292+00:00 ContainerStatus: Container is starting.
2026-08-26T11:42:37.7634305+00:00 ContainerStatus: State: Starting, Action: MountingVolumes, LastError: ContainerStartupFailure, LastErrorTimestamp: 08/26/2026 11:41:21, LastErrorDetails: Container exited with exit code 1 during startup after 88.3s. Please inspect your container logs for more details., Details: Mounting volumes for scas-backend-2026-rvce., DetailsLevel: INFO
2026-08-26T11:42:37.7635800+00:00 ContainerStatus: Establishing user namespace if not established already.
2026-08-26T11:42:37.7707430+00:00 ContainerStatus: Establishing network if not established already.
2026-08-26T11:42:37.7714523+00:00 ContainerStatus: Mounting volumes.
2026-08-26T11:42:37.7734610+00:00 ContainerStatus: Nested mountpoint volatile/logs
2026-08-26T11:42:37.8312688+00:00 ContainerStatus: Nested mountpoint 
2026-08-26T11:42:38.0122515+00:00 ContainerStatus: Nested mountpoint 
2026-08-26T11:42:38.0879281+00:00 ContainerStatus: State: Starting, Action: CreatingContainer, LastError: ContainerStartupFailure, LastErrorTimestamp: 08/26/2026 11:41:21, LastErrorDetails: Container exited with exit code 1 during startup after 88.3s. Please inspect your container logs for more details., Details: Finished pulling container image and mounting volumes for scas-backend-2026-rvce. Allocatinng the rest of the container resources to finish container creation., DetailsLevel: INFO
2026-08-26T11:42:38.0881972+00:00 ContainerStatus: Creating container.
2026-08-26T11:42:38.0882628+00:00 ContainerStatus: Creating pipes for streaming container io.
2026-08-26T11:42:38.0883643+00:00 ContainerStatus: Creating stdout named pipe at /podr/container/pipe/a788b6a82b30_scas-backend-2026-rvce/stdout_a92075ba0cc643fe99423e7f6bc09584.
2026-08-26T11:42:38.1403312+00:00 ContainerStatus: Successfully created stdout named pipe at: /podr/container/pipe/a788b6a82b30_scas-backend-2026-rvce/stdout_a92075ba0cc643fe99423e7f6bc09584.
2026-08-26T11:42:38.1404710+00:00 ContainerStatus: Opening named pipe /podr/container/pipe/a788b6a82b30_scas-backend-2026-rvce/stdout_a92075ba0cc643fe99423e7f6bc09584 for reading in non-blocking mode.
2026-08-26T11:42:38.1405729+00:00 ContainerStatus: Successfully opened named pipe: /podr/container/pipe/a788b6a82b30_scas-backend-2026-rvce/stdout_a92075ba0cc643fe99423e7f6bc09584.
2026-08-26T11:42:38.1406275+00:00 ContainerStatus: Successfully removed non-blocking flag from /podr/container/pipe/a788b6a82b30_scas-backend-2026-rvce/stdout_a92075ba0cc643fe99423e7f6bc09584.
2026-08-26T11:42:38.1407512+00:00 ContainerStatus: Creating stderr named pipe at /podr/container/pipe/a788b6a82b30_scas-backend-2026-rvce/stderr_9bbb63fb10a84a4f9ecd72ea0933435c.
2026-08-26T11:42:38.1579433+00:00 ContainerStatus: Successfully created stderr named pipe at: /podr/container/pipe/a788b6a82b30_scas-backend-2026-rvce/stderr_9bbb63fb10a84a4f9ecd72ea0933435c.
2026-08-26T11:42:38.1581158+00:00 ContainerStatus: Opening named pipe /podr/container/pipe/a788b6a82b30_scas-backend-2026-rvce/stderr_9bbb63fb10a84a4f9ecd72ea0933435c for reading in non-blocking mode.
2026-08-26T11:42:38.1582131+00:00 ContainerStatus: Successfully opened named pipe: /podr/container/pipe/a788b6a82b30_scas-backend-2026-rvce/stderr_9bbb63fb10a84a4f9ecd72ea0933435c.
2026-08-26T11:42:38.1583039+00:00 ContainerStatus: Successfully removed non-blocking flag from /podr/container/pipe/a788b6a82b30_scas-backend-2026-rvce/stderr_9bbb63fb10a84a4f9ecd72ea0933435c.
2026-08-26T11:42:38.1600570+00:00 ContainerStatus: Creating container with image: scasacr2026rvce.azurecr.io/scas-backend:demo-544b4de from registry: scasacr2026rvce.azurecr.io and fully qualified image name: scasacr2026rvce.azurecr.io/scas-backend:demo-544b4de
2026-08-26T11:42:40.1310267+00:00 ContainerStatus: Starting container: a788b6a82b30_scas-backend-2026-rvce.
2026-08-26T11:42:40.6386593+00:00 ContainerStatus: Starting watchers and probes.
2026-08-26T11:42:40.6555357+00:00 ContainerStatus: Starting metrics collection.
2026-08-26T11:42:40.6561578+00:00 ContainerStatus: Container is running.
2026-08-26T11:42:40.6583685+00:00 ContainerStatus: State: Starting, Action: CreatingContainer, LastError: ContainerStartupFailure, LastErrorTimestamp: 08/26/2026 11:41:21, LastErrorDetails: Container exited with exit code 1 during startup after 88.3s. Please inspect your container logs for more details., Details: Container scas-backend-2026-rvce successfully created and is running., DetailsLevel: INFO
2026-08-26T11:42:41.1073414+00:00 ContainerStatus: Container start method finished after 7336 ms.
2026-08-26T11:42:41.1082987+00:00 ContainerStatus: State: Starting, Action: InitiatingSiteWarmUpProbe, LastError: ContainerStartupFailure, LastErrorTimestamp: 08/26/2026 11:41:21, LastErrorDetails: Container exited with exit code 1 during startup after 88.3s. Please inspect your container logs for more details., Details: Container scas-backend-2026-rvce successfully created and is running., DetailsLevel: INFO
2026-08-26T11:42:41.1083395+00:00 ContainerStatus: State: Starting, Action: WaitingForSiteWarmUpProbeSuccess, LastError: ContainerStartupFailure, LastErrorTimestamp: 08/26/2026 11:41:21, LastErrorDetails: Container exited with exit code 1 during startup after 88.3s. Please inspect your container logs for more details., Details: Pinging warmup path to ensure container is ready to receive requests., DetailsLevel: INFO
2026-08-26T11:43:07.1886357+00:00 ContainerStream: 
2026-08-26T11:43:07.1962909+00:00 ContainerStream:   .   ____          _            __ _ _
2026-08-26T11:43:07.1963753+00:00 ContainerStream:  /\\ / ___'_ __ _ _(_)_ __  __ _ \ \ \ \
2026-08-26T11:43:07.1963795+00:00 ContainerStream: ( ( )\___ | '_ | '_| | '_ \/ _` | \ \ \ \
2026-08-26T11:43:07.1963820+00:00 ContainerStream:  \\/  ___)| |_)| | | | | || (_| |  ) ) ) )
2026-08-26T11:43:07.1963841+00:00 ContainerStream:   '  |____| .__|_| |_|_| |_\__, | / / / /
2026-08-26T11:43:07.1963865+00:00 ContainerStream:  =========|_|==============|___/=/_/_/_/
2026-08-26T11:43:07.1963884+00:00 ContainerStream: 
2026-08-26T11:43:07.2371860+00:00 ContainerStream:  :: Spring Boot ::               (v3.5.13)
2026-08-26T11:43:07.2458159+00:00 ContainerStream: 
2026-08-26T11:43:08.3165523+00:00 ContainerStream: 2026-08-26T11:43:08.286Z  INFO 1 --- [           main] com.rvce.scas.ScasApplication            : Starting ScasApplication v0.0.1-SNAPSHOT using Java 17.0.20 with PID 1 (/app/app.jar started by root in /app)
2026-08-26T11:43:08.3444968+00:00 ContainerStream: 2026-08-26T11:43:08.343Z  INFO 1 --- [           main] com.rvce.scas.ScasApplication            : The following 1 profile is active: "prod"
2026-08-26T11:43:34.3875528+00:00 ContainerStream: 2026-08-26T11:43:34.386Z  INFO 1 --- [           main] .s.d.r.c.RepositoryConfigurationDelegate : Multiple Spring Data modules found, entering strict repository configuration mode
2026-08-26T11:43:34.4133779+00:00 ContainerStream: 2026-08-26T11:43:34.412Z  INFO 1 --- [           main] .s.d.r.c.RepositoryConfigurationDelegate : Bootstrapping Spring Data JPA repositories in DEFAULT mode.
2026-08-26T11:43:37.2793723+00:00 ContainerStream: 2026-08-26T11:43:37.272Z  INFO 1 --- [           main] .s.d.r.c.RepositoryConfigurationDelegate : Finished Spring Data repository scanning in 2751 ms. Found 12 JPA repository interfaces.
2026-08-26T11:43:37.5104481+00:00 ContainerStream: 2026-08-26T11:43:37.504Z  INFO 1 --- [           main] .s.d.r.c.RepositoryConfigurationDelegate : Multiple Spring Data modules found, entering strict repository configuration mode
2026-08-26T11:43:37.5407172+00:00 ContainerStream: 2026-08-26T11:43:37.540Z  INFO 1 --- [           main] .s.d.r.c.RepositoryConfigurationDelegate : Bootstrapping Spring Data Redis repositories in DEFAULT mode.
2026-08-26T11:43:37.7461702+00:00 ContainerStream: 2026-08-26T11:43:37.745Z  INFO 1 --- [           main] .RepositoryConfigurationExtensionSupport : Spring Data Redis - Could not safely identify store assignment for repository candidate interface com.rvce.scas.repository.DepartmentRepository; If you want this repository to be a Redis repository, consider annotating your entities with one of these annotations: org.springframework.data.redis.core.RedisHash (preferred), or consider extending one of the following types with your repository: org.springframework.data.keyvalue.repository.KeyValueRepository
2026-08-26T11:43:37.7664531+00:00 ContainerStream: 2026-08-26T11:43:37.763Z  INFO 1 --- [           main] .RepositoryConfigurationExtensionSupport : Spring Data Redis - Could not safely identify store assignment for repository candidate interface com.rvce.scas.repository.ExamHallRepository; If you want this repository to be a Redis repository, consider annotating your entities with one of these annotations: org.springframework.data.redis.core.RedisHash (preferred), or consider extending one of the following types with your repository: org.springframework.data.keyvalue.repository.KeyValueRepository
2026-08-26T11:43:37.7750326+00:00 ContainerStream: 2026-08-26T11:43:37.772Z  INFO 1 --- [           main] .RepositoryConfigurationExtensionSupport : Spring Data Redis - Could not safely identify store assignment for repository candidate interface com.rvce.scas.repository.ExamSeatRepository; If you want this repository to be a Redis repository, consider annotating your entities with one of these annotations: org.springframework.data.redis.core.RedisHash (preferred), or consider extending one of the following types with your repository: org.springframework.data.keyvalue.repository.KeyValueRepository
2026-08-26T11:43:37.7757351+00:00 ContainerStream: 2026-08-26T11:43:37.775Z  INFO 1 --- [           main] .RepositoryConfigurationExtensionSupport : Spring Data Redis - Could not safely identify store assignment for repository candidate interface com.rvce.scas.repository.ExamSessionRepository; If you want this repository to be a Redis repository, consider annotating your entities with one of these annotations: org.springframework.data.redis.core.RedisHash (preferred), or consider extending one of the following types with your repository: org.springframework.data.keyvalue.repository.KeyValueRepository
2026-08-26T11:43:37.7914065+00:00 ContainerStream: 2026-08-26T11:43:37.784Z  INFO 1 --- [           main] .RepositoryConfigurationExtensionSupport : Spring Data Redis - Could not safely identify store assignment for repository candidate interface com.rvce.scas.repository.ExamStudentRepository; If you want this repository to be a Redis repository, consider annotating your entities with one of these annotations: org.springframework.data.redis.core.RedisHash (preferred), or consider extending one of the following types with your repository: org.springframework.data.keyvalue.repository.KeyValueRepository
2026-08-26T11:43:37.8039954+00:00 ContainerStream: 2026-08-26T11:43:37.803Z  INFO 1 --- [           main] .RepositoryConfigurationExtensionSupport : Spring Data Redis - Could not safely identify store assignment for repository candidate interface com.rvce.scas.repository.NotificationRepository; If you want this repository to be a Redis repository, consider annotating your entities with one of these annotations: org.springframework.data.redis.core.RedisHash (preferred), or consider extending one of the following types with your repository: org.springframework.data.keyvalue.repository.KeyValueRepository
2026-08-26T11:43:37.8221919+00:00 ContainerStream: 2026-08-26T11:43:37.821Z  INFO 1 --- [           main] .RepositoryConfigurationExtensionSupport : Spring Data Redis - Could not safely identify store assignment for repository candidate interface com.rvce.scas.repository.PasswordResetTokenRepository; If you want this repository to be a Redis repository, consider annotating your entities with one of these annotations: org.springframework.data.redis.core.RedisHash (preferred), or consider extending one of the following types with your repository: org.springframework.data.keyvalue.repository.KeyValueRepository
2026-08-26T11:43:37.8256668+00:00 ContainerStream: 2026-08-26T11:43:37.825Z  INFO 1 --- [           main] .RepositoryConfigurationExtensionSupport : Spring Data Redis - Could not safely identify store assignment for repository candidate interface com.rvce.scas.repository.RoleRepository; If you want this repository to be a Redis repository, consider annotating your entities with one of these annotations: org.springframework.data.redis.core.RedisHash (preferred), or consider extending one of the following types with your repository: org.springframework.data.keyvalue.repository.KeyValueRepository
2026-08-26T11:43:37.8332326+00:00 ContainerStream: 2026-08-26T11:43:37.832Z  INFO 1 --- [           main] .RepositoryConfigurationExtensionSupport : Spring Data Redis - Could not safely identify store assignment for repository candidate interface com.rvce.scas.repository.RoomRepository; If you want this repository to be a Redis repository, consider annotating your entities with one of these annotations: org.springframework.data.redis.core.RedisHash (preferred), or consider extending one of the following types with your repository: org.springframework.data.keyvalue.repository.KeyValueRepository
2026-08-26T11:43:37.8348758+00:00 ContainerStream: 2026-08-26T11:43:37.834Z  INFO 1 --- [           main] .RepositoryConfigurationExtensionSupport : Spring Data Redis - Could not safely identify store assignment for repository candidate interface com.rvce.scas.repository.TimetableSlotRepository; If you want this repository to be a Redis repository, consider annotating your entities with one of these annotations: org.springframework.data.redis.core.RedisHash (preferred), or consider extending one of the following types with your repository: org.springframework.data.keyvalue.repository.KeyValueRepository
2026-08-26T11:43:37.8421281+00:00 ContainerStream: 2026-08-26T11:43:37.841Z  INFO 1 --- [           main] .RepositoryConfigurationExtensionSupport : Spring Data Redis - Could not safely identify store assignment for repository candidate interface com.rvce.scas.repository.UserRepository; If you want this repository to be a Redis repository, consider annotating your entities with one of these annotations: org.springframework.data.redis.core.RedisHash (preferred), or consider extending one of the following types with your repository: org.springframework.data.keyvalue.repository.KeyValueRepository
2026-08-26T11:43:37.8421376+00:00 ContainerStream: 2026-08-26T11:43:37.841Z  INFO 1 --- [           main] .RepositoryConfigurationExtensionSupport : Spring Data Redis - Could not safely identify store assignment for repository candidate interface com.rvce.scas.repository.UserRoleRepository; If you want this repository to be a Redis repository, consider annotating your entities with one of these annotations: org.springframework.data.redis.core.RedisHash (preferred), or consider extending one of the following types with your repository: org.springframework.data.keyvalue.repository.KeyValueRepository
2026-08-26T11:43:37.8676239+00:00 ContainerStream: 2026-08-26T11:43:37.842Z  INFO 1 --- [           main] .s.d.r.c.RepositoryConfigurationDelegate : Finished Spring Data repository scanning in 192 ms. Found 0 Redis repository interfaces.
2026-08-26T11:43:46.7930283+00:00 ContainerStream: 2026-08-26T11:43:46.792Z  INFO 1 --- [           main] o.s.b.w.embedded.tomcat.TomcatWebServer  : Tomcat initialized with port 8080 (http)
2026-08-26T11:43:46.9667745+00:00 ContainerStream: 2026-08-26T11:43:46.958Z  INFO 1 --- [           main] o.apache.catalina.core.StandardService   : Starting service [Tomcat]
2026-08-26T11:43:46.9786607+00:00 ContainerStream: 2026-08-26T11:43:46.977Z  INFO 1 --- [           main] o.apache.catalina.core.StandardEngine    : Starting Servlet engine: [Apache Tomcat/10.1.53]
2026-08-26T11:43:48.4563768+00:00 ContainerStream: 2026-08-26T11:43:48.450Z  INFO 1 --- [           main] o.a.c.c.C.[Tomcat].[localhost].[/]       : Initializing Spring embedded WebApplicationContext
2026-08-26T11:43:48.4700084+00:00 ContainerStream: 2026-08-26T11:43:48.468Z  INFO 1 --- [           main] w.s.c.ServletWebServerApplicationContext : Root WebApplicationContext: initialization completed in 39547 ms
2026-08-26T11:44:18.7351798+00:00 ContainerStream: 2026-08-26T11:44:18.710Z  INFO 1 --- [           main] com.zaxxer.hikari.HikariDataSource       : HikariPool-1 - Starting...
2026-08-26T11:44:21.9945748+00:00 ContainerStream: 2026-08-26T11:44:21.993Z  INFO 1 --- [           main] com.zaxxer.hikari.pool.HikariPool        : HikariPool-1 - Added connection org.postgresql.jdbc.PgConnection@3c34c491
2026-08-26T11:44:22.0211861+00:00 ContainerStream: 2026-08-26T11:44:22.020Z  INFO 1 --- [           main] com.zaxxer.hikari.HikariDataSource       : HikariPool-1 - Start completed.
2026-08-26T11:44:22.8316462+00:00 ContainerStream: 2026-08-26T11:44:22.831Z  INFO 1 --- [           main] org.flywaydb.core.FlywayExecutor         : Database: jdbc:postgresql://scas-postgres-k23.postgres.database.azure.com:5432/scasdb?sslmode=require (PostgreSQL 16.14)
2026-08-26T11:44:24.1612416+00:00 ContainerStream: 2026-08-26T11:44:24.144Z  INFO 1 --- [           main] o.f.core.internal.command.DbValidate     : Successfully validated 27 migrations (execution time 00:00.827s)
2026-08-26T11:44:24.3336129+00:00 ContainerStream: 2026-08-26T11:44:24.333Z  INFO 1 --- [           main] o.f.core.internal.command.DbMigrate      : Current version of schema "public": << Empty Schema >>
2026-08-26T11:44:24.7329468+00:00 ContainerStream: 2026-08-26T11:44:24.717Z  INFO 1 --- [           main] o.f.core.internal.command.DbMigrate      : Migrating schema "public" to version "1 - users roles"
2026-08-26T11:44:25.1712620+00:00 ContainerStream: 2026-08-26T11:44:24.996Z  WARN 1 --- [           main] com.zaxxer.hikari.pool.ProxyConnection   : HikariPool-1 - Connection org.postgresql.jdbc.PgConnection@56ed2baf marked as broken because of SQLSTATE(0A000), ErrorCode(0)
2026-08-26T11:44:25.1712874+00:00 ContainerStream: 
2026-08-26T11:44:25.1712912+00:00 ContainerStream: org.postgresql.util.PSQLException: ERROR: extension "citext" is not allow-listed for users in Azure Database for PostgreSQL
2026-08-26T11:44:25.1712942+00:00 ContainerStream:   Hint: to learn how to allow an extension or see the list of allowed extensions, please refer to https://go.microsoft.com/fwlink/?linkid=2301063
2026-08-26T11:44:25.1712975+00:00 ContainerStream: 	at org.postgresql.core.v3.QueryExecutorImpl.receiveErrorResponse(QueryExecutorImpl.java:2875) ~[postgresql-42.7.10.jar!/:42.7.10]
2026-08-26T11:44:25.1713012+00:00 ContainerStream: 	at org.postgresql.core.v3.QueryExecutorImpl.processResults(QueryExecutorImpl.java:2560) ~[postgresql-42.7.10.jar!/:42.7.10]
2026-08-26T11:44:25.1713078+00:00 ContainerStream: 	at org.postgresql.core.v3.QueryExecutorImpl.execute(QueryExecutorImpl.java:429) ~[postgresql-42.7.10.jar!/:42.7.10]
2026-08-26T11:44:25.1713105+00:00 ContainerStream: 	at org.postgresql.jdbc.PgStatement.executeInternal(PgStatement.java:526) ~[postgresql-42.7.10.jar!/:42.7.10]
2026-08-26T11:44:25.1713131+00:00 ContainerStream: 	at org.postgresql.jdbc.PgStatement.execute(PgStatement.java:436) ~[postgresql-42.7.10.jar!/:42.7.10]
2026-08-26T11:44:25.1713158+00:00 ContainerStream: 	at org.postgresql.jdbc.PgStatement.executeWithFlags(PgStatement.java:358) ~[postgresql-42.7.10.jar!/:42.7.10]
2026-08-26T11:44:25.1713184+00:00 ContainerStream: 	at org.postgresql.jdbc.PgStatement.executeCachedSql(PgStatement.java:343) ~[postgresql-42.7.10.jar!/:42.7.10]
2026-08-26T11:44:25.1713212+00:00 ContainerStream: 	at org.postgresql.jdbc.PgStatement.executeWithFlags(PgStatement.java:319) ~[postgresql-42.7.10.jar!/:42.7.10]
2026-08-26T11:44:25.1713240+00:00 ContainerStream: 	at org.postgresql.jdbc.PgStatement.execute(PgStatement.java:314) ~[postgresql-42.7.10.jar!/:42.7.10]
2026-08-26T11:44:25.1713265+00:00 ContainerStream: 	at com.zaxxer.hikari.pool.ProxyStatement.execute(ProxyStatement.java:95) ~[HikariCP-6.3.3.jar!/:na]
2026-08-26T11:44:25.1713292+00:00 ContainerStream: 	at com.zaxxer.hikari.pool.HikariProxyStatement.execute(HikariProxyStatement.java) ~[HikariCP-6.3.3.jar!/:na]
2026-08-26T11:44:25.1713319+00:00 ContainerStream: 	at org.flywaydb.core.internal.jdbc.JdbcTemplate.executeStatement(JdbcTemplate.java:215) ~[flyway-core-11.7.2.jar!/:na]
2026-08-26T11:44:25.1713347+00:00 ContainerStream: 	at org.flywaydb.core.internal.sqlscript.ParsedSqlStatement.execute(ParsedSqlStatement.java:88) ~[flyway-core-11.7.2.jar!/:na]
2026-08-26T11:44:25.1713404+00:00 ContainerStream: 	at org.flywaydb.core.internal.sqlscript.DefaultSqlScriptExecutor.executeStatement(DefaultSqlScriptExecutor.java:212) ~[flyway-core-11.7.2.jar!/:na]
2026-08-26T11:44:25.1713433+00:00 ContainerStream: 	at org.flywaydb.core.internal.sqlscript.DefaultSqlScriptExecutor.execute(DefaultSqlScriptExecutor.java:137) ~[flyway-core-11.7.2.jar!/:na]
2026-08-26T11:44:25.1713461+00:00 ContainerStream: 	at org.flywaydb.core.internal.resolver.sql.SqlMigrationExecutor.executeOnce(SqlMigrationExecutor.java:75) ~[flyway-core-11.7.2.jar!/:na]
2026-08-26T11:44:25.1713491+00:00 ContainerStream: 	at org.flywaydb.core.internal.resolver.sql.SqlMigrationExecutor.lambda$execute$0(SqlMigrationExecutor.java:66) ~[flyway-core-11.7.2.jar!/:na]
2026-08-26T11:44:25.1713520+00:00 ContainerStream: 	at org.flywaydb.core.internal.database.DefaultExecutionStrategy.execute(DefaultExecutionStrategy.java:31) ~[flyway-core-11.7.2.jar!/:na]
2026-08-26T11:44:25.1713548+00:00 ContainerStream: 	at org.flywaydb.core.internal.resolver.sql.SqlMigrationExecutor.execute(SqlMigrationExecutor.java:65) ~[flyway-core-11.7.2.jar!/:na]
2026-08-26T11:44:25.1713574+00:00 ContainerStream: 	at org.flywaydb.core.internal.command.DbMigrate.doMigrateGroup(DbMigrate.java:391) ~[flyway-core-11.7.2.jar!/:na]
2026-08-26T11:44:25.1713601+00:00 ContainerStream: 	at org.flywaydb.core.internal.command.DbMigrate.lambda$applyMigrations$1(DbMigrate.java:283) ~[flyway-core-11.7.2.jar!/:na]
2026-08-26T11:44:25.1713631+00:00 ContainerStream: 	at org.flywaydb.core.internal.jdbc.TransactionalExecutionTemplate.execute(TransactionalExecutionTemplate.java:59) ~[flyway-core-11.7.2.jar!/:na]
2026-08-26T11:44:25.1713658+00:00 ContainerStream: 	at org.flywaydb.core.internal.command.DbMigrate.applyMigrations(DbMigrate.java:282) ~[flyway-core-11.7.2.jar!/:na]
2026-08-26T11:44:25.1713704+00:00 ContainerStream: 	at org.flywaydb.core.internal.command.DbMigrate.migrateGroup(DbMigrate.java:255) ~[flyway-core-11.7.2.jar!/:na]
2026-08-26T11:44:25.1713732+00:00 ContainerStream: 	at org.flywaydb.core.internal.command.DbMigrate.lambda$migrateAll$0(DbMigrate.java:153) ~[flyway-core-11.7.2.jar!/:na]
2026-08-26T11:44:25.1713763+00:00 ContainerStream: 	at org.flywaydb.database.postgresql.PostgreSQLAdvisoryLockTemplate.execute(PostgreSQLAdvisoryLockTemplate.java:77) ~[flyway-database-postgresql-11.7.2.jar!/:na]
2026-08-26T11:44:25.1713793+00:00 ContainerStream: 	at org.flywaydb.database.postgresql.PostgreSQLAdvisoryLockTemplate.lambda$execute$0(PostgreSQLAdvisoryLockTemplate.java:60) ~[flyway-database-postgresql-11.7.2.jar!/:na]
2026-08-26T11:44:25.1713822+00:00 ContainerStream: 	at org.flywaydb.core.internal.jdbc.TransactionalExecutionTemplate.execute(TransactionalExecutionTemplate.java:59) ~[flyway-core-11.7.2.jar!/:na]
2026-08-26T11:44:25.1714100+00:00 ContainerStream: 	at org.flywaydb.database.postgresql.PostgreSQLAdvisoryLockTemplate.execute(PostgreSQLAdvisoryLockTemplate.java:60) ~[flyway-database-postgresql-11.7.2.jar!/:na]
2026-08-26T11:44:25.1714134+00:00 ContainerStream: 	at org.flywaydb.database.postgresql.PostgreSQLConnection.lock(PostgreSQLConnection.java:105) ~[flyway-database-postgresql-11.7.2.jar!/:na]
2026-08-26T11:44:25.1714163+00:00 ContainerStream: 	at org.flywaydb.core.internal.schemahistory.JdbcTableSchemaHistory.lock(JdbcTableSchemaHistory.java:164) ~[flyway-core-11.7.2.jar!/:na]
2026-08-26T11:44:25.1714189+00:00 ContainerStream: 	at org.flywaydb.core.internal.command.DbMigrate.migrateAll(DbMigrate.java:153) ~[flyway-core-11.7.2.jar!/:na]
2026-08-26T11:44:25.1714216+00:00 ContainerStream: 	at org.flywaydb.core.internal.command.DbMigrate.migrate(DbMigrate.java:104) ~[flyway-core-11.7.2.jar!/:na]
2026-08-26T11:44:25.1714424+00:00 ContainerStream: 	at org.flywaydb.core.Flyway.lambda$migrate$1(Flyway.java:247) ~[flyway-core-11.7.2.jar!/:na]
2026-08-26T11:44:25.1714450+00:00 ContainerStream: 	at org.flywaydb.core.FlywayExecutor.execute(FlywayExecutor.java:210) ~[flyway-core-11.7.2.jar!/:na]
2026-08-26T11:44:25.1714473+00:00 ContainerStream: 	at org.flywaydb.core.Flyway.migrate(Flyway.java:188) ~[flyway-core-11.7.2.jar!/:na]
2026-08-26T11:44:25.1714503+00:00 ContainerStream: 	at org.springframework.boot.autoconfigure.flyway.FlywayMigrationInitializer.afterPropertiesSet(FlywayMigrationInitializer.java:66) ~[spring-boot-autoconfigure-3.5.13.jar!/:3.5.13]
2026-08-26T11:44:25.1714532+00:00 ContainerStream: 	at org.springframework.beans.factory.support.AbstractAutowireCapableBeanFactory.invokeInitMethods(AbstractAutowireCapableBeanFactory.java:1873) ~[spring-beans-6.2.17.jar!/:6.2.17]
2026-08-26T11:44:25.1714561+00:00 ContainerStream: 	at org.springframework.beans.factory.support.AbstractAutowireCapableBeanFactory.initializeBean(AbstractAutowireCapableBeanFactory.java:1822) ~[spring-beans-6.2.17.jar!/:6.2.17]
2026-08-26T11:44:25.1714590+00:00 ContainerStream: 	at org.springframework.beans.factory.support.AbstractAutowireCapableBeanFactory.doCreateBean(AbstractAutowireCapableBeanFactory.java:607) ~[spring-beans-6.2.17.jar!/:6.2.17]
2026-08-26T11:44:25.1714619+00:00 ContainerStream: 	at org.springframework.beans.factory.support.AbstractAutowireCapableBeanFactory.createBean(AbstractAutowireCapableBeanFactory.java:529) ~[spring-beans-6.2.17.jar!/:6.2.17]
2026-08-26T11:44:25.1714647+00:00 ContainerStream: 	at org.springframework.beans.factory.support.AbstractBeanFactory.lambda$doGetBean$0(AbstractBeanFactory.java:339) ~[spring-beans-6.2.17.jar!/:6.2.17]
2026-08-26T11:44:25.1714675+00:00 ContainerStream: 	at org.springframework.beans.factory.support.DefaultSingletonBeanRegistry.getSingleton(DefaultSingletonBeanRegistry.java:373) ~[spring-beans-6.2.17.jar!/:6.2.17]
2026-08-26T11:44:25.1714722+00:00 ContainerStream: 	at org.springframework.beans.factory.support.AbstractBeanFactory.doGetBean(AbstractBeanFactory.java:337) ~[spring-beans-6.2.17.jar!/:6.2.17]
2026-08-26T11:44:25.1714748+00:00 ContainerStream: 	at org.springframework.beans.factory.support.AbstractBeanFactory.getBean(AbstractBeanFactory.java:202) ~[spring-beans-6.2.17.jar!/:6.2.17]
2026-08-26T11:44:25.1714776+00:00 ContainerStream: 	at org.springframework.beans.factory.support.AbstractBeanFactory.doGetBean(AbstractBeanFactory.java:315) ~[spring-beans-6.2.17.jar!/:6.2.17]
2026-08-26T11:44:25.1714802+00:00 ContainerStream: 	at org.springframework.beans.factory.support.AbstractBeanFactory.getBean(AbstractBeanFactory.java:207) ~[spring-beans-6.2.17.jar!/:6.2.17]
2026-08-26T11:44:25.1714830+00:00 ContainerStream: 	at org.springframework.context.support.AbstractApplicationContext.finishBeanFactoryInitialization(AbstractApplicationContext.java:974) ~[spring-context-6.2.17.jar!/:6.2.17]
2026-08-26T11:44:25.1714858+00:00 ContainerStream: 	at org.springframework.context.support.AbstractApplicationContext.refresh(AbstractApplicationContext.java:628) ~[spring-context-6.2.17.jar!/:6.2.17]
2026-08-26T11:44:25.1714886+00:00 ContainerStream: 	at org.springframework.boot.web.servlet.context.ServletWebServerApplicationContext.refresh(ServletWebServerApplicationContext.java:146) ~[spring-boot-3.5.13.jar!/:3.5.13]
2026-08-26T11:44:25.1714912+00:00 ContainerStream: 	at org.springframework.boot.SpringApplication.refresh(SpringApplication.java:752) ~[spring-boot-3.5.13.jar!/:3.5.13]
2026-08-26T11:44:25.1714937+00:00 ContainerStream: 	at org.springframework.boot.SpringApplication.refreshContext(SpringApplication.java:439) ~[spring-boot-3.5.13.jar!/:3.5.13]
2026-08-26T11:44:25.1714962+00:00 ContainerStream: 	at org.springframework.boot.SpringApplication.run(SpringApplication.java:318) ~[spring-boot-3.5.13.jar!/:3.5.13]
2026-08-26T11:44:25.1715008+00:00 ContainerStream: 	at org.springframework.boot.SpringApplication.run(SpringApplication.java:1361) ~[spring-boot-3.5.13.jar!/:3.5.13]
2026-08-26T11:44:25.1715033+00:00 ContainerStream: 	at org.springframework.boot.SpringApplication.run(SpringApplication.java:1350) ~[spring-boot-3.5.13.jar!/:3.5.13]
2026-08-26T11:44:25.1715056+00:00 ContainerStream: 	at com.rvce.scas.ScasApplication.main(ScasApplication.java:20) ~[!/:0.0.1-SNAPSHOT]
2026-08-26T11:44:25.1715082+00:00 ContainerStream: 	at java.base/jdk.internal.reflect.NativeMethodAccessorImpl.invoke0(Native Method) ~[na:na]
2026-08-26T11:44:25.1715105+00:00 ContainerStream: 	at java.base/jdk.internal.reflect.NativeMethodAccessorImpl.invoke(Unknown Source) ~[na:na]
2026-08-26T11:44:25.1715131+00:00 ContainerStream: 	at java.base/jdk.internal.reflect.DelegatingMethodAccessorImpl.invoke(Unknown Source) ~[na:na]
2026-08-26T11:44:25.1715198+00:00 ContainerStream: 	at java.base/java.lang.reflect.Method.invoke(Unknown Source) ~[na:na]
2026-08-26T11:44:25.1715225+00:00 ContainerStream: 	at org.springframework.boot.loader.launch.Launcher.launch(Launcher.java:106) ~[app.jar:0.0.1-SNAPSHOT]
2026-08-26T11:44:25.1715250+00:00 ContainerStream: 	at org.springframework.boot.loader.launch.Launcher.launch(Launcher.java:64) ~[app.jar:0.0.1-SNAPSHOT]
2026-08-26T11:44:25.1715274+00:00 ContainerStream: 	at org.springframework.boot.loader.launch.JarLauncher.main(JarLauncher.java:40) ~[app.jar:0.0.1-SNAPSHOT]
2026-08-26T11:44:25.1715292+00:00 ContainerStream: 
2026-08-26T11:44:25.5839310+00:00 ContainerStream: 2026-08-26T11:44:25.574Z ERROR 1 --- [           main] o.f.c.i.j.TransactionalExecutionTemplate : Unable to rollback transaction
2026-08-26T11:44:25.5839575+00:00 ContainerStream: 
2026-08-26T11:44:25.5839607+00:00 ContainerStream: java.sql.SQLException: Connection is closed
2026-08-26T11:44:25.5839639+00:00 ContainerStream: 	at com.zaxxer.hikari.pool.ProxyConnection$ClosedConnection.lambda$getClosedConnection$0(ProxyConnection.java:562) ~[HikariCP-6.3.3.jar!/:na]
2026-08-26T11:44:25.5839661+00:00 ContainerStream: 	at jdk.proxy3/jdk.proxy3.$Proxy119.rollback(Unknown Source) ~[na:na]
2026-08-26T11:44:25.5839695+00:00 ContainerStream: 	at com.zaxxer.hikari.pool.ProxyConnection.rollback(ProxyConnection.java:386) ~[HikariCP-6.3.3.jar!/:na]
2026-08-26T11:44:25.5839720+00:00 ContainerStream: 	at com.zaxxer.hikari.pool.HikariProxyConnection.rollback(HikariProxyConnection.java) ~[HikariCP-6.3.3.jar!/:na]
2026-08-26T11:44:25.5839747+00:00 ContainerStream: 	at org.flywaydb.core.internal.jdbc.TransactionalExecutionTemplate.execute(TransactionalExecutionTemplate.java:75) ~[flyway-core-11.7.2.jar!/:na]
2026-08-26T11:44:25.5839773+00:00 ContainerStream: 	at org.flywaydb.core.internal.command.DbMigrate.applyMigrations(DbMigrate.java:282) ~[flyway-core-11.7.2.jar!/:na]
2026-08-26T11:44:25.5839797+00:00 ContainerStream: 	at org.flywaydb.core.internal.command.DbMigrate.migrateGroup(DbMigrate.java:255) ~[flyway-core-11.7.2.jar!/:na]
2026-08-26T11:44:25.5839825+00:00 ContainerStream: 	at org.flywaydb.core.internal.command.DbMigrate.lambda$migrateAll$0(DbMigrate.java:153) ~[flyway-core-11.7.2.jar!/:na]
2026-08-26T11:44:25.5839902+00:00 ContainerStream: 	at org.flywaydb.database.postgresql.PostgreSQLAdvisoryLockTemplate.execute(PostgreSQLAdvisoryLockTemplate.java:77) ~[flyway-database-postgresql-11.7.2.jar!/:na]
2026-08-26T11:44:25.5839933+00:00 ContainerStream: 	at org.flywaydb.database.postgresql.PostgreSQLAdvisoryLockTemplate.lambda$execute$0(PostgreSQLAdvisoryLockTemplate.java:60) ~[flyway-database-postgresql-11.7.2.jar!/:na]
2026-08-26T11:44:25.5839959+00:00 ContainerStream: 	at org.flywaydb.core.internal.jdbc.TransactionalExecutionTemplate.execute(TransactionalExecutionTemplate.java:59) ~[flyway-core-11.7.2.jar!/:na]
2026-08-26T11:44:25.5839987+00:00 ContainerStream: 	at org.flywaydb.database.postgresql.PostgreSQLAdvisoryLockTemplate.execute(PostgreSQLAdvisoryLockTemplate.java:60) ~[flyway-database-postgresql-11.7.2.jar!/:na]
2026-08-26T11:44:25.5840012+00:00 ContainerStream: 	at org.flywaydb.database.postgresql.PostgreSQLConnection.lock(PostgreSQLConnection.java:105) ~[flyway-database-postgresql-11.7.2.jar!/:na]
2026-08-26T11:44:25.5840041+00:00 ContainerStream: 	at org.flywaydb.core.internal.schemahistory.JdbcTableSchemaHistory.lock(JdbcTableSchemaHistory.java:164) ~[flyway-core-11.7.2.jar!/:na]
2026-08-26T11:44:25.5840065+00:00 ContainerStream: 	at org.flywaydb.core.internal.command.DbMigrate.migrateAll(DbMigrate.java:153) ~[flyway-core-11.7.2.jar!/:na]
2026-08-26T11:44:25.5840090+00:00 ContainerStream: 	at org.flywaydb.core.internal.command.DbMigrate.migrate(DbMigrate.java:104) ~[flyway-core-11.7.2.jar!/:na]
2026-08-26T11:44:25.5840113+00:00 ContainerStream: 	at org.flywaydb.core.Flyway.lambda$migrate$1(Flyway.java:247) ~[flyway-core-11.7.2.jar!/:na]
2026-08-26T11:44:25.5840136+00:00 ContainerStream: 	at org.flywaydb.core.FlywayExecutor.execute(FlywayExecutor.java:210) ~[flyway-core-11.7.2.jar!/:na]
2026-08-26T11:44:25.5840159+00:00 ContainerStream: 	at org.flywaydb.core.Flyway.migrate(Flyway.java:188) ~[flyway-core-11.7.2.jar!/:na]
2026-08-26T11:44:25.5840209+00:00 ContainerStream: 	at org.springframework.boot.autoconfigure.flyway.FlywayMigrationInitializer.afterPropertiesSet(FlywayMigrationInitializer.java:66) ~[spring-boot-autoconfigure-3.5.13.jar!/:3.5.13]
2026-08-26T11:44:25.5840236+00:00 ContainerStream: 	at org.springframework.beans.factory.support.AbstractAutowireCapableBeanFactory.invokeInitMethods(AbstractAutowireCapableBeanFactory.java:1873) ~[spring-beans-6.2.17.jar!/:6.2.17]
2026-08-26T11:44:25.5840266+00:00 ContainerStream: 	at org.springframework.beans.factory.support.AbstractAutowireCapableBeanFactory.initializeBean(AbstractAutowireCapableBeanFactory.java:1822) ~[spring-beans-6.2.17.jar!/:6.2.17]
2026-08-26T11:44:25.5840293+00:00 ContainerStream: 	at org.springframework.beans.factory.support.AbstractAutowireCapableBeanFactory.doCreateBean(AbstractAutowireCapableBeanFactory.java:607) ~[spring-beans-6.2.17.jar!/:6.2.17]
2026-08-26T11:44:25.5840321+00:00 ContainerStream: 	at org.springframework.beans.factory.support.AbstractAutowireCapableBeanFactory.createBean(AbstractAutowireCapableBeanFactory.java:529) ~[spring-beans-6.2.17.jar!/:6.2.17]
2026-08-26T11:44:25.5840347+00:00 ContainerStream: 	at org.springframework.beans.factory.support.AbstractBeanFactory.lambda$doGetBean$0(AbstractBeanFactory.java:339) ~[spring-beans-6.2.17.jar!/:6.2.17]
2026-08-26T11:44:25.5840374+00:00 ContainerStream: 	at org.springframework.beans.factory.support.DefaultSingletonBeanRegistry.getSingleton(DefaultSingletonBeanRegistry.java:373) ~[spring-beans-6.2.17.jar!/:6.2.17]
2026-08-26T11:44:25.5840399+00:00 ContainerStream: 	at org.springframework.beans.factory.support.AbstractBeanFactory.doGetBean(AbstractBeanFactory.java:337) ~[spring-beans-6.2.17.jar!/:6.2.17]
2026-08-26T11:44:25.5840425+00:00 ContainerStream: 	at org.springframework.beans.factory.support.AbstractBeanFactory.getBean(AbstractBeanFactory.java:202) ~[spring-beans-6.2.17.jar!/:6.2.17]
2026-08-26T11:44:25.5840864+00:00 ContainerStream: 	at org.springframework.beans.factory.support.AbstractBeanFactory.doGetBean(AbstractBeanFactory.java:315) ~[spring-beans-6.2.17.jar!/:6.2.17]
2026-08-26T11:44:25.5840899+00:00 ContainerStream: 	at org.springframework.beans.factory.support.AbstractBeanFactory.getBean(AbstractBeanFactory.java:207) ~[spring-beans-6.2.17.jar!/:6.2.17]
2026-08-26T11:44:25.5840928+00:00 ContainerStream: 	at org.springframework.context.support.AbstractApplicationContext.finishBeanFactoryInitialization(AbstractApplicationContext.java:974) ~[spring-context-6.2.17.jar!/:6.2.17]
2026-08-26T11:44:25.5840955+00:00 ContainerStream: 	at org.springframework.context.support.AbstractApplicationContext.refresh(AbstractApplicationContext.java:628) ~[spring-context-6.2.17.jar!/:6.2.17]
2026-08-26T11:44:25.5840983+00:00 ContainerStream: 	at org.springframework.boot.web.servlet.context.ServletWebServerApplicationContext.refresh(ServletWebServerApplicationContext.java:146) ~[spring-boot-3.5.13.jar!/:3.5.13]
2026-08-26T11:44:25.5841008+00:00 ContainerStream: 	at org.springframework.boot.SpringApplication.refresh(SpringApplication.java:752) ~[spring-boot-3.5.13.jar!/:3.5.13]
2026-08-26T11:44:25.5841034+00:00 ContainerStream: 	at org.springframework.boot.SpringApplication.refreshContext(SpringApplication.java:439) ~[spring-boot-3.5.13.jar!/:3.5.13]
2026-08-26T11:44:25.5841059+00:00 ContainerStream: 	at org.springframework.boot.SpringApplication.run(SpringApplication.java:318) ~[spring-boot-3.5.13.jar!/:3.5.13]
2026-08-26T11:44:25.5841084+00:00 ContainerStream: 	at org.springframework.boot.SpringApplication.run(SpringApplication.java:1361) ~[spring-boot-3.5.13.jar!/:3.5.13]
2026-08-26T11:44:25.5841112+00:00 ContainerStream: 	at org.springframework.boot.SpringApplication.run(SpringApplication.java:1350) ~[spring-boot-3.5.13.jar!/:3.5.13]
2026-08-26T11:44:25.5841159+00:00 ContainerStream: 	at com.rvce.scas.ScasApplication.main(ScasApplication.java:20) ~[!/:0.0.1-SNAPSHOT]
2026-08-26T11:44:25.5841184+00:00 ContainerStream: 	at java.base/jdk.internal.reflect.NativeMethodAccessorImpl.invoke0(Native Method) ~[na:na]
2026-08-26T11:44:25.5841208+00:00 ContainerStream: 	at java.base/jdk.internal.reflect.NativeMethodAccessorImpl.invoke(Unknown Source) ~[na:na]
2026-08-26T11:44:25.5841231+00:00 ContainerStream: 	at java.base/jdk.internal.reflect.DelegatingMethodAccessorImpl.invoke(Unknown Source) ~[na:na]
2026-08-26T11:44:25.5841253+00:00 ContainerStream: 	at java.base/java.lang.reflect.Method.invoke(Unknown Source) ~[na:na]
2026-08-26T11:44:25.5841278+00:00 ContainerStream: 	at org.springframework.boot.loader.launch.Launcher.launch(Launcher.java:106) ~[app.jar:0.0.1-SNAPSHOT]
2026-08-26T11:44:25.5841302+00:00 ContainerStream: 	at org.springframework.boot.loader.launch.Launcher.launch(Launcher.java:64) ~[app.jar:0.0.1-SNAPSHOT]
2026-08-26T11:44:25.5841327+00:00 ContainerStream: 	at org.springframework.boot.loader.launch.JarLauncher.main(JarLauncher.java:40) ~[app.jar:0.0.1-SNAPSHOT]
2026-08-26T11:44:25.5841344+00:00 ContainerStream: 
2026-08-26T11:44:25.5854334+00:00 ContainerStream: 2026-08-26T11:44:25.584Z ERROR 1 --- [           main] o.f.c.i.j.TransactionalExecutionTemplate : Unable to restore autocommit to original value for connection
2026-08-26T11:44:25.5854419+00:00 ContainerStream: 
2026-08-26T11:44:25.5854442+00:00 ContainerStream: java.sql.SQLException: Connection is closed
2026-08-26T11:44:25.5854750+00:00 ContainerStream: 	at com.zaxxer.hikari.pool.ProxyConnection$ClosedConnection.lambda$getClosedConnection$0(ProxyConnection.java:562) ~[HikariCP-6.3.3.jar!/:na]
2026-08-26T11:44:25.5854785+00:00 ContainerStream: 	at jdk.proxy3/jdk.proxy3.$Proxy119.setAutoCommit(Unknown Source) ~[na:na]
2026-08-26T11:44:25.5854810+00:00 ContainerStream: 	at com.zaxxer.hikari.pool.ProxyConnection.setAutoCommit(ProxyConnection.java:412) ~[HikariCP-6.3.3.jar!/:na]
2026-08-26T11:44:25.5854836+00:00 ContainerStream: 	at com.zaxxer.hikari.pool.HikariProxyConnection.setAutoCommit(HikariProxyConnection.java) ~[HikariCP-6.3.3.jar!/:na]
2026-08-26T11:44:25.5854863+00:00 ContainerStream: 	at org.flywaydb.core.internal.jdbc.TransactionalExecutionTemplate.execute(TransactionalExecutionTemplate.java:90) ~[flyway-core-11.7.2.jar!/:na]
2026-08-26T11:44:25.5854887+00:00 ContainerStream: 	at org.flywaydb.core.internal.command.DbMigrate.applyMigrations(DbMigrate.java:282) ~[flyway-core-11.7.2.jar!/:na]
2026-08-26T11:44:25.5854911+00:00 ContainerStream: 	at org.flywaydb.core.internal.command.DbMigrate.migrateGroup(DbMigrate.java:255) ~[flyway-core-11.7.2.jar!/:na]
2026-08-26T11:44:25.5854936+00:00 ContainerStream: 	at org.flywaydb.core.internal.command.DbMigrate.lambda$migrateAll$0(DbMigrate.java:153) ~[flyway-core-11.7.2.jar!/:na]
2026-08-26T11:44:25.5855133+00:00 ContainerStream: 	at org.flywaydb.database.postgresql.PostgreSQLAdvisoryLockTemplate.execute(PostgreSQLAdvisoryLockTemplate.java:77) ~[flyway-database-postgresql-11.7.2.jar!/:na]
2026-08-26T11:44:25.5855164+00:00 ContainerStream: 	at org.flywaydb.database.postgresql.PostgreSQLAdvisoryLockTemplate.lambda$execute$0(PostgreSQLAdvisoryLockTemplate.java:60) ~[flyway-database-postgresql-11.7.2.jar!/:na]
2026-08-26T11:44:25.5855215+00:00 ContainerStream: 	at org.flywaydb.core.internal.jdbc.TransactionalExecutionTemplate.execute(TransactionalExecutionTemplate.java:59) ~[flyway-core-11.7.2.jar!/:na]
2026-08-26T11:44:25.5855244+00:00 ContainerStream: 	at org.flywaydb.database.postgresql.PostgreSQLAdvisoryLockTemplate.execute(PostgreSQLAdvisoryLockTemplate.java:60) ~[flyway-database-postgresql-11.7.2.jar!/:na]
2026-08-26T11:44:25.5855271+00:00 ContainerStream: 	at org.flywaydb.database.postgresql.PostgreSQLConnection.lock(PostgreSQLConnection.java:105) ~[flyway-database-postgresql-11.7.2.jar!/:na]
2026-08-26T11:44:25.5855297+00:00 ContainerStream: 	at org.flywaydb.core.internal.schemahistory.JdbcTableSchemaHistory.lock(JdbcTableSchemaHistory.java:164) ~[flyway-core-11.7.2.jar!/:na]
2026-08-26T11:44:25.5855321+00:00 ContainerStream: 	at org.flywaydb.core.internal.command.DbMigrate.migrateAll(DbMigrate.java:153) ~[flyway-core-11.7.2.jar!/:na]
2026-08-26T11:44:25.5855346+00:00 ContainerStream: 	at org.flywaydb.core.internal.command.DbMigrate.migrate(DbMigrate.java:104) ~[flyway-core-11.7.2.jar!/:na]
2026-08-26T11:44:25.5855370+00:00 ContainerStream: 	at org.flywaydb.core.Flyway.lambda$migrate$1(Flyway.java:247) ~[flyway-core-11.7.2.jar!/:na]
2026-08-26T11:44:25.5855394+00:00 ContainerStream: 	at org.flywaydb.core.FlywayExecutor.execute(FlywayExecutor.java:210) ~[flyway-core-11.7.2.jar!/:na]
2026-08-26T11:44:25.5855417+00:00 ContainerStream: 	at org.flywaydb.core.Flyway.migrate(Flyway.java:188) ~[flyway-core-11.7.2.jar!/:na]
2026-08-26T11:44:25.5855447+00:00 ContainerStream: 	at org.springframework.boot.autoconfigure.flyway.FlywayMigrationInitializer.afterPropertiesSet(FlywayMigrationInitializer.java:66) ~[spring-boot-autoconfigure-3.5.13.jar!/:3.5.13]
2026-08-26T11:44:25.5855475+00:00 ContainerStream: 	at org.springframework.beans.factory.support.AbstractAutowireCapableBeanFactory.invokeInitMethods(AbstractAutowireCapableBeanFactory.java:1873) ~[spring-beans-6.2.17.jar!/:6.2.17]
2026-08-26T11:44:25.5855523+00:00 ContainerStream: 	at org.springframework.beans.factory.support.AbstractAutowireCapableBeanFactory.initializeBean(AbstractAutowireCapableBeanFactory.java:1822) ~[spring-beans-6.2.17.jar!/:6.2.17]
2026-08-26T11:44:25.5855553+00:00 ContainerStream: 	at org.springframework.beans.factory.support.AbstractAutowireCapableBeanFactory.doCreateBean(AbstractAutowireCapableBeanFactory.java:607) ~[spring-beans-6.2.17.jar!/:6.2.17]
2026-08-26T11:44:25.5855581+00:00 ContainerStream: 	at org.springframework.beans.factory.support.AbstractAutowireCapableBeanFactory.createBean(AbstractAutowireCapableBeanFactory.java:529) ~[spring-beans-6.2.17.jar!/:6.2.17]
2026-08-26T11:44:25.5923858+00:00 ContainerStream: 	at org.springframework.beans.factory.support.AbstractBeanFactory.lambda$doGetBean$0(AbstractBeanFactory.java:339) ~[spring-beans-6.2.17.jar!/:6.2.17]
2026-08-26T11:44:25.5923944+00:00 ContainerStream: 	at org.springframework.beans.factory.support.DefaultSingletonBeanRegistry.getSingleton(DefaultSingletonBeanRegistry.java:373) ~[spring-beans-6.2.17.jar!/:6.2.17]
2026-08-26T11:44:25.5923974+00:00 ContainerStream: 	at org.springframework.beans.factory.support.AbstractBeanFactory.doGetBean(AbstractBeanFactory.java:337) ~[spring-beans-6.2.17.jar!/:6.2.17]
2026-08-26T11:44:25.5924003+00:00 ContainerStream: 	at org.springframework.beans.factory.support.AbstractBeanFactory.getBean(AbstractBeanFactory.java:202) ~[spring-beans-6.2.17.jar!/:6.2.17]
2026-08-26T11:44:25.5924384+00:00 ContainerStream: 	at org.springframework.beans.factory.support.AbstractBeanFactory.doGetBean(AbstractBeanFactory.java:315) ~[spring-beans-6.2.17.jar!/:6.2.17]
2026-08-26T11:44:25.5924427+00:00 ContainerStream: 	at org.springframework.beans.factory.support.AbstractBeanFactory.getBean(AbstractBeanFactory.java:207) ~[spring-beans-6.2.17.jar!/:6.2.17]
2026-08-26T11:44:25.5924459+00:00 ContainerStream: 	at org.springframework.context.support.AbstractApplicationContext.finishBeanFactoryInitialization(AbstractApplicationContext.java:974) ~[spring-context-6.2.17.jar!/:6.2.17]
2026-08-26T11:44:25.5924488+00:00 ContainerStream: 	at org.springframework.context.support.AbstractApplicationContext.refresh(AbstractApplicationContext.java:628) ~[spring-context-6.2.17.jar!/:6.2.17]
2026-08-26T11:44:25.5924519+00:00 ContainerStream: 	at org.springframework.boot.web.servlet.context.ServletWebServerApplicationContext.refresh(ServletWebServerApplicationContext.java:146) ~[spring-boot-3.5.13.jar!/:3.5.13]
2026-08-26T11:44:25.5924546+00:00 ContainerStream: 	at org.springframework.boot.SpringApplication.refresh(SpringApplication.java:752) ~[spring-boot-3.5.13.jar!/:3.5.13]
2026-08-26T11:44:25.5924574+00:00 ContainerStream: 	at org.springframework.boot.SpringApplication.refreshContext(SpringApplication.java:439) ~[spring-boot-3.5.13.jar!/:3.5.13]
2026-08-26T11:44:25.5924601+00:00 ContainerStream: 	at org.springframework.boot.SpringApplication.run(SpringApplication.java:318) ~[spring-boot-3.5.13.jar!/:3.5.13]
2026-08-26T11:44:25.5924628+00:00 ContainerStream: 	at org.springframework.boot.SpringApplication.run(SpringApplication.java:1361) ~[spring-boot-3.5.13.jar!/:3.5.13]
2026-08-26T11:44:25.5924655+00:00 ContainerStream: 	at org.springframework.boot.SpringApplication.run(SpringApplication.java:1350) ~[spring-boot-3.5.13.jar!/:3.5.13]
2026-08-26T11:44:25.5924704+00:00 ContainerStream: 	at com.rvce.scas.ScasApplication.main(ScasApplication.java:20) ~[!/:0.0.1-SNAPSHOT]
2026-08-26T11:44:25.5924731+00:00 ContainerStream: 	at java.base/jdk.internal.reflect.NativeMethodAccessorImpl.invoke0(Native Method) ~[na:na]
2026-08-26T11:44:25.5924767+00:00 ContainerStream: 	at java.base/jdk.internal.reflect.NativeMethodAccessorImpl.invoke(Unknown Source) ~[na:na]
2026-08-26T11:44:25.5924793+00:00 ContainerStream: 	at java.base/jdk.internal.reflect.DelegatingMethodAccessorImpl.invoke(Unknown Source) ~[na:na]
2026-08-26T11:44:25.5924817+00:00 ContainerStream: 	at java.base/java.lang.reflect.Method.invoke(Unknown Source) ~[na:na]
2026-08-26T11:44:25.5924843+00:00 ContainerStream: 	at org.springframework.boot.loader.launch.Launcher.launch(Launcher.java:106) ~[app.jar:0.0.1-SNAPSHOT]
2026-08-26T11:44:25.5924868+00:00 ContainerStream: 	at org.springframework.boot.loader.launch.Launcher.launch(Launcher.java:64) ~[app.jar:0.0.1-SNAPSHOT]
2026-08-26T11:44:25.5924895+00:00 ContainerStream: 	at org.springframework.boot.loader.launch.JarLauncher.main(JarLauncher.java:40) ~[app.jar:0.0.1-SNAPSHOT]
2026-08-26T11:44:25.5924934+00:00 ContainerStream: 
2026-08-26T11:44:25.6100258+00:00 ContainerStream: 2026-08-26T11:44:25.601Z ERROR 1 --- [           main] o.f.core.internal.command.DbMigrate      : Migration of schema "public" to version "1 - users roles" failed! Changes successfully rolled back.
2026-08-26T11:44:25.6689651+00:00 ContainerStream: 2026-08-26T11:44:25.660Z  WARN 1 --- [           main] ConfigServletWebServerApplicationContext : Exception encountered during context initialization - cancelling refresh attempt: org.springframework.beans.factory.BeanCreationException: Error creating bean with name 'entityManagerFactory' defined in class path resource [org/springframework/boot/autoconfigure/orm/jpa/HibernateJpaConfiguration.class]: Failed to initialize dependency 'flywayInitializer' of LoadTimeWeaverAware bean 'entityManagerFactory': Error creating bean with name 'flywayInitializer' defined in class path resource [org/springframework/boot/autoconfigure/flyway/FlywayAutoConfiguration$FlywayConfiguration.class]: Script V1__users_roles.sql failed
2026-08-26T11:44:25.6689872+00:00 ContainerStream: ---------------------------------
2026-08-26T11:44:25.6689899+00:00 ContainerStream: SQL State  : 0A000
2026-08-26T11:44:25.6690047+00:00 ContainerStream: Error Code : 0
2026-08-26T11:44:25.6691694+00:00 ContainerStream: Message    : ERROR: extension "citext" is not allow-listed for users in Azure Database for PostgreSQL
2026-08-26T11:44:25.6691736+00:00 ContainerStream:   Hint: to learn how to allow an extension or see the list of allowed extensions, please refer to https://go.microsoft.com/fwlink/?linkid=2301063
2026-08-26T11:44:25.6691764+00:00 ContainerStream: Location   : db/migration/V1__users_roles.sql (/app/nested:/app/app.jar/!BOOT-INF/classes/!/db/migration/V1__users_roles.sql)
2026-08-26T11:44:25.6691784+00:00 ContainerStream: Line       : 39
2026-08-26T11:44:25.6691899+00:00 ContainerStream: Statement  : Run Flyway with -X option to see the actual statement causing the problem
2026-08-26T11:44:25.6691919+00:00 ContainerStream: 
2026-08-26T11:44:25.6700533+00:00 ContainerStream: 2026-08-26T11:44:25.669Z  INFO 1 --- [           main] com.zaxxer.hikari.HikariDataSource       : HikariPool-1 - Shutdown initiated...
2026-08-26T11:44:26.2705761+00:00 ContainerStream: 2026-08-26T11:44:26.270Z  INFO 1 --- [           main] com.zaxxer.hikari.HikariDataSource       : HikariPool-1 - Shutdown completed.
2026-08-26T11:44:26.5748544+00:00 ContainerStream: 2026-08-26T11:44:26.574Z  INFO 1 --- [           main] o.apache.catalina.core.StandardService   : Stopping service [Tomcat]
2026-08-26T11:44:26.8784302+00:00 ContainerStream: 2026-08-26T11:44:26.876Z  INFO 1 --- [           main] .s.b.a.l.ConditionEvaluationReportLogger : 
2026-08-26T11:44:26.8785051+00:00 ContainerStream: 
2026-08-26T11:44:26.8785092+00:00 ContainerStream: Error starting ApplicationContext. To display the condition evaluation report re-run your application with 'debug' enabled.
2026-08-26T11:44:27.2616437+00:00 ContainerStream: 2026-08-26T11:44:27.257Z ERROR 1 --- [           main] o.s.boot.SpringApplication               : Application run failed
2026-08-26T11:44:27.2676070+00:00 ContainerStream: 
2026-08-26T11:44:27.2676160+00:00 ContainerStream: org.springframework.beans.factory.BeanCreationException: Error creating bean with name 'entityManagerFactory' defined in class path resource [org/springframework/boot/autoconfigure/orm/jpa/HibernateJpaConfiguration.class]: Failed to initialize dependency 'flywayInitializer' of LoadTimeWeaverAware bean 'entityManagerFactory': Error creating bean with name 'flywayInitializer' defined in class path resource [org/springframework/boot/autoconfigure/flyway/FlywayAutoConfiguration$FlywayConfiguration.class]: Script V1__users_roles.sql failed
2026-08-26T11:44:27.2676184+00:00 ContainerStream: ---------------------------------
2026-08-26T11:44:27.2676205+00:00 ContainerStream: SQL State  : 0A000
2026-08-26T11:44:27.2676226+00:00 ContainerStream: Error Code : 0
2026-08-26T11:44:27.2676255+00:00 ContainerStream: Message    : ERROR: extension "citext" is not allow-listed for users in Azure Database for PostgreSQL
2026-08-26T11:44:27.2676286+00:00 ContainerStream:   Hint: to learn how to allow an extension or see the list of allowed extensions, please refer to https://go.microsoft.com/fwlink/?linkid=2301063
2026-08-26T11:44:27.2676315+00:00 ContainerStream: Location   : db/migration/V1__users_roles.sql (/app/nested:/app/app.jar/!BOOT-INF/classes/!/db/migration/V1__users_roles.sql)
2026-08-26T11:44:27.2676335+00:00 ContainerStream: Line       : 39
2026-08-26T11:44:27.2676360+00:00 ContainerStream: Statement  : Run Flyway with -X option to see the actual statement causing the problem
2026-08-26T11:44:27.2676380+00:00 ContainerStream: 
2026-08-26T11:44:27.2676440+00:00 ContainerStream: 	at org.springframework.beans.factory.support.AbstractBeanFactory.doGetBean(AbstractBeanFactory.java:328) ~[spring-beans-6.2.17.jar!/:6.2.17]
2026-08-26T11:44:27.2676472+00:00 ContainerStream: 	at org.springframework.beans.factory.support.AbstractBeanFactory.getBean(AbstractBeanFactory.java:207) ~[spring-beans-6.2.17.jar!/:6.2.17]
2026-08-26T11:44:27.2676505+00:00 ContainerStream: 	at org.springframework.context.support.AbstractApplicationContext.finishBeanFactoryInitialization(AbstractApplicationContext.java:974) ~[spring-context-6.2.17.jar!/:6.2.17]
2026-08-26T11:44:27.2676537+00:00 ContainerStream: 	at org.springframework.context.support.AbstractApplicationContext.refresh(AbstractApplicationContext.java:628) ~[spring-context-6.2.17.jar!/:6.2.17]
2026-08-26T11:44:27.2676570+00:00 ContainerStream: 	at org.springframework.boot.web.servlet.context.ServletWebServerApplicationContext.refresh(ServletWebServerApplicationContext.java:146) ~[spring-boot-3.5.13.jar!/:3.5.13]
2026-08-26T11:44:27.2676597+00:00 ContainerStream: 	at org.springframework.boot.SpringApplication.refresh(SpringApplication.java:752) ~[spring-boot-3.5.13.jar!/:3.5.13]
2026-08-26T11:44:27.2676624+00:00 ContainerStream: 	at org.springframework.boot.SpringApplication.refreshContext(SpringApplication.java:439) ~[spring-boot-3.5.13.jar!/:3.5.13]
2026-08-26T11:44:27.2676652+00:00 ContainerStream: 	at org.springframework.boot.SpringApplication.run(SpringApplication.java:318) ~[spring-boot-3.5.13.jar!/:3.5.13]
2026-08-26T11:44:27.2676678+00:00 ContainerStream: 	at org.springframework.boot.SpringApplication.run(SpringApplication.java:1361) ~[spring-boot-3.5.13.jar!/:3.5.13]
2026-08-26T11:44:27.2676705+00:00 ContainerStream: 	at org.springframework.boot.SpringApplication.run(SpringApplication.java:1350) ~[spring-boot-3.5.13.jar!/:3.5.13]
2026-08-26T11:44:27.2676730+00:00 ContainerStream: 	at com.rvce.scas.ScasApplication.main(ScasApplication.java:20) ~[!/:0.0.1-SNAPSHOT]
2026-08-26T11:44:27.2676778+00:00 ContainerStream: 	at java.base/jdk.internal.reflect.NativeMethodAccessorImpl.invoke0(Native Method) ~[na:na]
2026-08-26T11:44:27.2676804+00:00 ContainerStream: 	at java.base/jdk.internal.reflect.NativeMethodAccessorImpl.invoke(Unknown Source) ~[na:na]
2026-08-26T11:44:27.2676829+00:00 ContainerStream: 	at java.base/jdk.internal.reflect.DelegatingMethodAccessorImpl.invoke(Unknown Source) ~[na:na]
2026-08-26T11:44:27.2676852+00:00 ContainerStream: 	at java.base/java.lang.reflect.Method.invoke(Unknown Source) ~[na:na]
2026-08-26T11:44:27.2676879+00:00 ContainerStream: 	at org.springframework.boot.loader.launch.Launcher.launch(Launcher.java:106) ~[app.jar:0.0.1-SNAPSHOT]
2026-08-26T11:44:27.2676905+00:00 ContainerStream: 	at org.springframework.boot.loader.launch.Launcher.launch(Launcher.java:64) ~[app.jar:0.0.1-SNAPSHOT]
2026-08-26T11:44:27.2676931+00:00 ContainerStream: 	at org.springframework.boot.loader.launch.JarLauncher.main(JarLauncher.java:40) ~[app.jar:0.0.1-SNAPSHOT]
2026-08-26T11:44:27.2676969+00:00 ContainerStream: Caused by: org.springframework.beans.factory.BeanCreationException: Error creating bean with name 'flywayInitializer' defined in class path resource [org/springframework/boot/autoconfigure/flyway/FlywayAutoConfiguration$FlywayConfiguration.class]: Script V1__users_roles.sql failed
2026-08-26T11:44:27.2676990+00:00 ContainerStream: ---------------------------------
2026-08-26T11:44:27.2677011+00:00 ContainerStream: SQL State  : 0A000
2026-08-26T11:44:27.2677031+00:00 ContainerStream: Error Code : 0
2026-08-26T11:44:27.2677076+00:00 ContainerStream: Message    : ERROR: extension "citext" is not allow-listed for users in Azure Database for PostgreSQL
2026-08-26T11:44:27.2677106+00:00 ContainerStream:   Hint: to learn how to allow an extension or see the list of allowed extensions, please refer to https://go.microsoft.com/fwlink/?linkid=2301063
2026-08-26T11:44:27.2677134+00:00 ContainerStream: Location   : db/migration/V1__users_roles.sql (/app/nested:/app/app.jar/!BOOT-INF/classes/!/db/migration/V1__users_roles.sql)
2026-08-26T11:44:27.2677154+00:00 ContainerStream: Line       : 39
2026-08-26T11:44:27.2677789+00:00 ContainerStream: Statement  : Run Flyway with -X option to see the actual statement causing the problem
2026-08-26T11:44:27.2677826+00:00 ContainerStream: 
2026-08-26T11:44:27.2677858+00:00 ContainerStream: 	at org.springframework.beans.factory.support.AbstractAutowireCapableBeanFactory.initializeBean(AbstractAutowireCapableBeanFactory.java:1826) ~[spring-beans-6.2.17.jar!/:6.2.17]
2026-08-26T11:44:27.2677888+00:00 ContainerStream: 	at org.springframework.beans.factory.support.AbstractAutowireCapableBeanFactory.doCreateBean(AbstractAutowireCapableBeanFactory.java:607) ~[spring-beans-6.2.17.jar!/:6.2.17]
2026-08-26T11:44:27.2677918+00:00 ContainerStream: 	at org.springframework.beans.factory.support.AbstractAutowireCapableBeanFactory.createBean(AbstractAutowireCapableBeanFactory.java:529) ~[spring-beans-6.2.17.jar!/:6.2.17]
2026-08-26T11:44:27.2677948+00:00 ContainerStream: 	at org.springframework.beans.factory.support.AbstractBeanFactory.lambda$doGetBean$0(AbstractBeanFactory.java:339) ~[spring-beans-6.2.17.jar!/:6.2.17]
2026-08-26T11:44:27.2678009+00:00 ContainerStream: 	at org.springframework.beans.factory.support.DefaultSingletonBeanRegistry.getSingleton(DefaultSingletonBeanRegistry.java:373) ~[spring-beans-6.2.17.jar!/:6.2.17]
2026-08-26T11:44:27.2678037+00:00 ContainerStream: 	at org.springframework.beans.factory.support.AbstractBeanFactory.doGetBean(AbstractBeanFactory.java:337) ~[spring-beans-6.2.17.jar!/:6.2.17]
2026-08-26T11:44:27.2678066+00:00 ContainerStream: 	at org.springframework.beans.factory.support.AbstractBeanFactory.getBean(AbstractBeanFactory.java:202) ~[spring-beans-6.2.17.jar!/:6.2.17]
2026-08-26T11:44:27.2678095+00:00 ContainerStream: 	at org.springframework.beans.factory.support.AbstractBeanFactory.doGetBean(AbstractBeanFactory.java:315) ~[spring-beans-6.2.17.jar!/:6.2.17]
2026-08-26T11:44:27.2678118+00:00 ContainerStream: 	... 17 common frames omitted
2026-08-26T11:44:27.2678144+00:00 ContainerStream: Caused by: org.flywaydb.core.internal.exception.FlywayMigrateException: Script V1__users_roles.sql failed
2026-08-26T11:44:27.2678166+00:00 ContainerStream: ---------------------------------
2026-08-26T11:44:27.2678187+00:00 ContainerStream: SQL State  : 0A000
2026-08-26T11:44:27.2678206+00:00 ContainerStream: Error Code : 0
2026-08-26T11:44:27.2678233+00:00 ContainerStream: Message    : ERROR: extension "citext" is not allow-listed for users in Azure Database for PostgreSQL
2026-08-26T11:44:27.2678262+00:00 ContainerStream:   Hint: to learn how to allow an extension or see the list of allowed extensions, please refer to https://go.microsoft.com/fwlink/?linkid=2301063
2026-08-26T11:44:27.2678290+00:00 ContainerStream: Location   : db/migration/V1__users_roles.sql (/app/nested:/app/app.jar/!BOOT-INF/classes/!/db/migration/V1__users_roles.sql)
2026-08-26T11:44:27.2678331+00:00 ContainerStream: Line       : 39
2026-08-26T11:44:27.2678356+00:00 ContainerStream: Statement  : Run Flyway with -X option to see the actual statement causing the problem
2026-08-26T11:44:27.2678375+00:00 ContainerStream: 
2026-08-26T11:44:27.2678402+00:00 ContainerStream: 	at org.flywaydb.core.internal.command.DbMigrate.doMigrateGroup(DbMigrate.java:399) ~[flyway-core-11.7.2.jar!/:na]
2026-08-26T11:44:27.2678429+00:00 ContainerStream: 	at org.flywaydb.core.internal.command.DbMigrate.lambda$applyMigrations$1(DbMigrate.java:283) ~[flyway-core-11.7.2.jar!/:na]
2026-08-26T11:44:27.2678459+00:00 ContainerStream: 	at org.flywaydb.core.internal.jdbc.TransactionalExecutionTemplate.execute(TransactionalExecutionTemplate.java:59) ~[flyway-core-11.7.2.jar!/:na]
2026-08-26T11:44:27.2678486+00:00 ContainerStream: 	at org.flywaydb.core.internal.command.DbMigrate.applyMigrations(DbMigrate.java:282) ~[flyway-core-11.7.2.jar!/:na]
2026-08-26T11:44:27.2678513+00:00 ContainerStream: 	at org.flywaydb.core.internal.command.DbMigrate.migrateGroup(DbMigrate.java:255) ~[flyway-core-11.7.2.jar!/:na]
2026-08-26T11:44:27.2678540+00:00 ContainerStream: 	at org.flywaydb.core.internal.command.DbMigrate.lambda$migrateAll$0(DbMigrate.java:153) ~[flyway-core-11.7.2.jar!/:na]
2026-08-26T11:44:27.2678570+00:00 ContainerStream: 	at org.flywaydb.database.postgresql.PostgreSQLAdvisoryLockTemplate.execute(PostgreSQLAdvisoryLockTemplate.java:77) ~[flyway-database-postgresql-11.7.2.jar!/:na]
2026-08-26T11:44:27.2678600+00:00 ContainerStream: 	at org.flywaydb.database.postgresql.PostgreSQLAdvisoryLockTemplate.lambda$execute$0(PostgreSQLAdvisoryLockTemplate.java:60) ~[flyway-database-postgresql-11.7.2.jar!/:na]
2026-08-26T11:44:27.2678651+00:00 ContainerStream: 	at org.flywaydb.core.internal.jdbc.TransactionalExecutionTemplate.execute(TransactionalExecutionTemplate.java:59) ~[flyway-core-11.7.2.jar!/:na]
2026-08-26T11:44:27.2678680+00:00 ContainerStream: 	at org.flywaydb.database.postgresql.PostgreSQLAdvisoryLockTemplate.execute(PostgreSQLAdvisoryLockTemplate.java:60) ~[flyway-database-postgresql-11.7.2.jar!/:na]
2026-08-26T11:44:27.2678713+00:00 ContainerStream: 	at org.flywaydb.database.postgresql.PostgreSQLConnection.lock(PostgreSQLConnection.java:105) ~[flyway-database-postgresql-11.7.2.jar!/:na]
2026-08-26T11:44:27.2678740+00:00 ContainerStream: 	at org.flywaydb.core.internal.schemahistory.JdbcTableSchemaHistory.lock(JdbcTableSchemaHistory.java:164) ~[flyway-core-11.7.2.jar!/:na]
2026-08-26T11:44:27.2678768+00:00 ContainerStream: 	at org.flywaydb.core.internal.command.DbMigrate.migrateAll(DbMigrate.java:153) ~[flyway-core-11.7.2.jar!/:na]
2026-08-26T11:44:27.2678796+00:00 ContainerStream: 	at org.flywaydb.core.internal.command.DbMigrate.migrate(DbMigrate.java:104) ~[flyway-core-11.7.2.jar!/:na]
2026-08-26T11:44:27.2678821+00:00 ContainerStream: 	at org.flywaydb.core.Flyway.lambda$migrate$1(Flyway.java:247) ~[flyway-core-11.7.2.jar!/:na]
2026-08-26T11:44:27.2678846+00:00 ContainerStream: 	at org.flywaydb.core.FlywayExecutor.execute(FlywayExecutor.java:210) ~[flyway-core-11.7.2.jar!/:na]
2026-08-26T11:44:27.2678929+00:00 ContainerStream: 	at org.flywaydb.core.Flyway.migrate(Flyway.java:188) ~[flyway-core-11.7.2.jar!/:na]
2026-08-26T11:44:27.2678964+00:00 ContainerStream: 	at org.springframework.boot.autoconfigure.flyway.FlywayMigrationInitializer.afterPropertiesSet(FlywayMigrationInitializer.java:66) ~[spring-boot-autoconfigure-3.5.13.jar!/:3.5.13]
2026-08-26T11:44:27.2679019+00:00 ContainerStream: 	at org.springframework.beans.factory.support.AbstractAutowireCapableBeanFactory.invokeInitMethods(AbstractAutowireCapableBeanFactory.java:1873) ~[spring-beans-6.2.17.jar!/:6.2.17]
2026-08-26T11:44:27.2679050+00:00 ContainerStream: 	at org.springframework.beans.factory.support.AbstractAutowireCapableBeanFactory.initializeBean(AbstractAutowireCapableBeanFactory.java:1822) ~[spring-beans-6.2.17.jar!/:6.2.17]
2026-08-26T11:44:27.2679072+00:00 ContainerStream: 	... 24 common frames omitted
2026-08-26T11:44:27.2679099+00:00 ContainerStream: Caused by: org.flywaydb.core.internal.sqlscript.FlywaySqlScriptException: Script V1__users_roles.sql failed
2026-08-26T11:44:27.2679120+00:00 ContainerStream: ---------------------------------
2026-08-26T11:44:27.2679140+00:00 ContainerStream: SQL State  : 0A000
2026-08-26T11:44:27.2679160+00:00 ContainerStream: Error Code : 0
2026-08-26T11:44:27.2679186+00:00 ContainerStream: Message    : ERROR: extension "citext" is not allow-listed for users in Azure Database for PostgreSQL
2026-08-26T11:44:27.2679215+00:00 ContainerStream:   Hint: to learn how to allow an extension or see the list of allowed extensions, please refer to https://go.microsoft.com/fwlink/?linkid=2301063
2026-08-26T11:44:27.2679242+00:00 ContainerStream: Location   : db/migration/V1__users_roles.sql (/app/nested:/app/app.jar/!BOOT-INF/classes/!/db/migration/V1__users_roles.sql)
2026-08-26T11:44:27.2679262+00:00 ContainerStream: Line       : 39
2026-08-26T11:44:27.2679288+00:00 ContainerStream: Statement  : Run Flyway with -X option to see the actual statement causing the problem
2026-08-26T11:44:27.2679332+00:00 ContainerStream: 
2026-08-26T11:44:27.2679361+00:00 ContainerStream: 	at org.flywaydb.core.internal.sqlscript.DefaultSqlScriptExecutor.handleException(DefaultSqlScriptExecutor.java:256) ~[flyway-core-11.7.2.jar!/:na]
2026-08-26T11:44:27.2679391+00:00 ContainerStream: 	at org.flywaydb.core.internal.sqlscript.DefaultSqlScriptExecutor.executeStatement(DefaultSqlScriptExecutor.java:217) ~[flyway-core-11.7.2.jar!/:na]
2026-08-26T11:44:27.2679419+00:00 ContainerStream: 	at org.flywaydb.core.internal.sqlscript.DefaultSqlScriptExecutor.execute(DefaultSqlScriptExecutor.java:137) ~[flyway-core-11.7.2.jar!/:na]
2026-08-26T11:44:27.2679448+00:00 ContainerStream: 	at org.flywaydb.core.internal.resolver.sql.SqlMigrationExecutor.executeOnce(SqlMigrationExecutor.java:75) ~[flyway-core-11.7.2.jar!/:na]
2026-08-26T11:44:27.2679476+00:00 ContainerStream: 	at org.flywaydb.core.internal.resolver.sql.SqlMigrationExecutor.lambda$execute$0(SqlMigrationExecutor.java:66) ~[flyway-core-11.7.2.jar!/:na]
2026-08-26T11:44:27.2679508+00:00 ContainerStream: 	at org.flywaydb.core.internal.database.DefaultExecutionStrategy.execute(DefaultExecutionStrategy.java:31) ~[flyway-core-11.7.2.jar!/:na]
2026-08-26T11:44:27.2679536+00:00 ContainerStream: 	at org.flywaydb.core.internal.resolver.sql.SqlMigrationExecutor.execute(SqlMigrationExecutor.java:65) ~[flyway-core-11.7.2.jar!/:na]
2026-08-26T11:44:27.2679563+00:00 ContainerStream: 	at org.flywaydb.core.internal.command.DbMigrate.doMigrateGroup(DbMigrate.java:391) ~[flyway-core-11.7.2.jar!/:na]
2026-08-26T11:44:27.2679584+00:00 ContainerStream: 	... 43 common frames omitted
2026-08-26T11:44:27.2679612+00:00 ContainerStream: Caused by: org.postgresql.util.PSQLException: ERROR: extension "citext" is not allow-listed for users in Azure Database for PostgreSQL
2026-08-26T11:44:27.2679660+00:00 ContainerStream:   Hint: to learn how to allow an extension or see the list of allowed extensions, please refer to https://go.microsoft.com/fwlink/?linkid=2301063
2026-08-26T11:44:27.2679688+00:00 ContainerStream: 	at org.postgresql.core.v3.QueryExecutorImpl.receiveErrorResponse(QueryExecutorImpl.java:2875) ~[postgresql-42.7.10.jar!/:42.7.10]
2026-08-26T11:44:27.2679715+00:00 ContainerStream: 	at org.postgresql.core.v3.QueryExecutorImpl.processResults(QueryExecutorImpl.java:2560) ~[postgresql-42.7.10.jar!/:42.7.10]
2026-08-26T11:44:27.2679743+00:00 ContainerStream: 	at org.postgresql.core.v3.QueryExecutorImpl.execute(QueryExecutorImpl.java:429) ~[postgresql-42.7.10.jar!/:42.7.10]
2026-08-26T11:44:27.2679771+00:00 ContainerStream: 	at org.postgresql.jdbc.PgStatement.executeInternal(PgStatement.java:526) ~[postgresql-42.7.10.jar!/:42.7.10]
2026-08-26T11:44:27.2679796+00:00 ContainerStream: 	at org.postgresql.jdbc.PgStatement.execute(PgStatement.java:436) ~[postgresql-42.7.10.jar!/:42.7.10]
2026-08-26T11:44:27.2679823+00:00 ContainerStream: 	at org.postgresql.jdbc.PgStatement.executeWithFlags(PgStatement.java:358) ~[postgresql-42.7.10.jar!/:42.7.10]
2026-08-26T11:44:27.2679850+00:00 ContainerStream: 	at org.postgresql.jdbc.PgStatement.executeCachedSql(PgStatement.java:343) ~[postgresql-42.7.10.jar!/:42.7.10]
2026-08-26T11:44:27.2679876+00:00 ContainerStream: 	at org.postgresql.jdbc.PgStatement.executeWithFlags(PgStatement.java:319) ~[postgresql-42.7.10.jar!/:42.7.10]
2026-08-26T11:44:27.2679903+00:00 ContainerStream: 	at org.postgresql.jdbc.PgStatement.execute(PgStatement.java:314) ~[postgresql-42.7.10.jar!/:42.7.10]
2026-08-26T11:44:27.2679928+00:00 ContainerStream: 	at com.zaxxer.hikari.pool.ProxyStatement.execute(ProxyStatement.java:95) ~[HikariCP-6.3.3.jar!/:na]
2026-08-26T11:44:27.2679977+00:00 ContainerStream: 	at com.zaxxer.hikari.pool.HikariProxyStatement.execute(HikariProxyStatement.java) ~[HikariCP-6.3.3.jar!/:na]
2026-08-26T11:44:27.2680005+00:00 ContainerStream: 	at org.flywaydb.core.internal.jdbc.JdbcTemplate.executeStatement(JdbcTemplate.java:215) ~[flyway-core-11.7.2.jar!/:na]
2026-08-26T11:44:27.2680076+00:00 ContainerStream: 	at org.flywaydb.core.internal.sqlscript.ParsedSqlStatement.execute(ParsedSqlStatement.java:88) ~[flyway-core-11.7.2.jar!/:na]
2026-08-26T11:44:27.2680109+00:00 ContainerStream: 	at org.flywaydb.core.internal.sqlscript.DefaultSqlScriptExecutor.executeStatement(DefaultSqlScriptExecutor.java:212) ~[flyway-core-11.7.2.jar!/:na]
2026-08-26T11:44:27.2680130+00:00 ContainerStream: 	... 49 common frames omitted
2026-08-26T11:44:27.2680149+00:00 ContainerStream: 
2026-08-26T11:44:27.6900069+00:00 ContainerStatus: Container has finished running with exit code: 1.
2026-08-26T11:44:27.6968909+00:00 ContainerStatus: Container is terminating. Grace period: 5 seconds.
2026-08-26T11:44:27.7000217+00:00 ContainerStatus: Stop and delete container. Retry count = 0
2026-08-26T11:44:27.7067254+00:00 ContainerStatus: Stopping container: a788b6a82b30_scas-backend-2026-rvce.
2026-08-26T11:44:27.8200462+00:00 ContainerStatus: Deleting container: a788b6a82b30_scas-backend-2026-rvce. Retry count = 0
2026-08-26T11:44:28.1912635+00:00 ContainerStatus: Container spec TerminationMessagePolicy  path 
2026-08-26T11:44:28.1918345+00:00 ContainerStatus: Container is terminated. Total time elapsed: 494 ms.
2026-08-26T11:44:28.1928984+00:00 ContainerStatus: Site container: scas-backend-2026-rvce terminated during site startup.
2026-08-26T11:44:28.2003814+00:00 ContainerStatus: State: Stopping, Action: CancellingStartup, LastError: ContainerStartupFailure, LastErrorTimestamp: 08/26/2026 11:41:21, LastErrorDetails: Container exited with exit code 1 during startup after 88.3s. Please inspect your container logs for more details., Details: Site container: scas-backend-2026-rvce terminated during site startup. Cancelling site startup., DetailsLevel: ERR
2026-08-26T11:44:28.2801060+00:00 ContainerStatus: Site startup probe failed after 107.1711292 seconds.
2026-08-26T11:44:28.5095671+00:00 ContainerStatus: State: Stopping, Action: CancellingStartup, LastError: ContainerStartupFailure, LastErrorTimestamp: 08/26/2026 11:44:28, LastErrorDetails: Container exited with exit code 1 during startup after 107.6s. Please inspect your container logs for more details., Details: Site container: scas-backend-2026-rvce terminated during site startup. Cancelling site startup., DetailsLevel: ERR
2026-08-26T11:44:28.5117113+00:00 ContainerStatus: Failed to start site. Revert by stopping site.
2026-08-26T11:44:28.5131640+00:00 ContainerStatus: State: Stopping, Action: StoppingSite, LastError: ContainerStartupFailure, LastErrorTimestamp: 08/26/2026 11:44:28, LastErrorDetails: Container exited with exit code 1 during startup after 107.6s. Please inspect your container logs for more details., Details: Site container: scas-backend-2026-rvce terminated during site startup. Cancelling site startup., DetailsLevel: ERR
2026-08-26T11:44:28.5400777+00:00 ContainerStatus: State: Stopping, Action: StoppingSiteContainers, LastError: ContainerStartupFailure, LastErrorTimestamp: 08/26/2026 11:44:28, LastErrorDetails: Container exited with exit code 1 during startup after 107.6s. Please inspect your container logs for more details., Details: Site container: scas-backend-2026-rvce terminated during site startup. Cancelling site startup., DetailsLevel: ERR
2026-08-26T11:44:29.1117489+00:00 ContainerStatus: Site container: scas-backend-2026-rvce_managedIdentity terminated during site startup.
2026-08-26T11:44:29.1127920+00:00 ContainerStatus: State: Stopping, Action: StoppingSiteContainers, LastError: ContainerStartupFailure, LastErrorTimestamp: 08/26/2026 11:44:28, LastErrorDetails: Container exited with exit code 1 during startup after 107.6s. Please inspect your container logs for more details., Details: Site container: scas-backend-2026-rvce terminated during site startup. Cancelling site startup., DetailsLevel: ERR
2026-08-26T11:44:29.1130218+00:00 ContainerStatus: Site: scas-backend-2026-rvce stopped.
========== New Cold Start Attempt (2026-08-26T11:44:29.1315801+00:00) ==========
2026-08-26T11:44:29.1315801+00:00 ContainerStatus: State: Stopping, Action: UnmountingVolumes, LastError: ContainerStartupFailure, LastErrorTimestamp: 08/26/2026 11:44:28, LastErrorDetails: Container exited with exit code 1 during startup after 107.6s. Please inspect your container logs for more details., Details: Site container: scas-backend-2026-rvce terminated during site startup. Cancelling site startup., DetailsLevel: ERR
2026-08-26T11:44:29.7015655+00:00 ContainerStatus: State: Stopping, Action: StoppingSiteNetworks, LastError: ContainerStartupFailure, LastErrorTimestamp: 08/26/2026 11:44:28, LastErrorDetails: Container exited with exit code 1 during startup after 107.6s. Please inspect your container logs for more details., Details: Site container: scas-backend-2026-rvce terminated during site startup. Cancelling site startup., DetailsLevel: ERR
2026-08-26T11:44:30.1802893+00:00 ContainerStatus: Site: scas-backend-2026-rvce will be blocked for 1 minutes till 08/26/2026 11:45:30
2026-08-26T11:44:30.1804193+00:00 ContainerStatus: State: Blocked, Action: StoppingSiteNetworks, LastError: ContainerStartupFailure, LastErrorTimestamp: 08/26/2026 11:44:28, LastErrorDetails: Container exited with exit code 1 during startup after 107.6s. Please inspect your container logs for more details., Details: Site: scas-backend-2026-rvce will be blocked for 1 minutes till 08/26/2026 11:45:30, DetailsLevel: WARN
2026-08-26T11:44:30.3378487+00:00 ContainerStatus: State: Stopped, Action: None, LastError: ContainerStartupFailure, LastErrorTimestamp: 08/26/2026 11:44:28, LastErrorDetails: Container exited with exit code 1 during startup after 107.6s. Please inspect your container logs for more details., Details: Site stopped at 08/26/2026 11:44:30 (UTC), DetailsLevel: WARN
2026-08-26T11:44:32.1273297+00:00 ContainerStatus: State: Stopped, Action: None, LastError: ContainerStartupFailure, LastErrorTimestamp: 08/26/2026 11:44:28, LastErrorDetails: Container exited with exit code 1 during startup after 107.6s. Please inspect your container logs for more details., Details: Site stopped at 08/26/2026 11:44:30 (UTC), DetailsLevel: WARN
2026-08-26T11:44:37.4140988+00:00 ContainerStatus: State: Blocked, Action: None, LastError: ContainerStartupFailure, LastErrorTimestamp: 08/26/2026 11:44:28, LastErrorDetails: Container exited with exit code 1 during startup after 107.6s. Please inspect your container logs for more details., Details: Site is blocked due to multiple, consecutive cold start failures. Site scheduled to be unblocked at 08/26/2026 11:45:30, DetailsLevel: WARN
2026-08-26T11:44:37.4141430+00:00 ContainerStatus: Start site prohibitted because the site is being blocked.
2026-08-26T11:44:42.6063111+00:00 ContainerStatus: State: Blocked, Action: None, LastError: ContainerStartupFailure, LastErrorTimestamp: 08/26/2026 11:44:28, LastErrorDetails: Container exited with exit code 1 during startup after 107.6s. Please inspect your container logs for more details., Details: Site is blocked due to multiple, consecutive cold start failures. Site scheduled to be unblocked at 08/26/2026 11:45:30, DetailsLevel: WARN
2026-08-26T11:44:42.6063435+00:00 ContainerStatus: Start site prohibitted because the site is being blocked.
2026-08-26T11:44:47.8251415+00:00 ContainerStatus: State: Blocked, Action: None, LastError: ContainerStartupFailure, LastErrorTimestamp: 08/26/2026 11:44:28, LastErrorDetails: Container exited with exit code 1 during startup after 107.6s. Please inspect your container logs for more details., Details: Site is blocked due to multiple, consecutive cold start failures. Site scheduled to be unblocked at 08/26/2026 11:45:30, DetailsLevel: WARN
2026-08-26T11:44:47.8252202+00:00 ContainerStatus: Start site prohibitted because the site is being blocked.
2026-08-26T11:44:52.9849194+00:00 ContainerStatus: State: Blocked, Action: None, LastError: ContainerStartupFailure, LastErrorTimestamp: 08/26/2026 11:44:28, LastErrorDetails: Container exited with exit code 1 during startup after 107.6s. Please inspect your container logs for more details., Details: Site is blocked due to multiple, consecutive cold start failures. Site scheduled to be unblocked at 08/26/2026 11:45:30, DetailsLevel: WARN
2026-08-26T11:44:52.9849499+00:00 ContainerStatus: Start site prohibitted because the site is being blocked.
2026-08-26T11:44:58.3651686+00:00 ContainerStatus: State: Blocked, Action: None, LastError: ContainerStartupFailure, LastErrorTimestamp: 08/26/2026 11:44:28, LastErrorDetails: Container exited with exit code 1 during startup after 107.6s. Please inspect your container logs for more details., Details: Site is blocked due to multiple, consecutive cold start failures. Site scheduled to be unblocked at 08/26/2026 11:45:30, DetailsLevel: WARN
2026-08-26T11:44:58.3654663+00:00 ContainerStatus: Start site prohibitted because the site is being blocked.
2026-08-26T11:45:03.5643679+00:00 ContainerStatus: State: Blocked, Action: None, LastError: ContainerStartupFailure, LastErrorTimestamp: 08/26/2026 11:44:28, LastErrorDetails: Container exited with exit code 1 during startup after 107.6s. Please inspect your container logs for more details., Details: Site is blocked due to multiple, consecutive cold start failures. Site scheduled to be unblocked at 08/26/2026 11:45:30, DetailsLevel: WARN
2026-08-26T11:45:03.5645077+00:00 ContainerStatus: Start site prohibitted because the site is being blocked.
2026-08-26T11:45:08.8279629+00:00 ContainerStatus: State: Blocked, Action: None, LastError: ContainerStartupFailure, LastErrorTimestamp: 08/26/2026 11:44:28, LastErrorDetails: Container exited with exit code 1 during startup after 107.6s. Please inspect your container logs for more details., Details: Site is blocked due to multiple, consecutive cold start failures. Site scheduled to be unblocked at 08/26/2026 11:45:30, DetailsLevel: WARN
2026-08-26T11:45:08.8281229+00:00 ContainerStatus: Start site prohibitted because the site is being blocked.
2026-08-26T11:45:14.0430658+00:00 ContainerStatus: State: Blocked, Action: None, LastError: ContainerStartupFailure, LastErrorTimestamp: 08/26/2026 11:44:28, LastErrorDetails: Container exited with exit code 1 during startup after 107.6s. Please inspect your container logs for more details., Details: Site is blocked due to multiple, consecutive cold start failures. Site scheduled to be unblocked at 08/26/2026 11:45:30, DetailsLevel: WARN
2026-08-26T11:45:14.0430999+00:00 ContainerStatus: Start site prohibitted because the site is being blocked.
2026-08-26T11:45:19.4500048+00:00 ContainerStatus: State: Blocked, Action: None, LastError: ContainerStartupFailure, LastErrorTimestamp: 08/26/2026 11:44:28, LastErrorDetails: Container exited with exit code 1 during startup after 107.6s. Please inspect your container logs for more details., Details: Site is blocked due to multiple, consecutive cold start failures. Site scheduled to be unblocked at 08/26/2026 11:45:30, DetailsLevel: WARN
2026-08-26T11:45:19.4500822+00:00 ContainerStatus: Start site prohibitted because the site is being blocked.
2026-08-26T11:45:24.5744586+00:00 ContainerStatus: State: Blocked, Action: None, LastError: ContainerStartupFailure, LastErrorTimestamp: 08/26/2026 11:44:28, LastErrorDetails: Container exited with exit code 1 during startup after 107.6s. Please inspect your container logs for more details., Details: Site is blocked due to multiple, consecutive cold start failures. Site scheduled to be unblocked at 08/26/2026 11:45:30, DetailsLevel: WARN
2026-08-26T11:45:24.5744924+00:00 ContainerStatus: Start site prohibitted because the site is being blocked.
2026-08-26T11:45:29.6977373+00:00 ContainerStatus: State: Blocked, Action: None, LastError: ContainerStartupFailure, LastErrorTimestamp: 08/26/2026 11:44:28, LastErrorDetails: Container exited with exit code 1 during startup after 107.6s. Please inspect your container logs for more details., Details: Site is blocked due to multiple, consecutive cold start failures. Site scheduled to be unblocked at 08/26/2026 11:45:30, DetailsLevel: WARN
2026-08-26T11:45:29.6977679+00:00 ContainerStatus: Start site prohibitted because the site is being blocked.
2026-08-26T11:45:30.1863905+00:00 ContainerStatus: Site: scas-backend-2026-rvce is unblocked.
2026-08-26T11:45:34.8413528+00:00 ContainerStatus: State: Starting, Action: EstablishingSiteNetworks, LastError: ContainerStartupFailure, LastErrorTimestamp: 08/26/2026 11:44:28, LastErrorDetails: Container exited with exit code 1 during startup after 107.6s. Please inspect your container logs for more details., Details: Site is blocked due to multiple, consecutive cold start failures. Site scheduled to be unblocked at 08/26/2026 11:45:30, DetailsLevel: WARN
2026-08-26T11:45:38.1428092+00:00 ContainerStatus: State: Starting, Action: StartingMsiContainer, LastError: ContainerStartupFailure, LastErrorTimestamp: 08/26/2026 11:44:28, LastErrorDetails: Container exited with exit code 1 during startup after 107.6s. Please inspect your container logs for more details., Details: Site is blocked due to multiple, consecutive cold start failures. Site scheduled to be unblocked at 08/26/2026 11:45:30, DetailsLevel: WARN
2026-08-26T11:45:52.6779447+00:00 ContainerStatus: State: Starting, Action: StartingSiteContainers, LastError: ContainerStartupFailure, LastErrorTimestamp: 08/26/2026 11:44:28, LastErrorDetails: Container exited with exit code 1 during startup after 107.6s. Please inspect your container logs for more details., Details: Site is blocked due to multiple, consecutive cold start failures. Site scheduled to be unblocked at 08/26/2026 11:45:30, DetailsLevel: WARN
2026-08-26T11:45:52.6781018+00:00 ContainerStatus: Container start method called.
2026-08-26T11:45:52.6782047+00:00 ContainerStatus: State: Starting, Action: PullingImage, LastError: ContainerStartupFailure, LastErrorTimestamp: 08/26/2026 11:44:28, LastErrorDetails: Container exited with exit code 1 during startup after 107.6s. Please inspect your container logs for more details., Details: Pulling image scasacr2026rvce.azurecr.io/scas-backend:demo-544b4de for scas-backend-2026-rvce., DetailsLevel: INFO
2026-08-26T11:45:52.6783076+00:00 ContainerStatus: Establishing network.
2026-08-26T11:45:52.6784483+00:00 ContainerStatus: Pulling image: scasacr2026rvce.azurecr.io/scas-backend:demo-544b4de.
2026-08-26T11:45:58.5371169+00:00 ContainerStatus: Container is starting.
2026-08-26T11:45:58.5375433+00:00 ContainerStatus: State: Starting, Action: MountingVolumes, LastError: ContainerStartupFailure, LastErrorTimestamp: 08/26/2026 11:44:28, LastErrorDetails: Container exited with exit code 1 during startup after 107.6s. Please inspect your container logs for more details., Details: Mounting volumes for scas-backend-2026-rvce., DetailsLevel: INFO
2026-08-26T11:45:58.5376344+00:00 ContainerStatus: Establishing user namespace if not established already.
2026-08-26T11:45:58.5377041+00:00 ContainerStatus: Establishing network if not established already.
2026-08-26T11:45:58.5384582+00:00 ContainerStatus: Mounting volumes.
2026-08-26T11:45:58.5386226+00:00 ContainerStatus: Nested mountpoint volatile/logs
2026-08-26T11:45:58.5687104+00:00 ContainerStatus: Nested mountpoint 
2026-08-26T11:45:58.6249282+00:00 ContainerStatus: Nested mountpoint 
2026-08-26T11:45:58.7500449+00:00 ContainerStatus: State: Starting, Action: CreatingContainer, LastError: ContainerStartupFailure, LastErrorTimestamp: 08/26/2026 11:44:28, LastErrorDetails: Container exited with exit code 1 during startup after 107.6s. Please inspect your container logs for more details., Details: Finished pulling container image and mounting volumes for scas-backend-2026-rvce. Allocatinng the rest of the container resources to finish container creation., DetailsLevel: INFO
2026-08-26T11:45:58.7503329+00:00 ContainerStatus: Creating container.
2026-08-26T11:45:58.7504031+00:00 ContainerStatus: Creating pipes for streaming container io.
2026-08-26T11:45:58.7504745+00:00 ContainerStatus: Creating stdout named pipe at /podr/container/pipe/12e0d51101d2_scas-backend-2026-rvce/stdout_de573dfeff7f4862aa57c29d65b95975.
2026-08-26T11:45:58.7506287+00:00 ContainerStatus: Successfully created stdout named pipe at: /podr/container/pipe/12e0d51101d2_scas-backend-2026-rvce/stdout_de573dfeff7f4862aa57c29d65b95975.
2026-08-26T11:45:58.7507855+00:00 ContainerStatus: Opening named pipe /podr/container/pipe/12e0d51101d2_scas-backend-2026-rvce/stdout_de573dfeff7f4862aa57c29d65b95975 for reading in non-blocking mode.
2026-08-26T11:45:58.7591065+00:00 ContainerStatus: Successfully opened named pipe: /podr/container/pipe/12e0d51101d2_scas-backend-2026-rvce/stdout_de573dfeff7f4862aa57c29d65b95975.
2026-08-26T11:45:58.7592434+00:00 ContainerStatus: Successfully removed non-blocking flag from /podr/container/pipe/12e0d51101d2_scas-backend-2026-rvce/stdout_de573dfeff7f4862aa57c29d65b95975.
2026-08-26T11:45:58.7593785+00:00 ContainerStatus: Creating stderr named pipe at /podr/container/pipe/12e0d51101d2_scas-backend-2026-rvce/stderr_5ae6ce8cd37e4eddadfd0d949baa0b65.
2026-08-26T11:45:58.7595048+00:00 ContainerStatus: Successfully created stderr named pipe at: /podr/container/pipe/12e0d51101d2_scas-backend-2026-rvce/stderr_5ae6ce8cd37e4eddadfd0d949baa0b65.
2026-08-26T11:45:58.7595688+00:00 ContainerStatus: Opening named pipe /podr/container/pipe/12e0d51101d2_scas-backend-2026-rvce/stderr_5ae6ce8cd37e4eddadfd0d949baa0b65 for reading in non-blocking mode.
2026-08-26T11:45:58.7596441+00:00 ContainerStatus: Successfully opened named pipe: /podr/container/pipe/12e0d51101d2_scas-backend-2026-rvce/stderr_5ae6ce8cd37e4eddadfd0d949baa0b65.
2026-08-26T11:45:58.7596960+00:00 ContainerStatus: Successfully removed non-blocking flag from /podr/container/pipe/12e0d51101d2_scas-backend-2026-rvce/stderr_5ae6ce8cd37e4eddadfd0d949baa0b65.
2026-08-26T11:45:58.7597918+00:00 ContainerStatus: Creating container with image: scasacr2026rvce.azurecr.io/scas-backend:demo-544b4de from registry: scasacr2026rvce.azurecr.io and fully qualified image name: scasacr2026rvce.azurecr.io/scas-backend:demo-544b4de
2026-08-26T11:45:59.4931695+00:00 ContainerStatus: Starting container: 12e0d51101d2_scas-backend-2026-rvce.
2026-08-26T11:45:59.5738574+00:00 ContainerStatus: Starting watchers and probes.
2026-08-26T11:45:59.5748328+00:00 ContainerStatus: Starting metrics collection.
2026-08-26T11:45:59.5837659+00:00 ContainerStatus: Container is running.
2026-08-26T11:45:59.5839144+00:00 ContainerStatus: State: Starting, Action: CreatingContainer, LastError: ContainerStartupFailure, LastErrorTimestamp: 08/26/2026 11:44:28, LastErrorDetails: Container exited with exit code 1 during startup after 107.6s. Please inspect your container logs for more details., Details: Container scas-backend-2026-rvce successfully created and is running., DetailsLevel: INFO
2026-08-26T11:45:59.7855176+00:00 ContainerStatus: Container start method finished after 7107 ms.
2026-08-26T11:45:59.8523400+00:00 ContainerStatus: State: Starting, Action: InitiatingSiteWarmUpProbe, LastError: ContainerStartupFailure, LastErrorTimestamp: 08/26/2026 11:44:28, LastErrorDetails: Container exited with exit code 1 during startup after 107.6s. Please inspect your container logs for more details., Details: Container scas-backend-2026-rvce successfully created and is running., DetailsLevel: INFO
2026-08-26T11:45:59.8533460+00:00 ContainerStatus: State: Starting, Action: WaitingForSiteWarmUpProbeSuccess, LastError: ContainerStartupFailure, LastErrorTimestamp: 08/26/2026 11:44:28, LastErrorDetails: Container exited with exit code 1 during startup after 107.6s. Please inspect your container logs for more details., Details: Pinging warmup path to ensure container is ready to receive requests., DetailsLevel: INFO
2026-08-26T11:46:18.0563085+00:00 ContainerStream: 
2026-08-26T11:46:18.0756565+00:00 ContainerStream:   .   ____          _            __ _ _
2026-08-26T11:46:18.0757059+00:00 ContainerStream:  /\\ / ___'_ __ _ _(_)_ __  __ _ \ \ \ \
2026-08-26T11:46:18.0757112+00:00 ContainerStream: ( ( )\___ | '_ | '_| | '_ \/ _` | \ \ \ \
2026-08-26T11:46:18.0757139+00:00 ContainerStream:  \\/  ___)| |_)| | | | | || (_| |  ) ) ) )
2026-08-26T11:46:18.0757160+00:00 ContainerStream:   '  |____| .__|_| |_|_| |_\__, | / / / /
2026-08-26T11:46:18.0757184+00:00 ContainerStream:  =========|_|==============|___/=/_/_/_/
2026-08-26T11:46:18.0757208+00:00 ContainerStream: 
2026-08-26T11:46:18.0914751+00:00 ContainerStream:  :: Spring Boot ::               (v3.5.13)
2026-08-26T11:46:18.0914923+00:00 ContainerStream: 
2026-08-26T11:46:19.3830443+00:00 ContainerStream: 2026-08-26T11:46:19.362Z  INFO 1 --- [           main] com.rvce.scas.ScasApplication            : Starting ScasApplication v0.0.1-SNAPSHOT using Java 17.0.20 with PID 1 (/app/app.jar started by root in /app)
2026-08-26T11:46:19.4166343+00:00 ContainerStream: 2026-08-26T11:46:19.403Z  INFO 1 --- [           main] com.rvce.scas.ScasApplication            : The following 1 profile is active: "prod"
2026-08-26T11:46:42.0572689+00:00 ContainerStream: 2026-08-26T11:46:42.056Z  INFO 1 --- [           main] .s.d.r.c.RepositoryConfigurationDelegate : Multiple Spring Data modules found, entering strict repository configuration mode
2026-08-26T11:46:42.0931810+00:00 ContainerStream: 2026-08-26T11:46:42.092Z  INFO 1 --- [           main] .s.d.r.c.RepositoryConfigurationDelegate : Bootstrapping Spring Data JPA repositories in DEFAULT mode.
2026-08-26T11:46:45.0460374+00:00 ContainerStream: 2026-08-26T11:46:44.871Z  INFO 1 --- [           main] .s.d.r.c.RepositoryConfigurationDelegate : Finished Spring Data repository scanning in 2667 ms. Found 12 JPA repository interfaces.
2026-08-26T11:46:45.1605860+00:00 ContainerStream: 2026-08-26T11:46:45.160Z  INFO 1 --- [           main] .s.d.r.c.RepositoryConfigurationDelegate : Multiple Spring Data modules found, entering strict repository configuration mode
2026-08-26T11:46:45.1711991+00:00 ContainerStream: 2026-08-26T11:46:45.170Z  INFO 1 --- [           main] .s.d.r.c.RepositoryConfigurationDelegate : Bootstrapping Spring Data Redis repositories in DEFAULT mode.
2026-08-26T11:46:45.3628523+00:00 ContainerStream: 2026-08-26T11:46:45.362Z  INFO 1 --- [           main] .RepositoryConfigurationExtensionSupport : Spring Data Redis - Could not safely identify store assignment for repository candidate interface com.rvce.scas.repository.DepartmentRepository; If you want this repository to be a Redis repository, consider annotating your entities with one of these annotations: org.springframework.data.redis.core.RedisHash (preferred), or consider extending one of the following types with your repository: org.springframework.data.keyvalue.repository.KeyValueRepository
2026-08-26T11:46:45.3651286+00:00 ContainerStream: 2026-08-26T11:46:45.364Z  INFO 1 --- [           main] .RepositoryConfigurationExtensionSupport : Spring Data Redis - Could not safely identify store assignment for repository candidate interface com.rvce.scas.repository.ExamHallRepository; If you want this repository to be a Redis repository, consider annotating your entities with one of these annotations: org.springframework.data.redis.core.RedisHash (preferred), or consider extending one of the following types with your repository: org.springframework.data.keyvalue.repository.KeyValueRepository
2026-08-26T11:46:45.3656871+00:00 ContainerStream: 2026-08-26T11:46:45.365Z  INFO 1 --- [           main] .RepositoryConfigurationExtensionSupport : Spring Data Redis - Could not safely identify store assignment for repository candidate interface com.rvce.scas.repository.ExamSeatRepository; If you want this repository to be a Redis repository, consider annotating your entities with one of these annotations: org.springframework.data.redis.core.RedisHash (preferred), or consider extending one of the following types with your repository: org.springframework.data.keyvalue.repository.KeyValueRepository
2026-08-26T11:46:45.3927116+00:00 ContainerStream: 2026-08-26T11:46:45.392Z  INFO 1 --- [           main] .RepositoryConfigurationExtensionSupport : Spring Data Redis - Could not safely identify store assignment for repository candidate interface com.rvce.scas.repository.ExamSessionRepository; If you want this repository to be a Redis repository, consider annotating your entities with one of these annotations: org.springframework.data.redis.core.RedisHash (preferred), or consider extending one of the following types with your repository: org.springframework.data.keyvalue.repository.KeyValueRepository
2026-08-26T11:46:45.3941028+00:00 ContainerStream: 2026-08-26T11:46:45.393Z  INFO 1 --- [           main] .RepositoryConfigurationExtensionSupport : Spring Data Redis - Could not safely identify store assignment for repository candidate interface com.rvce.scas.repository.ExamStudentRepository; If you want this repository to be a Redis repository, consider annotating your entities with one of these annotations: org.springframework.data.redis.core.RedisHash (preferred), or consider extending one of the following types with your repository: org.springframework.data.keyvalue.repository.KeyValueRepository
2026-08-26T11:46:45.4042292+00:00 ContainerStream: 2026-08-26T11:46:45.404Z  INFO 1 --- [           main] .RepositoryConfigurationExtensionSupport : Spring Data Redis - Could not safely identify store assignment for repository candidate interface com.rvce.scas.repository.NotificationRepository; If you want this repository to be a Redis repository, consider annotating your entities with one of these annotations: org.springframework.data.redis.core.RedisHash (preferred), or consider extending one of the following types with your repository: org.springframework.data.keyvalue.repository.KeyValueRepository
2026-08-26T11:46:45.4221460+00:00 ContainerStream: 2026-08-26T11:46:45.421Z  INFO 1 --- [           main] .RepositoryConfigurationExtensionSupport : Spring Data Redis - Could not safely identify store assignment for repository candidate interface com.rvce.scas.repository.PasswordResetTokenRepository; If you want this repository to be a Redis repository, consider annotating your entities with one of these annotations: org.springframework.data.redis.core.RedisHash (preferred), or consider extending one of the following types with your repository: org.springframework.data.keyvalue.repository.KeyValueRepository
2026-08-26T11:46:45.4235735+00:00 ContainerStream: 2026-08-26T11:46:45.423Z  INFO 1 --- [           main] .RepositoryConfigurationExtensionSupport : Spring Data Redis - Could not safely identify store assignment for repository candidate interface com.rvce.scas.repository.RoleRepository; If you want this repository to be a Redis repository, consider annotating your entities with one of these annotations: org.springframework.data.redis.core.RedisHash (preferred), or consider extending one of the following types with your repository: org.springframework.data.keyvalue.repository.KeyValueRepository
2026-08-26T11:46:45.4326651+00:00 ContainerStream: 2026-08-26T11:46:45.429Z  INFO 1 --- [           main] .RepositoryConfigurationExtensionSupport : Spring Data Redis - Could not safely identify store assignment for repository candidate interface com.rvce.scas.repository.RoomRepository; If you want this repository to be a Redis repository, consider annotating your entities with one of these annotations: org.springframework.data.redis.core.RedisHash (preferred), or consider extending one of the following types with your repository: org.springframework.data.keyvalue.repository.KeyValueRepository
2026-08-26T11:46:45.4326807+00:00 ContainerStream: 2026-08-26T11:46:45.430Z  INFO 1 --- [           main] .RepositoryConfigurationExtensionSupport : Spring Data Redis - Could not safely identify store assignment for repository candidate interface com.rvce.scas.repository.TimetableSlotRepository; If you want this repository to be a Redis repository, consider annotating your entities with one of these annotations: org.springframework.data.redis.core.RedisHash (preferred), or consider extending one of the following types with your repository: org.springframework.data.keyvalue.repository.KeyValueRepository
2026-08-26T11:46:45.4326862+00:00 ContainerStream: 2026-08-26T11:46:45.431Z  INFO 1 --- [           main] .RepositoryConfigurationExtensionSupport : Spring Data Redis - Could not safely identify store assignment for repository candidate interface com.rvce.scas.repository.UserRepository; If you want this repository to be a Redis repository, consider annotating your entities with one of these annotations: org.springframework.data.redis.core.RedisHash (preferred), or consider extending one of the following types with your repository: org.springframework.data.keyvalue.repository.KeyValueRepository
2026-08-26T11:46:45.4326916+00:00 ContainerStream: 2026-08-26T11:46:45.431Z  INFO 1 --- [           main] .RepositoryConfigurationExtensionSupport : Spring Data Redis - Could not safely identify store assignment for repository candidate interface com.rvce.scas.repository.UserRoleRepository; If you want this repository to be a Redis repository, consider annotating your entities with one of these annotations: org.springframework.data.redis.core.RedisHash (preferred), or consider extending one of the following types with your repository: org.springframework.data.keyvalue.repository.KeyValueRepository
2026-08-26T11:46:45.4326945+00:00 ContainerStream: 2026-08-26T11:46:45.431Z  INFO 1 --- [           main] .s.d.r.c.RepositoryConfigurationDelegate : Finished Spring Data repository scanning in 153 ms. Found 0 Redis repository interfaces.
2026-08-26T11:46:55.2820086+00:00 ContainerStream: 2026-08-26T11:46:55.265Z  INFO 1 --- [           main] o.s.b.w.embedded.tomcat.TomcatWebServer  : Tomcat initialized with port 8080 (http)
2026-08-26T11:46:55.4603588+00:00 ContainerStream: 2026-08-26T11:46:55.459Z  INFO 1 --- [           main] o.apache.catalina.core.StandardService   : Starting service [Tomcat]
2026-08-26T11:46:55.4626700+00:00 ContainerStream: 2026-08-26T11:46:55.462Z  INFO 1 --- [           main] o.apache.catalina.core.StandardEngine    : Starting Servlet engine: [Apache Tomcat/10.1.53]
2026-08-26T11:46:57.1954971+00:00 ContainerStream: 2026-08-26T11:46:57.195Z  INFO 1 --- [           main] o.a.c.c.C.[Tomcat].[localhost].[/]       : Initializing Spring embedded WebApplicationContext
2026-08-26T11:46:57.2144535+00:00 ContainerStream: 2026-08-26T11:46:57.213Z  INFO 1 --- [           main] w.s.c.ServletWebServerApplicationContext : Root WebApplicationContext: initialization completed in 37157 ms
2026-08-26T11:48:02.6257637+00:00 ContainerStream: 2026-08-26T11:48:02.518Z  INFO 1 --- [           main] com.zaxxer.hikari.HikariDataSource       : HikariPool-1 - Starting...
2026-08-26T11:48:12.5107826+00:00 ContainerStream: 2026-08-26T11:48:12.493Z  INFO 1 --- [           main] com.zaxxer.hikari.pool.HikariPool        : HikariPool-1 - Added connection org.postgresql.jdbc.PgConnection@509e4902
2026-08-26T11:48:12.5586397+00:00 ContainerStream: 2026-08-26T11:48:12.557Z  INFO 1 --- [           main] com.zaxxer.hikari.HikariDataSource       : HikariPool-1 - Start completed.
2026-08-26T11:48:13.4585238+00:00 ContainerStream: 2026-08-26T11:48:13.458Z  INFO 1 --- [           main] org.flywaydb.core.FlywayExecutor         : Database: jdbc:postgresql://scas-postgres-k23.postgres.database.azure.com:5432/scasdb?sslmode=require (PostgreSQL 16.14)
2026-08-26T11:48:15.7942224+00:00 ContainerStream: 2026-08-26T11:48:15.793Z  INFO 1 --- [           main] o.f.core.internal.command.DbValidate     : Successfully validated 27 migrations (execution time 00:01.626s)
2026-08-26T11:48:16.1370801+00:00 ContainerStream: 2026-08-26T11:48:16.136Z  INFO 1 --- [           main] o.f.core.internal.command.DbMigrate      : Current version of schema "public": << Empty Schema >>
2026-08-26T11:48:17.2398187+00:00 ContainerStream: 2026-08-26T11:48:17.236Z  INFO 1 --- [           main] o.f.core.internal.command.DbMigrate      : Migrating schema "public" to version "1 - users roles"
2026-08-26T11:48:17.9710142+00:00 ContainerStream: 2026-08-26T11:48:17.720Z  WARN 1 --- [           main] com.zaxxer.hikari.pool.ProxyConnection   : HikariPool-1 - Connection org.postgresql.jdbc.PgConnection@24ac87a marked as broken because of SQLSTATE(0A000), ErrorCode(0)
2026-08-26T11:48:17.9710810+00:00 ContainerStream: 
2026-08-26T11:48:17.9710948+00:00 ContainerStream: org.postgresql.util.PSQLException: ERROR: extension "citext" is not allow-listed for users in Azure Database for PostgreSQL
2026-08-26T11:48:17.9710980+00:00 ContainerStream:   Hint: to learn how to allow an extension or see the list of allowed extensions, please refer to https://go.microsoft.com/fwlink/?linkid=2301063
2026-08-26T11:48:17.9711008+00:00 ContainerStream: 	at org.postgresql.core.v3.QueryExecutorImpl.receiveErrorResponse(QueryExecutorImpl.java:2875) ~[postgresql-42.7.10.jar!/:42.7.10]
2026-08-26T11:48:17.9711037+00:00 ContainerStream: 	at org.postgresql.core.v3.QueryExecutorImpl.processResults(QueryExecutorImpl.java:2560) ~[postgresql-42.7.10.jar!/:42.7.10]
2026-08-26T11:48:17.9711067+00:00 ContainerStream: 	at org.postgresql.core.v3.QueryExecutorImpl.execute(QueryExecutorImpl.java:429) ~[postgresql-42.7.10.jar!/:42.7.10]
2026-08-26T11:48:17.9711094+00:00 ContainerStream: 	at org.postgresql.jdbc.PgStatement.executeInternal(PgStatement.java:526) ~[postgresql-42.7.10.jar!/:42.7.10]
2026-08-26T11:48:17.9711121+00:00 ContainerStream: 	at org.postgresql.jdbc.PgStatement.execute(PgStatement.java:436) ~[postgresql-42.7.10.jar!/:42.7.10]
2026-08-26T11:48:17.9711149+00:00 ContainerStream: 	at org.postgresql.jdbc.PgStatement.executeWithFlags(PgStatement.java:358) ~[postgresql-42.7.10.jar!/:42.7.10]
2026-08-26T11:48:17.9711176+00:00 ContainerStream: 	at org.postgresql.jdbc.PgStatement.executeCachedSql(PgStatement.java:343) ~[postgresql-42.7.10.jar!/:42.7.10]
2026-08-26T11:48:17.9711202+00:00 ContainerStream: 	at org.postgresql.jdbc.PgStatement.executeWithFlags(PgStatement.java:319) ~[postgresql-42.7.10.jar!/:42.7.10]
2026-08-26T11:48:17.9711260+00:00 ContainerStream: 	at org.postgresql.jdbc.PgStatement.execute(PgStatement.java:314) ~[postgresql-42.7.10.jar!/:42.7.10]
2026-08-26T11:48:17.9711287+00:00 ContainerStream: 	at com.zaxxer.hikari.pool.ProxyStatement.execute(ProxyStatement.java:95) ~[HikariCP-6.3.3.jar!/:na]
2026-08-26T11:48:17.9711315+00:00 ContainerStream: 	at com.zaxxer.hikari.pool.HikariProxyStatement.execute(HikariProxyStatement.java) ~[HikariCP-6.3.3.jar!/:na]
2026-08-26T11:48:17.9711342+00:00 ContainerStream: 	at org.flywaydb.core.internal.jdbc.JdbcTemplate.executeStatement(JdbcTemplate.java:215) ~[flyway-core-11.7.2.jar!/:na]
2026-08-26T11:48:17.9711370+00:00 ContainerStream: 	at org.flywaydb.core.internal.sqlscript.ParsedSqlStatement.execute(ParsedSqlStatement.java:88) ~[flyway-core-11.7.2.jar!/:na]
2026-08-26T11:48:17.9711399+00:00 ContainerStream: 	at org.flywaydb.core.internal.sqlscript.DefaultSqlScriptExecutor.executeStatement(DefaultSqlScriptExecutor.java:212) ~[flyway-core-11.7.2.jar!/:na]
2026-08-26T11:48:17.9711428+00:00 ContainerStream: 	at org.flywaydb.core.internal.sqlscript.DefaultSqlScriptExecutor.execute(DefaultSqlScriptExecutor.java:137) ~[flyway-core-11.7.2.jar!/:na]
2026-08-26T11:48:17.9711456+00:00 ContainerStream: 	at org.flywaydb.core.internal.resolver.sql.SqlMigrationExecutor.executeOnce(SqlMigrationExecutor.java:75) ~[flyway-core-11.7.2.jar!/:na]
2026-08-26T11:48:17.9711484+00:00 ContainerStream: 	at org.flywaydb.core.internal.resolver.sql.SqlMigrationExecutor.lambda$execute$0(SqlMigrationExecutor.java:66) ~[flyway-core-11.7.2.jar!/:na]
2026-08-26T11:48:17.9711512+00:00 ContainerStream: 	at org.flywaydb.core.internal.database.DefaultExecutionStrategy.execute(DefaultExecutionStrategy.java:31) ~[flyway-core-11.7.2.jar!/:na]
2026-08-26T11:48:17.9711542+00:00 ContainerStream: 	at org.flywaydb.core.internal.resolver.sql.SqlMigrationExecutor.execute(SqlMigrationExecutor.java:65) ~[flyway-core-11.7.2.jar!/:na]
2026-08-26T11:48:17.9711600+00:00 ContainerStream: 	at org.flywaydb.core.internal.command.DbMigrate.doMigrateGroup(DbMigrate.java:391) ~[flyway-core-11.7.2.jar!/:na]
2026-08-26T11:48:17.9711629+00:00 ContainerStream: 	at org.flywaydb.core.internal.command.DbMigrate.lambda$applyMigrations$1(DbMigrate.java:283) ~[flyway-core-11.7.2.jar!/:na]
2026-08-26T11:48:17.9711658+00:00 ContainerStream: 	at org.flywaydb.core.internal.jdbc.TransactionalExecutionTemplate.execute(TransactionalExecutionTemplate.java:59) ~[flyway-core-11.7.2.jar!/:na]
2026-08-26T11:48:17.9711685+00:00 ContainerStream: 	at org.flywaydb.core.internal.command.DbMigrate.applyMigrations(DbMigrate.java:282) ~[flyway-core-11.7.2.jar!/:na]
2026-08-26T11:48:17.9711713+00:00 ContainerStream: 	at org.flywaydb.core.internal.command.DbMigrate.migrateGroup(DbMigrate.java:255) ~[flyway-core-11.7.2.jar!/:na]
2026-08-26T11:48:17.9711740+00:00 ContainerStream: 	at org.flywaydb.core.internal.command.DbMigrate.lambda$migrateAll$0(DbMigrate.java:153) ~[flyway-core-11.7.2.jar!/:na]
2026-08-26T11:48:17.9711770+00:00 ContainerStream: 	at org.flywaydb.database.postgresql.PostgreSQLAdvisoryLockTemplate.execute(PostgreSQLAdvisoryLockTemplate.java:77) ~[flyway-database-postgresql-11.7.2.jar!/:na]
2026-08-26T11:48:17.9711802+00:00 ContainerStream: 	at org.flywaydb.database.postgresql.PostgreSQLAdvisoryLockTemplate.lambda$execute$0(PostgreSQLAdvisoryLockTemplate.java:60) ~[flyway-database-postgresql-11.7.2.jar!/:na]
2026-08-26T11:48:17.9711830+00:00 ContainerStream: 	at org.flywaydb.core.internal.jdbc.TransactionalExecutionTemplate.execute(TransactionalExecutionTemplate.java:59) ~[flyway-core-11.7.2.jar!/:na]
2026-08-26T11:48:17.9712195+00:00 ContainerStream: 	at org.flywaydb.database.postgresql.PostgreSQLAdvisoryLockTemplate.execute(PostgreSQLAdvisoryLockTemplate.java:60) ~[flyway-database-postgresql-11.7.2.jar!/:na]
2026-08-26T11:48:17.9712258+00:00 ContainerStream: 	at org.flywaydb.database.postgresql.PostgreSQLConnection.lock(PostgreSQLConnection.java:105) ~[flyway-database-postgresql-11.7.2.jar!/:na]
2026-08-26T11:48:17.9712287+00:00 ContainerStream: 	at org.flywaydb.core.internal.schemahistory.JdbcTableSchemaHistory.lock(JdbcTableSchemaHistory.java:164) ~[flyway-core-11.7.2.jar!/:na]
2026-08-26T11:48:17.9712314+00:00 ContainerStream: 	at org.flywaydb.core.internal.command.DbMigrate.migrateAll(DbMigrate.java:153) ~[flyway-core-11.7.2.jar!/:na]
2026-08-26T11:48:17.9712340+00:00 ContainerStream: 	at org.flywaydb.core.internal.command.DbMigrate.migrate(DbMigrate.java:104) ~[flyway-core-11.7.2.jar!/:na]
2026-08-26T11:48:17.9712366+00:00 ContainerStream: 	at org.flywaydb.core.Flyway.lambda$migrate$1(Flyway.java:247) ~[flyway-core-11.7.2.jar!/:na]
2026-08-26T11:48:17.9712394+00:00 ContainerStream: 	at org.flywaydb.core.FlywayExecutor.execute(FlywayExecutor.java:210) ~[flyway-core-11.7.2.jar!/:na]
2026-08-26T11:48:17.9712419+00:00 ContainerStream: 	at org.flywaydb.core.Flyway.migrate(Flyway.java:188) ~[flyway-core-11.7.2.jar!/:na]
2026-08-26T11:48:17.9712450+00:00 ContainerStream: 	at org.springframework.boot.autoconfigure.flyway.FlywayMigrationInitializer.afterPropertiesSet(FlywayMigrationInitializer.java:66) ~[spring-boot-autoconfigure-3.5.13.jar!/:3.5.13]
2026-08-26T11:48:17.9712481+00:00 ContainerStream: 	at org.springframework.beans.factory.support.AbstractAutowireCapableBeanFactory.invokeInitMethods(AbstractAutowireCapableBeanFactory.java:1873) ~[spring-beans-6.2.17.jar!/:6.2.17]
2026-08-26T11:48:17.9712511+00:00 ContainerStream: 	at org.springframework.beans.factory.support.AbstractAutowireCapableBeanFactory.initializeBean(AbstractAutowireCapableBeanFactory.java:1822) ~[spring-beans-6.2.17.jar!/:6.2.17]
2026-08-26T11:48:17.9712574+00:00 ContainerStream: 	at org.springframework.beans.factory.support.AbstractAutowireCapableBeanFactory.doCreateBean(AbstractAutowireCapableBeanFactory.java:607) ~[spring-beans-6.2.17.jar!/:6.2.17]
2026-08-26T11:48:17.9712605+00:00 ContainerStream: 	at org.springframework.beans.factory.support.AbstractAutowireCapableBeanFactory.createBean(AbstractAutowireCapableBeanFactory.java:529) ~[spring-beans-6.2.17.jar!/:6.2.17]
2026-08-26T11:48:17.9712634+00:00 ContainerStream: 	at org.springframework.beans.factory.support.AbstractBeanFactory.lambda$doGetBean$0(AbstractBeanFactory.java:339) ~[spring-beans-6.2.17.jar!/:6.2.17]
2026-08-26T11:48:17.9712664+00:00 ContainerStream: 	at org.springframework.beans.factory.support.DefaultSingletonBeanRegistry.getSingleton(DefaultSingletonBeanRegistry.java:373) ~[spring-beans-6.2.17.jar!/:6.2.17]
2026-08-26T11:48:17.9712692+00:00 ContainerStream: 	at org.springframework.beans.factory.support.AbstractBeanFactory.doGetBean(AbstractBeanFactory.java:337) ~[spring-beans-6.2.17.jar!/:6.2.17]
2026-08-26T11:48:17.9712721+00:00 ContainerStream: 	at org.springframework.beans.factory.support.AbstractBeanFactory.getBean(AbstractBeanFactory.java:202) ~[spring-beans-6.2.17.jar!/:6.2.17]
2026-08-26T11:48:17.9712750+00:00 ContainerStream: 	at org.springframework.beans.factory.support.AbstractBeanFactory.doGetBean(AbstractBeanFactory.java:315) ~[spring-beans-6.2.17.jar!/:6.2.17]
2026-08-26T11:48:17.9712778+00:00 ContainerStream: 	at org.springframework.beans.factory.support.AbstractBeanFactory.getBean(AbstractBeanFactory.java:207) ~[spring-beans-6.2.17.jar!/:6.2.17]
2026-08-26T11:48:17.9712808+00:00 ContainerStream: 	at org.springframework.context.support.AbstractApplicationContext.finishBeanFactoryInitialization(AbstractApplicationContext.java:974) ~[spring-context-6.2.17.jar!/:6.2.17]
2026-08-26T11:48:17.9712837+00:00 ContainerStream: 	at org.springframework.context.support.AbstractApplicationContext.refresh(AbstractApplicationContext.java:628) ~[spring-context-6.2.17.jar!/:6.2.17]
2026-08-26T11:48:17.9712897+00:00 ContainerStream: 	at org.springframework.boot.web.servlet.context.ServletWebServerApplicationContext.refresh(ServletWebServerApplicationContext.java:146) ~[spring-boot-3.5.13.jar!/:3.5.13]
2026-08-26T11:48:17.9712927+00:00 ContainerStream: 	at org.springframework.boot.SpringApplication.refresh(SpringApplication.java:752) ~[spring-boot-3.5.13.jar!/:3.5.13]
2026-08-26T11:48:17.9712954+00:00 ContainerStream: 	at org.springframework.boot.SpringApplication.refreshContext(SpringApplication.java:439) ~[spring-boot-3.5.13.jar!/:3.5.13]
2026-08-26T11:48:17.9712981+00:00 ContainerStream: 	at org.springframework.boot.SpringApplication.run(SpringApplication.java:318) ~[spring-boot-3.5.13.jar!/:3.5.13]
2026-08-26T11:48:17.9713008+00:00 ContainerStream: 	at org.springframework.boot.SpringApplication.run(SpringApplication.java:1361) ~[spring-boot-3.5.13.jar!/:3.5.13]
2026-08-26T11:48:17.9713035+00:00 ContainerStream: 	at org.springframework.boot.SpringApplication.run(SpringApplication.java:1350) ~[spring-boot-3.5.13.jar!/:3.5.13]
2026-08-26T11:48:17.9879231+00:00 ContainerStream: 	at com.rvce.scas.ScasApplication.main(ScasApplication.java:20) ~[!/:0.0.1-SNAPSHOT]
2026-08-26T11:48:17.9879382+00:00 ContainerStream: 	at java.base/jdk.internal.reflect.NativeMethodAccessorImpl.invoke0(Native Method) ~[na:na]
2026-08-26T11:48:17.9879422+00:00 ContainerStream: 	at java.base/jdk.internal.reflect.NativeMethodAccessorImpl.invoke(Unknown Source) ~[na:na]
2026-08-26T11:48:17.9879451+00:00 ContainerStream: 	at java.base/jdk.internal.reflect.DelegatingMethodAccessorImpl.invoke(Unknown Source) ~[na:na]
2026-08-26T11:48:17.9879844+00:00 ContainerStream: 	at java.base/java.lang.reflect.Method.invoke(Unknown Source) ~[na:na]
2026-08-26T11:48:17.9879911+00:00 ContainerStream: 	at org.springframework.boot.loader.launch.Launcher.launch(Launcher.java:106) ~[app.jar:0.0.1-SNAPSHOT]
2026-08-26T11:48:17.9879938+00:00 ContainerStream: 	at org.springframework.boot.loader.launch.Launcher.launch(Launcher.java:64) ~[app.jar:0.0.1-SNAPSHOT]
2026-08-26T11:48:17.9879964+00:00 ContainerStream: 	at org.springframework.boot.loader.launch.JarLauncher.main(JarLauncher.java:40) ~[app.jar:0.0.1-SNAPSHOT]
2026-08-26T11:48:17.9879984+00:00 ContainerStream: 
2026-08-26T11:48:18.3185165+00:00 ContainerStream: 2026-08-26T11:48:18.316Z ERROR 1 --- [           main] o.f.c.i.j.TransactionalExecutionTemplate : Unable to rollback transaction
2026-08-26T11:48:18.3185590+00:00 ContainerStream: 
2026-08-26T11:48:18.3185628+00:00 ContainerStream: java.sql.SQLException: Connection is closed
2026-08-26T11:48:18.3185658+00:00 ContainerStream: 	at com.zaxxer.hikari.pool.ProxyConnection$ClosedConnection.lambda$getClosedConnection$0(ProxyConnection.java:562) ~[HikariCP-6.3.3.jar!/:na]
2026-08-26T11:48:18.3185688+00:00 ContainerStream: 	at jdk.proxy3/jdk.proxy3.$Proxy119.rollback(Unknown Source) ~[na:na]
2026-08-26T11:48:18.3185718+00:00 ContainerStream: 	at com.zaxxer.hikari.pool.ProxyConnection.rollback(ProxyConnection.java:386) ~[HikariCP-6.3.3.jar!/:na]
2026-08-26T11:48:18.3185744+00:00 ContainerStream: 	at com.zaxxer.hikari.pool.HikariProxyConnection.rollback(HikariProxyConnection.java) ~[HikariCP-6.3.3.jar!/:na]
2026-08-26T11:48:18.3245821+00:00 ContainerStream: 	at org.flywaydb.core.internal.jdbc.TransactionalExecutionTemplate.execute(TransactionalExecutionTemplate.java:75) ~[flyway-core-11.7.2.jar!/:na]
2026-08-26T11:48:18.3245980+00:00 ContainerStream: 	at org.flywaydb.core.internal.command.DbMigrate.applyMigrations(DbMigrate.java:282) ~[flyway-core-11.7.2.jar!/:na]
2026-08-26T11:48:18.3246906+00:00 ContainerStream: 	at org.flywaydb.core.internal.command.DbMigrate.migrateGroup(DbMigrate.java:255) ~[flyway-core-11.7.2.jar!/:na]
2026-08-26T11:48:18.3249123+00:00 ContainerStream: 	at org.flywaydb.core.internal.command.DbMigrate.lambda$migrateAll$0(DbMigrate.java:153) ~[flyway-core-11.7.2.jar!/:na]
2026-08-26T11:48:18.3249201+00:00 ContainerStream: 	at org.flywaydb.database.postgresql.PostgreSQLAdvisoryLockTemplate.execute(PostgreSQLAdvisoryLockTemplate.java:77) ~[flyway-database-postgresql-11.7.2.jar!/:na]
2026-08-26T11:48:18.3249233+00:00 ContainerStream: 	at org.flywaydb.database.postgresql.PostgreSQLAdvisoryLockTemplate.lambda$execute$0(PostgreSQLAdvisoryLockTemplate.java:60) ~[flyway-database-postgresql-11.7.2.jar!/:na]
2026-08-26T11:48:18.3249265+00:00 ContainerStream: 	at org.flywaydb.core.internal.jdbc.TransactionalExecutionTemplate.execute(TransactionalExecutionTemplate.java:59) ~[flyway-core-11.7.2.jar!/:na]
2026-08-26T11:48:18.3249297+00:00 ContainerStream: 	at org.flywaydb.database.postgresql.PostgreSQLAdvisoryLockTemplate.execute(PostgreSQLAdvisoryLockTemplate.java:60) ~[flyway-database-postgresql-11.7.2.jar!/:na]
2026-08-26T11:48:18.3249326+00:00 ContainerStream: 	at org.flywaydb.database.postgresql.PostgreSQLConnection.lock(PostgreSQLConnection.java:105) ~[flyway-database-postgresql-11.7.2.jar!/:na]
2026-08-26T11:48:18.3249353+00:00 ContainerStream: 	at org.flywaydb.core.internal.schemahistory.JdbcTableSchemaHistory.lock(JdbcTableSchemaHistory.java:164) ~[flyway-core-11.7.2.jar!/:na]
2026-08-26T11:48:18.3249425+00:00 ContainerStream: 	at org.flywaydb.core.internal.command.DbMigrate.migrateAll(DbMigrate.java:153) ~[flyway-core-11.7.2.jar!/:na]
2026-08-26T11:48:18.3249454+00:00 ContainerStream: 	at org.flywaydb.core.internal.command.DbMigrate.migrate(DbMigrate.java:104) ~[flyway-core-11.7.2.jar!/:na]
2026-08-26T11:48:18.3249479+00:00 ContainerStream: 	at org.flywaydb.core.Flyway.lambda$migrate$1(Flyway.java:247) ~[flyway-core-11.7.2.jar!/:na]
2026-08-26T11:48:18.3249506+00:00 ContainerStream: 	at org.flywaydb.core.FlywayExecutor.execute(FlywayExecutor.java:210) ~[flyway-core-11.7.2.jar!/:na]
2026-08-26T11:48:18.3249531+00:00 ContainerStream: 	at org.flywaydb.core.Flyway.migrate(Flyway.java:188) ~[flyway-core-11.7.2.jar!/:na]
2026-08-26T11:48:18.3249562+00:00 ContainerStream: 	at org.springframework.boot.autoconfigure.flyway.FlywayMigrationInitializer.afterPropertiesSet(FlywayMigrationInitializer.java:66) ~[spring-boot-autoconfigure-3.5.13.jar!/:3.5.13]
2026-08-26T11:48:18.3249593+00:00 ContainerStream: 	at org.springframework.beans.factory.support.AbstractAutowireCapableBeanFactory.invokeInitMethods(AbstractAutowireCapableBeanFactory.java:1873) ~[spring-beans-6.2.17.jar!/:6.2.17]
2026-08-26T11:48:18.3249623+00:00 ContainerStream: 	at org.springframework.beans.factory.support.AbstractAutowireCapableBeanFactory.initializeBean(AbstractAutowireCapableBeanFactory.java:1822) ~[spring-beans-6.2.17.jar!/:6.2.17]
2026-08-26T11:48:18.3249654+00:00 ContainerStream: 	at org.springframework.beans.factory.support.AbstractAutowireCapableBeanFactory.doCreateBean(AbstractAutowireCapableBeanFactory.java:607) ~[spring-beans-6.2.17.jar!/:6.2.17]
2026-08-26T11:48:18.3249689+00:00 ContainerStream: 	at org.springframework.beans.factory.support.AbstractAutowireCapableBeanFactory.createBean(AbstractAutowireCapableBeanFactory.java:529) ~[spring-beans-6.2.17.jar!/:6.2.17]
2026-08-26T11:48:18.3249744+00:00 ContainerStream: 	at org.springframework.beans.factory.support.AbstractBeanFactory.lambda$doGetBean$0(AbstractBeanFactory.java:339) ~[spring-beans-6.2.17.jar!/:6.2.17]
2026-08-26T11:48:18.3249774+00:00 ContainerStream: 	at org.springframework.beans.factory.support.DefaultSingletonBeanRegistry.getSingleton(DefaultSingletonBeanRegistry.java:373) ~[spring-beans-6.2.17.jar!/:6.2.17]
2026-08-26T11:48:18.3249803+00:00 ContainerStream: 	at org.springframework.beans.factory.support.AbstractBeanFactory.doGetBean(AbstractBeanFactory.java:337) ~[spring-beans-6.2.17.jar!/:6.2.17]
2026-08-26T11:48:18.3249832+00:00 ContainerStream: 	at org.springframework.beans.factory.support.AbstractBeanFactory.getBean(AbstractBeanFactory.java:202) ~[spring-beans-6.2.17.jar!/:6.2.17]
2026-08-26T11:48:18.3250222+00:00 ContainerStream: 	at org.springframework.beans.factory.support.AbstractBeanFactory.doGetBean(AbstractBeanFactory.java:315) ~[spring-beans-6.2.17.jar!/:6.2.17]
2026-08-26T11:48:18.3250260+00:00 ContainerStream: 	at org.springframework.beans.factory.support.AbstractBeanFactory.getBean(AbstractBeanFactory.java:207) ~[spring-beans-6.2.17.jar!/:6.2.17]
2026-08-26T11:48:18.3250291+00:00 ContainerStream: 	at org.springframework.context.support.AbstractApplicationContext.finishBeanFactoryInitialization(AbstractApplicationContext.java:974) ~[spring-context-6.2.17.jar!/:6.2.17]
2026-08-26T11:48:18.3250322+00:00 ContainerStream: 	at org.springframework.context.support.AbstractApplicationContext.refresh(AbstractApplicationContext.java:628) ~[spring-context-6.2.17.jar!/:6.2.17]
2026-08-26T11:48:18.3250351+00:00 ContainerStream: 	at org.springframework.boot.web.servlet.context.ServletWebServerApplicationContext.refresh(ServletWebServerApplicationContext.java:146) ~[spring-boot-3.5.13.jar!/:3.5.13]
2026-08-26T11:48:18.3250379+00:00 ContainerStream: 	at org.springframework.boot.SpringApplication.refresh(SpringApplication.java:752) ~[spring-boot-3.5.13.jar!/:3.5.13]
2026-08-26T11:48:18.3250918+00:00 ContainerStream: 	at org.springframework.boot.SpringApplication.refreshContext(SpringApplication.java:439) ~[spring-boot-3.5.13.jar!/:3.5.13]
2026-08-26T11:48:18.3250985+00:00 ContainerStream: 	at org.springframework.boot.SpringApplication.run(SpringApplication.java:318) ~[spring-boot-3.5.13.jar!/:3.5.13]
2026-08-26T11:48:18.3251012+00:00 ContainerStream: 	at org.springframework.boot.SpringApplication.run(SpringApplication.java:1361) ~[spring-boot-3.5.13.jar!/:3.5.13]
2026-08-26T11:48:18.3251039+00:00 ContainerStream: 	at org.springframework.boot.SpringApplication.run(SpringApplication.java:1350) ~[spring-boot-3.5.13.jar!/:3.5.13]
2026-08-26T11:48:18.3251171+00:00 ContainerStream: 	at com.rvce.scas.ScasApplication.main(ScasApplication.java:20) ~[!/:0.0.1-SNAPSHOT]
2026-08-26T11:48:18.3251199+00:00 ContainerStream: 	at java.base/jdk.internal.reflect.NativeMethodAccessorImpl.invoke0(Native Method) ~[na:na]
2026-08-26T11:48:18.3251225+00:00 ContainerStream: 	at java.base/jdk.internal.reflect.NativeMethodAccessorImpl.invoke(Unknown Source) ~[na:na]
2026-08-26T11:48:18.3251252+00:00 ContainerStream: 	at java.base/jdk.internal.reflect.DelegatingMethodAccessorImpl.invoke(Unknown Source) ~[na:na]
2026-08-26T11:48:18.3251278+00:00 ContainerStream: 	at java.base/java.lang.reflect.Method.invoke(Unknown Source) ~[na:na]
2026-08-26T11:48:18.3251303+00:00 ContainerStream: 	at org.springframework.boot.loader.launch.Launcher.launch(Launcher.java:106) ~[app.jar:0.0.1-SNAPSHOT]
2026-08-26T11:48:18.3251329+00:00 ContainerStream: 	at org.springframework.boot.loader.launch.Launcher.launch(Launcher.java:64) ~[app.jar:0.0.1-SNAPSHOT]
2026-08-26T11:48:18.3251382+00:00 ContainerStream: 	at org.springframework.boot.loader.launch.JarLauncher.main(JarLauncher.java:40) ~[app.jar:0.0.1-SNAPSHOT]
2026-08-26T11:48:18.3251402+00:00 ContainerStream: 
2026-08-26T11:48:18.4433349+00:00 ContainerStream: 2026-08-26T11:48:18.338Z ERROR 1 --- [           main] o.f.c.i.j.TransactionalExecutionTemplate : Unable to restore autocommit to original value for connection
2026-08-26T11:48:18.4433572+00:00 ContainerStream: 
2026-08-26T11:48:18.4433605+00:00 ContainerStream: java.sql.SQLException: Connection is closed
2026-08-26T11:48:18.4433634+00:00 ContainerStream: 	at com.zaxxer.hikari.pool.ProxyConnection$ClosedConnection.lambda$getClosedConnection$0(ProxyConnection.java:562) ~[HikariCP-6.3.3.jar!/:na]
2026-08-26T11:48:18.4433659+00:00 ContainerStream: 	at jdk.proxy3/jdk.proxy3.$Proxy119.setAutoCommit(Unknown Source) ~[na:na]
2026-08-26T11:48:18.4433691+00:00 ContainerStream: 	at com.zaxxer.hikari.pool.ProxyConnection.setAutoCommit(ProxyConnection.java:412) ~[HikariCP-6.3.3.jar!/:na]
2026-08-26T11:48:18.4496386+00:00 ContainerStream: 	at com.zaxxer.hikari.pool.HikariProxyConnection.setAutoCommit(HikariProxyConnection.java) ~[HikariCP-6.3.3.jar!/:na]
2026-08-26T11:48:18.4498437+00:00 ContainerStream: 	at org.flywaydb.core.internal.jdbc.TransactionalExecutionTemplate.execute(TransactionalExecutionTemplate.java:90) ~[flyway-core-11.7.2.jar!/:na]
2026-08-26T11:48:18.4498510+00:00 ContainerStream: 	at org.flywaydb.core.internal.command.DbMigrate.applyMigrations(DbMigrate.java:282) ~[flyway-core-11.7.2.jar!/:na]
2026-08-26T11:48:18.4498584+00:00 ContainerStream: 	at org.flywaydb.core.internal.command.DbMigrate.migrateGroup(DbMigrate.java:255) ~[flyway-core-11.7.2.jar!/:na]
2026-08-26T11:48:18.4498617+00:00 ContainerStream: 	at org.flywaydb.core.internal.command.DbMigrate.lambda$migrateAll$0(DbMigrate.java:153) ~[flyway-core-11.7.2.jar!/:na]
2026-08-26T11:48:18.4498649+00:00 ContainerStream: 	at org.flywaydb.database.postgresql.PostgreSQLAdvisoryLockTemplate.execute(PostgreSQLAdvisoryLockTemplate.java:77) ~[flyway-database-postgresql-11.7.2.jar!/:na]
2026-08-26T11:48:18.4498680+00:00 ContainerStream: 	at org.flywaydb.database.postgresql.PostgreSQLAdvisoryLockTemplate.lambda$execute$0(PostgreSQLAdvisoryLockTemplate.java:60) ~[flyway-database-postgresql-11.7.2.jar!/:na]
2026-08-26T11:48:18.4498710+00:00 ContainerStream: 	at org.flywaydb.core.internal.jdbc.TransactionalExecutionTemplate.execute(TransactionalExecutionTemplate.java:59) ~[flyway-core-11.7.2.jar!/:na]
2026-08-26T11:48:18.4498739+00:00 ContainerStream: 	at org.flywaydb.database.postgresql.PostgreSQLAdvisoryLockTemplate.execute(PostgreSQLAdvisoryLockTemplate.java:60) ~[flyway-database-postgresql-11.7.2.jar!/:na]
2026-08-26T11:48:18.4498769+00:00 ContainerStream: 	at org.flywaydb.database.postgresql.PostgreSQLConnection.lock(PostgreSQLConnection.java:105) ~[flyway-database-postgresql-11.7.2.jar!/:na]
2026-08-26T11:48:18.4498800+00:00 ContainerStream: 	at org.flywaydb.core.internal.schemahistory.JdbcTableSchemaHistory.lock(JdbcTableSchemaHistory.java:164) ~[flyway-core-11.7.2.jar!/:na]
2026-08-26T11:48:18.4498826+00:00 ContainerStream: 	at org.flywaydb.core.internal.command.DbMigrate.migrateAll(DbMigrate.java:153) ~[flyway-core-11.7.2.jar!/:na]
2026-08-26T11:48:18.4498855+00:00 ContainerStream: 	at org.flywaydb.core.internal.command.DbMigrate.migrate(DbMigrate.java:104) ~[flyway-core-11.7.2.jar!/:na]
2026-08-26T11:48:18.4498902+00:00 ContainerStream: 	at org.flywaydb.core.Flyway.lambda$migrate$1(Flyway.java:247) ~[flyway-core-11.7.2.jar!/:na]
2026-08-26T11:48:18.4498929+00:00 ContainerStream: 	at org.flywaydb.core.FlywayExecutor.execute(FlywayExecutor.java:210) ~[flyway-core-11.7.2.jar!/:na]
2026-08-26T11:48:18.4498954+00:00 ContainerStream: 	at org.flywaydb.core.Flyway.migrate(Flyway.java:188) ~[flyway-core-11.7.2.jar!/:na]
2026-08-26T11:48:18.4498985+00:00 ContainerStream: 	at org.springframework.boot.autoconfigure.flyway.FlywayMigrationInitializer.afterPropertiesSet(FlywayMigrationInitializer.java:66) ~[spring-boot-autoconfigure-3.5.13.jar!/:3.5.13]
2026-08-26T11:48:18.4499016+00:00 ContainerStream: 	at org.springframework.beans.factory.support.AbstractAutowireCapableBeanFactory.invokeInitMethods(AbstractAutowireCapableBeanFactory.java:1873) ~[spring-beans-6.2.17.jar!/:6.2.17]
2026-08-26T11:48:18.4499048+00:00 ContainerStream: 	at org.springframework.beans.factory.support.AbstractAutowireCapableBeanFactory.initializeBean(AbstractAutowireCapableBeanFactory.java:1822) ~[spring-beans-6.2.17.jar!/:6.2.17]
2026-08-26T11:48:18.4499079+00:00 ContainerStream: 	at org.springframework.beans.factory.support.AbstractAutowireCapableBeanFactory.doCreateBean(AbstractAutowireCapableBeanFactory.java:607) ~[spring-beans-6.2.17.jar!/:6.2.17]
2026-08-26T11:48:18.4499110+00:00 ContainerStream: 	at org.springframework.beans.factory.support.AbstractAutowireCapableBeanFactory.createBean(AbstractAutowireCapableBeanFactory.java:529) ~[spring-beans-6.2.17.jar!/:6.2.17]
2026-08-26T11:48:18.4499140+00:00 ContainerStream: 	at org.springframework.beans.factory.support.AbstractBeanFactory.lambda$doGetBean$0(AbstractBeanFactory.java:339) ~[spring-beans-6.2.17.jar!/:6.2.17]
2026-08-26T11:48:18.4499169+00:00 ContainerStream: 	at org.springframework.beans.factory.support.DefaultSingletonBeanRegistry.getSingleton(DefaultSingletonBeanRegistry.java:373) ~[spring-beans-6.2.17.jar!/:6.2.17]
2026-08-26T11:48:18.4502231+00:00 ContainerStream: 	at org.springframework.beans.factory.support.AbstractBeanFactory.doGetBean(AbstractBeanFactory.java:337) ~[spring-beans-6.2.17.jar!/:6.2.17]
2026-08-26T11:48:18.4502322+00:00 ContainerStream: 	at org.springframework.beans.factory.support.AbstractBeanFactory.getBean(AbstractBeanFactory.java:202) ~[spring-beans-6.2.17.jar!/:6.2.17]
2026-08-26T11:48:18.4504587+00:00 ContainerStream: 	at org.springframework.beans.factory.support.AbstractBeanFactory.doGetBean(AbstractBeanFactory.java:315) ~[spring-beans-6.2.17.jar!/:6.2.17]
2026-08-26T11:48:18.4508314+00:00 ContainerStream: 	at org.springframework.beans.factory.support.AbstractBeanFactory.getBean(AbstractBeanFactory.java:207) ~[spring-beans-6.2.17.jar!/:6.2.17]
2026-08-26T11:48:18.4508373+00:00 ContainerStream: 	at org.springframework.context.support.AbstractApplicationContext.finishBeanFactoryInitialization(AbstractApplicationContext.java:974) ~[spring-context-6.2.17.jar!/:6.2.17]
2026-08-26T11:48:18.4508403+00:00 ContainerStream: 	at org.springframework.context.support.AbstractApplicationContext.refresh(AbstractApplicationContext.java:628) ~[spring-context-6.2.17.jar!/:6.2.17]
2026-08-26T11:48:18.4508435+00:00 ContainerStream: 	at org.springframework.boot.web.servlet.context.ServletWebServerApplicationContext.refresh(ServletWebServerApplicationContext.java:146) ~[spring-boot-3.5.13.jar!/:3.5.13]
2026-08-26T11:48:18.4508462+00:00 ContainerStream: 	at org.springframework.boot.SpringApplication.refresh(SpringApplication.java:752) ~[spring-boot-3.5.13.jar!/:3.5.13]
2026-08-26T11:48:18.4508489+00:00 ContainerStream: 	at org.springframework.boot.SpringApplication.refreshContext(SpringApplication.java:439) ~[spring-boot-3.5.13.jar!/:3.5.13]
2026-08-26T11:48:18.4508515+00:00 ContainerStream: 	at org.springframework.boot.SpringApplication.run(SpringApplication.java:318) ~[spring-boot-3.5.13.jar!/:3.5.13]
2026-08-26T11:48:18.4508585+00:00 ContainerStream: 	at org.springframework.boot.SpringApplication.run(SpringApplication.java:1361) ~[spring-boot-3.5.13.jar!/:3.5.13]
2026-08-26T11:48:18.4508615+00:00 ContainerStream: 	at org.springframework.boot.SpringApplication.run(SpringApplication.java:1350) ~[spring-boot-3.5.13.jar!/:3.5.13]
2026-08-26T11:48:18.4508641+00:00 ContainerStream: 	at com.rvce.scas.ScasApplication.main(ScasApplication.java:20) ~[!/:0.0.1-SNAPSHOT]
2026-08-26T11:48:18.4508667+00:00 ContainerStream: 	at java.base/jdk.internal.reflect.NativeMethodAccessorImpl.invoke0(Native Method) ~[na:na]
2026-08-26T11:48:18.4508693+00:00 ContainerStream: 	at java.base/jdk.internal.reflect.NativeMethodAccessorImpl.invoke(Unknown Source) ~[na:na]
2026-08-26T11:48:18.4508719+00:00 ContainerStream: 	at java.base/jdk.internal.reflect.DelegatingMethodAccessorImpl.invoke(Unknown Source) ~[na:na]
2026-08-26T11:48:18.4508743+00:00 ContainerStream: 	at java.base/java.lang.reflect.Method.invoke(Unknown Source) ~[na:na]
2026-08-26T11:48:18.4508768+00:00 ContainerStream: 	at org.springframework.boot.loader.launch.Launcher.launch(Launcher.java:106) ~[app.jar:0.0.1-SNAPSHOT]
2026-08-26T11:48:18.4508794+00:00 ContainerStream: 	at org.springframework.boot.loader.launch.Launcher.launch(Launcher.java:64) ~[app.jar:0.0.1-SNAPSHOT]
2026-08-26T11:48:18.4508822+00:00 ContainerStream: 	at org.springframework.boot.loader.launch.JarLauncher.main(JarLauncher.java:40) ~[app.jar:0.0.1-SNAPSHOT]
2026-08-26T11:48:18.4508842+00:00 ContainerStream: 
2026-08-26T11:48:18.5262737+00:00 ContainerStream: 2026-08-26T11:48:18.519Z ERROR 1 --- [           main] o.f.core.internal.command.DbMigrate      : Migration of schema "public" to version "1 - users roles" failed! Changes successfully rolled back.
2026-08-26T11:48:18.7282247+00:00 ContainerStream: 2026-08-26T11:48:18.723Z  WARN 1 --- [           main] ConfigServletWebServerApplicationContext : Exception encountered during context initialization - cancelling refresh attempt: org.springframework.beans.factory.BeanCreationException: Error creating bean with name 'entityManagerFactory' defined in class path resource [org/springframework/boot/autoconfigure/orm/jpa/HibernateJpaConfiguration.class]: Failed to initialize dependency 'flywayInitializer' of LoadTimeWeaverAware bean 'entityManagerFactory': Error creating bean with name 'flywayInitializer' defined in class path resource [org/springframework/boot/autoconfigure/flyway/FlywayAutoConfiguration$FlywayConfiguration.class]: Script V1__users_roles.sql failed
2026-08-26T11:48:18.7282480+00:00 ContainerStream: ---------------------------------
2026-08-26T11:48:18.7282508+00:00 ContainerStream: SQL State  : 0A000
2026-08-26T11:48:18.7282535+00:00 ContainerStream: Error Code : 0
2026-08-26T11:48:18.7282713+00:00 ContainerStream: Message    : ERROR: extension "citext" is not allow-listed for users in Azure Database for PostgreSQL
2026-08-26T11:48:18.7282755+00:00 ContainerStream:   Hint: to learn how to allow an extension or see the list of allowed extensions, please refer to https://go.microsoft.com/fwlink/?linkid=2301063
2026-08-26T11:48:18.7282791+00:00 ContainerStream: Location   : db/migration/V1__users_roles.sql (/app/nested:/app/app.jar/!BOOT-INF/classes/!/db/migration/V1__users_roles.sql)
2026-08-26T11:48:18.7282812+00:00 ContainerStream: Line       : 39
2026-08-26T11:48:18.7282838+00:00 ContainerStream: Statement  : Run Flyway with -X option to see the actual statement causing the problem
2026-08-26T11:48:18.7282938+00:00 ContainerStream: 
2026-08-26T11:48:18.7296047+00:00 ContainerStream: 2026-08-26T11:48:18.729Z  INFO 1 --- [           main] com.zaxxer.hikari.HikariDataSource       : HikariPool-1 - Shutdown initiated...
2026-08-26T11:48:20.1822821+00:00 ContainerStream: 2026-08-26T11:48:20.166Z  INFO 1 --- [           main] com.zaxxer.hikari.HikariDataSource       : HikariPool-1 - Shutdown completed.
2026-08-26T11:48:20.7672886+00:00 ContainerStream: 2026-08-26T11:48:20.765Z  INFO 1 --- [           main] o.apache.catalina.core.StandardService   : Stopping service [Tomcat]
2026-08-26T11:48:21.5077301+00:00 ContainerStream: 2026-08-26T11:48:21.469Z  INFO 1 --- [           main] .s.b.a.l.ConditionEvaluationReportLogger : 
2026-08-26T11:48:21.5079758+00:00 ContainerStream: 
2026-08-26T11:48:21.5079908+00:00 ContainerStream: Error starting ApplicationContext. To display the condition evaluation report re-run your application with 'debug' enabled.
2026-08-26T11:48:22.3206547+00:00 ContainerStream: 2026-08-26T11:48:22.293Z ERROR 1 --- [           main] o.s.boot.SpringApplication               : Application run failed
2026-08-26T11:48:22.3206930+00:00 ContainerStream: 
2026-08-26T11:48:22.3207075+00:00 ContainerStream: org.springframework.beans.factory.BeanCreationException: Error creating bean with name 'entityManagerFactory' defined in class path resource [org/springframework/boot/autoconfigure/orm/jpa/HibernateJpaConfiguration.class]: Failed to initialize dependency 'flywayInitializer' of LoadTimeWeaverAware bean 'entityManagerFactory': Error creating bean with name 'flywayInitializer' defined in class path resource [org/springframework/boot/autoconfigure/flyway/FlywayAutoConfiguration$FlywayConfiguration.class]: Script V1__users_roles.sql failed
2026-08-26T11:48:22.3207103+00:00 ContainerStream: ---------------------------------
2026-08-26T11:48:22.3207125+00:00 ContainerStream: SQL State  : 0A000
2026-08-26T11:48:22.3207147+00:00 ContainerStream: Error Code : 0
2026-08-26T11:48:22.3207174+00:00 ContainerStream: Message    : ERROR: extension "citext" is not allow-listed for users in Azure Database for PostgreSQL
2026-08-26T11:48:22.3207204+00:00 ContainerStream:   Hint: to learn how to allow an extension or see the list of allowed extensions, please refer to https://go.microsoft.com/fwlink/?linkid=2301063
2026-08-26T11:48:22.3207232+00:00 ContainerStream: Location   : db/migration/V1__users_roles.sql (/app/nested:/app/app.jar/!BOOT-INF/classes/!/db/migration/V1__users_roles.sql)
2026-08-26T11:48:22.3207252+00:00 ContainerStream: Line       : 39
2026-08-26T11:48:22.3207278+00:00 ContainerStream: Statement  : Run Flyway with -X option to see the actual statement causing the problem
2026-08-26T11:48:22.3207297+00:00 ContainerStream: 
2026-08-26T11:48:22.3207325+00:00 ContainerStream: 	at org.springframework.beans.factory.support.AbstractBeanFactory.doGetBean(AbstractBeanFactory.java:328) ~[spring-beans-6.2.17.jar!/:6.2.17]
2026-08-26T11:48:22.3207378+00:00 ContainerStream: 	at org.springframework.beans.factory.support.AbstractBeanFactory.getBean(AbstractBeanFactory.java:207) ~[spring-beans-6.2.17.jar!/:6.2.17]
2026-08-26T11:48:22.3207410+00:00 ContainerStream: 	at org.springframework.context.support.AbstractApplicationContext.finishBeanFactoryInitialization(AbstractApplicationContext.java:974) ~[spring-context-6.2.17.jar!/:6.2.17]
2026-08-26T11:48:22.3207440+00:00 ContainerStream: 	at org.springframework.context.support.AbstractApplicationContext.refresh(AbstractApplicationContext.java:628) ~[spring-context-6.2.17.jar!/:6.2.17]
2026-08-26T11:48:22.3207471+00:00 ContainerStream: 	at org.springframework.boot.web.servlet.context.ServletWebServerApplicationContext.refresh(ServletWebServerApplicationContext.java:146) ~[spring-boot-3.5.13.jar!/:3.5.13]
2026-08-26T11:48:22.3207498+00:00 ContainerStream: 	at org.springframework.boot.SpringApplication.refresh(SpringApplication.java:752) ~[spring-boot-3.5.13.jar!/:3.5.13]
2026-08-26T11:48:22.3207525+00:00 ContainerStream: 	at org.springframework.boot.SpringApplication.refreshContext(SpringApplication.java:439) ~[spring-boot-3.5.13.jar!/:3.5.13]
2026-08-26T11:48:22.3207552+00:00 ContainerStream: 	at org.springframework.boot.SpringApplication.run(SpringApplication.java:318) ~[spring-boot-3.5.13.jar!/:3.5.13]
2026-08-26T11:48:22.3207578+00:00 ContainerStream: 	at org.springframework.boot.SpringApplication.run(SpringApplication.java:1361) ~[spring-boot-3.5.13.jar!/:3.5.13]
2026-08-26T11:48:22.3207610+00:00 ContainerStream: 	at org.springframework.boot.SpringApplication.run(SpringApplication.java:1350) ~[spring-boot-3.5.13.jar!/:3.5.13]
2026-08-26T11:48:22.3207636+00:00 ContainerStream: 	at com.rvce.scas.ScasApplication.main(ScasApplication.java:20) ~[!/:0.0.1-SNAPSHOT]
2026-08-26T11:48:22.3207663+00:00 ContainerStream: 	at java.base/jdk.internal.reflect.NativeMethodAccessorImpl.invoke0(Native Method) ~[na:na]
2026-08-26T11:48:22.3207713+00:00 ContainerStream: 	at java.base/jdk.internal.reflect.NativeMethodAccessorImpl.invoke(Unknown Source) ~[na:na]
2026-08-26T11:48:22.3207739+00:00 ContainerStream: 	at java.base/jdk.internal.reflect.DelegatingMethodAccessorImpl.invoke(Unknown Source) ~[na:na]
2026-08-26T11:48:22.3207762+00:00 ContainerStream: 	at java.base/java.lang.reflect.Method.invoke(Unknown Source) ~[na:na]
2026-08-26T11:48:22.3207788+00:00 ContainerStream: 	at org.springframework.boot.loader.launch.Launcher.launch(Launcher.java:106) ~[app.jar:0.0.1-SNAPSHOT]
2026-08-26T11:48:22.3207814+00:00 ContainerStream: 	at org.springframework.boot.loader.launch.Launcher.launch(Launcher.java:64) ~[app.jar:0.0.1-SNAPSHOT]
2026-08-26T11:48:22.3207841+00:00 ContainerStream: 	at org.springframework.boot.loader.launch.JarLauncher.main(JarLauncher.java:40) ~[app.jar:0.0.1-SNAPSHOT]
2026-08-26T11:48:22.3207878+00:00 ContainerStream: Caused by: org.springframework.beans.factory.BeanCreationException: Error creating bean with name 'flywayInitializer' defined in class path resource [org/springframework/boot/autoconfigure/flyway/FlywayAutoConfiguration$FlywayConfiguration.class]: Script V1__users_roles.sql failed
2026-08-26T11:48:22.3207902+00:00 ContainerStream: ---------------------------------
2026-08-26T11:48:22.3207923+00:00 ContainerStream: SQL State  : 0A000
2026-08-26T11:48:22.3207943+00:00 ContainerStream: Error Code : 0
2026-08-26T11:48:22.3207970+00:00 ContainerStream: Message    : ERROR: extension "citext" is not allow-listed for users in Azure Database for PostgreSQL
2026-08-26T11:48:22.3208018+00:00 ContainerStream:   Hint: to learn how to allow an extension or see the list of allowed extensions, please refer to https://go.microsoft.com/fwlink/?linkid=2301063
2026-08-26T11:48:22.3208045+00:00 ContainerStream: Location   : db/migration/V1__users_roles.sql (/app/nested:/app/app.jar/!BOOT-INF/classes/!/db/migration/V1__users_roles.sql)
2026-08-26T11:48:22.3208068+00:00 ContainerStream: Line       : 39
2026-08-26T11:48:22.3208397+00:00 ContainerStream: Statement  : Run Flyway with -X option to see the actual statement causing the problem
2026-08-26T11:48:22.3208424+00:00 ContainerStream: 
2026-08-26T11:48:22.3208456+00:00 ContainerStream: 	at org.springframework.beans.factory.support.AbstractAutowireCapableBeanFactory.initializeBean(AbstractAutowireCapableBeanFactory.java:1826) ~[spring-beans-6.2.17.jar!/:6.2.17]
2026-08-26T11:48:22.3208486+00:00 ContainerStream: 	at org.springframework.beans.factory.support.AbstractAutowireCapableBeanFactory.doCreateBean(AbstractAutowireCapableBeanFactory.java:607) ~[spring-beans-6.2.17.jar!/:6.2.17]
2026-08-26T11:48:22.3208517+00:00 ContainerStream: 	at org.springframework.beans.factory.support.AbstractAutowireCapableBeanFactory.createBean(AbstractAutowireCapableBeanFactory.java:529) ~[spring-beans-6.2.17.jar!/:6.2.17]
2026-08-26T11:48:22.3208546+00:00 ContainerStream: 	at org.springframework.beans.factory.support.AbstractBeanFactory.lambda$doGetBean$0(AbstractBeanFactory.java:339) ~[spring-beans-6.2.17.jar!/:6.2.17]
2026-08-26T11:48:22.3208575+00:00 ContainerStream: 	at org.springframework.beans.factory.support.DefaultSingletonBeanRegistry.getSingleton(DefaultSingletonBeanRegistry.java:373) ~[spring-beans-6.2.17.jar!/:6.2.17]
2026-08-26T11:48:22.3208631+00:00 ContainerStream: 	at org.springframework.beans.factory.support.AbstractBeanFactory.doGetBean(AbstractBeanFactory.java:337) ~[spring-beans-6.2.17.jar!/:6.2.17]
2026-08-26T11:48:22.3208661+00:00 ContainerStream: 	at org.springframework.beans.factory.support.AbstractBeanFactory.getBean(AbstractBeanFactory.java:202) ~[spring-beans-6.2.17.jar!/:6.2.17]
2026-08-26T11:48:22.3208690+00:00 ContainerStream: 	at org.springframework.beans.factory.support.AbstractBeanFactory.doGetBean(AbstractBeanFactory.java:315) ~[spring-beans-6.2.17.jar!/:6.2.17]
2026-08-26T11:48:22.3208713+00:00 ContainerStream: 	... 17 common frames omitted
2026-08-26T11:48:22.3208739+00:00 ContainerStream: Caused by: org.flywaydb.core.internal.exception.FlywayMigrateException: Script V1__users_roles.sql failed
2026-08-26T11:48:22.3208761+00:00 ContainerStream: ---------------------------------
2026-08-26T11:48:22.3208782+00:00 ContainerStream: SQL State  : 0A000
2026-08-26T11:48:22.3208802+00:00 ContainerStream: Error Code : 0
2026-08-26T11:48:22.3208829+00:00 ContainerStream: Message    : ERROR: extension "citext" is not allow-listed for users in Azure Database for PostgreSQL
2026-08-26T11:48:22.3208857+00:00 ContainerStream:   Hint: to learn how to allow an extension or see the list of allowed extensions, please refer to https://go.microsoft.com/fwlink/?linkid=2301063
2026-08-26T11:48:22.3208885+00:00 ContainerStream: Location   : db/migration/V1__users_roles.sql (/app/nested:/app/app.jar/!BOOT-INF/classes/!/db/migration/V1__users_roles.sql)
2026-08-26T11:48:22.3208906+00:00 ContainerStream: Line       : 39
2026-08-26T11:48:22.3208959+00:00 ContainerStream: Statement  : Run Flyway with -X option to see the actual statement causing the problem
2026-08-26T11:48:22.3208979+00:00 ContainerStream: 
2026-08-26T11:48:22.3209006+00:00 ContainerStream: 	at org.flywaydb.core.internal.command.DbMigrate.doMigrateGroup(DbMigrate.java:399) ~[flyway-core-11.7.2.jar!/:na]
2026-08-26T11:48:22.3209033+00:00 ContainerStream: 	at org.flywaydb.core.internal.command.DbMigrate.lambda$applyMigrations$1(DbMigrate.java:283) ~[flyway-core-11.7.2.jar!/:na]
2026-08-26T11:48:22.3209063+00:00 ContainerStream: 	at org.flywaydb.core.internal.jdbc.TransactionalExecutionTemplate.execute(TransactionalExecutionTemplate.java:59) ~[flyway-core-11.7.2.jar!/:na]
2026-08-26T11:48:22.3209089+00:00 ContainerStream: 	at org.flywaydb.core.internal.command.DbMigrate.applyMigrations(DbMigrate.java:282) ~[flyway-core-11.7.2.jar!/:na]
2026-08-26T11:48:22.3209117+00:00 ContainerStream: 	at org.flywaydb.core.internal.command.DbMigrate.migrateGroup(DbMigrate.java:255) ~[flyway-core-11.7.2.jar!/:na]
2026-08-26T11:48:22.3209144+00:00 ContainerStream: 	at org.flywaydb.core.internal.command.DbMigrate.lambda$migrateAll$0(DbMigrate.java:153) ~[flyway-core-11.7.2.jar!/:na]
2026-08-26T11:48:22.3209174+00:00 ContainerStream: 	at org.flywaydb.database.postgresql.PostgreSQLAdvisoryLockTemplate.execute(PostgreSQLAdvisoryLockTemplate.java:77) ~[flyway-database-postgresql-11.7.2.jar!/:na]
2026-08-26T11:48:22.3209204+00:00 ContainerStream: 	at org.flywaydb.database.postgresql.PostgreSQLAdvisoryLockTemplate.lambda$execute$0(PostgreSQLAdvisoryLockTemplate.java:60) ~[flyway-database-postgresql-11.7.2.jar!/:na]
2026-08-26T11:48:22.3209232+00:00 ContainerStream: 	at org.flywaydb.core.internal.jdbc.TransactionalExecutionTemplate.execute(TransactionalExecutionTemplate.java:59) ~[flyway-core-11.7.2.jar!/:na]
2026-08-26T11:48:22.3209284+00:00 ContainerStream: 	at org.flywaydb.database.postgresql.PostgreSQLAdvisoryLockTemplate.execute(PostgreSQLAdvisoryLockTemplate.java:60) ~[flyway-database-postgresql-11.7.2.jar!/:na]
2026-08-26T11:48:22.3209314+00:00 ContainerStream: 	at org.flywaydb.database.postgresql.PostgreSQLConnection.lock(PostgreSQLConnection.java:105) ~[flyway-database-postgresql-11.7.2.jar!/:na]
2026-08-26T11:48:22.3209342+00:00 ContainerStream: 	at org.flywaydb.core.internal.schemahistory.JdbcTableSchemaHistory.lock(JdbcTableSchemaHistory.java:164) ~[flyway-core-11.7.2.jar!/:na]
2026-08-26T11:48:22.3209370+00:00 ContainerStream: 	at org.flywaydb.core.internal.command.DbMigrate.migrateAll(DbMigrate.java:153) ~[flyway-core-11.7.2.jar!/:na]
2026-08-26T11:48:22.3209400+00:00 ContainerStream: 	at org.flywaydb.core.internal.command.DbMigrate.migrate(DbMigrate.java:104) ~[flyway-core-11.7.2.jar!/:na]
2026-08-26T11:48:22.3209426+00:00 ContainerStream: 	at org.flywaydb.core.Flyway.lambda$migrate$1(Flyway.java:247) ~[flyway-core-11.7.2.jar!/:na]
2026-08-26T11:48:22.3209452+00:00 ContainerStream: 	at org.flywaydb.core.FlywayExecutor.execute(FlywayExecutor.java:210) ~[flyway-core-11.7.2.jar!/:na]
2026-08-26T11:48:22.3209527+00:00 ContainerStream: 	at org.flywaydb.core.Flyway.migrate(Flyway.java:188) ~[flyway-core-11.7.2.jar!/:na]
2026-08-26T11:48:22.3209562+00:00 ContainerStream: 	at org.springframework.boot.autoconfigure.flyway.FlywayMigrationInitializer.afterPropertiesSet(FlywayMigrationInitializer.java:66) ~[spring-boot-autoconfigure-3.5.13.jar!/:3.5.13]
2026-08-26T11:48:22.3209594+00:00 ContainerStream: 	at org.springframework.beans.factory.support.AbstractAutowireCapableBeanFactory.invokeInitMethods(AbstractAutowireCapableBeanFactory.java:1873) ~[spring-beans-6.2.17.jar!/:6.2.17]
2026-08-26T11:48:22.3209648+00:00 ContainerStream: 	at org.springframework.beans.factory.support.AbstractAutowireCapableBeanFactory.initializeBean(AbstractAutowireCapableBeanFactory.java:1822) ~[spring-beans-6.2.17.jar!/:6.2.17]
2026-08-26T11:48:22.3209670+00:00 ContainerStream: 	... 24 common frames omitted
2026-08-26T11:48:22.3209697+00:00 ContainerStream: Caused by: org.flywaydb.core.internal.sqlscript.FlywaySqlScriptException: Script V1__users_roles.sql failed
2026-08-26T11:48:22.3209719+00:00 ContainerStream: ---------------------------------
2026-08-26T11:48:22.3209739+00:00 ContainerStream: SQL State  : 0A000
2026-08-26T11:48:22.3209759+00:00 ContainerStream: Error Code : 0
2026-08-26T11:48:22.3209785+00:00 ContainerStream: Message    : ERROR: extension "citext" is not allow-listed for users in Azure Database for PostgreSQL
2026-08-26T11:48:22.3209818+00:00 ContainerStream:   Hint: to learn how to allow an extension or see the list of allowed extensions, please refer to https://go.microsoft.com/fwlink/?linkid=2301063
2026-08-26T11:48:22.3209845+00:00 ContainerStream: Location   : db/migration/V1__users_roles.sql (/app/nested:/app/app.jar/!BOOT-INF/classes/!/db/migration/V1__users_roles.sql)
2026-08-26T11:48:22.3209866+00:00 ContainerStream: Line       : 39
2026-08-26T11:48:22.3209892+00:00 ContainerStream: Statement  : Run Flyway with -X option to see the actual statement causing the problem
2026-08-26T11:48:22.3209911+00:00 ContainerStream: 
2026-08-26T11:48:22.3209961+00:00 ContainerStream: 	at org.flywaydb.core.internal.sqlscript.DefaultSqlScriptExecutor.handleException(DefaultSqlScriptExecutor.java:256) ~[flyway-core-11.7.2.jar!/:na]
2026-08-26T11:48:22.3209991+00:00 ContainerStream: 	at org.flywaydb.core.internal.sqlscript.DefaultSqlScriptExecutor.executeStatement(DefaultSqlScriptExecutor.java:217) ~[flyway-core-11.7.2.jar!/:na]
2026-08-26T11:48:22.3210019+00:00 ContainerStream: 	at org.flywaydb.core.internal.sqlscript.DefaultSqlScriptExecutor.execute(DefaultSqlScriptExecutor.java:137) ~[flyway-core-11.7.2.jar!/:na]
2026-08-26T11:48:22.3210048+00:00 ContainerStream: 	at org.flywaydb.core.internal.resolver.sql.SqlMigrationExecutor.executeOnce(SqlMigrationExecutor.java:75) ~[flyway-core-11.7.2.jar!/:na]
2026-08-26T11:48:22.3210076+00:00 ContainerStream: 	at org.flywaydb.core.internal.resolver.sql.SqlMigrationExecutor.lambda$execute$0(SqlMigrationExecutor.java:66) ~[flyway-core-11.7.2.jar!/:na]
2026-08-26T11:48:22.3210105+00:00 ContainerStream: 	at org.flywaydb.core.internal.database.DefaultExecutionStrategy.execute(DefaultExecutionStrategy.java:31) ~[flyway-core-11.7.2.jar!/:na]
2026-08-26T11:48:22.3210134+00:00 ContainerStream: 	at org.flywaydb.core.internal.resolver.sql.SqlMigrationExecutor.execute(SqlMigrationExecutor.java:65) ~[flyway-core-11.7.2.jar!/:na]
2026-08-26T11:48:22.3210160+00:00 ContainerStream: 	at org.flywaydb.core.internal.command.DbMigrate.doMigrateGroup(DbMigrate.java:391) ~[flyway-core-11.7.2.jar!/:na]
2026-08-26T11:48:22.3210181+00:00 ContainerStream: 	... 43 common frames omitted
2026-08-26T11:48:22.3210209+00:00 ContainerStream: Caused by: org.postgresql.util.PSQLException: ERROR: extension "citext" is not allow-listed for users in Azure Database for PostgreSQL
2026-08-26T11:48:22.3210237+00:00 ContainerStream:   Hint: to learn how to allow an extension or see the list of allowed extensions, please refer to https://go.microsoft.com/fwlink/?linkid=2301063
2026-08-26T11:48:22.3210293+00:00 ContainerStream: 	at org.postgresql.core.v3.QueryExecutorImpl.receiveErrorResponse(QueryExecutorImpl.java:2875) ~[postgresql-42.7.10.jar!/:42.7.10]
2026-08-26T11:48:22.3210321+00:00 ContainerStream: 	at org.postgresql.core.v3.QueryExecutorImpl.processResults(QueryExecutorImpl.java:2560) ~[postgresql-42.7.10.jar!/:42.7.10]
2026-08-26T11:48:22.3210348+00:00 ContainerStream: 	at org.postgresql.core.v3.QueryExecutorImpl.execute(QueryExecutorImpl.java:429) ~[postgresql-42.7.10.jar!/:42.7.10]
2026-08-26T11:48:22.3210375+00:00 ContainerStream: 	at org.postgresql.jdbc.PgStatement.executeInternal(PgStatement.java:526) ~[postgresql-42.7.10.jar!/:42.7.10]
2026-08-26T11:48:22.3210400+00:00 ContainerStream: 	at org.postgresql.jdbc.PgStatement.execute(PgStatement.java:436) ~[postgresql-42.7.10.jar!/:42.7.10]
2026-08-26T11:48:22.3210427+00:00 ContainerStream: 	at org.postgresql.jdbc.PgStatement.executeWithFlags(PgStatement.java:358) ~[postgresql-42.7.10.jar!/:42.7.10]
2026-08-26T11:48:22.3210453+00:00 ContainerStream: 	at org.postgresql.jdbc.PgStatement.executeCachedSql(PgStatement.java:343) ~[postgresql-42.7.10.jar!/:42.7.10]
2026-08-26T11:48:22.3210479+00:00 ContainerStream: 	at org.postgresql.jdbc.PgStatement.executeWithFlags(PgStatement.java:319) ~[postgresql-42.7.10.jar!/:42.7.10]
2026-08-26T11:48:22.3210507+00:00 ContainerStream: 	at org.postgresql.jdbc.PgStatement.execute(PgStatement.java:314) ~[postgresql-42.7.10.jar!/:42.7.10]
2026-08-26T11:48:22.3210533+00:00 ContainerStream: 	at com.zaxxer.hikari.pool.ProxyStatement.execute(ProxyStatement.java:95) ~[HikariCP-6.3.3.jar!/:na]
2026-08-26T11:48:22.3210586+00:00 ContainerStream: 	at com.zaxxer.hikari.pool.HikariProxyStatement.execute(HikariProxyStatement.java) ~[HikariCP-6.3.3.jar!/:na]
2026-08-26T11:48:22.3210615+00:00 ContainerStream: 	at org.flywaydb.core.internal.jdbc.JdbcTemplate.executeStatement(JdbcTemplate.java:215) ~[flyway-core-11.7.2.jar!/:na]
2026-08-26T11:48:22.3210683+00:00 ContainerStream: 	at org.flywaydb.core.internal.sqlscript.ParsedSqlStatement.execute(ParsedSqlStatement.java:88) ~[flyway-core-11.7.2.jar!/:na]
2026-08-26T11:48:22.3210715+00:00 ContainerStream: 	at org.flywaydb.core.internal.sqlscript.DefaultSqlScriptExecutor.executeStatement(DefaultSqlScriptExecutor.java:212) ~[flyway-core-11.7.2.jar!/:na]
2026-08-26T11:48:22.3210737+00:00 ContainerStream: 	... 49 common frames omitted
2026-08-26T11:48:22.3210755+00:00 ContainerStream: 
2026-08-26T11:48:23.2064625+00:00 ContainerStatus: Container has finished running with exit code: 1.
2026-08-26T11:48:23.2067284+00:00 ContainerStatus: Container is terminating. Grace period: 5 seconds.
2026-08-26T11:48:23.2426468+00:00 ContainerStatus: Stop and delete container. Retry count = 0
2026-08-26T11:48:23.2434909+00:00 ContainerStatus: Stopping container: 12e0d51101d2_scas-backend-2026-rvce.
2026-08-26T11:48:23.5697318+00:00 ContainerStatus: Deleting container: 12e0d51101d2_scas-backend-2026-rvce. Retry count = 0
2026-08-26T11:48:24.0849656+00:00 ContainerStatus: Container spec TerminationMessagePolicy  path 
2026-08-26T11:48:24.0950859+00:00 ContainerStatus: Container is terminated. Total time elapsed: 886 ms.
2026-08-26T11:48:24.0967010+00:00 ContainerStatus: Site container: scas-backend-2026-rvce terminated during site startup.
2026-08-26T11:48:24.1040527+00:00 ContainerStatus: State: Stopping, Action: CancellingStartup, LastError: ContainerStartupFailure, LastErrorTimestamp: 08/26/2026 11:44:28, LastErrorDetails: Container exited with exit code 1 during startup after 107.6s. Please inspect your container logs for more details., Details: Site container: scas-backend-2026-rvce terminated during site startup. Cancelling site startup., DetailsLevel: ERR
2026-08-26T11:48:24.3134844+00:00 ContainerStatus: Site startup probe failed after 144.433723 seconds.
2026-08-26T11:48:24.7605024+00:00 ContainerStatus: State: Stopping, Action: CancellingStartup, LastError: ContainerStartupFailure, LastErrorTimestamp: 08/26/2026 11:48:24, LastErrorDetails: Container exited with exit code 1 during startup after 144.5s. Please inspect your container logs for more details., Details: Site container: scas-backend-2026-rvce terminated during site startup. Cancelling site startup., DetailsLevel: ERR
2026-08-26T11:48:24.8196992+00:00 ContainerStatus: Failed to start site. Revert by stopping site.
2026-08-26T11:48:24.8962617+00:00 ContainerStatus: State: Stopping, Action: StoppingSite, LastError: ContainerStartupFailure, LastErrorTimestamp: 08/26/2026 11:48:24, LastErrorDetails: Container exited with exit code 1 during startup after 144.5s. Please inspect your container logs for more details., Details: Site container: scas-backend-2026-rvce terminated during site startup. Cancelling site startup., DetailsLevel: ERR
2026-08-26T11:48:24.9272819+00:00 ContainerStatus: State: Stopping, Action: StoppingSiteContainers, LastError: ContainerStartupFailure, LastErrorTimestamp: 08/26/2026 11:48:24, LastErrorDetails: Container exited with exit code 1 during startup after 144.5s. Please inspect your container logs for more details., Details: Site container: scas-backend-2026-rvce terminated during site startup. Cancelling site startup., DetailsLevel: ERR
2026-08-26T11:48:25.8462382+00:00 ContainerStatus: Site container: scas-backend-2026-rvce_managedIdentity terminated during site startup.
2026-08-26T11:48:25.8553977+00:00 ContainerStatus: State: Stopping, Action: StoppingSiteContainers, LastError: ContainerStartupFailure, LastErrorTimestamp: 08/26/2026 11:48:24, LastErrorDetails: Container exited with exit code 1 during startup after 144.5s. Please inspect your container logs for more details., Details: Site container: scas-backend-2026-rvce terminated during site startup. Cancelling site startup., DetailsLevel: ERR
2026-08-26T11:48:25.8643438+00:00 ContainerStatus: Site: scas-backend-2026-rvce stopped.
========== New Cold Start Attempt (2026-08-26T11:48:25.8852177+00:00) ==========
2026-08-26T11:48:25.8852177+00:00 ContainerStatus: State: Stopping, Action: UnmountingVolumes, LastError: ContainerStartupFailure, LastErrorTimestamp: 08/26/2026 11:48:24, LastErrorDetails: Container exited with exit code 1 during startup after 144.5s. Please inspect your container logs for more details., Details: Site container: scas-backend-2026-rvce terminated during site startup. Cancelling site startup., DetailsLevel: ERR
2026-08-26T11:48:26.4249450+00:00 ContainerStatus: State: Stopping, Action: StoppingSiteNetworks, LastError: ContainerStartupFailure, LastErrorTimestamp: 08/26/2026 11:48:24, LastErrorDetails: Container exited with exit code 1 during startup after 144.5s. Please inspect your container logs for more details., Details: Site container: scas-backend-2026-rvce terminated during site startup. Cancelling site startup., DetailsLevel: ERR
2026-08-26T11:48:27.2356338+00:00 ContainerStatus: Site: scas-backend-2026-rvce will be blocked for 1 minutes till 08/26/2026 11:49:27
2026-08-26T11:48:27.2369910+00:00 ContainerStatus: State: Blocked, Action: StoppingSiteNetworks, LastError: ContainerStartupFailure, LastErrorTimestamp: 08/26/2026 11:48:24, LastErrorDetails: Container exited with exit code 1 during startup after 144.5s. Please inspect your container logs for more details., Details: Site: scas-backend-2026-rvce will be blocked for 1 minutes till 08/26/2026 11:49:27, DetailsLevel: WARN
2026-08-26T11:48:27.2373609+00:00 ContainerStatus: State: Stopped, Action: None, LastError: ContainerStartupFailure, LastErrorTimestamp: 08/26/2026 11:48:24, LastErrorDetails: Container exited with exit code 1 during startup after 144.5s. Please inspect your container logs for more details., Details: Site stopped at 08/26/2026 11:48:27 (UTC), DetailsLevel: WARN
2026-08-26T11:48:28.2151997+00:00 ContainerStatus: State: Stopped, Action: None, LastError: ContainerStartupFailure, LastErrorTimestamp: 08/26/2026 11:48:24, LastErrorDetails: Container exited with exit code 1 during startup after 144.5s. Please inspect your container logs for more details., Details: Site stopped at 08/26/2026 11:48:27 (UTC), DetailsLevel: WARN
2026-08-26T11:48:33.8172758+00:00 ContainerStatus: State: Blocked, Action: None, LastError: ContainerStartupFailure, LastErrorTimestamp: 08/26/2026 11:48:24, LastErrorDetails: Container exited with exit code 1 during startup after 144.5s. Please inspect your container logs for more details., Details: Site is blocked due to multiple, consecutive cold start failures. Site scheduled to be unblocked at 08/26/2026 11:49:27, DetailsLevel: WARN
2026-08-26T11:48:33.8173374+00:00 ContainerStatus: Start site prohibitted because the site is being blocked.
2026-08-26T11:48:39.2262740+00:00 ContainerStatus: State: Blocked, Action: None, LastError: ContainerStartupFailure, LastErrorTimestamp: 08/26/2026 11:48:24, LastErrorDetails: Container exited with exit code 1 during startup after 144.5s. Please inspect your container logs for more details., Details: Site is blocked due to multiple, consecutive cold start failures. Site scheduled to be unblocked at 08/26/2026 11:49:27, DetailsLevel: WARN
2026-08-26T11:48:39.2263857+00:00 ContainerStatus: Start site prohibitted because the site is being blocked.
2026-08-26T11:48:44.6904038+00:00 ContainerStatus: State: Blocked, Action: None, LastError: ContainerStartupFailure, LastErrorTimestamp: 08/26/2026 11:48:24, LastErrorDetails: Container exited with exit code 1 during startup after 144.5s. Please inspect your container logs for more details., Details: Site is blocked due to multiple, consecutive cold start failures. Site scheduled to be unblocked at 08/26/2026 11:49:27, DetailsLevel: WARN
2026-08-26T11:48:44.6904992+00:00 ContainerStatus: Start site prohibitted because the site is being blocked.
2026-08-26T11:48:49.9948791+00:00 ContainerStatus: State: Blocked, Action: None, LastError: ContainerStartupFailure, LastErrorTimestamp: 08/26/2026 11:48:24, LastErrorDetails: Container exited with exit code 1 during startup after 144.5s. Please inspect your container logs for more details., Details: Site is blocked due to multiple, consecutive cold start failures. Site scheduled to be unblocked at 08/26/2026 11:49:27, DetailsLevel: WARN
2026-08-26T11:48:49.9950059+00:00 ContainerStatus: Start site prohibitted because the site is being blocked.
2026-08-26T11:48:55.2512979+00:00 ContainerStatus: State: Blocked, Action: None, LastError: ContainerStartupFailure, LastErrorTimestamp: 08/26/2026 11:48:24, LastErrorDetails: Container exited with exit code 1 during startup after 144.5s. Please inspect your container logs for more details., Details: Site is blocked due to multiple, consecutive cold start failures. Site scheduled to be unblocked at 08/26/2026 11:49:27, DetailsLevel: WARN
2026-08-26T11:48:55.2513819+00:00 ContainerStatus: Start site prohibitted because the site is being blocked.
2026-08-26T11:49:00.5524001+00:00 ContainerStatus: State: Blocked, Action: None, LastError: ContainerStartupFailure, LastErrorTimestamp: 08/26/2026 11:48:24, LastErrorDetails: Container exited with exit code 1 during startup after 144.5s. Please inspect your container logs for more details., Details: Site is blocked due to multiple, consecutive cold start failures. Site scheduled to be unblocked at 08/26/2026 11:49:27, DetailsLevel: WARN
2026-08-26T11:49:00.5525169+00:00 ContainerStatus: Start site prohibitted because the site is being blocked.
2026-08-26T11:49:27.2438476+00:00 ContainerStatus: Site: scas-backend-2026-rvce is unblocked.
2026-08-26T12:24:28.3024104+00:00 ContainerStatus: State: Starting, Action: EstablishingSiteNetworks, LastError: ContainerStartupFailure, LastErrorTimestamp: 08/26/2026 11:48:24, LastErrorDetails: Container exited with exit code 1 during startup after 144.5s. Please inspect your container logs for more details., Details: Site is blocked due to multiple, consecutive cold start failures. Site scheduled to be unblocked at 08/26/2026 11:49:27, DetailsLevel: WARN
2026-08-26T12:24:31.0319337+00:00 ContainerStatus: State: Starting, Action: StartingMsiContainer, LastError: ContainerStartupFailure, LastErrorTimestamp: 08/26/2026 11:48:24, LastErrorDetails: Container exited with exit code 1 during startup after 144.5s. Please inspect your container logs for more details., Details: Site is blocked due to multiple, consecutive cold start failures. Site scheduled to be unblocked at 08/26/2026 11:49:27, DetailsLevel: WARN
2026-08-26T12:24:45.8794483+00:00 ContainerStatus: State: Starting, Action: StartingSiteContainers, LastError: ContainerStartupFailure, LastErrorTimestamp: 08/26/2026 11:48:24, LastErrorDetails: Container exited with exit code 1 during startup after 144.5s. Please inspect your container logs for more details., Details: Site is blocked due to multiple, consecutive cold start failures. Site scheduled to be unblocked at 08/26/2026 11:49:27, DetailsLevel: WARN
2026-08-26T12:24:45.8882736+00:00 ContainerStatus: Container start method called.
2026-08-26T12:24:45.8893017+00:00 ContainerStatus: State: Starting, Action: PullingImage, LastError: ContainerStartupFailure, LastErrorTimestamp: 08/26/2026 11:48:24, LastErrorDetails: Container exited with exit code 1 during startup after 144.5s. Please inspect your container logs for more details., Details: Pulling image scasacr2026rvce.azurecr.io/scas-backend:demo-544b4de for scas-backend-2026-rvce., DetailsLevel: INFO
2026-08-26T12:24:45.8899507+00:00 ContainerStatus: Establishing network.
2026-08-26T12:24:45.8981162+00:00 ContainerStatus: Pulling image: scasacr2026rvce.azurecr.io/scas-backend:demo-544b4de.
2026-08-26T12:24:49.8204115+00:00 ContainerStatus: Container is starting.
2026-08-26T12:24:49.8208665+00:00 ContainerStatus: State: Starting, Action: MountingVolumes, LastError: ContainerStartupFailure, LastErrorTimestamp: 08/26/2026 11:48:24, LastErrorDetails: Container exited with exit code 1 during startup after 144.5s. Please inspect your container logs for more details., Details: Mounting volumes for scas-backend-2026-rvce., DetailsLevel: INFO
2026-08-26T12:24:49.8209445+00:00 ContainerStatus: Establishing user namespace if not established already.
2026-08-26T12:24:49.8210132+00:00 ContainerStatus: Establishing network if not established already.
2026-08-26T12:24:49.8210852+00:00 ContainerStatus: Mounting volumes.
2026-08-26T12:24:49.8211972+00:00 ContainerStatus: Nested mountpoint volatile/logs
2026-08-26T12:24:49.8867191+00:00 ContainerStatus: Nested mountpoint 
2026-08-26T12:24:49.9115746+00:00 ContainerStatus: Nested mountpoint 
2026-08-26T12:24:50.1034501+00:00 ContainerStatus: State: Starting, Action: CreatingContainer, LastError: ContainerStartupFailure, LastErrorTimestamp: 08/26/2026 11:48:24, LastErrorDetails: Container exited with exit code 1 during startup after 144.5s. Please inspect your container logs for more details., Details: Finished pulling container image and mounting volumes for scas-backend-2026-rvce. Allocatinng the rest of the container resources to finish container creation., DetailsLevel: INFO
2026-08-26T12:24:50.1289548+00:00 ContainerStatus: Creating container.
2026-08-26T12:24:50.1290984+00:00 ContainerStatus: Creating pipes for streaming container io.
2026-08-26T12:24:50.1293000+00:00 ContainerStatus: Creating stdout named pipe at /podr/container/pipe/d4d4512e06b9_scas-backend-2026-rvce/stdout_edd5f276a85f495c918c7f029cc5b0b0.
2026-08-26T12:24:50.1299224+00:00 ContainerStatus: Successfully created stdout named pipe at: /podr/container/pipe/d4d4512e06b9_scas-backend-2026-rvce/stdout_edd5f276a85f495c918c7f029cc5b0b0.
2026-08-26T12:24:50.1301857+00:00 ContainerStatus: Opening named pipe /podr/container/pipe/d4d4512e06b9_scas-backend-2026-rvce/stdout_edd5f276a85f495c918c7f029cc5b0b0 for reading in non-blocking mode.
2026-08-26T12:24:50.1490965+00:00 ContainerStatus: Successfully opened named pipe: /podr/container/pipe/d4d4512e06b9_scas-backend-2026-rvce/stdout_edd5f276a85f495c918c7f029cc5b0b0.
2026-08-26T12:24:50.1492913+00:00 ContainerStatus: Successfully removed non-blocking flag from /podr/container/pipe/d4d4512e06b9_scas-backend-2026-rvce/stdout_edd5f276a85f495c918c7f029cc5b0b0.
2026-08-26T12:24:50.1494211+00:00 ContainerStatus: Creating stderr named pipe at /podr/container/pipe/d4d4512e06b9_scas-backend-2026-rvce/stderr_4897ae2e6ccd4f5697f18a7cf44ddb6a.
2026-08-26T12:24:50.1495715+00:00 ContainerStatus: Successfully created stderr named pipe at: /podr/container/pipe/d4d4512e06b9_scas-backend-2026-rvce/stderr_4897ae2e6ccd4f5697f18a7cf44ddb6a.
2026-08-26T12:24:50.1496429+00:00 ContainerStatus: Opening named pipe /podr/container/pipe/d4d4512e06b9_scas-backend-2026-rvce/stderr_4897ae2e6ccd4f5697f18a7cf44ddb6a for reading in non-blocking mode.
2026-08-26T12:24:50.1497565+00:00 ContainerStatus: Successfully opened named pipe: /podr/container/pipe/d4d4512e06b9_scas-backend-2026-rvce/stderr_4897ae2e6ccd4f5697f18a7cf44ddb6a.
2026-08-26T12:24:50.1498060+00:00 ContainerStatus: Successfully removed non-blocking flag from /podr/container/pipe/d4d4512e06b9_scas-backend-2026-rvce/stderr_4897ae2e6ccd4f5697f18a7cf44ddb6a.
2026-08-26T12:24:50.1498985+00:00 ContainerStatus: Creating container with image: scasacr2026rvce.azurecr.io/scas-backend:demo-544b4de from registry: scasacr2026rvce.azurecr.io and fully qualified image name: scasacr2026rvce.azurecr.io/scas-backend:demo-544b4de
2026-08-26T12:24:51.2476616+00:00 ContainerStatus: Starting container: d4d4512e06b9_scas-backend-2026-rvce.
2026-08-26T12:24:51.3769130+00:00 ContainerStatus: Starting watchers and probes.
2026-08-26T12:24:51.3776457+00:00 ContainerStatus: Starting metrics collection.
2026-08-26T12:24:51.3781903+00:00 ContainerStatus: Container is running.
2026-08-26T12:24:51.3788839+00:00 ContainerStatus: State: Starting, Action: CreatingContainer, LastError: ContainerStartupFailure, LastErrorTimestamp: 08/26/2026 11:48:24, LastErrorDetails: Container exited with exit code 1 during startup after 144.5s. Please inspect your container logs for more details., Details: Container scas-backend-2026-rvce successfully created and is running., DetailsLevel: INFO
2026-08-26T12:24:51.4937041+00:00 ContainerStatus: Container start method finished after 5605 ms.
2026-08-26T12:24:51.4942689+00:00 ContainerStatus: State: Starting, Action: InitiatingSiteWarmUpProbe, LastError: ContainerStartupFailure, LastErrorTimestamp: 08/26/2026 11:48:24, LastErrorDetails: Container exited with exit code 1 during startup after 144.5s. Please inspect your container logs for more details., Details: Container scas-backend-2026-rvce successfully created and is running., DetailsLevel: INFO
2026-08-26T12:24:51.4943775+00:00 ContainerStatus: State: Starting, Action: WaitingForSiteWarmUpProbeSuccess, LastError: ContainerStartupFailure, LastErrorTimestamp: 08/26/2026 11:48:24, LastErrorDetails: Container exited with exit code 1 during startup after 144.5s. Please inspect your container logs for more details., Details: Pinging warmup path to ensure container is ready to receive requests., DetailsLevel: INFO
2026-08-26T12:25:06.1188455+00:00 ContainerStream: 
2026-08-26T12:25:06.1242540+00:00 ContainerStream:   .   ____          _            __ _ _
2026-08-26T12:25:06.1242677+00:00 ContainerStream:  /\\ / ___'_ __ _ _(_)_ __  __ _ \ \ \ \
2026-08-26T12:25:06.1242711+00:00 ContainerStream: ( ( )\___ | '_ | '_| | '_ \/ _` | \ \ \ \
2026-08-26T12:25:06.1242742+00:00 ContainerStream:  \\/  ___)| |_)| | | | | || (_| |  ) ) ) )
2026-08-26T12:25:06.1242764+00:00 ContainerStream:   '  |____| .__|_| |_|_| |_\__, | / / / /
2026-08-26T12:25:06.1242786+00:00 ContainerStream:  =========|_|==============|___/=/_/_/_/
2026-08-26T12:25:06.1242805+00:00 ContainerStream: 
2026-08-26T12:25:06.1242829+00:00 ContainerStream:  :: Spring Boot ::               (v3.5.13)
2026-08-26T12:25:06.1242847+00:00 ContainerStream: 
2026-08-26T12:25:07.3366354+00:00 ContainerStream: 2026-08-26T12:25:07.316Z  INFO 1 --- [           main] com.rvce.scas.ScasApplication            : Starting ScasApplication v0.0.1-SNAPSHOT using Java 17.0.20 with PID 1 (/app/app.jar started by root in /app)
2026-08-26T12:25:07.3825279+00:00 ContainerStream: 2026-08-26T12:25:07.366Z  INFO 1 --- [           main] com.rvce.scas.ScasApplication            : The following 1 profile is active: "prod"
2026-08-26T12:25:25.8023615+00:00 ContainerStream: 2026-08-26T12:25:25.801Z  INFO 1 --- [           main] .s.d.r.c.RepositoryConfigurationDelegate : Multiple Spring Data modules found, entering strict repository configuration mode
2026-08-26T12:25:25.8518098+00:00 ContainerStream: 2026-08-26T12:25:25.851Z  INFO 1 --- [           main] .s.d.r.c.RepositoryConfigurationDelegate : Bootstrapping Spring Data JPA repositories in DEFAULT mode.
2026-08-26T12:25:28.0300902+00:00 ContainerStream: 2026-08-26T12:25:28.029Z  INFO 1 --- [           main] .s.d.r.c.RepositoryConfigurationDelegate : Finished Spring Data repository scanning in 2031 ms. Found 12 JPA repository interfaces.
2026-08-26T12:25:28.2835782+00:00 ContainerStream: 2026-08-26T12:25:28.283Z  INFO 1 --- [           main] .s.d.r.c.RepositoryConfigurationDelegate : Multiple Spring Data modules found, entering strict repository configuration mode
2026-08-26T12:25:28.3041417+00:00 ContainerStream: 2026-08-26T12:25:28.303Z  INFO 1 --- [           main] .s.d.r.c.RepositoryConfigurationDelegate : Bootstrapping Spring Data Redis repositories in DEFAULT mode.
2026-08-26T12:25:28.5350210+00:00 ContainerStream: 2026-08-26T12:25:28.526Z  INFO 1 --- [           main] .RepositoryConfigurationExtensionSupport : Spring Data Redis - Could not safely identify store assignment for repository candidate interface com.rvce.scas.repository.DepartmentRepository; If you want this repository to be a Redis repository, consider annotating your entities with one of these annotations: org.springframework.data.redis.core.RedisHash (preferred), or consider extending one of the following types with your repository: org.springframework.data.keyvalue.repository.KeyValueRepository
2026-08-26T12:25:28.5365656+00:00 ContainerStream: 2026-08-26T12:25:28.536Z  INFO 1 --- [           main] .RepositoryConfigurationExtensionSupport : Spring Data Redis - Could not safely identify store assignment for repository candidate interface com.rvce.scas.repository.ExamHallRepository; If you want this repository to be a Redis repository, consider annotating your entities with one of these annotations: org.springframework.data.redis.core.RedisHash (preferred), or consider extending one of the following types with your repository: org.springframework.data.keyvalue.repository.KeyValueRepository
2026-08-26T12:25:28.5448270+00:00 ContainerStream: 2026-08-26T12:25:28.544Z  INFO 1 --- [           main] .RepositoryConfigurationExtensionSupport : Spring Data Redis - Could not safely identify store assignment for repository candidate interface com.rvce.scas.repository.ExamSeatRepository; If you want this repository to be a Redis repository, consider annotating your entities with one of these annotations: org.springframework.data.redis.core.RedisHash (preferred), or consider extending one of the following types with your repository: org.springframework.data.keyvalue.repository.KeyValueRepository
2026-08-26T12:25:28.5458401+00:00 ContainerStream: 2026-08-26T12:25:28.545Z  INFO 1 --- [           main] .RepositoryConfigurationExtensionSupport : Spring Data Redis - Could not safely identify store assignment for repository candidate interface com.rvce.scas.repository.ExamSessionRepository; If you want this repository to be a Redis repository, consider annotating your entities with one of these annotations: org.springframework.data.redis.core.RedisHash (preferred), or consider extending one of the following types with your repository: org.springframework.data.keyvalue.repository.KeyValueRepository
2026-08-26T12:25:28.5468173+00:00 ContainerStream: 2026-08-26T12:25:28.546Z  INFO 1 --- [           main] .RepositoryConfigurationExtensionSupport : Spring Data Redis - Could not safely identify store assignment for repository candidate interface com.rvce.scas.repository.ExamStudentRepository; If you want this repository to be a Redis repository, consider annotating your entities with one of these annotations: org.springframework.data.redis.core.RedisHash (preferred), or consider extending one of the following types with your repository: org.springframework.data.keyvalue.repository.KeyValueRepository
2026-08-26T12:25:28.5482321+00:00 ContainerStream: 2026-08-26T12:25:28.548Z  INFO 1 --- [           main] .RepositoryConfigurationExtensionSupport : Spring Data Redis - Could not safely identify store assignment for repository candidate interface com.rvce.scas.repository.NotificationRepository; If you want this repository to be a Redis repository, consider annotating your entities with one of these annotations: org.springframework.data.redis.core.RedisHash (preferred), or consider extending one of the following types with your repository: org.springframework.data.keyvalue.repository.KeyValueRepository
2026-08-26T12:25:28.5636282+00:00 ContainerStream: 2026-08-26T12:25:28.554Z  INFO 1 --- [           main] .RepositoryConfigurationExtensionSupport : Spring Data Redis - Could not safely identify store assignment for repository candidate interface com.rvce.scas.repository.PasswordResetTokenRepository; If you want this repository to be a Redis repository, consider annotating your entities with one of these annotations: org.springframework.data.redis.core.RedisHash (preferred), or consider extending one of the following types with your repository: org.springframework.data.keyvalue.repository.KeyValueRepository
2026-08-26T12:25:28.5636417+00:00 ContainerStream: 2026-08-26T12:25:28.555Z  INFO 1 --- [           main] .RepositoryConfigurationExtensionSupport : Spring Data Redis - Could not safely identify store assignment for repository candidate interface com.rvce.scas.repository.RoleRepository; If you want this repository to be a Redis repository, consider annotating your entities with one of these annotations: org.springframework.data.redis.core.RedisHash (preferred), or consider extending one of the following types with your repository: org.springframework.data.keyvalue.repository.KeyValueRepository
2026-08-26T12:25:28.5636514+00:00 ContainerStream: 2026-08-26T12:25:28.555Z  INFO 1 --- [           main] .RepositoryConfigurationExtensionSupport : Spring Data Redis - Could not safely identify store assignment for repository candidate interface com.rvce.scas.repository.RoomRepository; If you want this repository to be a Redis repository, consider annotating your entities with one of these annotations: org.springframework.data.redis.core.RedisHash (preferred), or consider extending one of the following types with your repository: org.springframework.data.keyvalue.repository.KeyValueRepository
2026-08-26T12:25:28.5636562+00:00 ContainerStream: 2026-08-26T12:25:28.555Z  INFO 1 --- [           main] .RepositoryConfigurationExtensionSupport : Spring Data Redis - Could not safely identify store assignment for repository candidate interface com.rvce.scas.repository.TimetableSlotRepository; If you want this repository to be a Redis repository, consider annotating your entities with one of these annotations: org.springframework.data.redis.core.RedisHash (preferred), or consider extending one of the following types with your repository: org.springframework.data.keyvalue.repository.KeyValueRepository
2026-08-26T12:25:28.5636609+00:00 ContainerStream: 2026-08-26T12:25:28.556Z  INFO 1 --- [           main] .RepositoryConfigurationExtensionSupport : Spring Data Redis - Could not safely identify store assignment for repository candidate interface com.rvce.scas.repository.UserRepository; If you want this repository to be a Redis repository, consider annotating your entities with one of these annotations: org.springframework.data.redis.core.RedisHash (preferred), or consider extending one of the following types with your repository: org.springframework.data.keyvalue.repository.KeyValueRepository
2026-08-26T12:25:28.5636653+00:00 ContainerStream: 2026-08-26T12:25:28.556Z  INFO 1 --- [           main] .RepositoryConfigurationExtensionSupport : Spring Data Redis - Could not safely identify store assignment for repository candidate interface com.rvce.scas.repository.UserRoleRepository; If you want this repository to be a Redis repository, consider annotating your entities with one of these annotations: org.springframework.data.redis.core.RedisHash (preferred), or consider extending one of the following types with your repository: org.springframework.data.keyvalue.repository.KeyValueRepository
2026-08-26T12:25:28.5636680+00:00 ContainerStream: 2026-08-26T12:25:28.556Z  INFO 1 --- [           main] .s.d.r.c.RepositoryConfigurationDelegate : Finished Spring Data repository scanning in 116 ms. Found 0 Redis repository interfaces.
2026-08-26T12:25:36.8184405+00:00 ContainerStream: 2026-08-26T12:25:36.804Z  INFO 1 --- [           main] o.s.b.w.embedded.tomcat.TomcatWebServer  : Tomcat initialized with port 8080 (http)
2026-08-26T12:25:37.0047865+00:00 ContainerStream: 2026-08-26T12:25:37.004Z  INFO 1 --- [           main] o.apache.catalina.core.StandardService   : Starting service [Tomcat]
2026-08-26T12:25:37.0073086+00:00 ContainerStream: 2026-08-26T12:25:37.007Z  INFO 1 --- [           main] o.apache.catalina.core.StandardEngine    : Starting Servlet engine: [Apache Tomcat/10.1.53]
2026-08-26T12:25:38.4044068+00:00 ContainerStream: 2026-08-26T12:25:38.404Z  INFO 1 --- [           main] o.a.c.c.C.[Tomcat].[localhost].[/]       : Initializing Spring embedded WebApplicationContext
2026-08-26T12:25:38.4243318+00:00 ContainerStream: 2026-08-26T12:25:38.423Z  INFO 1 --- [           main] w.s.c.ServletWebServerApplicationContext : Root WebApplicationContext: initialization completed in 30540 ms
2026-08-26T12:26:09.8945531+00:00 ContainerStream: 2026-08-26T12:26:09.778Z  INFO 1 --- [           main] com.zaxxer.hikari.HikariDataSource       : HikariPool-1 - Starting...
2026-08-26T12:26:13.2473684+00:00 ContainerStream: 2026-08-26T12:26:13.231Z  INFO 1 --- [           main] com.zaxxer.hikari.pool.HikariPool        : HikariPool-1 - Added connection org.postgresql.jdbc.PgConnection@3c34c491
2026-08-26T12:26:13.2697777+00:00 ContainerStream: 2026-08-26T12:26:13.269Z  INFO 1 --- [           main] com.zaxxer.hikari.HikariDataSource       : HikariPool-1 - Start completed.
2026-08-26T12:26:13.8322272+00:00 ContainerStream: 2026-08-26T12:26:13.831Z  INFO 1 --- [           main] org.flywaydb.core.FlywayExecutor         : Database: jdbc:postgresql://scas-postgres-k23.postgres.database.azure.com:5432/scasdb?sslmode=require (PostgreSQL 16.14)
2026-08-26T12:26:14.7950947+00:00 ContainerStream: 2026-08-26T12:26:14.794Z  INFO 1 --- [           main] o.f.core.internal.command.DbValidate     : Successfully validated 27 migrations (execution time 00:00.593s)
2026-08-26T12:26:15.0557758+00:00 ContainerStream: 2026-08-26T12:26:15.055Z  INFO 1 --- [           main] o.f.core.internal.command.DbMigrate      : Current version of schema "public": << Empty Schema >>
2026-08-26T12:26:15.5212106+00:00 ContainerStream: 2026-08-26T12:26:15.520Z  INFO 1 --- [           main] o.f.core.internal.command.DbMigrate      : Migrating schema "public" to version "1 - users roles"
2026-08-26T12:26:15.7628845+00:00 ContainerStream: 2026-08-26T12:26:15.673Z  WARN 1 --- [           main] com.zaxxer.hikari.pool.ProxyConnection   : HikariPool-1 - Connection org.postgresql.jdbc.PgConnection@56ed2baf marked as broken because of SQLSTATE(0A000), ErrorCode(0)
2026-08-26T12:26:15.7629448+00:00 ContainerStream: 
2026-08-26T12:26:15.7629482+00:00 ContainerStream: org.postgresql.util.PSQLException: ERROR: extension "citext" is not allow-listed for users in Azure Database for PostgreSQL
2026-08-26T12:26:15.7629509+00:00 ContainerStream:   Hint: to learn how to allow an extension or see the list of allowed extensions, please refer to https://go.microsoft.com/fwlink/?linkid=2301063
2026-08-26T12:26:15.7629535+00:00 ContainerStream: 	at org.postgresql.core.v3.QueryExecutorImpl.receiveErrorResponse(QueryExecutorImpl.java:2875) ~[postgresql-42.7.10.jar!/:42.7.10]
2026-08-26T12:26:15.7629560+00:00 ContainerStream: 	at org.postgresql.core.v3.QueryExecutorImpl.processResults(QueryExecutorImpl.java:2560) ~[postgresql-42.7.10.jar!/:42.7.10]
2026-08-26T12:26:15.7629586+00:00 ContainerStream: 	at org.postgresql.core.v3.QueryExecutorImpl.execute(QueryExecutorImpl.java:429) ~[postgresql-42.7.10.jar!/:42.7.10]
2026-08-26T12:26:15.7629612+00:00 ContainerStream: 	at org.postgresql.jdbc.PgStatement.executeInternal(PgStatement.java:526) ~[postgresql-42.7.10.jar!/:42.7.10]
2026-08-26T12:26:15.7629716+00:00 ContainerStream: 	at org.postgresql.jdbc.PgStatement.execute(PgStatement.java:436) ~[postgresql-42.7.10.jar!/:42.7.10]
2026-08-26T12:26:15.7629742+00:00 ContainerStream: 	at org.postgresql.jdbc.PgStatement.executeWithFlags(PgStatement.java:358) ~[postgresql-42.7.10.jar!/:42.7.10]
2026-08-26T12:26:15.7629766+00:00 ContainerStream: 	at org.postgresql.jdbc.PgStatement.executeCachedSql(PgStatement.java:343) ~[postgresql-42.7.10.jar!/:42.7.10]
2026-08-26T12:26:15.7629816+00:00 ContainerStream: 	at org.postgresql.jdbc.PgStatement.executeWithFlags(PgStatement.java:319) ~[postgresql-42.7.10.jar!/:42.7.10]
2026-08-26T12:26:15.7629840+00:00 ContainerStream: 	at org.postgresql.jdbc.PgStatement.execute(PgStatement.java:314) ~[postgresql-42.7.10.jar!/:42.7.10]
2026-08-26T12:26:15.7629864+00:00 ContainerStream: 	at com.zaxxer.hikari.pool.ProxyStatement.execute(ProxyStatement.java:95) ~[HikariCP-6.3.3.jar!/:na]
2026-08-26T12:26:15.7629890+00:00 ContainerStream: 	at com.zaxxer.hikari.pool.HikariProxyStatement.execute(HikariProxyStatement.java) ~[HikariCP-6.3.3.jar!/:na]
2026-08-26T12:26:15.7629915+00:00 ContainerStream: 	at org.flywaydb.core.internal.jdbc.JdbcTemplate.executeStatement(JdbcTemplate.java:215) ~[flyway-core-11.7.2.jar!/:na]
2026-08-26T12:26:15.7629942+00:00 ContainerStream: 	at org.flywaydb.core.internal.sqlscript.ParsedSqlStatement.execute(ParsedSqlStatement.java:88) ~[flyway-core-11.7.2.jar!/:na]
2026-08-26T12:26:15.7629970+00:00 ContainerStream: 	at org.flywaydb.core.internal.sqlscript.DefaultSqlScriptExecutor.executeStatement(DefaultSqlScriptExecutor.java:212) ~[flyway-core-11.7.2.jar!/:na]
2026-08-26T12:26:15.7629996+00:00 ContainerStream: 	at org.flywaydb.core.internal.sqlscript.DefaultSqlScriptExecutor.execute(DefaultSqlScriptExecutor.java:137) ~[flyway-core-11.7.2.jar!/:na]
2026-08-26T12:26:15.7630022+00:00 ContainerStream: 	at org.flywaydb.core.internal.resolver.sql.SqlMigrationExecutor.executeOnce(SqlMigrationExecutor.java:75) ~[flyway-core-11.7.2.jar!/:na]
2026-08-26T12:26:15.7630049+00:00 ContainerStream: 	at org.flywaydb.core.internal.resolver.sql.SqlMigrationExecutor.lambda$execute$0(SqlMigrationExecutor.java:66) ~[flyway-core-11.7.2.jar!/:na]
2026-08-26T12:26:15.7630097+00:00 ContainerStream: 	at org.flywaydb.core.internal.database.DefaultExecutionStrategy.execute(DefaultExecutionStrategy.java:31) ~[flyway-core-11.7.2.jar!/:na]
2026-08-26T12:26:15.7630125+00:00 ContainerStream: 	at org.flywaydb.core.internal.resolver.sql.SqlMigrationExecutor.execute(SqlMigrationExecutor.java:65) ~[flyway-core-11.7.2.jar!/:na]
2026-08-26T12:26:15.7630150+00:00 ContainerStream: 	at org.flywaydb.core.internal.command.DbMigrate.doMigrateGroup(DbMigrate.java:391) ~[flyway-core-11.7.2.jar!/:na]
2026-08-26T12:26:15.7630176+00:00 ContainerStream: 	at org.flywaydb.core.internal.command.DbMigrate.lambda$applyMigrations$1(DbMigrate.java:283) ~[flyway-core-11.7.2.jar!/:na]
2026-08-26T12:26:15.7630204+00:00 ContainerStream: 	at org.flywaydb.core.internal.jdbc.TransactionalExecutionTemplate.execute(TransactionalExecutionTemplate.java:59) ~[flyway-core-11.7.2.jar!/:na]
2026-08-26T12:26:15.7630229+00:00 ContainerStream: 	at org.flywaydb.core.internal.command.DbMigrate.applyMigrations(DbMigrate.java:282) ~[flyway-core-11.7.2.jar!/:na]
2026-08-26T12:26:15.7630254+00:00 ContainerStream: 	at org.flywaydb.core.internal.command.DbMigrate.migrateGroup(DbMigrate.java:255) ~[flyway-core-11.7.2.jar!/:na]
2026-08-26T12:26:15.7630279+00:00 ContainerStream: 	at org.flywaydb.core.internal.command.DbMigrate.lambda$migrateAll$0(DbMigrate.java:153) ~[flyway-core-11.7.2.jar!/:na]
2026-08-26T12:26:15.7630306+00:00 ContainerStream: 	at org.flywaydb.database.postgresql.PostgreSQLAdvisoryLockTemplate.execute(PostgreSQLAdvisoryLockTemplate.java:77) ~[flyway-database-postgresql-11.7.2.jar!/:na]
2026-08-26T12:26:15.7630336+00:00 ContainerStream: 	at org.flywaydb.database.postgresql.PostgreSQLAdvisoryLockTemplate.lambda$execute$0(PostgreSQLAdvisoryLockTemplate.java:60) ~[flyway-database-postgresql-11.7.2.jar!/:na]
2026-08-26T12:26:15.7630363+00:00 ContainerStream: 	at org.flywaydb.core.internal.jdbc.TransactionalExecutionTemplate.execute(TransactionalExecutionTemplate.java:59) ~[flyway-core-11.7.2.jar!/:na]
2026-08-26T12:26:15.7630697+00:00 ContainerStream: 	at org.flywaydb.database.postgresql.PostgreSQLAdvisoryLockTemplate.execute(PostgreSQLAdvisoryLockTemplate.java:60) ~[flyway-database-postgresql-11.7.2.jar!/:na]
2026-08-26T12:26:15.7630731+00:00 ContainerStream: 	at org.flywaydb.database.postgresql.PostgreSQLConnection.lock(PostgreSQLConnection.java:105) ~[flyway-database-postgresql-11.7.2.jar!/:na]
2026-08-26T12:26:15.7630758+00:00 ContainerStream: 	at org.flywaydb.core.internal.schemahistory.JdbcTableSchemaHistory.lock(JdbcTableSchemaHistory.java:164) ~[flyway-core-11.7.2.jar!/:na]
2026-08-26T12:26:15.7630782+00:00 ContainerStream: 	at org.flywaydb.core.internal.command.DbMigrate.migrateAll(DbMigrate.java:153) ~[flyway-core-11.7.2.jar!/:na]
2026-08-26T12:26:15.7630807+00:00 ContainerStream: 	at org.flywaydb.core.internal.command.DbMigrate.migrate(DbMigrate.java:104) ~[flyway-core-11.7.2.jar!/:na]
2026-08-26T12:26:15.7630831+00:00 ContainerStream: 	at org.flywaydb.core.Flyway.lambda$migrate$1(Flyway.java:247) ~[flyway-core-11.7.2.jar!/:na]
2026-08-26T12:26:15.7630857+00:00 ContainerStream: 	at org.flywaydb.core.FlywayExecutor.execute(FlywayExecutor.java:210) ~[flyway-core-11.7.2.jar!/:na]
2026-08-26T12:26:15.7630881+00:00 ContainerStream: 	at org.flywaydb.core.Flyway.migrate(Flyway.java:188) ~[flyway-core-11.7.2.jar!/:na]
2026-08-26T12:26:15.7630909+00:00 ContainerStream: 	at org.springframework.boot.autoconfigure.flyway.FlywayMigrationInitializer.afterPropertiesSet(FlywayMigrationInitializer.java:66) ~[spring-boot-autoconfigure-3.5.13.jar!/:3.5.13]
2026-08-26T12:26:15.7630939+00:00 ContainerStream: 	at org.springframework.beans.factory.support.AbstractAutowireCapableBeanFactory.invokeInitMethods(AbstractAutowireCapableBeanFactory.java:1873) ~[spring-beans-6.2.17.jar!/:6.2.17]
2026-08-26T12:26:15.7630987+00:00 ContainerStream: 	at org.springframework.beans.factory.support.AbstractAutowireCapableBeanFactory.initializeBean(AbstractAutowireCapableBeanFactory.java:1822) ~[spring-beans-6.2.17.jar!/:6.2.17]
2026-08-26T12:26:15.7631015+00:00 ContainerStream: 	at org.springframework.beans.factory.support.AbstractAutowireCapableBeanFactory.doCreateBean(AbstractAutowireCapableBeanFactory.java:607) ~[spring-beans-6.2.17.jar!/:6.2.17]
2026-08-26T12:26:15.7631043+00:00 ContainerStream: 	at org.springframework.beans.factory.support.AbstractAutowireCapableBeanFactory.createBean(AbstractAutowireCapableBeanFactory.java:529) ~[spring-beans-6.2.17.jar!/:6.2.17]
2026-08-26T12:26:15.7631069+00:00 ContainerStream: 	at org.springframework.beans.factory.support.AbstractBeanFactory.lambda$doGetBean$0(AbstractBeanFactory.java:339) ~[spring-beans-6.2.17.jar!/:6.2.17]
2026-08-26T12:26:15.7631100+00:00 ContainerStream: 	at org.springframework.beans.factory.support.DefaultSingletonBeanRegistry.getSingleton(DefaultSingletonBeanRegistry.java:373) ~[spring-beans-6.2.17.jar!/:6.2.17]
2026-08-26T12:26:15.7631125+00:00 ContainerStream: 	at org.springframework.beans.factory.support.AbstractBeanFactory.doGetBean(AbstractBeanFactory.java:337) ~[spring-beans-6.2.17.jar!/:6.2.17]
2026-08-26T12:26:15.7631373+00:00 ContainerStream: 	at org.springframework.beans.factory.support.AbstractBeanFactory.getBean(AbstractBeanFactory.java:202) ~[spring-beans-6.2.17.jar!/:6.2.17]
2026-08-26T12:26:15.7631403+00:00 ContainerStream: 	at org.springframework.beans.factory.support.AbstractBeanFactory.doGetBean(AbstractBeanFactory.java:315) ~[spring-beans-6.2.17.jar!/:6.2.17]
2026-08-26T12:26:15.7631429+00:00 ContainerStream: 	at org.springframework.beans.factory.support.AbstractBeanFactory.getBean(AbstractBeanFactory.java:207) ~[spring-beans-6.2.17.jar!/:6.2.17]
2026-08-26T12:26:15.7631476+00:00 ContainerStream: 	at org.springframework.context.support.AbstractApplicationContext.finishBeanFactoryInitialization(AbstractApplicationContext.java:974) ~[spring-context-6.2.17.jar!/:6.2.17]
2026-08-26T12:26:15.7631504+00:00 ContainerStream: 	at org.springframework.context.support.AbstractApplicationContext.refresh(AbstractApplicationContext.java:628) ~[spring-context-6.2.17.jar!/:6.2.17]
2026-08-26T12:26:15.7631532+00:00 ContainerStream: 	at org.springframework.boot.web.servlet.context.ServletWebServerApplicationContext.refresh(ServletWebServerApplicationContext.java:146) ~[spring-boot-3.5.13.jar!/:3.5.13]
2026-08-26T12:26:15.7631560+00:00 ContainerStream: 	at org.springframework.boot.SpringApplication.refresh(SpringApplication.java:752) ~[spring-boot-3.5.13.jar!/:3.5.13]
2026-08-26T12:26:15.7631586+00:00 ContainerStream: 	at org.springframework.boot.SpringApplication.refreshContext(SpringApplication.java:439) ~[spring-boot-3.5.13.jar!/:3.5.13]
2026-08-26T12:26:15.7631612+00:00 ContainerStream: 	at org.springframework.boot.SpringApplication.run(SpringApplication.java:318) ~[spring-boot-3.5.13.jar!/:3.5.13]
2026-08-26T12:26:15.7631638+00:00 ContainerStream: 	at org.springframework.boot.SpringApplication.run(SpringApplication.java:1361) ~[spring-boot-3.5.13.jar!/:3.5.13]
2026-08-26T12:26:15.7631827+00:00 ContainerStream: 	at org.springframework.boot.SpringApplication.run(SpringApplication.java:1350) ~[spring-boot-3.5.13.jar!/:3.5.13]
2026-08-26T12:26:15.7631852+00:00 ContainerStream: 	at com.rvce.scas.ScasApplication.main(ScasApplication.java:20) ~[!/:0.0.1-SNAPSHOT]
2026-08-26T12:26:15.7631877+00:00 ContainerStream: 	at java.base/jdk.internal.reflect.NativeMethodAccessorImpl.invoke0(Native Method) ~[na:na]
2026-08-26T12:26:15.7631902+00:00 ContainerStream: 	at java.base/jdk.internal.reflect.NativeMethodAccessorImpl.invoke(Unknown Source) ~[na:na]
2026-08-26T12:26:15.7631948+00:00 ContainerStream: 	at java.base/jdk.internal.reflect.DelegatingMethodAccessorImpl.invoke(Unknown Source) ~[na:na]
2026-08-26T12:26:15.7632018+00:00 ContainerStream: 	at java.base/java.lang.reflect.Method.invoke(Unknown Source) ~[na:na]
2026-08-26T12:26:15.7632047+00:00 ContainerStream: 	at org.springframework.boot.loader.launch.Launcher.launch(Launcher.java:106) ~[app.jar:0.0.1-SNAPSHOT]
2026-08-26T12:26:15.7632074+00:00 ContainerStream: 	at org.springframework.boot.loader.launch.Launcher.launch(Launcher.java:64) ~[app.jar:0.0.1-SNAPSHOT]
2026-08-26T12:26:15.7632099+00:00 ContainerStream: 	at org.springframework.boot.loader.launch.JarLauncher.main(JarLauncher.java:40) ~[app.jar:0.0.1-SNAPSHOT]
2026-08-26T12:26:15.7632118+00:00 ContainerStream: 
2026-08-26T12:26:15.9195201+00:00 ContainerStream: 2026-08-26T12:26:15.901Z ERROR 1 --- [           main] o.f.c.i.j.TransactionalExecutionTemplate : Unable to rollback transaction
2026-08-26T12:26:15.9195751+00:00 ContainerStream: 
2026-08-26T12:26:15.9195791+00:00 ContainerStream: java.sql.SQLException: Connection is closed
2026-08-26T12:26:15.9195818+00:00 ContainerStream: 	at com.zaxxer.hikari.pool.ProxyConnection$ClosedConnection.lambda$getClosedConnection$0(ProxyConnection.java:562) ~[HikariCP-6.3.3.jar!/:na]
2026-08-26T12:26:15.9195840+00:00 ContainerStream: 	at jdk.proxy3/jdk.proxy3.$Proxy119.rollback(Unknown Source) ~[na:na]
2026-08-26T12:26:15.9195960+00:00 ContainerStream: 	at com.zaxxer.hikari.pool.ProxyConnection.rollback(ProxyConnection.java:386) ~[HikariCP-6.3.3.jar!/:na]
2026-08-26T12:26:15.9195987+00:00 ContainerStream: 	at com.zaxxer.hikari.pool.HikariProxyConnection.rollback(HikariProxyConnection.java) ~[HikariCP-6.3.3.jar!/:na]
2026-08-26T12:26:15.9196013+00:00 ContainerStream: 	at org.flywaydb.core.internal.jdbc.TransactionalExecutionTemplate.execute(TransactionalExecutionTemplate.java:75) ~[flyway-core-11.7.2.jar!/:na]
2026-08-26T12:26:15.9196038+00:00 ContainerStream: 	at org.flywaydb.core.internal.command.DbMigrate.applyMigrations(DbMigrate.java:282) ~[flyway-core-11.7.2.jar!/:na]
2026-08-26T12:26:15.9196061+00:00 ContainerStream: 	at org.flywaydb.core.internal.command.DbMigrate.migrateGroup(DbMigrate.java:255) ~[flyway-core-11.7.2.jar!/:na]
2026-08-26T12:26:15.9196087+00:00 ContainerStream: 	at org.flywaydb.core.internal.command.DbMigrate.lambda$migrateAll$0(DbMigrate.java:153) ~[flyway-core-11.7.2.jar!/:na]
2026-08-26T12:26:15.9196114+00:00 ContainerStream: 	at org.flywaydb.database.postgresql.PostgreSQLAdvisoryLockTemplate.execute(PostgreSQLAdvisoryLockTemplate.java:77) ~[flyway-database-postgresql-11.7.2.jar!/:na]
2026-08-26T12:26:15.9196141+00:00 ContainerStream: 	at org.flywaydb.database.postgresql.PostgreSQLAdvisoryLockTemplate.lambda$execute$0(PostgreSQLAdvisoryLockTemplate.java:60) ~[flyway-database-postgresql-11.7.2.jar!/:na]
2026-08-26T12:26:15.9196167+00:00 ContainerStream: 	at org.flywaydb.core.internal.jdbc.TransactionalExecutionTemplate.execute(TransactionalExecutionTemplate.java:59) ~[flyway-core-11.7.2.jar!/:na]
2026-08-26T12:26:15.9196193+00:00 ContainerStream: 	at org.flywaydb.database.postgresql.PostgreSQLAdvisoryLockTemplate.execute(PostgreSQLAdvisoryLockTemplate.java:60) ~[flyway-database-postgresql-11.7.2.jar!/:na]
2026-08-26T12:26:15.9196239+00:00 ContainerStream: 	at org.flywaydb.database.postgresql.PostgreSQLConnection.lock(PostgreSQLConnection.java:105) ~[flyway-database-postgresql-11.7.2.jar!/:na]
2026-08-26T12:26:15.9196263+00:00 ContainerStream: 	at org.flywaydb.core.internal.schemahistory.JdbcTableSchemaHistory.lock(JdbcTableSchemaHistory.java:164) ~[flyway-core-11.7.2.jar!/:na]
2026-08-26T12:26:15.9196286+00:00 ContainerStream: 	at org.flywaydb.core.internal.command.DbMigrate.migrateAll(DbMigrate.java:153) ~[flyway-core-11.7.2.jar!/:na]
2026-08-26T12:26:15.9196311+00:00 ContainerStream: 	at org.flywaydb.core.internal.command.DbMigrate.migrate(DbMigrate.java:104) ~[flyway-core-11.7.2.jar!/:na]
2026-08-26T12:26:15.9196334+00:00 ContainerStream: 	at org.flywaydb.core.Flyway.lambda$migrate$1(Flyway.java:247) ~[flyway-core-11.7.2.jar!/:na]
2026-08-26T12:26:15.9196357+00:00 ContainerStream: 	at org.flywaydb.core.FlywayExecutor.execute(FlywayExecutor.java:210) ~[flyway-core-11.7.2.jar!/:na]
2026-08-26T12:26:15.9196380+00:00 ContainerStream: 	at org.flywaydb.core.Flyway.migrate(Flyway.java:188) ~[flyway-core-11.7.2.jar!/:na]
2026-08-26T12:26:15.9196407+00:00 ContainerStream: 	at org.springframework.boot.autoconfigure.flyway.FlywayMigrationInitializer.afterPropertiesSet(FlywayMigrationInitializer.java:66) ~[spring-boot-autoconfigure-3.5.13.jar!/:3.5.13]
2026-08-26T12:26:15.9196434+00:00 ContainerStream: 	at org.springframework.beans.factory.support.AbstractAutowireCapableBeanFactory.invokeInitMethods(AbstractAutowireCapableBeanFactory.java:1873) ~[spring-beans-6.2.17.jar!/:6.2.17]
2026-08-26T12:26:15.9196460+00:00 ContainerStream: 	at org.springframework.beans.factory.support.AbstractAutowireCapableBeanFactory.initializeBean(AbstractAutowireCapableBeanFactory.java:1822) ~[spring-beans-6.2.17.jar!/:6.2.17]
2026-08-26T12:26:15.9196487+00:00 ContainerStream: 	at org.springframework.beans.factory.support.AbstractAutowireCapableBeanFactory.doCreateBean(AbstractAutowireCapableBeanFactory.java:607) ~[spring-beans-6.2.17.jar!/:6.2.17]
2026-08-26T12:26:15.9196536+00:00 ContainerStream: 	at org.springframework.beans.factory.support.AbstractAutowireCapableBeanFactory.createBean(AbstractAutowireCapableBeanFactory.java:529) ~[spring-beans-6.2.17.jar!/:6.2.17]
2026-08-26T12:26:15.9196561+00:00 ContainerStream: 	at org.springframework.beans.factory.support.AbstractBeanFactory.lambda$doGetBean$0(AbstractBeanFactory.java:339) ~[spring-beans-6.2.17.jar!/:6.2.17]
2026-08-26T12:26:15.9196588+00:00 ContainerStream: 	at org.springframework.beans.factory.support.DefaultSingletonBeanRegistry.getSingleton(DefaultSingletonBeanRegistry.java:373) ~[spring-beans-6.2.17.jar!/:6.2.17]
2026-08-26T12:26:15.9196614+00:00 ContainerStream: 	at org.springframework.beans.factory.support.AbstractBeanFactory.doGetBean(AbstractBeanFactory.java:337) ~[spring-beans-6.2.17.jar!/:6.2.17]
2026-08-26T12:26:15.9196639+00:00 ContainerStream: 	at org.springframework.beans.factory.support.AbstractBeanFactory.getBean(AbstractBeanFactory.java:202) ~[spring-beans-6.2.17.jar!/:6.2.17]
2026-08-26T12:26:15.9196949+00:00 ContainerStream: 	at org.springframework.beans.factory.support.AbstractBeanFactory.doGetBean(AbstractBeanFactory.java:315) ~[spring-beans-6.2.17.jar!/:6.2.17]
2026-08-26T12:26:15.9196980+00:00 ContainerStream: 	at org.springframework.beans.factory.support.AbstractBeanFactory.getBean(AbstractBeanFactory.java:207) ~[spring-beans-6.2.17.jar!/:6.2.17]
2026-08-26T12:26:15.9197007+00:00 ContainerStream: 	at org.springframework.context.support.AbstractApplicationContext.finishBeanFactoryInitialization(AbstractApplicationContext.java:974) ~[spring-context-6.2.17.jar!/:6.2.17]
2026-08-26T12:26:15.9197034+00:00 ContainerStream: 	at org.springframework.context.support.AbstractApplicationContext.refresh(AbstractApplicationContext.java:628) ~[spring-context-6.2.17.jar!/:6.2.17]
2026-08-26T12:26:15.9197085+00:00 ContainerStream: 	at org.springframework.boot.web.servlet.context.ServletWebServerApplicationContext.refresh(ServletWebServerApplicationContext.java:146) ~[spring-boot-3.5.13.jar!/:3.5.13]
2026-08-26T12:26:15.9197110+00:00 ContainerStream: 	at org.springframework.boot.SpringApplication.refresh(SpringApplication.java:752) ~[spring-boot-3.5.13.jar!/:3.5.13]
2026-08-26T12:26:15.9197135+00:00 ContainerStream: 	at org.springframework.boot.SpringApplication.refreshContext(SpringApplication.java:439) ~[spring-boot-3.5.13.jar!/:3.5.13]
2026-08-26T12:26:15.9197158+00:00 ContainerStream: 	at org.springframework.boot.SpringApplication.run(SpringApplication.java:318) ~[spring-boot-3.5.13.jar!/:3.5.13]
2026-08-26T12:26:15.9197182+00:00 ContainerStream: 	at org.springframework.boot.SpringApplication.run(SpringApplication.java:1361) ~[spring-boot-3.5.13.jar!/:3.5.13]
2026-08-26T12:26:15.9197205+00:00 ContainerStream: 	at org.springframework.boot.SpringApplication.run(SpringApplication.java:1350) ~[spring-boot-3.5.13.jar!/:3.5.13]
2026-08-26T12:26:15.9197227+00:00 ContainerStream: 	at com.rvce.scas.ScasApplication.main(ScasApplication.java:20) ~[!/:0.0.1-SNAPSHOT]
2026-08-26T12:26:15.9197251+00:00 ContainerStream: 	at java.base/jdk.internal.reflect.NativeMethodAccessorImpl.invoke0(Native Method) ~[na:na]
2026-08-26T12:26:15.9197274+00:00 ContainerStream: 	at java.base/jdk.internal.reflect.NativeMethodAccessorImpl.invoke(Unknown Source) ~[na:na]
2026-08-26T12:26:15.9197297+00:00 ContainerStream: 	at java.base/jdk.internal.reflect.DelegatingMethodAccessorImpl.invoke(Unknown Source) ~[na:na]
2026-08-26T12:26:15.9197320+00:00 ContainerStream: 	at java.base/java.lang.reflect.Method.invoke(Unknown Source) ~[na:na]
2026-08-26T12:26:15.9197362+00:00 ContainerStream: 	at org.springframework.boot.loader.launch.Launcher.launch(Launcher.java:106) ~[app.jar:0.0.1-SNAPSHOT]
2026-08-26T12:26:15.9197386+00:00 ContainerStream: 	at org.springframework.boot.loader.launch.Launcher.launch(Launcher.java:64) ~[app.jar:0.0.1-SNAPSHOT]
2026-08-26T12:26:15.9197409+00:00 ContainerStream: 	at org.springframework.boot.loader.launch.JarLauncher.main(JarLauncher.java:40) ~[app.jar:0.0.1-SNAPSHOT]
2026-08-26T12:26:15.9197426+00:00 ContainerStream: 
2026-08-26T12:26:15.9473300+00:00 ContainerStream: 2026-08-26T12:26:15.927Z ERROR 1 --- [           main] o.f.c.i.j.TransactionalExecutionTemplate : Unable to restore autocommit to original value for connection
2026-08-26T12:26:15.9473441+00:00 ContainerStream: 
2026-08-26T12:26:15.9473471+00:00 ContainerStream: java.sql.SQLException: Connection is closed
2026-08-26T12:26:15.9473501+00:00 ContainerStream: 	at com.zaxxer.hikari.pool.ProxyConnection$ClosedConnection.lambda$getClosedConnection$0(ProxyConnection.java:562) ~[HikariCP-6.3.3.jar!/:na]
2026-08-26T12:26:15.9473526+00:00 ContainerStream: 	at jdk.proxy3/jdk.proxy3.$Proxy119.setAutoCommit(Unknown Source) ~[na:na]
2026-08-26T12:26:15.9473553+00:00 ContainerStream: 	at com.zaxxer.hikari.pool.ProxyConnection.setAutoCommit(ProxyConnection.java:412) ~[HikariCP-6.3.3.jar!/:na]
2026-08-26T12:26:15.9473580+00:00 ContainerStream: 	at com.zaxxer.hikari.pool.HikariProxyConnection.setAutoCommit(HikariProxyConnection.java) ~[HikariCP-6.3.3.jar!/:na]
2026-08-26T12:26:15.9474519+00:00 ContainerStream: 	at org.flywaydb.core.internal.jdbc.TransactionalExecutionTemplate.execute(TransactionalExecutionTemplate.java:90) ~[flyway-core-11.7.2.jar!/:na]
2026-08-26T12:26:15.9474562+00:00 ContainerStream: 	at org.flywaydb.core.internal.command.DbMigrate.applyMigrations(DbMigrate.java:282) ~[flyway-core-11.7.2.jar!/:na]
2026-08-26T12:26:15.9474589+00:00 ContainerStream: 	at org.flywaydb.core.internal.command.DbMigrate.migrateGroup(DbMigrate.java:255) ~[flyway-core-11.7.2.jar!/:na]
2026-08-26T12:26:15.9474617+00:00 ContainerStream: 	at org.flywaydb.core.internal.command.DbMigrate.lambda$migrateAll$0(DbMigrate.java:153) ~[flyway-core-11.7.2.jar!/:na]
2026-08-26T12:26:15.9474650+00:00 ContainerStream: 	at org.flywaydb.database.postgresql.PostgreSQLAdvisoryLockTemplate.execute(PostgreSQLAdvisoryLockTemplate.java:77) ~[flyway-database-postgresql-11.7.2.jar!/:na]
2026-08-26T12:26:15.9474680+00:00 ContainerStream: 	at org.flywaydb.database.postgresql.PostgreSQLAdvisoryLockTemplate.lambda$execute$0(PostgreSQLAdvisoryLockTemplate.java:60) ~[flyway-database-postgresql-11.7.2.jar!/:na]
2026-08-26T12:26:15.9474709+00:00 ContainerStream: 	at org.flywaydb.core.internal.jdbc.TransactionalExecutionTemplate.execute(TransactionalExecutionTemplate.java:59) ~[flyway-core-11.7.2.jar!/:na]
2026-08-26T12:26:15.9474738+00:00 ContainerStream: 	at org.flywaydb.database.postgresql.PostgreSQLAdvisoryLockTemplate.execute(PostgreSQLAdvisoryLockTemplate.java:60) ~[flyway-database-postgresql-11.7.2.jar!/:na]
2026-08-26T12:26:15.9474767+00:00 ContainerStream: 	at org.flywaydb.database.postgresql.PostgreSQLConnection.lock(PostgreSQLConnection.java:105) ~[flyway-database-postgresql-11.7.2.jar!/:na]
2026-08-26T12:26:15.9474797+00:00 ContainerStream: 	at org.flywaydb.core.internal.schemahistory.JdbcTableSchemaHistory.lock(JdbcTableSchemaHistory.java:164) ~[flyway-core-11.7.2.jar!/:na]
2026-08-26T12:26:15.9474844+00:00 ContainerStream: 	at org.flywaydb.core.internal.command.DbMigrate.migrateAll(DbMigrate.java:153) ~[flyway-core-11.7.2.jar!/:na]
2026-08-26T12:26:15.9474871+00:00 ContainerStream: 	at org.flywaydb.core.internal.command.DbMigrate.migrate(DbMigrate.java:104) ~[flyway-core-11.7.2.jar!/:na]
2026-08-26T12:26:15.9474898+00:00 ContainerStream: 	at org.flywaydb.core.Flyway.lambda$migrate$1(Flyway.java:247) ~[flyway-core-11.7.2.jar!/:na]
2026-08-26T12:26:15.9474924+00:00 ContainerStream: 	at org.flywaydb.core.FlywayExecutor.execute(FlywayExecutor.java:210) ~[flyway-core-11.7.2.jar!/:na]
2026-08-26T12:26:15.9474948+00:00 ContainerStream: 	at org.flywaydb.core.Flyway.migrate(Flyway.java:188) ~[flyway-core-11.7.2.jar!/:na]
2026-08-26T12:26:15.9474979+00:00 ContainerStream: 	at org.springframework.boot.autoconfigure.flyway.FlywayMigrationInitializer.afterPropertiesSet(FlywayMigrationInitializer.java:66) ~[spring-boot-autoconfigure-3.5.13.jar!/:3.5.13]
2026-08-26T12:26:15.9475010+00:00 ContainerStream: 	at org.springframework.beans.factory.support.AbstractAutowireCapableBeanFactory.invokeInitMethods(AbstractAutowireCapableBeanFactory.java:1873) ~[spring-beans-6.2.17.jar!/:6.2.17]
2026-08-26T12:26:15.9475042+00:00 ContainerStream: 	at org.springframework.beans.factory.support.AbstractAutowireCapableBeanFactory.initializeBean(AbstractAutowireCapableBeanFactory.java:1822) ~[spring-beans-6.2.17.jar!/:6.2.17]
2026-08-26T12:26:15.9475073+00:00 ContainerStream: 	at org.springframework.beans.factory.support.AbstractAutowireCapableBeanFactory.doCreateBean(AbstractAutowireCapableBeanFactory.java:607) ~[spring-beans-6.2.17.jar!/:6.2.17]
2026-08-26T12:26:15.9475103+00:00 ContainerStream: 	at org.springframework.beans.factory.support.AbstractAutowireCapableBeanFactory.createBean(AbstractAutowireCapableBeanFactory.java:529) ~[spring-beans-6.2.17.jar!/:6.2.17]
2026-08-26T12:26:15.9475150+00:00 ContainerStream: 	at org.springframework.beans.factory.support.AbstractBeanFactory.lambda$doGetBean$0(AbstractBeanFactory.java:339) ~[spring-beans-6.2.17.jar!/:6.2.17]
2026-08-26T12:26:15.9475181+00:00 ContainerStream: 	at org.springframework.beans.factory.support.DefaultSingletonBeanRegistry.getSingleton(DefaultSingletonBeanRegistry.java:373) ~[spring-beans-6.2.17.jar!/:6.2.17]
2026-08-26T12:26:15.9475209+00:00 ContainerStream: 	at org.springframework.beans.factory.support.AbstractBeanFactory.doGetBean(AbstractBeanFactory.java:337) ~[spring-beans-6.2.17.jar!/:6.2.17]
2026-08-26T12:26:15.9475237+00:00 ContainerStream: 	at org.springframework.beans.factory.support.AbstractBeanFactory.getBean(AbstractBeanFactory.java:202) ~[spring-beans-6.2.17.jar!/:6.2.17]
2026-08-26T12:26:15.9475460+00:00 ContainerStream: 	at org.springframework.beans.factory.support.AbstractBeanFactory.doGetBean(AbstractBeanFactory.java:315) ~[spring-beans-6.2.17.jar!/:6.2.17]
2026-08-26T12:26:15.9475495+00:00 ContainerStream: 	at org.springframework.beans.factory.support.AbstractBeanFactory.getBean(AbstractBeanFactory.java:207) ~[spring-beans-6.2.17.jar!/:6.2.17]
2026-08-26T12:26:15.9475526+00:00 ContainerStream: 	at org.springframework.context.support.AbstractApplicationContext.finishBeanFactoryInitialization(AbstractApplicationContext.java:974) ~[spring-context-6.2.17.jar!/:6.2.17]
2026-08-26T12:26:15.9475556+00:00 ContainerStream: 	at org.springframework.context.support.AbstractApplicationContext.refresh(AbstractApplicationContext.java:628) ~[spring-context-6.2.17.jar!/:6.2.17]
2026-08-26T12:26:15.9475587+00:00 ContainerStream: 	at org.springframework.boot.web.servlet.context.ServletWebServerApplicationContext.refresh(ServletWebServerApplicationContext.java:146) ~[spring-boot-3.5.13.jar!/:3.5.13]
2026-08-26T12:26:15.9475613+00:00 ContainerStream: 	at org.springframework.boot.SpringApplication.refresh(SpringApplication.java:752) ~[spring-boot-3.5.13.jar!/:3.5.13]
2026-08-26T12:26:15.9475662+00:00 ContainerStream: 	at org.springframework.boot.SpringApplication.refreshContext(SpringApplication.java:439) ~[spring-boot-3.5.13.jar!/:3.5.13]
2026-08-26T12:26:15.9475689+00:00 ContainerStream: 	at org.springframework.boot.SpringApplication.run(SpringApplication.java:318) ~[spring-boot-3.5.13.jar!/:3.5.13]
2026-08-26T12:26:15.9475715+00:00 ContainerStream: 	at org.springframework.boot.SpringApplication.run(SpringApplication.java:1361) ~[spring-boot-3.5.13.jar!/:3.5.13]
2026-08-26T12:26:15.9475744+00:00 ContainerStream: 	at org.springframework.boot.SpringApplication.run(SpringApplication.java:1350) ~[spring-boot-3.5.13.jar!/:3.5.13]
2026-08-26T12:26:15.9475768+00:00 ContainerStream: 	at com.rvce.scas.ScasApplication.main(ScasApplication.java:20) ~[!/:0.0.1-SNAPSHOT]
2026-08-26T12:26:15.9475794+00:00 ContainerStream: 	at java.base/jdk.internal.reflect.NativeMethodAccessorImpl.invoke0(Native Method) ~[na:na]
2026-08-26T12:26:15.9475820+00:00 ContainerStream: 	at java.base/jdk.internal.reflect.NativeMethodAccessorImpl.invoke(Unknown Source) ~[na:na]
2026-08-26T12:26:15.9475845+00:00 ContainerStream: 	at java.base/jdk.internal.reflect.DelegatingMethodAccessorImpl.invoke(Unknown Source) ~[na:na]
2026-08-26T12:26:15.9475869+00:00 ContainerStream: 	at java.base/java.lang.reflect.Method.invoke(Unknown Source) ~[na:na]
2026-08-26T12:26:15.9475895+00:00 ContainerStream: 	at org.springframework.boot.loader.launch.Launcher.launch(Launcher.java:106) ~[app.jar:0.0.1-SNAPSHOT]
2026-08-26T12:26:15.9475921+00:00 ContainerStream: 	at org.springframework.boot.loader.launch.Launcher.launch(Launcher.java:64) ~[app.jar:0.0.1-SNAPSHOT]
2026-08-26T12:26:15.9475968+00:00 ContainerStream: 	at org.springframework.boot.loader.launch.JarLauncher.main(JarLauncher.java:40) ~[app.jar:0.0.1-SNAPSHOT]
2026-08-26T12:26:15.9475988+00:00 ContainerStream: 
2026-08-26T12:26:15.9983089+00:00 ContainerStream: 2026-08-26T12:26:15.997Z ERROR 1 --- [           main] o.f.core.internal.command.DbMigrate      : Migration of schema "public" to version "1 - users roles" failed! Changes successfully rolled back.
2026-08-26T12:26:16.0542032+00:00 ContainerStream: 2026-08-26T12:26:16.053Z  WARN 1 --- [           main] ConfigServletWebServerApplicationContext : Exception encountered during context initialization - cancelling refresh attempt: org.springframework.beans.factory.BeanCreationException: Error creating bean with name 'entityManagerFactory' defined in class path resource [org/springframework/boot/autoconfigure/orm/jpa/HibernateJpaConfiguration.class]: Failed to initialize dependency 'flywayInitializer' of LoadTimeWeaverAware bean 'entityManagerFactory': Error creating bean with name 'flywayInitializer' defined in class path resource [org/springframework/boot/autoconfigure/flyway/FlywayAutoConfiguration$FlywayConfiguration.class]: Script V1__users_roles.sql failed
2026-08-26T12:26:16.0542629+00:00 ContainerStream: ---------------------------------
2026-08-26T12:26:16.0542662+00:00 ContainerStream: SQL State  : 0A000
2026-08-26T12:26:16.0542690+00:00 ContainerStream: Error Code : 0
2026-08-26T12:26:16.0542727+00:00 ContainerStream: Message    : ERROR: extension "citext" is not allow-listed for users in Azure Database for PostgreSQL
2026-08-26T12:26:16.0542758+00:00 ContainerStream:   Hint: to learn how to allow an extension or see the list of allowed extensions, please refer to https://go.microsoft.com/fwlink/?linkid=2301063
2026-08-26T12:26:16.0542877+00:00 ContainerStream: Location   : db/migration/V1__users_roles.sql (/app/nested:/app/app.jar/!BOOT-INF/classes/!/db/migration/V1__users_roles.sql)
2026-08-26T12:26:16.0542902+00:00 ContainerStream: Line       : 39
2026-08-26T12:26:16.0542927+00:00 ContainerStream: Statement  : Run Flyway with -X option to see the actual statement causing the problem
2026-08-26T12:26:16.0542947+00:00 ContainerStream: 
2026-08-26T12:26:16.0656843+00:00 ContainerStream: 2026-08-26T12:26:16.065Z  INFO 1 --- [           main] com.zaxxer.hikari.HikariDataSource       : HikariPool-1 - Shutdown initiated...
2026-08-26T12:26:16.4342510+00:00 ContainerStream: 2026-08-26T12:26:16.433Z  INFO 1 --- [           main] com.zaxxer.hikari.HikariDataSource       : HikariPool-1 - Shutdown completed.
2026-08-26T12:26:16.6876662+00:00 ContainerStream: 2026-08-26T12:26:16.687Z  INFO 1 --- [           main] o.apache.catalina.core.StandardService   : Stopping service [Tomcat]
2026-08-26T12:26:17.0396159+00:00 ContainerStream: 2026-08-26T12:26:17.039Z  INFO 1 --- [           main] .s.b.a.l.ConditionEvaluationReportLogger : 
2026-08-26T12:26:17.0396595+00:00 ContainerStream: 
2026-08-26T12:26:17.0396639+00:00 ContainerStream: Error starting ApplicationContext. To display the condition evaluation report re-run your application with 'debug' enabled.
2026-08-26T12:26:17.2422249+00:00 ContainerStream: 2026-08-26T12:26:17.234Z ERROR 1 --- [           main] o.s.boot.SpringApplication               : Application run failed
2026-08-26T12:26:17.2422819+00:00 ContainerStream: 
2026-08-26T12:26:17.2422889+00:00 ContainerStream: org.springframework.beans.factory.BeanCreationException: Error creating bean with name 'entityManagerFactory' defined in class path resource [org/springframework/boot/autoconfigure/orm/jpa/HibernateJpaConfiguration.class]: Failed to initialize dependency 'flywayInitializer' of LoadTimeWeaverAware bean 'entityManagerFactory': Error creating bean with name 'flywayInitializer' defined in class path resource [org/springframework/boot/autoconfigure/flyway/FlywayAutoConfiguration$FlywayConfiguration.class]: Script V1__users_roles.sql failed
2026-08-26T12:26:17.2422913+00:00 ContainerStream: ---------------------------------
2026-08-26T12:26:17.2422934+00:00 ContainerStream: SQL State  : 0A000
2026-08-26T12:26:17.2422962+00:00 ContainerStream: Error Code : 0
2026-08-26T12:26:17.2422992+00:00 ContainerStream: Message    : ERROR: extension "citext" is not allow-listed for users in Azure Database for PostgreSQL
2026-08-26T12:26:17.2423023+00:00 ContainerStream:   Hint: to learn how to allow an extension or see the list of allowed extensions, please refer to https://go.microsoft.com/fwlink/?linkid=2301063
2026-08-26T12:26:17.2423051+00:00 ContainerStream: Location   : db/migration/V1__users_roles.sql (/app/nested:/app/app.jar/!BOOT-INF/classes/!/db/migration/V1__users_roles.sql)
2026-08-26T12:26:17.2423072+00:00 ContainerStream: Line       : 39
2026-08-26T12:26:17.2423097+00:00 ContainerStream: Statement  : Run Flyway with -X option to see the actual statement causing the problem
2026-08-26T12:26:17.2423199+00:00 ContainerStream: 
2026-08-26T12:26:17.2423228+00:00 ContainerStream: 	at org.springframework.beans.factory.support.AbstractBeanFactory.doGetBean(AbstractBeanFactory.java:328) ~[spring-beans-6.2.17.jar!/:6.2.17]
2026-08-26T12:26:17.2423258+00:00 ContainerStream: 	at org.springframework.beans.factory.support.AbstractBeanFactory.getBean(AbstractBeanFactory.java:207) ~[spring-beans-6.2.17.jar!/:6.2.17]
2026-08-26T12:26:17.2423288+00:00 ContainerStream: 	at org.springframework.context.support.AbstractApplicationContext.finishBeanFactoryInitialization(AbstractApplicationContext.java:974) ~[spring-context-6.2.17.jar!/:6.2.17]
2026-08-26T12:26:17.2423317+00:00 ContainerStream: 	at org.springframework.context.support.AbstractApplicationContext.refresh(AbstractApplicationContext.java:628) ~[spring-context-6.2.17.jar!/:6.2.17]
2026-08-26T12:26:17.2423348+00:00 ContainerStream: 	at org.springframework.boot.web.servlet.context.ServletWebServerApplicationContext.refresh(ServletWebServerApplicationContext.java:146) ~[spring-boot-3.5.13.jar!/:3.5.13]
2026-08-26T12:26:17.2423532+00:00 ContainerStream: 	at org.springframework.boot.SpringApplication.refresh(SpringApplication.java:752) ~[spring-boot-3.5.13.jar!/:3.5.13]
2026-08-26T12:26:17.2423558+00:00 ContainerStream: 	at org.springframework.boot.SpringApplication.refreshContext(SpringApplication.java:439) ~[spring-boot-3.5.13.jar!/:3.5.13]
2026-08-26T12:26:17.2423583+00:00 ContainerStream: 	at org.springframework.boot.SpringApplication.run(SpringApplication.java:318) ~[spring-boot-3.5.13.jar!/:3.5.13]
2026-08-26T12:26:17.2423607+00:00 ContainerStream: 	at org.springframework.boot.SpringApplication.run(SpringApplication.java:1361) ~[spring-boot-3.5.13.jar!/:3.5.13]
2026-08-26T12:26:17.2423660+00:00 ContainerStream: 	at org.springframework.boot.SpringApplication.run(SpringApplication.java:1350) ~[spring-boot-3.5.13.jar!/:3.5.13]
2026-08-26T12:26:17.2423683+00:00 ContainerStream: 	at com.rvce.scas.ScasApplication.main(ScasApplication.java:20) ~[!/:0.0.1-SNAPSHOT]
2026-08-26T12:26:17.2423708+00:00 ContainerStream: 	at java.base/jdk.internal.reflect.NativeMethodAccessorImpl.invoke0(Native Method) ~[na:na]
2026-08-26T12:26:17.2423733+00:00 ContainerStream: 	at java.base/jdk.internal.reflect.NativeMethodAccessorImpl.invoke(Unknown Source) ~[na:na]
2026-08-26T12:26:17.2423755+00:00 ContainerStream: 	at java.base/jdk.internal.reflect.DelegatingMethodAccessorImpl.invoke(Unknown Source) ~[na:na]
2026-08-26T12:26:17.2423777+00:00 ContainerStream: 	at java.base/java.lang.reflect.Method.invoke(Unknown Source) ~[na:na]
2026-08-26T12:26:17.2423802+00:00 ContainerStream: 	at org.springframework.boot.loader.launch.Launcher.launch(Launcher.java:106) ~[app.jar:0.0.1-SNAPSHOT]
2026-08-26T12:26:17.2423826+00:00 ContainerStream: 	at org.springframework.boot.loader.launch.Launcher.launch(Launcher.java:64) ~[app.jar:0.0.1-SNAPSHOT]
2026-08-26T12:26:17.2423851+00:00 ContainerStream: 	at org.springframework.boot.loader.launch.JarLauncher.main(JarLauncher.java:40) ~[app.jar:0.0.1-SNAPSHOT]
2026-08-26T12:26:17.2423886+00:00 ContainerStream: Caused by: org.springframework.beans.factory.BeanCreationException: Error creating bean with name 'flywayInitializer' defined in class path resource [org/springframework/boot/autoconfigure/flyway/FlywayAutoConfiguration$FlywayConfiguration.class]: Script V1__users_roles.sql failed
2026-08-26T12:26:17.2423907+00:00 ContainerStream: ---------------------------------
2026-08-26T12:26:17.2423926+00:00 ContainerStream: SQL State  : 0A000
2026-08-26T12:26:17.2423964+00:00 ContainerStream: Error Code : 0
2026-08-26T12:26:17.2423988+00:00 ContainerStream: Message    : ERROR: extension "citext" is not allow-listed for users in Azure Database for PostgreSQL
2026-08-26T12:26:17.2424015+00:00 ContainerStream:   Hint: to learn how to allow an extension or see the list of allowed extensions, please refer to https://go.microsoft.com/fwlink/?linkid=2301063
2026-08-26T12:26:17.2424040+00:00 ContainerStream: Location   : db/migration/V1__users_roles.sql (/app/nested:/app/app.jar/!BOOT-INF/classes/!/db/migration/V1__users_roles.sql)
2026-08-26T12:26:17.2424061+00:00 ContainerStream: Line       : 39
2026-08-26T12:26:17.2424356+00:00 ContainerStream: Statement  : Run Flyway with -X option to see the actual statement causing the problem
2026-08-26T12:26:17.2424380+00:00 ContainerStream: 
2026-08-26T12:26:17.2424410+00:00 ContainerStream: 	at org.springframework.beans.factory.support.AbstractAutowireCapableBeanFactory.initializeBean(AbstractAutowireCapableBeanFactory.java:1826) ~[spring-beans-6.2.17.jar!/:6.2.17]
2026-08-26T12:26:17.2424439+00:00 ContainerStream: 	at org.springframework.beans.factory.support.AbstractAutowireCapableBeanFactory.doCreateBean(AbstractAutowireCapableBeanFactory.java:607) ~[spring-beans-6.2.17.jar!/:6.2.17]
2026-08-26T12:26:17.2424467+00:00 ContainerStream: 	at org.springframework.beans.factory.support.AbstractAutowireCapableBeanFactory.createBean(AbstractAutowireCapableBeanFactory.java:529) ~[spring-beans-6.2.17.jar!/:6.2.17]
2026-08-26T12:26:17.2424515+00:00 ContainerStream: 	at org.springframework.beans.factory.support.AbstractBeanFactory.lambda$doGetBean$0(AbstractBeanFactory.java:339) ~[spring-beans-6.2.17.jar!/:6.2.17]
2026-08-26T12:26:17.2424543+00:00 ContainerStream: 	at org.springframework.beans.factory.support.DefaultSingletonBeanRegistry.getSingleton(DefaultSingletonBeanRegistry.java:373) ~[spring-beans-6.2.17.jar!/:6.2.17]
2026-08-26T12:26:17.2424570+00:00 ContainerStream: 	at org.springframework.beans.factory.support.AbstractBeanFactory.doGetBean(AbstractBeanFactory.java:337) ~[spring-beans-6.2.17.jar!/:6.2.17]
2026-08-26T12:26:17.2424596+00:00 ContainerStream: 	at org.springframework.beans.factory.support.AbstractBeanFactory.getBean(AbstractBeanFactory.java:202) ~[spring-beans-6.2.17.jar!/:6.2.17]
2026-08-26T12:26:17.2424624+00:00 ContainerStream: 	at org.springframework.beans.factory.support.AbstractBeanFactory.doGetBean(AbstractBeanFactory.java:315) ~[spring-beans-6.2.17.jar!/:6.2.17]
2026-08-26T12:26:17.2424645+00:00 ContainerStream: 	... 17 common frames omitted
2026-08-26T12:26:17.2424670+00:00 ContainerStream: Caused by: org.flywaydb.core.internal.exception.FlywayMigrateException: Script V1__users_roles.sql failed
2026-08-26T12:26:17.2424690+00:00 ContainerStream: ---------------------------------
2026-08-26T12:26:17.2424709+00:00 ContainerStream: SQL State  : 0A000
2026-08-26T12:26:17.2424728+00:00 ContainerStream: Error Code : 0
2026-08-26T12:26:17.2424753+00:00 ContainerStream: Message    : ERROR: extension "citext" is not allow-listed for users in Azure Database for PostgreSQL
2026-08-26T12:26:17.2424779+00:00 ContainerStream:   Hint: to learn how to allow an extension or see the list of allowed extensions, please refer to https://go.microsoft.com/fwlink/?linkid=2301063
2026-08-26T12:26:17.2424824+00:00 ContainerStream: Location   : db/migration/V1__users_roles.sql (/app/nested:/app/app.jar/!BOOT-INF/classes/!/db/migration/V1__users_roles.sql)
2026-08-26T12:26:17.2424844+00:00 ContainerStream: Line       : 39
2026-08-26T12:26:17.2424867+00:00 ContainerStream: Statement  : Run Flyway with -X option to see the actual statement causing the problem
2026-08-26T12:26:17.2424929+00:00 ContainerStream: 
2026-08-26T12:26:17.2424954+00:00 ContainerStream: 	at org.flywaydb.core.internal.command.DbMigrate.doMigrateGroup(DbMigrate.java:399) ~[flyway-core-11.7.2.jar!/:na]
2026-08-26T12:26:17.2424980+00:00 ContainerStream: 	at org.flywaydb.core.internal.command.DbMigrate.lambda$applyMigrations$1(DbMigrate.java:283) ~[flyway-core-11.7.2.jar!/:na]
2026-08-26T12:26:17.2425007+00:00 ContainerStream: 	at org.flywaydb.core.internal.jdbc.TransactionalExecutionTemplate.execute(TransactionalExecutionTemplate.java:59) ~[flyway-core-11.7.2.jar!/:na]
2026-08-26T12:26:17.2425032+00:00 ContainerStream: 	at org.flywaydb.core.internal.command.DbMigrate.applyMigrations(DbMigrate.java:282) ~[flyway-core-11.7.2.jar!/:na]
2026-08-26T12:26:17.2425057+00:00 ContainerStream: 	at org.flywaydb.core.internal.command.DbMigrate.migrateGroup(DbMigrate.java:255) ~[flyway-core-11.7.2.jar!/:na]
2026-08-26T12:26:17.2425083+00:00 ContainerStream: 	at org.flywaydb.core.internal.command.DbMigrate.lambda$migrateAll$0(DbMigrate.java:153) ~[flyway-core-11.7.2.jar!/:na]
2026-08-26T12:26:17.2425110+00:00 ContainerStream: 	at org.flywaydb.database.postgresql.PostgreSQLAdvisoryLockTemplate.execute(PostgreSQLAdvisoryLockTemplate.java:77) ~[flyway-database-postgresql-11.7.2.jar!/:na]
2026-08-26T12:26:17.2425158+00:00 ContainerStream: 	at org.flywaydb.database.postgresql.PostgreSQLAdvisoryLockTemplate.lambda$execute$0(PostgreSQLAdvisoryLockTemplate.java:60) ~[flyway-database-postgresql-11.7.2.jar!/:na]
2026-08-26T12:26:17.2425185+00:00 ContainerStream: 	at org.flywaydb.core.internal.jdbc.TransactionalExecutionTemplate.execute(TransactionalExecutionTemplate.java:59) ~[flyway-core-11.7.2.jar!/:na]
2026-08-26T12:26:17.2425212+00:00 ContainerStream: 	at org.flywaydb.database.postgresql.PostgreSQLAdvisoryLockTemplate.execute(PostgreSQLAdvisoryLockTemplate.java:60) ~[flyway-database-postgresql-11.7.2.jar!/:na]
2026-08-26T12:26:17.2425240+00:00 ContainerStream: 	at org.flywaydb.database.postgresql.PostgreSQLConnection.lock(PostgreSQLConnection.java:105) ~[flyway-database-postgresql-11.7.2.jar!/:na]
2026-08-26T12:26:17.2425266+00:00 ContainerStream: 	at org.flywaydb.core.internal.schemahistory.JdbcTableSchemaHistory.lock(JdbcTableSchemaHistory.java:164) ~[flyway-core-11.7.2.jar!/:na]
2026-08-26T12:26:17.2425291+00:00 ContainerStream: 	at org.flywaydb.core.internal.command.DbMigrate.migrateAll(DbMigrate.java:153) ~[flyway-core-11.7.2.jar!/:na]
2026-08-26T12:26:17.2425317+00:00 ContainerStream: 	at org.flywaydb.core.internal.command.DbMigrate.migrate(DbMigrate.java:104) ~[flyway-core-11.7.2.jar!/:na]
2026-08-26T12:26:17.2425340+00:00 ContainerStream: 	at org.flywaydb.core.Flyway.lambda$migrate$1(Flyway.java:247) ~[flyway-core-11.7.2.jar!/:na]
2026-08-26T12:26:17.2425364+00:00 ContainerStream: 	at org.flywaydb.core.FlywayExecutor.execute(FlywayExecutor.java:210) ~[flyway-core-11.7.2.jar!/:na]
2026-08-26T12:26:17.2425442+00:00 ContainerStream: 	at org.flywaydb.core.Flyway.migrate(Flyway.java:188) ~[flyway-core-11.7.2.jar!/:na]
2026-08-26T12:26:17.2425496+00:00 ContainerStream: 	at org.springframework.boot.autoconfigure.flyway.FlywayMigrationInitializer.afterPropertiesSet(FlywayMigrationInitializer.java:66) ~[spring-boot-autoconfigure-3.5.13.jar!/:3.5.13]
2026-08-26T12:26:17.2425527+00:00 ContainerStream: 	at org.springframework.beans.factory.support.AbstractAutowireCapableBeanFactory.invokeInitMethods(AbstractAutowireCapableBeanFactory.java:1873) ~[spring-beans-6.2.17.jar!/:6.2.17]
2026-08-26T12:26:17.2425556+00:00 ContainerStream: 	at org.springframework.beans.factory.support.AbstractAutowireCapableBeanFactory.initializeBean(AbstractAutowireCapableBeanFactory.java:1822) ~[spring-beans-6.2.17.jar!/:6.2.17]
2026-08-26T12:26:17.2425576+00:00 ContainerStream: 	... 24 common frames omitted
2026-08-26T12:26:17.2425601+00:00 ContainerStream: Caused by: org.flywaydb.core.internal.sqlscript.FlywaySqlScriptException: Script V1__users_roles.sql failed
2026-08-26T12:26:17.2425621+00:00 ContainerStream: ---------------------------------
2026-08-26T12:26:17.2425640+00:00 ContainerStream: SQL State  : 0A000
2026-08-26T12:26:17.2425658+00:00 ContainerStream: Error Code : 0
2026-08-26T12:26:17.2425682+00:00 ContainerStream: Message    : ERROR: extension "citext" is not allow-listed for users in Azure Database for PostgreSQL
2026-08-26T12:26:17.2425710+00:00 ContainerStream:   Hint: to learn how to allow an extension or see the list of allowed extensions, please refer to https://go.microsoft.com/fwlink/?linkid=2301063
2026-08-26T12:26:17.2425735+00:00 ContainerStream: Location   : db/migration/V1__users_roles.sql (/app/nested:/app/app.jar/!BOOT-INF/classes/!/db/migration/V1__users_roles.sql)
2026-08-26T12:26:17.2425755+00:00 ContainerStream: Line       : 39
2026-08-26T12:26:17.2425796+00:00 ContainerStream: Statement  : Run Flyway with -X option to see the actual statement causing the problem
2026-08-26T12:26:17.2425814+00:00 ContainerStream: 
2026-08-26T12:26:17.2425840+00:00 ContainerStream: 	at org.flywaydb.core.internal.sqlscript.DefaultSqlScriptExecutor.handleException(DefaultSqlScriptExecutor.java:256) ~[flyway-core-11.7.2.jar!/:na]
2026-08-26T12:26:17.2425867+00:00 ContainerStream: 	at org.flywaydb.core.internal.sqlscript.DefaultSqlScriptExecutor.executeStatement(DefaultSqlScriptExecutor.java:217) ~[flyway-core-11.7.2.jar!/:na]
2026-08-26T12:26:17.2425893+00:00 ContainerStream: 	at org.flywaydb.core.internal.sqlscript.DefaultSqlScriptExecutor.execute(DefaultSqlScriptExecutor.java:137) ~[flyway-core-11.7.2.jar!/:na]
2026-08-26T12:26:17.2425921+00:00 ContainerStream: 	at org.flywaydb.core.internal.resolver.sql.SqlMigrationExecutor.executeOnce(SqlMigrationExecutor.java:75) ~[flyway-core-11.7.2.jar!/:na]
2026-08-26T12:26:17.2425947+00:00 ContainerStream: 	at org.flywaydb.core.internal.resolver.sql.SqlMigrationExecutor.lambda$execute$0(SqlMigrationExecutor.java:66) ~[flyway-core-11.7.2.jar!/:na]
2026-08-26T12:26:17.2425973+00:00 ContainerStream: 	at org.flywaydb.core.internal.database.DefaultExecutionStrategy.execute(DefaultExecutionStrategy.java:31) ~[flyway-core-11.7.2.jar!/:na]
2026-08-26T12:26:17.2426000+00:00 ContainerStream: 	at org.flywaydb.core.internal.resolver.sql.SqlMigrationExecutor.execute(SqlMigrationExecutor.java:65) ~[flyway-core-11.7.2.jar!/:na]
2026-08-26T12:26:17.2426024+00:00 ContainerStream: 	at org.flywaydb.core.internal.command.DbMigrate.doMigrateGroup(DbMigrate.java:391) ~[flyway-core-11.7.2.jar!/:na]
2026-08-26T12:26:17.2426044+00:00 ContainerStream: 	... 43 common frames omitted
2026-08-26T12:26:17.2426270+00:00 ContainerStream: Caused by: org.postgresql.util.PSQLException: ERROR: extension "citext" is not allow-listed for users in Azure Database for PostgreSQL
2026-08-26T12:26:17.2426301+00:00 ContainerStream:   Hint: to learn how to allow an extension or see the list of allowed extensions, please refer to https://go.microsoft.com/fwlink/?linkid=2301063
2026-08-26T12:26:17.2426328+00:00 ContainerStream: 	at org.postgresql.core.v3.QueryExecutorImpl.receiveErrorResponse(QueryExecutorImpl.java:2875) ~[postgresql-42.7.10.jar!/:42.7.10]
2026-08-26T12:26:17.2426354+00:00 ContainerStream: 	at org.postgresql.core.v3.QueryExecutorImpl.processResults(QueryExecutorImpl.java:2560) ~[postgresql-42.7.10.jar!/:42.7.10]
2026-08-26T12:26:17.2426381+00:00 ContainerStream: 	at org.postgresql.core.v3.QueryExecutorImpl.execute(QueryExecutorImpl.java:429) ~[postgresql-42.7.10.jar!/:42.7.10]
2026-08-26T12:26:17.2426408+00:00 ContainerStream: 	at org.postgresql.jdbc.PgStatement.executeInternal(PgStatement.java:526) ~[postgresql-42.7.10.jar!/:42.7.10]
2026-08-26T12:26:17.2426433+00:00 ContainerStream: 	at org.postgresql.jdbc.PgStatement.execute(PgStatement.java:436) ~[postgresql-42.7.10.jar!/:42.7.10]
2026-08-26T12:26:17.2426458+00:00 ContainerStream: 	at org.postgresql.jdbc.PgStatement.executeWithFlags(PgStatement.java:358) ~[postgresql-42.7.10.jar!/:42.7.10]
2026-08-26T12:26:17.2426484+00:00 ContainerStream: 	at org.postgresql.jdbc.PgStatement.executeCachedSql(PgStatement.java:343) ~[postgresql-42.7.10.jar!/:42.7.10]
2026-08-26T12:26:17.2426509+00:00 ContainerStream: 	at org.postgresql.jdbc.PgStatement.executeWithFlags(PgStatement.java:319) ~[postgresql-42.7.10.jar!/:42.7.10]
2026-08-26T12:26:17.2426736+00:00 ContainerStream: 	at org.postgresql.jdbc.PgStatement.execute(PgStatement.java:314) ~[postgresql-42.7.10.jar!/:42.7.10]
2026-08-26T12:26:17.2426763+00:00 ContainerStream: 	at com.zaxxer.hikari.pool.ProxyStatement.execute(ProxyStatement.java:95) ~[HikariCP-6.3.3.jar!/:na]
2026-08-26T12:26:17.2426789+00:00 ContainerStream: 	at com.zaxxer.hikari.pool.HikariProxyStatement.execute(HikariProxyStatement.java) ~[HikariCP-6.3.3.jar!/:na]
2026-08-26T12:26:17.2426817+00:00 ContainerStream: 	at org.flywaydb.core.internal.jdbc.JdbcTemplate.executeStatement(JdbcTemplate.java:215) ~[flyway-core-11.7.2.jar!/:na]
2026-08-26T12:26:17.2426887+00:00 ContainerStream: 	at org.flywaydb.core.internal.sqlscript.ParsedSqlStatement.execute(ParsedSqlStatement.java:88) ~[flyway-core-11.7.2.jar!/:na]
2026-08-26T12:26:17.2426919+00:00 ContainerStream: 	at org.flywaydb.core.internal.sqlscript.DefaultSqlScriptExecutor.executeStatement(DefaultSqlScriptExecutor.java:212) ~[flyway-core-11.7.2.jar!/:na]
2026-08-26T12:26:17.2427116+00:00 ContainerStream: 	... 49 common frames omitted
2026-08-26T12:26:17.2427134+00:00 ContainerStream: 
2026-08-26T12:26:17.8068211+00:00 ContainerStatus: Container has finished running with exit code: 1.
2026-08-26T12:26:17.8123488+00:00 ContainerStatus: Container is terminating. Grace period: 5 seconds.
2026-08-26T12:26:17.8254475+00:00 ContainerStatus: Stop and delete container. Retry count = 0
2026-08-26T12:26:17.8260370+00:00 ContainerStatus: Stopping container: d4d4512e06b9_scas-backend-2026-rvce.
2026-08-26T12:26:17.9208124+00:00 ContainerStatus: Deleting container: d4d4512e06b9_scas-backend-2026-rvce. Retry count = 0
2026-08-26T12:26:18.2786536+00:00 ContainerStatus: Container spec TerminationMessagePolicy  path 
2026-08-26T12:26:18.2902906+00:00 ContainerStatus: Container is terminated. Total time elapsed: 467 ms.
2026-08-26T12:26:18.3058311+00:00 ContainerStatus: Site container: scas-backend-2026-rvce terminated during site startup.
2026-08-26T12:26:18.3153614+00:00 ContainerStatus: State: Stopping, Action: CancellingStartup, LastError: ContainerStartupFailure, LastErrorTimestamp: 08/26/2026 11:48:24, LastErrorDetails: Container exited with exit code 1 during startup after 144.5s. Please inspect your container logs for more details., Details: Site container: scas-backend-2026-rvce terminated during site startup. Cancelling site startup., DetailsLevel: ERR
2026-08-26T12:26:18.5111559+00:00 ContainerStatus: Site startup probe failed after 86.870371 seconds.
2026-08-26T12:26:18.8129906+00:00 ContainerStatus: State: Stopping, Action: CancellingStartup, LastError: ContainerStartupFailure, LastErrorTimestamp: 08/26/2026 12:26:18, LastErrorDetails: Container exited with exit code 1 during startup after 86.9s. Please inspect your container logs for more details., Details: Site container: scas-backend-2026-rvce terminated during site startup. Cancelling site startup., DetailsLevel: ERR
2026-08-26T12:26:18.8483430+00:00 ContainerStatus: Failed to start site. Revert by stopping site.
2026-08-26T12:26:18.8642360+00:00 ContainerStatus: State: Stopping, Action: StoppingSite, LastError: ContainerStartupFailure, LastErrorTimestamp: 08/26/2026 12:26:18, LastErrorDetails: Container exited with exit code 1 during startup after 86.9s. Please inspect your container logs for more details., Details: Site container: scas-backend-2026-rvce terminated during site startup. Cancelling site startup., DetailsLevel: ERR
2026-08-26T12:26:18.8653358+00:00 ContainerStatus: State: Stopping, Action: StoppingSiteContainers, LastError: ContainerStartupFailure, LastErrorTimestamp: 08/26/2026 12:26:18, LastErrorDetails: Container exited with exit code 1 during startup after 86.9s. Please inspect your container logs for more details., Details: Site container: scas-backend-2026-rvce terminated during site startup. Cancelling site startup., DetailsLevel: ERR
2026-08-26T12:26:19.6618379+00:00 ContainerStatus: Site container: scas-backend-2026-rvce_managedIdentity terminated during site startup.
2026-08-26T12:26:19.6678012+00:00 ContainerStatus: State: Stopping, Action: StoppingSiteContainers, LastError: ContainerStartupFailure, LastErrorTimestamp: 08/26/2026 12:26:18, LastErrorDetails: Container exited with exit code 1 during startup after 86.9s. Please inspect your container logs for more details., Details: Site container: scas-backend-2026-rvce terminated during site startup. Cancelling site startup., DetailsLevel: ERR
2026-08-26T12:26:19.6679785+00:00 ContainerStatus: Site: scas-backend-2026-rvce stopped.
========== New Cold Start Attempt (2026-08-26T12:52:23.8892097+00:00) ==========
2026-08-26T12:52:23.8892097+00:00 ContainerStatus: State: Starting, Action: EstablishingSiteNetworks, LastError: ContainerStartupFailure, LastErrorTimestamp: 08/26/2026 12:26:18, LastErrorDetails: Container exited with exit code 1 during startup after 86.9s. Please inspect your container logs for more details., Details: Site stopped at 08/26/2026 12:26:21 (UTC), DetailsLevel: WARN
2026-08-26T12:52:29.3754791+00:00 ContainerStatus: State: Starting, Action: StartingMsiContainer, LastError: ContainerStartupFailure, LastErrorTimestamp: 08/26/2026 12:26:18, LastErrorDetails: Container exited with exit code 1 during startup after 86.9s. Please inspect your container logs for more details., Details: Site stopped at 08/26/2026 12:26:21 (UTC), DetailsLevel: WARN
2026-08-26T12:52:45.8074035+00:00 ContainerStatus: State: Starting, Action: StartingSiteContainers, LastError: ContainerStartupFailure, LastErrorTimestamp: 08/26/2026 12:26:18, LastErrorDetails: Container exited with exit code 1 during startup after 86.9s. Please inspect your container logs for more details., Details: Site stopped at 08/26/2026 12:26:21 (UTC), DetailsLevel: WARN
2026-08-26T12:52:45.8084350+00:00 ContainerStatus: Container start method called.
2026-08-26T12:52:45.8275918+00:00 ContainerStatus: State: Starting, Action: PullingImage, LastError: ContainerStartupFailure, LastErrorTimestamp: 08/26/2026 12:26:18, LastErrorDetails: Container exited with exit code 1 during startup after 86.9s. Please inspect your container logs for more details., Details: Pulling image scasacr2026rvce.azurecr.io/scas-backend:demo-citext-fix-544b4de for scas-backend-2026-rvce., DetailsLevel: INFO
2026-08-26T12:52:45.8277955+00:00 ContainerStatus: Establishing network.
2026-08-26T12:52:45.8279000+00:00 ContainerStatus: Pulling image: scasacr2026rvce.azurecr.io/scas-backend:demo-citext-fix-544b4de.
2026-08-26T12:52:54.4416982+00:00 ContainerStatus: Image scasacr2026rvce.azurecr.io/scas-backend:demo-citext-fix-544b4de is pulled from registry scasacr2026rvce.azurecr.io
2026-08-26T12:52:54.4439141+00:00 ContainerStatus: Container is starting.
2026-08-26T12:52:54.4535871+00:00 ContainerStatus: State: Starting, Action: MountingVolumes, LastError: ContainerStartupFailure, LastErrorTimestamp: 08/26/2026 12:26:18, LastErrorDetails: Container exited with exit code 1 during startup after 86.9s. Please inspect your container logs for more details., Details: Mounting volumes for scas-backend-2026-rvce., DetailsLevel: INFO
2026-08-26T12:52:54.4538108+00:00 ContainerStatus: Establishing user namespace if not established already.
2026-08-26T12:52:54.4539331+00:00 ContainerStatus: Establishing network if not established already.
2026-08-26T12:52:54.4540592+00:00 ContainerStatus: Mounting volumes.
2026-08-26T12:52:54.4542383+00:00 ContainerStatus: Nested mountpoint volatile/logs
2026-08-26T12:52:54.4910191+00:00 ContainerStatus: Nested mountpoint 
2026-08-26T12:52:54.5004601+00:00 ContainerStatus: Nested mountpoint 
2026-08-26T12:52:54.6542789+00:00 ContainerStatus: State: Starting, Action: CreatingContainer, LastError: ContainerStartupFailure, LastErrorTimestamp: 08/26/2026 12:26:18, LastErrorDetails: Container exited with exit code 1 during startup after 86.9s. Please inspect your container logs for more details., Details: Finished pulling container image and mounting volumes for scas-backend-2026-rvce. Allocatinng the rest of the container resources to finish container creation., DetailsLevel: INFO
2026-08-26T12:52:54.6549580+00:00 ContainerStatus: Creating container.
2026-08-26T12:52:54.6552079+00:00 ContainerStatus: Creating pipes for streaming container io.
2026-08-26T12:52:54.6563370+00:00 ContainerStatus: Creating stdout named pipe at /podr/container/pipe/d77fad98c807_scas-backend-2026-rvce/stdout_b50a64c1e8e14743ba8fc50eb4511aeb.
2026-08-26T12:52:54.6758728+00:00 ContainerStatus: Successfully created stdout named pipe at: /podr/container/pipe/d77fad98c807_scas-backend-2026-rvce/stdout_b50a64c1e8e14743ba8fc50eb4511aeb.
2026-08-26T12:52:54.6760469+00:00 ContainerStatus: Opening named pipe /podr/container/pipe/d77fad98c807_scas-backend-2026-rvce/stdout_b50a64c1e8e14743ba8fc50eb4511aeb for reading in non-blocking mode.
2026-08-26T12:52:54.7124009+00:00 ContainerStatus: Successfully opened named pipe: /podr/container/pipe/d77fad98c807_scas-backend-2026-rvce/stdout_b50a64c1e8e14743ba8fc50eb4511aeb.
2026-08-26T12:52:54.7125862+00:00 ContainerStatus: Successfully removed non-blocking flag from /podr/container/pipe/d77fad98c807_scas-backend-2026-rvce/stdout_b50a64c1e8e14743ba8fc50eb4511aeb.
2026-08-26T12:52:54.7148732+00:00 ContainerStatus: Creating stderr named pipe at /podr/container/pipe/d77fad98c807_scas-backend-2026-rvce/stderr_09f65f6c97bc4b5dbacefd6f7832de0f.
2026-08-26T12:52:54.7151368+00:00 ContainerStatus: Successfully created stderr named pipe at: /podr/container/pipe/d77fad98c807_scas-backend-2026-rvce/stderr_09f65f6c97bc4b5dbacefd6f7832de0f.
2026-08-26T12:52:54.7152465+00:00 ContainerStatus: Opening named pipe /podr/container/pipe/d77fad98c807_scas-backend-2026-rvce/stderr_09f65f6c97bc4b5dbacefd6f7832de0f for reading in non-blocking mode.
2026-08-26T12:52:54.7217535+00:00 ContainerStatus: Successfully opened named pipe: /podr/container/pipe/d77fad98c807_scas-backend-2026-rvce/stderr_09f65f6c97bc4b5dbacefd6f7832de0f.
2026-08-26T12:52:54.7218743+00:00 ContainerStatus: Successfully removed non-blocking flag from /podr/container/pipe/d77fad98c807_scas-backend-2026-rvce/stderr_09f65f6c97bc4b5dbacefd6f7832de0f.
2026-08-26T12:52:54.7237068+00:00 ContainerStatus: Creating container with image: scasacr2026rvce.azurecr.io/scas-backend:demo-citext-fix-544b4de from registry: scasacr2026rvce.azurecr.io and fully qualified image name: scasacr2026rvce.azurecr.io/scas-backend:demo-citext-fix-544b4de
2026-08-26T12:52:55.3539925+00:00 ContainerStatus: Starting container: d77fad98c807_scas-backend-2026-rvce.
2026-08-26T12:52:55.8173121+00:00 ContainerStatus: Starting watchers and probes.
2026-08-26T12:52:55.8198691+00:00 ContainerStatus: Starting metrics collection.
2026-08-26T12:52:55.8199836+00:00 ContainerStatus: Container is running.
2026-08-26T12:52:55.8299477+00:00 ContainerStatus: State: Starting, Action: CreatingContainer, LastError: ContainerStartupFailure, LastErrorTimestamp: 08/26/2026 12:26:18, LastErrorDetails: Container exited with exit code 1 during startup after 86.9s. Please inspect your container logs for more details., Details: Container scas-backend-2026-rvce successfully created and is running., DetailsLevel: INFO
2026-08-26T12:52:55.9156260+00:00 ContainerStatus: Container start method finished after 10106 ms.
2026-08-26T12:52:55.9186504+00:00 ContainerStatus: State: Starting, Action: InitiatingSiteWarmUpProbe, LastError: ContainerStartupFailure, LastErrorTimestamp: 08/26/2026 12:26:18, LastErrorDetails: Container exited with exit code 1 during startup after 86.9s. Please inspect your container logs for more details., Details: Container scas-backend-2026-rvce successfully created and is running., DetailsLevel: INFO
2026-08-26T12:52:55.9442198+00:00 ContainerStatus: State: Starting, Action: WaitingForSiteWarmUpProbeSuccess, LastError: ContainerStartupFailure, LastErrorTimestamp: 08/26/2026 12:26:18, LastErrorDetails: Container exited with exit code 1 during startup after 86.9s. Please inspect your container logs for more details., Details: Pinging warmup path to ensure container is ready to receive requests., DetailsLevel: INFO
2026-08-26T12:53:10.0145207+00:00 ContainerStream: 
2026-08-26T12:53:10.0245900+00:00 ContainerStream:   .   ____          _            __ _ _
2026-08-26T12:53:10.0246077+00:00 ContainerStream:  /\\ / ___'_ __ _ _(_)_ __  __ _ \ \ \ \
2026-08-26T12:53:10.0246120+00:00 ContainerStream: ( ( )\___ | '_ | '_| | '_ \/ _` | \ \ \ \
2026-08-26T12:53:10.0246146+00:00 ContainerStream:  \\/  ___)| |_)| | | | | || (_| |  ) ) ) )
2026-08-26T12:53:10.0246175+00:00 ContainerStream:   '  |____| .__|_| |_|_| |_\__, | / / / /
2026-08-26T12:53:10.0246279+00:00 ContainerStream:  =========|_|==============|___/=/_/_/_/
2026-08-26T12:53:10.0246301+00:00 ContainerStream: 
2026-08-26T12:53:10.0508847+00:00 ContainerStream:  :: Spring Boot ::               (v3.5.13)
2026-08-26T12:53:10.0523172+00:00 ContainerStream: 
2026-08-26T12:53:11.0640720+00:00 ContainerStream: 2026-08-26T12:53:11.043Z  INFO 1 --- [           main] com.rvce.scas.ScasApplication            : Starting ScasApplication v0.0.1-SNAPSHOT using Java 17.0.20 with PID 1 (/app/app.jar started by root in /app)
2026-08-26T12:53:11.0925451+00:00 ContainerStream: 2026-08-26T12:53:11.092Z  INFO 1 --- [           main] com.rvce.scas.ScasApplication            : The following 1 profile is active: "prod"
2026-08-26T12:53:30.9345369+00:00 ContainerStream: 2026-08-26T12:53:30.933Z  INFO 1 --- [           main] .s.d.r.c.RepositoryConfigurationDelegate : Multiple Spring Data modules found, entering strict repository configuration mode
2026-08-26T12:53:30.9714737+00:00 ContainerStream: 2026-08-26T12:53:30.971Z  INFO 1 --- [           main] .s.d.r.c.RepositoryConfigurationDelegate : Bootstrapping Spring Data JPA repositories in DEFAULT mode.
2026-08-26T12:53:33.9571492+00:00 ContainerStream: 2026-08-26T12:53:33.956Z  INFO 1 --- [           main] .s.d.r.c.RepositoryConfigurationDelegate : Finished Spring Data repository scanning in 2826 ms. Found 12 JPA repository interfaces.
2026-08-26T12:53:34.2097992+00:00 ContainerStream: 2026-08-26T12:53:34.209Z  INFO 1 --- [           main] .s.d.r.c.RepositoryConfigurationDelegate : Multiple Spring Data modules found, entering strict repository configuration mode
2026-08-26T12:53:34.2321867+00:00 ContainerStream: 2026-08-26T12:53:34.231Z  INFO 1 --- [           main] .s.d.r.c.RepositoryConfigurationDelegate : Bootstrapping Spring Data Redis repositories in DEFAULT mode.
2026-08-26T12:53:34.4173796+00:00 ContainerStream: 2026-08-26T12:53:34.416Z  INFO 1 --- [           main] .RepositoryConfigurationExtensionSupport : Spring Data Redis - Could not safely identify store assignment for repository candidate interface com.rvce.scas.repository.DepartmentRepository; If you want this repository to be a Redis repository, consider annotating your entities with one of these annotations: org.springframework.data.redis.core.RedisHash (preferred), or consider extending one of the following types with your repository: org.springframework.data.keyvalue.repository.KeyValueRepository
2026-08-26T12:53:34.4323495+00:00 ContainerStream: 2026-08-26T12:53:34.431Z  INFO 1 --- [           main] .RepositoryConfigurationExtensionSupport : Spring Data Redis - Could not safely identify store assignment for repository candidate interface com.rvce.scas.repository.ExamHallRepository; If you want this repository to be a Redis repository, consider annotating your entities with one of these annotations: org.springframework.data.redis.core.RedisHash (preferred), or consider extending one of the following types with your repository: org.springframework.data.keyvalue.repository.KeyValueRepository
2026-08-26T12:53:34.4411434+00:00 ContainerStream: 2026-08-26T12:53:34.440Z  INFO 1 --- [           main] .RepositoryConfigurationExtensionSupport : Spring Data Redis - Could not safely identify store assignment for repository candidate interface com.rvce.scas.repository.ExamSeatRepository; If you want this repository to be a Redis repository, consider annotating your entities with one of these annotations: org.springframework.data.redis.core.RedisHash (preferred), or consider extending one of the following types with your repository: org.springframework.data.keyvalue.repository.KeyValueRepository
2026-08-26T12:53:34.4496297+00:00 ContainerStream: 2026-08-26T12:53:34.449Z  INFO 1 --- [           main] .RepositoryConfigurationExtensionSupport : Spring Data Redis - Could not safely identify store assignment for repository candidate interface com.rvce.scas.repository.ExamSessionRepository; If you want this repository to be a Redis repository, consider annotating your entities with one of these annotations: org.springframework.data.redis.core.RedisHash (preferred), or consider extending one of the following types with your repository: org.springframework.data.keyvalue.repository.KeyValueRepository
2026-08-26T12:53:34.4521217+00:00 ContainerStream: 2026-08-26T12:53:34.451Z  INFO 1 --- [           main] .RepositoryConfigurationExtensionSupport : Spring Data Redis - Could not safely identify store assignment for repository candidate interface com.rvce.scas.repository.ExamStudentRepository; If you want this repository to be a Redis repository, consider annotating your entities with one of these annotations: org.springframework.data.redis.core.RedisHash (preferred), or consider extending one of the following types with your repository: org.springframework.data.keyvalue.repository.KeyValueRepository
2026-08-26T12:53:34.4675871+00:00 ContainerStream: 2026-08-26T12:53:34.467Z  INFO 1 --- [           main] .RepositoryConfigurationExtensionSupport : Spring Data Redis - Could not safely identify store assignment for repository candidate interface com.rvce.scas.repository.NotificationRepository; If you want this repository to be a Redis repository, consider annotating your entities with one of these annotations: org.springframework.data.redis.core.RedisHash (preferred), or consider extending one of the following types with your repository: org.springframework.data.keyvalue.repository.KeyValueRepository
2026-08-26T12:53:34.4687613+00:00 ContainerStream: 2026-08-26T12:53:34.468Z  INFO 1 --- [           main] .RepositoryConfigurationExtensionSupport : Spring Data Redis - Could not safely identify store assignment for repository candidate interface com.rvce.scas.repository.PasswordResetTokenRepository; If you want this repository to be a Redis repository, consider annotating your entities with one of these annotations: org.springframework.data.redis.core.RedisHash (preferred), or consider extending one of the following types with your repository: org.springframework.data.keyvalue.repository.KeyValueRepository
2026-08-26T12:53:34.4752596+00:00 ContainerStream: 2026-08-26T12:53:34.469Z  INFO 1 --- [           main] .RepositoryConfigurationExtensionSupport : Spring Data Redis - Could not safely identify store assignment for repository candidate interface com.rvce.scas.repository.RoleRepository; If you want this repository to be a Redis repository, consider annotating your entities with one of these annotations: org.springframework.data.redis.core.RedisHash (preferred), or consider extending one of the following types with your repository: org.springframework.data.keyvalue.repository.KeyValueRepository
2026-08-26T12:53:34.4764368+00:00 ContainerStream: 2026-08-26T12:53:34.476Z  INFO 1 --- [           main] .RepositoryConfigurationExtensionSupport : Spring Data Redis - Could not safely identify store assignment for repository candidate interface com.rvce.scas.repository.RoomRepository; If you want this repository to be a Redis repository, consider annotating your entities with one of these annotations: org.springframework.data.redis.core.RedisHash (preferred), or consider extending one of the following types with your repository: org.springframework.data.keyvalue.repository.KeyValueRepository
2026-08-26T12:53:34.4774047+00:00 ContainerStream: 2026-08-26T12:53:34.477Z  INFO 1 --- [           main] .RepositoryConfigurationExtensionSupport : Spring Data Redis - Could not safely identify store assignment for repository candidate interface com.rvce.scas.repository.TimetableSlotRepository; If you want this repository to be a Redis repository, consider annotating your entities with one of these annotations: org.springframework.data.redis.core.RedisHash (preferred), or consider extending one of the following types with your repository: org.springframework.data.keyvalue.repository.KeyValueRepository
2026-08-26T12:53:34.4782577+00:00 ContainerStream: 2026-08-26T12:53:34.478Z  INFO 1 --- [           main] .RepositoryConfigurationExtensionSupport : Spring Data Redis - Could not safely identify store assignment for repository candidate interface com.rvce.scas.repository.UserRepository; If you want this repository to be a Redis repository, consider annotating your entities with one of these annotations: org.springframework.data.redis.core.RedisHash (preferred), or consider extending one of the following types with your repository: org.springframework.data.keyvalue.repository.KeyValueRepository
2026-08-26T12:53:34.4846060+00:00 ContainerStream: 2026-08-26T12:53:34.484Z  INFO 1 --- [           main] .RepositoryConfigurationExtensionSupport : Spring Data Redis - Could not safely identify store assignment for repository candidate interface com.rvce.scas.repository.UserRoleRepository; If you want this repository to be a Redis repository, consider annotating your entities with one of these annotations: org.springframework.data.redis.core.RedisHash (preferred), or consider extending one of the following types with your repository: org.springframework.data.keyvalue.repository.KeyValueRepository
2026-08-26T12:53:34.4859716+00:00 ContainerStream: 2026-08-26T12:53:34.485Z  INFO 1 --- [           main] .s.d.r.c.RepositoryConfigurationDelegate : Finished Spring Data repository scanning in 173 ms. Found 0 Redis repository interfaces.
2026-08-26T12:53:42.9492001+00:00 ContainerStream: 2026-08-26T12:53:42.948Z  INFO 1 --- [           main] o.s.b.w.embedded.tomcat.TomcatWebServer  : Tomcat initialized with port 8080 (http)
2026-08-26T12:53:43.1608777+00:00 ContainerStream: 2026-08-26T12:53:43.160Z  INFO 1 --- [           main] o.apache.catalina.core.StandardService   : Starting service [Tomcat]
2026-08-26T12:53:43.1713973+00:00 ContainerStream: 2026-08-26T12:53:43.170Z  INFO 1 --- [           main] o.apache.catalina.core.StandardEngine    : Starting Servlet engine: [Apache Tomcat/10.1.53]
2026-08-26T12:53:44.4446901+00:00 ContainerStream: 2026-08-26T12:53:44.443Z  INFO 1 --- [           main] o.a.c.c.C.[Tomcat].[localhost].[/]       : Initializing Spring embedded WebApplicationContext
2026-08-26T12:53:44.4555545+00:00 ContainerStream: 2026-08-26T12:53:44.455Z  INFO 1 --- [           main] w.s.c.ServletWebServerApplicationContext : Root WebApplicationContext: initialization completed in 32685 ms
2026-08-26T12:54:07.7384440+00:00 ContainerStream: 2026-08-26T12:54:07.728Z  INFO 1 --- [           main] com.zaxxer.hikari.HikariDataSource       : HikariPool-1 - Starting...
2026-08-26T12:54:11.2901172+00:00 ContainerStream: 2026-08-26T12:54:11.289Z  INFO 1 --- [           main] com.zaxxer.hikari.pool.HikariPool        : HikariPool-1 - Added connection org.postgresql.jdbc.PgConnection@509e4902
2026-08-26T12:54:11.3466215+00:00 ContainerStream: 2026-08-26T12:54:11.338Z  INFO 1 --- [           main] com.zaxxer.hikari.HikariDataSource       : HikariPool-1 - Start completed.
2026-08-26T12:54:12.1432881+00:00 ContainerStream: 2026-08-26T12:54:12.142Z  INFO 1 --- [           main] org.flywaydb.core.FlywayExecutor         : Database: jdbc:postgresql://scas-postgres-k23.postgres.database.azure.com:5432/scasdb?sslmode=require (PostgreSQL 16.14)
2026-08-26T12:54:13.1428709+00:00 ContainerStream: 2026-08-26T12:54:13.142Z  INFO 1 --- [           main] o.f.core.internal.command.DbValidate     : Successfully validated 27 migrations (execution time 00:00.655s)
2026-08-26T12:54:13.3339852+00:00 ContainerStream: 2026-08-26T12:54:13.325Z  INFO 1 --- [           main] o.f.core.internal.command.DbMigrate      : Current version of schema "public": << Empty Schema >>
2026-08-26T12:54:13.6979261+00:00 ContainerStream: 2026-08-26T12:54:13.697Z  INFO 1 --- [           main] o.f.core.internal.command.DbMigrate      : Migrating schema "public" to version "1 - users roles"
2026-08-26T12:54:13.8844417+00:00 ContainerStream: 2026-08-26T12:54:13.825Z  WARN 1 --- [           main] com.zaxxer.hikari.pool.ProxyConnection   : HikariPool-1 - Connection org.postgresql.jdbc.PgConnection@24ac87a marked as broken because of SQLSTATE(0A000), ErrorCode(0)
2026-08-26T12:54:13.8844921+00:00 ContainerStream: 
2026-08-26T12:54:13.8844979+00:00 ContainerStream: org.postgresql.util.PSQLException: ERROR: extension "pgcrypto" is not allow-listed for users in Azure Database for PostgreSQL
2026-08-26T12:54:13.8845094+00:00 ContainerStream:   Hint: to learn how to allow an extension or see the list of allowed extensions, please refer to https://go.microsoft.com/fwlink/?linkid=2301063
2026-08-26T12:54:13.8845121+00:00 ContainerStream: 	at org.postgresql.core.v3.QueryExecutorImpl.receiveErrorResponse(QueryExecutorImpl.java:2875) ~[postgresql-42.7.10.jar!/:42.7.10]
2026-08-26T12:54:13.8845145+00:00 ContainerStream: 	at org.postgresql.core.v3.QueryExecutorImpl.processResults(QueryExecutorImpl.java:2560) ~[postgresql-42.7.10.jar!/:42.7.10]
2026-08-26T12:54:13.8845169+00:00 ContainerStream: 	at org.postgresql.core.v3.QueryExecutorImpl.execute(QueryExecutorImpl.java:429) ~[postgresql-42.7.10.jar!/:42.7.10]
2026-08-26T12:54:13.8845194+00:00 ContainerStream: 	at org.postgresql.jdbc.PgStatement.executeInternal(PgStatement.java:526) ~[postgresql-42.7.10.jar!/:42.7.10]
2026-08-26T12:54:13.8845240+00:00 ContainerStream: 	at org.postgresql.jdbc.PgStatement.execute(PgStatement.java:436) ~[postgresql-42.7.10.jar!/:42.7.10]
2026-08-26T12:54:13.8845281+00:00 ContainerStream: 	at org.postgresql.jdbc.PgStatement.executeWithFlags(PgStatement.java:358) ~[postgresql-42.7.10.jar!/:42.7.10]
2026-08-26T12:54:13.8845305+00:00 ContainerStream: 	at org.postgresql.jdbc.PgStatement.executeCachedSql(PgStatement.java:343) ~[postgresql-42.7.10.jar!/:42.7.10]
2026-08-26T12:54:13.8845329+00:00 ContainerStream: 	at org.postgresql.jdbc.PgStatement.executeWithFlags(PgStatement.java:319) ~[postgresql-42.7.10.jar!/:42.7.10]
2026-08-26T12:54:13.8845352+00:00 ContainerStream: 	at org.postgresql.jdbc.PgStatement.execute(PgStatement.java:314) ~[postgresql-42.7.10.jar!/:42.7.10]
2026-08-26T12:54:13.8845375+00:00 ContainerStream: 	at com.zaxxer.hikari.pool.ProxyStatement.execute(ProxyStatement.java:95) ~[HikariCP-6.3.3.jar!/:na]
2026-08-26T12:54:13.8845425+00:00 ContainerStream: 	at com.zaxxer.hikari.pool.HikariProxyStatement.execute(HikariProxyStatement.java) ~[HikariCP-6.3.3.jar!/:na]
2026-08-26T12:54:13.8845451+00:00 ContainerStream: 	at org.flywaydb.core.internal.jdbc.JdbcTemplate.executeStatement(JdbcTemplate.java:215) ~[flyway-core-11.7.2.jar!/:na]
2026-08-26T12:54:13.8845475+00:00 ContainerStream: 	at org.flywaydb.core.internal.sqlscript.ParsedSqlStatement.execute(ParsedSqlStatement.java:88) ~[flyway-core-11.7.2.jar!/:na]
2026-08-26T12:54:13.8845505+00:00 ContainerStream: 	at org.flywaydb.core.internal.sqlscript.DefaultSqlScriptExecutor.executeStatement(DefaultSqlScriptExecutor.java:212) ~[flyway-core-11.7.2.jar!/:na]
2026-08-26T12:54:13.8845552+00:00 ContainerStream: 	at org.flywaydb.core.internal.sqlscript.DefaultSqlScriptExecutor.execute(DefaultSqlScriptExecutor.java:137) ~[flyway-core-11.7.2.jar!/:na]
2026-08-26T12:54:13.8845579+00:00 ContainerStream: 	at org.flywaydb.core.internal.resolver.sql.SqlMigrationExecutor.executeOnce(SqlMigrationExecutor.java:75) ~[flyway-core-11.7.2.jar!/:na]
2026-08-26T12:54:13.8845604+00:00 ContainerStream: 	at org.flywaydb.core.internal.resolver.sql.SqlMigrationExecutor.lambda$execute$0(SqlMigrationExecutor.java:66) ~[flyway-core-11.7.2.jar!/:na]
2026-08-26T12:54:13.8845630+00:00 ContainerStream: 	at org.flywaydb.core.internal.database.DefaultExecutionStrategy.execute(DefaultExecutionStrategy.java:31) ~[flyway-core-11.7.2.jar!/:na]
2026-08-26T12:54:13.8845655+00:00 ContainerStream: 	at org.flywaydb.core.internal.resolver.sql.SqlMigrationExecutor.execute(SqlMigrationExecutor.java:65) ~[flyway-core-11.7.2.jar!/:na]
2026-08-26T12:54:13.8845699+00:00 ContainerStream: 	at org.flywaydb.core.internal.command.DbMigrate.doMigrateGroup(DbMigrate.java:391) ~[flyway-core-11.7.2.jar!/:na]
2026-08-26T12:54:13.8845723+00:00 ContainerStream: 	at org.flywaydb.core.internal.command.DbMigrate.lambda$applyMigrations$1(DbMigrate.java:283) ~[flyway-core-11.7.2.jar!/:na]
2026-08-26T12:54:13.8845749+00:00 ContainerStream: 	at org.flywaydb.core.internal.jdbc.TransactionalExecutionTemplate.execute(TransactionalExecutionTemplate.java:59) ~[flyway-core-11.7.2.jar!/:na]
2026-08-26T12:54:13.8845772+00:00 ContainerStream: 	at org.flywaydb.core.internal.command.DbMigrate.applyMigrations(DbMigrate.java:282) ~[flyway-core-11.7.2.jar!/:na]
2026-08-26T12:54:13.8845796+00:00 ContainerStream: 	at org.flywaydb.core.internal.command.DbMigrate.migrateGroup(DbMigrate.java:255) ~[flyway-core-11.7.2.jar!/:na]
2026-08-26T12:54:13.8845819+00:00 ContainerStream: 	at org.flywaydb.core.internal.command.DbMigrate.lambda$migrateAll$0(DbMigrate.java:153) ~[flyway-core-11.7.2.jar!/:na]
2026-08-26T12:54:13.8845863+00:00 ContainerStream: 	at org.flywaydb.database.postgresql.PostgreSQLAdvisoryLockTemplate.execute(PostgreSQLAdvisoryLockTemplate.java:77) ~[flyway-database-postgresql-11.7.2.jar!/:na]
2026-08-26T12:54:13.8845891+00:00 ContainerStream: 	at org.flywaydb.database.postgresql.PostgreSQLAdvisoryLockTemplate.lambda$execute$0(PostgreSQLAdvisoryLockTemplate.java:60) ~[flyway-database-postgresql-11.7.2.jar!/:na]
2026-08-26T12:54:13.8845916+00:00 ContainerStream: 	at org.flywaydb.core.internal.jdbc.TransactionalExecutionTemplate.execute(TransactionalExecutionTemplate.java:59) ~[flyway-core-11.7.2.jar!/:na]
2026-08-26T12:54:13.8849747+00:00 ContainerStream: 	at org.flywaydb.database.postgresql.PostgreSQLAdvisoryLockTemplate.execute(PostgreSQLAdvisoryLockTemplate.java:60) ~[flyway-database-postgresql-11.7.2.jar!/:na]
2026-08-26T12:54:13.8849974+00:00 ContainerStream: 	at org.flywaydb.database.postgresql.PostgreSQLConnection.lock(PostgreSQLConnection.java:105) ~[flyway-database-postgresql-11.7.2.jar!/:na]
2026-08-26T12:54:13.8850010+00:00 ContainerStream: 	at org.flywaydb.core.internal.schemahistory.JdbcTableSchemaHistory.lock(JdbcTableSchemaHistory.java:164) ~[flyway-core-11.7.2.jar!/:na]
2026-08-26T12:54:13.8850034+00:00 ContainerStream: 	at org.flywaydb.core.internal.command.DbMigrate.migrateAll(DbMigrate.java:153) ~[flyway-core-11.7.2.jar!/:na]
2026-08-26T12:54:13.8850061+00:00 ContainerStream: 	at org.flywaydb.core.internal.command.DbMigrate.migrate(DbMigrate.java:104) ~[flyway-core-11.7.2.jar!/:na]
2026-08-26T12:54:13.8850105+00:00 ContainerStream: 	at org.flywaydb.core.Flyway.lambda$migrate$1(Flyway.java:247) ~[flyway-core-11.7.2.jar!/:na]
2026-08-26T12:54:13.8850130+00:00 ContainerStream: 	at org.flywaydb.core.FlywayExecutor.execute(FlywayExecutor.java:210) ~[flyway-core-11.7.2.jar!/:na]
2026-08-26T12:54:13.8850153+00:00 ContainerStream: 	at org.flywaydb.core.Flyway.migrate(Flyway.java:188) ~[flyway-core-11.7.2.jar!/:na]
2026-08-26T12:54:13.8850181+00:00 ContainerStream: 	at org.springframework.boot.autoconfigure.flyway.FlywayMigrationInitializer.afterPropertiesSet(FlywayMigrationInitializer.java:66) ~[spring-boot-autoconfigure-3.5.13.jar!/:3.5.13]
2026-08-26T12:54:13.8850208+00:00 ContainerStream: 	at org.springframework.beans.factory.support.AbstractAutowireCapableBeanFactory.invokeInitMethods(AbstractAutowireCapableBeanFactory.java:1873) ~[spring-beans-6.2.17.jar!/:6.2.17]
2026-08-26T12:54:13.8850235+00:00 ContainerStream: 	at org.springframework.beans.factory.support.AbstractAutowireCapableBeanFactory.initializeBean(AbstractAutowireCapableBeanFactory.java:1822) ~[spring-beans-6.2.17.jar!/:6.2.17]
2026-08-26T12:54:13.8850284+00:00 ContainerStream: 	at org.springframework.beans.factory.support.AbstractAutowireCapableBeanFactory.doCreateBean(AbstractAutowireCapableBeanFactory.java:607) ~[spring-beans-6.2.17.jar!/:6.2.17]
2026-08-26T12:54:13.8850312+00:00 ContainerStream: 	at org.springframework.beans.factory.support.AbstractAutowireCapableBeanFactory.createBean(AbstractAutowireCapableBeanFactory.java:529) ~[spring-beans-6.2.17.jar!/:6.2.17]
2026-08-26T12:54:13.8850338+00:00 ContainerStream: 	at org.springframework.beans.factory.support.AbstractBeanFactory.lambda$doGetBean$0(AbstractBeanFactory.java:339) ~[spring-beans-6.2.17.jar!/:6.2.17]
2026-08-26T12:54:13.8850365+00:00 ContainerStream: 	at org.springframework.beans.factory.support.DefaultSingletonBeanRegistry.getSingleton(DefaultSingletonBeanRegistry.java:373) ~[spring-beans-6.2.17.jar!/:6.2.17]
2026-08-26T12:54:13.8850409+00:00 ContainerStream: 	at org.springframework.beans.factory.support.AbstractBeanFactory.doGetBean(AbstractBeanFactory.java:337) ~[spring-beans-6.2.17.jar!/:6.2.17]
2026-08-26T12:54:13.8850436+00:00 ContainerStream: 	at org.springframework.beans.factory.support.AbstractBeanFactory.getBean(AbstractBeanFactory.java:202) ~[spring-beans-6.2.17.jar!/:6.2.17]
2026-08-26T12:54:13.8850461+00:00 ContainerStream: 	at org.springframework.beans.factory.support.AbstractBeanFactory.doGetBean(AbstractBeanFactory.java:315) ~[spring-beans-6.2.17.jar!/:6.2.17]
2026-08-26T12:54:13.8850488+00:00 ContainerStream: 	at org.springframework.beans.factory.support.AbstractBeanFactory.getBean(AbstractBeanFactory.java:207) ~[spring-beans-6.2.17.jar!/:6.2.17]
2026-08-26T12:54:13.8850515+00:00 ContainerStream: 	at org.springframework.context.support.AbstractApplicationContext.finishBeanFactoryInitialization(AbstractApplicationContext.java:974) ~[spring-context-6.2.17.jar!/:6.2.17]
2026-08-26T12:54:13.8850560+00:00 ContainerStream: 	at org.springframework.context.support.AbstractApplicationContext.refresh(AbstractApplicationContext.java:628) ~[spring-context-6.2.17.jar!/:6.2.17]
2026-08-26T12:54:13.8850588+00:00 ContainerStream: 	at org.springframework.boot.web.servlet.context.ServletWebServerApplicationContext.refresh(ServletWebServerApplicationContext.java:146) ~[spring-boot-3.5.13.jar!/:3.5.13]
2026-08-26T12:54:13.8850614+00:00 ContainerStream: 	at org.springframework.boot.SpringApplication.refresh(SpringApplication.java:752) ~[spring-boot-3.5.13.jar!/:3.5.13]
2026-08-26T12:54:13.8850638+00:00 ContainerStream: 	at org.springframework.boot.SpringApplication.refreshContext(SpringApplication.java:439) ~[spring-boot-3.5.13.jar!/:3.5.13]
2026-08-26T12:54:13.8850662+00:00 ContainerStream: 	at org.springframework.boot.SpringApplication.run(SpringApplication.java:318) ~[spring-boot-3.5.13.jar!/:3.5.13]
2026-08-26T12:54:13.8850686+00:00 ContainerStream: 	at org.springframework.boot.SpringApplication.run(SpringApplication.java:1361) ~[spring-boot-3.5.13.jar!/:3.5.13]
2026-08-26T12:54:13.8850729+00:00 ContainerStream: 	at org.springframework.boot.SpringApplication.run(SpringApplication.java:1350) ~[spring-boot-3.5.13.jar!/:3.5.13]
2026-08-26T12:54:13.8850752+00:00 ContainerStream: 	at com.rvce.scas.ScasApplication.main(ScasApplication.java:20) ~[!/:0.0.1-SNAPSHOT]
2026-08-26T12:54:13.8850776+00:00 ContainerStream: 	at java.base/jdk.internal.reflect.NativeMethodAccessorImpl.invoke0(Native Method) ~[na:na]
2026-08-26T12:54:13.8850799+00:00 ContainerStream: 	at java.base/jdk.internal.reflect.NativeMethodAccessorImpl.invoke(Unknown Source) ~[na:na]
2026-08-26T12:54:13.8850823+00:00 ContainerStream: 	at java.base/jdk.internal.reflect.DelegatingMethodAccessorImpl.invoke(Unknown Source) ~[na:na]
2026-08-26T12:54:13.8850929+00:00 ContainerStream: 	at java.base/java.lang.reflect.Method.invoke(Unknown Source) ~[na:na]
2026-08-26T12:54:13.8850959+00:00 ContainerStream: 	at org.springframework.boot.loader.launch.Launcher.launch(Launcher.java:106) ~[app.jar:0.0.1-SNAPSHOT]
2026-08-26T12:54:13.8850987+00:00 ContainerStream: 	at org.springframework.boot.loader.launch.Launcher.launch(Launcher.java:64) ~[app.jar:0.0.1-SNAPSHOT]
2026-08-26T12:54:13.8851030+00:00 ContainerStream: 	at org.springframework.boot.loader.launch.JarLauncher.main(JarLauncher.java:40) ~[app.jar:0.0.1-SNAPSHOT]
2026-08-26T12:54:13.8851051+00:00 ContainerStream: 
2026-08-26T12:54:14.0197071+00:00 ContainerStream: 2026-08-26T12:54:13.991Z ERROR 1 --- [           main] o.f.c.i.j.TransactionalExecutionTemplate : Unable to rollback transaction
2026-08-26T12:54:14.0197592+00:00 ContainerStream: 
2026-08-26T12:54:14.0197646+00:00 ContainerStream: java.sql.SQLException: Connection is closed
2026-08-26T12:54:14.0197684+00:00 ContainerStream: 	at com.zaxxer.hikari.pool.ProxyConnection$ClosedConnection.lambda$getClosedConnection$0(ProxyConnection.java:562) ~[HikariCP-6.3.3.jar!/:na]
2026-08-26T12:54:14.0197789+00:00 ContainerStream: 	at jdk.proxy3/jdk.proxy3.$Proxy119.rollback(Unknown Source) ~[na:na]
2026-08-26T12:54:14.0197816+00:00 ContainerStream: 	at com.zaxxer.hikari.pool.ProxyConnection.rollback(ProxyConnection.java:386) ~[HikariCP-6.3.3.jar!/:na]
2026-08-26T12:54:14.0197842+00:00 ContainerStream: 	at com.zaxxer.hikari.pool.HikariProxyConnection.rollback(HikariProxyConnection.java) ~[HikariCP-6.3.3.jar!/:na]
2026-08-26T12:54:14.0197869+00:00 ContainerStream: 	at org.flywaydb.core.internal.jdbc.TransactionalExecutionTemplate.execute(TransactionalExecutionTemplate.java:75) ~[flyway-core-11.7.2.jar!/:na]
2026-08-26T12:54:14.0197895+00:00 ContainerStream: 	at org.flywaydb.core.internal.command.DbMigrate.applyMigrations(DbMigrate.java:282) ~[flyway-core-11.7.2.jar!/:na]
2026-08-26T12:54:14.0197921+00:00 ContainerStream: 	at org.flywaydb.core.internal.command.DbMigrate.migrateGroup(DbMigrate.java:255) ~[flyway-core-11.7.2.jar!/:na]
2026-08-26T12:54:14.0197970+00:00 ContainerStream: 	at org.flywaydb.core.internal.command.DbMigrate.lambda$migrateAll$0(DbMigrate.java:153) ~[flyway-core-11.7.2.jar!/:na]
2026-08-26T12:54:14.0197998+00:00 ContainerStream: 	at org.flywaydb.database.postgresql.PostgreSQLAdvisoryLockTemplate.execute(PostgreSQLAdvisoryLockTemplate.java:77) ~[flyway-database-postgresql-11.7.2.jar!/:na]
2026-08-26T12:54:14.0198027+00:00 ContainerStream: 	at org.flywaydb.database.postgresql.PostgreSQLAdvisoryLockTemplate.lambda$execute$0(PostgreSQLAdvisoryLockTemplate.java:60) ~[flyway-database-postgresql-11.7.2.jar!/:na]
2026-08-26T12:54:14.0198054+00:00 ContainerStream: 	at org.flywaydb.core.internal.jdbc.TransactionalExecutionTemplate.execute(TransactionalExecutionTemplate.java:59) ~[flyway-core-11.7.2.jar!/:na]
2026-08-26T12:54:14.0198082+00:00 ContainerStream: 	at org.flywaydb.database.postgresql.PostgreSQLAdvisoryLockTemplate.execute(PostgreSQLAdvisoryLockTemplate.java:60) ~[flyway-database-postgresql-11.7.2.jar!/:na]
2026-08-26T12:54:14.0198129+00:00 ContainerStream: 	at org.flywaydb.database.postgresql.PostgreSQLConnection.lock(PostgreSQLConnection.java:105) ~[flyway-database-postgresql-11.7.2.jar!/:na]
2026-08-26T12:54:14.0198156+00:00 ContainerStream: 	at org.flywaydb.core.internal.schemahistory.JdbcTableSchemaHistory.lock(JdbcTableSchemaHistory.java:164) ~[flyway-core-11.7.2.jar!/:na]
2026-08-26T12:54:14.0198180+00:00 ContainerStream: 	at org.flywaydb.core.internal.command.DbMigrate.migrateAll(DbMigrate.java:153) ~[flyway-core-11.7.2.jar!/:na]
2026-08-26T12:54:14.0198205+00:00 ContainerStream: 	at org.flywaydb.core.internal.command.DbMigrate.migrate(DbMigrate.java:104) ~[flyway-core-11.7.2.jar!/:na]
2026-08-26T12:54:14.0198229+00:00 ContainerStream: 	at org.flywaydb.core.Flyway.lambda$migrate$1(Flyway.java:247) ~[flyway-core-11.7.2.jar!/:na]
2026-08-26T12:54:14.0198273+00:00 ContainerStream: 	at org.flywaydb.core.FlywayExecutor.execute(FlywayExecutor.java:210) ~[flyway-core-11.7.2.jar!/:na]
2026-08-26T12:54:14.0198297+00:00 ContainerStream: 	at org.flywaydb.core.Flyway.migrate(Flyway.java:188) ~[flyway-core-11.7.2.jar!/:na]
2026-08-26T12:54:14.0198327+00:00 ContainerStream: 	at org.springframework.boot.autoconfigure.flyway.FlywayMigrationInitializer.afterPropertiesSet(FlywayMigrationInitializer.java:66) ~[spring-boot-autoconfigure-3.5.13.jar!/:3.5.13]
2026-08-26T12:54:14.0198356+00:00 ContainerStream: 	at org.springframework.beans.factory.support.AbstractAutowireCapableBeanFactory.invokeInitMethods(AbstractAutowireCapableBeanFactory.java:1873) ~[spring-beans-6.2.17.jar!/:6.2.17]
2026-08-26T12:54:14.0198384+00:00 ContainerStream: 	at org.springframework.beans.factory.support.AbstractAutowireCapableBeanFactory.initializeBean(AbstractAutowireCapableBeanFactory.java:1822) ~[spring-beans-6.2.17.jar!/:6.2.17]
2026-08-26T12:54:14.0198435+00:00 ContainerStream: 	at org.springframework.beans.factory.support.AbstractAutowireCapableBeanFactory.doCreateBean(AbstractAutowireCapableBeanFactory.java:607) ~[spring-beans-6.2.17.jar!/:6.2.17]
2026-08-26T12:54:14.0198463+00:00 ContainerStream: 	at org.springframework.beans.factory.support.AbstractAutowireCapableBeanFactory.createBean(AbstractAutowireCapableBeanFactory.java:529) ~[spring-beans-6.2.17.jar!/:6.2.17]
2026-08-26T12:54:14.0198489+00:00 ContainerStream: 	at org.springframework.beans.factory.support.AbstractBeanFactory.lambda$doGetBean$0(AbstractBeanFactory.java:339) ~[spring-beans-6.2.17.jar!/:6.2.17]
2026-08-26T12:54:14.0198517+00:00 ContainerStream: 	at org.springframework.beans.factory.support.DefaultSingletonBeanRegistry.getSingleton(DefaultSingletonBeanRegistry.java:373) ~[spring-beans-6.2.17.jar!/:6.2.17]
2026-08-26T12:54:14.0198544+00:00 ContainerStream: 	at org.springframework.beans.factory.support.AbstractBeanFactory.doGetBean(AbstractBeanFactory.java:337) ~[spring-beans-6.2.17.jar!/:6.2.17]
2026-08-26T12:54:14.0198591+00:00 ContainerStream: 	at org.springframework.beans.factory.support.AbstractBeanFactory.getBean(AbstractBeanFactory.java:202) ~[spring-beans-6.2.17.jar!/:6.2.17]
2026-08-26T12:54:14.0198804+00:00 ContainerStream: 	at org.springframework.beans.factory.support.AbstractBeanFactory.doGetBean(AbstractBeanFactory.java:315) ~[spring-beans-6.2.17.jar!/:6.2.17]
2026-08-26T12:54:14.0198838+00:00 ContainerStream: 	at org.springframework.beans.factory.support.AbstractBeanFactory.getBean(AbstractBeanFactory.java:207) ~[spring-beans-6.2.17.jar!/:6.2.17]
2026-08-26T12:54:14.0198866+00:00 ContainerStream: 	at org.springframework.context.support.AbstractApplicationContext.finishBeanFactoryInitialization(AbstractApplicationContext.java:974) ~[spring-context-6.2.17.jar!/:6.2.17]
2026-08-26T12:54:14.0198893+00:00 ContainerStream: 	at org.springframework.context.support.AbstractApplicationContext.refresh(AbstractApplicationContext.java:628) ~[spring-context-6.2.17.jar!/:6.2.17]
2026-08-26T12:54:14.0198949+00:00 ContainerStream: 	at org.springframework.boot.web.servlet.context.ServletWebServerApplicationContext.refresh(ServletWebServerApplicationContext.java:146) ~[spring-boot-3.5.13.jar!/:3.5.13]
2026-08-26T12:54:14.0198976+00:00 ContainerStream: 	at org.springframework.boot.SpringApplication.refresh(SpringApplication.java:752) ~[spring-boot-3.5.13.jar!/:3.5.13]
2026-08-26T12:54:14.0199001+00:00 ContainerStream: 	at org.springframework.boot.SpringApplication.refreshContext(SpringApplication.java:439) ~[spring-boot-3.5.13.jar!/:3.5.13]
2026-08-26T12:54:14.0199027+00:00 ContainerStream: 	at org.springframework.boot.SpringApplication.run(SpringApplication.java:318) ~[spring-boot-3.5.13.jar!/:3.5.13]
2026-08-26T12:54:14.0199052+00:00 ContainerStream: 	at org.springframework.boot.SpringApplication.run(SpringApplication.java:1361) ~[spring-boot-3.5.13.jar!/:3.5.13]
2026-08-26T12:54:14.0199095+00:00 ContainerStream: 	at org.springframework.boot.SpringApplication.run(SpringApplication.java:1350) ~[spring-boot-3.5.13.jar!/:3.5.13]
2026-08-26T12:54:14.0199119+00:00 ContainerStream: 	at com.rvce.scas.ScasApplication.main(ScasApplication.java:20) ~[!/:0.0.1-SNAPSHOT]
2026-08-26T12:54:14.0199142+00:00 ContainerStream: 	at java.base/jdk.internal.reflect.NativeMethodAccessorImpl.invoke0(Native Method) ~[na:na]
2026-08-26T12:54:14.0199167+00:00 ContainerStream: 	at java.base/jdk.internal.reflect.NativeMethodAccessorImpl.invoke(Unknown Source) ~[na:na]
2026-08-26T12:54:14.0199192+00:00 ContainerStream: 	at java.base/jdk.internal.reflect.DelegatingMethodAccessorImpl.invoke(Unknown Source) ~[na:na]
2026-08-26T12:54:14.0199215+00:00 ContainerStream: 	at java.base/java.lang.reflect.Method.invoke(Unknown Source) ~[na:na]
2026-08-26T12:54:14.0199258+00:00 ContainerStream: 	at org.springframework.boot.loader.launch.Launcher.launch(Launcher.java:106) ~[app.jar:0.0.1-SNAPSHOT]
2026-08-26T12:54:14.0199283+00:00 ContainerStream: 	at org.springframework.boot.loader.launch.Launcher.launch(Launcher.java:64) ~[app.jar:0.0.1-SNAPSHOT]
2026-08-26T12:54:14.0199481+00:00 ContainerStream: 	at org.springframework.boot.loader.launch.JarLauncher.main(JarLauncher.java:40) ~[app.jar:0.0.1-SNAPSHOT]
2026-08-26T12:54:14.0199500+00:00 ContainerStream: 
2026-08-26T12:54:14.0316521+00:00 ContainerStream: 2026-08-26T12:54:14.029Z ERROR 1 --- [           main] o.f.c.i.j.TransactionalExecutionTemplate : Unable to restore autocommit to original value for connection
2026-08-26T12:54:14.0316669+00:00 ContainerStream: 
2026-08-26T12:54:14.0316704+00:00 ContainerStream: java.sql.SQLException: Connection is closed
2026-08-26T12:54:14.0316765+00:00 ContainerStream: 	at com.zaxxer.hikari.pool.ProxyConnection$ClosedConnection.lambda$getClosedConnection$0(ProxyConnection.java:562) ~[HikariCP-6.3.3.jar!/:na]
2026-08-26T12:54:14.0316791+00:00 ContainerStream: 	at jdk.proxy3/jdk.proxy3.$Proxy119.setAutoCommit(Unknown Source) ~[na:na]
2026-08-26T12:54:14.0316816+00:00 ContainerStream: 	at com.zaxxer.hikari.pool.ProxyConnection.setAutoCommit(ProxyConnection.java:412) ~[HikariCP-6.3.3.jar!/:na]
2026-08-26T12:54:14.0316841+00:00 ContainerStream: 	at com.zaxxer.hikari.pool.HikariProxyConnection.setAutoCommit(HikariProxyConnection.java) ~[HikariCP-6.3.3.jar!/:na]
2026-08-26T12:54:14.0316867+00:00 ContainerStream: 	at org.flywaydb.core.internal.jdbc.TransactionalExecutionTemplate.execute(TransactionalExecutionTemplate.java:90) ~[flyway-core-11.7.2.jar!/:na]
2026-08-26T12:54:14.0316912+00:00 ContainerStream: 	at org.flywaydb.core.internal.command.DbMigrate.applyMigrations(DbMigrate.java:282) ~[flyway-core-11.7.2.jar!/:na]
2026-08-26T12:54:14.0316938+00:00 ContainerStream: 	at org.flywaydb.core.internal.command.DbMigrate.migrateGroup(DbMigrate.java:255) ~[flyway-core-11.7.2.jar!/:na]
2026-08-26T12:54:14.0316966+00:00 ContainerStream: 	at org.flywaydb.core.internal.command.DbMigrate.lambda$migrateAll$0(DbMigrate.java:153) ~[flyway-core-11.7.2.jar!/:na]
2026-08-26T12:54:14.0316995+00:00 ContainerStream: 	at org.flywaydb.database.postgresql.PostgreSQLAdvisoryLockTemplate.execute(PostgreSQLAdvisoryLockTemplate.java:77) ~[flyway-database-postgresql-11.7.2.jar!/:na]
2026-08-26T12:54:14.0317023+00:00 ContainerStream: 	at org.flywaydb.database.postgresql.PostgreSQLAdvisoryLockTemplate.lambda$execute$0(PostgreSQLAdvisoryLockTemplate.java:60) ~[flyway-database-postgresql-11.7.2.jar!/:na]
2026-08-26T12:54:14.0317070+00:00 ContainerStream: 	at org.flywaydb.core.internal.jdbc.TransactionalExecutionTemplate.execute(TransactionalExecutionTemplate.java:59) ~[flyway-core-11.7.2.jar!/:na]
2026-08-26T12:54:14.0317098+00:00 ContainerStream: 	at org.flywaydb.database.postgresql.PostgreSQLAdvisoryLockTemplate.execute(PostgreSQLAdvisoryLockTemplate.java:60) ~[flyway-database-postgresql-11.7.2.jar!/:na]
2026-08-26T12:54:14.0317124+00:00 ContainerStream: 	at org.flywaydb.database.postgresql.PostgreSQLConnection.lock(PostgreSQLConnection.java:105) ~[flyway-database-postgresql-11.7.2.jar!/:na]
2026-08-26T12:54:14.0317149+00:00 ContainerStream: 	at org.flywaydb.core.internal.schemahistory.JdbcTableSchemaHistory.lock(JdbcTableSchemaHistory.java:164) ~[flyway-core-11.7.2.jar!/:na]
2026-08-26T12:54:14.0317177+00:00 ContainerStream: 	at org.flywaydb.core.internal.command.DbMigrate.migrateAll(DbMigrate.java:153) ~[flyway-core-11.7.2.jar!/:na]
2026-08-26T12:54:14.0317202+00:00 ContainerStream: 	at org.flywaydb.core.internal.command.DbMigrate.migrate(DbMigrate.java:104) ~[flyway-core-11.7.2.jar!/:na]
2026-08-26T12:54:14.0317247+00:00 ContainerStream: 	at org.flywaydb.core.Flyway.lambda$migrate$1(Flyway.java:247) ~[flyway-core-11.7.2.jar!/:na]
2026-08-26T12:54:14.0317272+00:00 ContainerStream: 	at org.flywaydb.core.FlywayExecutor.execute(FlywayExecutor.java:210) ~[flyway-core-11.7.2.jar!/:na]
2026-08-26T12:54:14.0317295+00:00 ContainerStream: 	at org.flywaydb.core.Flyway.migrate(Flyway.java:188) ~[flyway-core-11.7.2.jar!/:na]
2026-08-26T12:54:14.0317324+00:00 ContainerStream: 	at org.springframework.boot.autoconfigure.flyway.FlywayMigrationInitializer.afterPropertiesSet(FlywayMigrationInitializer.java:66) ~[spring-boot-autoconfigure-3.5.13.jar!/:3.5.13]
2026-08-26T12:54:14.0317352+00:00 ContainerStream: 	at org.springframework.beans.factory.support.AbstractAutowireCapableBeanFactory.invokeInitMethods(AbstractAutowireCapableBeanFactory.java:1873) ~[spring-beans-6.2.17.jar!/:6.2.17]
2026-08-26T12:54:14.0317399+00:00 ContainerStream: 	at org.springframework.beans.factory.support.AbstractAutowireCapableBeanFactory.initializeBean(AbstractAutowireCapableBeanFactory.java:1822) ~[spring-beans-6.2.17.jar!/:6.2.17]
2026-08-26T12:54:14.0317427+00:00 ContainerStream: 	at org.springframework.beans.factory.support.AbstractAutowireCapableBeanFactory.doCreateBean(AbstractAutowireCapableBeanFactory.java:607) ~[spring-beans-6.2.17.jar!/:6.2.17]
2026-08-26T12:54:14.0317456+00:00 ContainerStream: 	at org.springframework.beans.factory.support.AbstractAutowireCapableBeanFactory.createBean(AbstractAutowireCapableBeanFactory.java:529) ~[spring-beans-6.2.17.jar!/:6.2.17]
2026-08-26T12:54:14.0317484+00:00 ContainerStream: 	at org.springframework.beans.factory.support.AbstractBeanFactory.lambda$doGetBean$0(AbstractBeanFactory.java:339) ~[spring-beans-6.2.17.jar!/:6.2.17]
2026-08-26T12:54:14.0317511+00:00 ContainerStream: 	at org.springframework.beans.factory.support.DefaultSingletonBeanRegistry.getSingleton(DefaultSingletonBeanRegistry.java:373) ~[spring-beans-6.2.17.jar!/:6.2.17]
2026-08-26T12:54:14.0317556+00:00 ContainerStream: 	at org.springframework.beans.factory.support.AbstractBeanFactory.doGetBean(AbstractBeanFactory.java:337) ~[spring-beans-6.2.17.jar!/:6.2.17]
2026-08-26T12:54:14.0317583+00:00 ContainerStream: 	at org.springframework.beans.factory.support.AbstractBeanFactory.getBean(AbstractBeanFactory.java:202) ~[spring-beans-6.2.17.jar!/:6.2.17]
2026-08-26T12:54:14.0317717+00:00 ContainerStream: 	at org.springframework.beans.factory.support.AbstractBeanFactory.doGetBean(AbstractBeanFactory.java:315) ~[spring-beans-6.2.17.jar!/:6.2.17]
2026-08-26T12:54:14.0317748+00:00 ContainerStream: 	at org.springframework.beans.factory.support.AbstractBeanFactory.getBean(AbstractBeanFactory.java:207) ~[spring-beans-6.2.17.jar!/:6.2.17]
2026-08-26T12:54:14.0317777+00:00 ContainerStream: 	at org.springframework.context.support.AbstractApplicationContext.finishBeanFactoryInitialization(AbstractApplicationContext.java:974) ~[spring-context-6.2.17.jar!/:6.2.17]
2026-08-26T12:54:14.0317830+00:00 ContainerStream: 	at org.springframework.context.support.AbstractApplicationContext.refresh(AbstractApplicationContext.java:628) ~[spring-context-6.2.17.jar!/:6.2.17]
2026-08-26T12:54:14.0317858+00:00 ContainerStream: 	at org.springframework.boot.web.servlet.context.ServletWebServerApplicationContext.refresh(ServletWebServerApplicationContext.java:146) ~[spring-boot-3.5.13.jar!/:3.5.13]
2026-08-26T12:54:14.0317884+00:00 ContainerStream: 	at org.springframework.boot.SpringApplication.refresh(SpringApplication.java:752) ~[spring-boot-3.5.13.jar!/:3.5.13]
2026-08-26T12:54:14.0317909+00:00 ContainerStream: 	at org.springframework.boot.SpringApplication.refreshContext(SpringApplication.java:439) ~[spring-boot-3.5.13.jar!/:3.5.13]
2026-08-26T12:54:14.0317934+00:00 ContainerStream: 	at org.springframework.boot.SpringApplication.run(SpringApplication.java:318) ~[spring-boot-3.5.13.jar!/:3.5.13]
2026-08-26T12:54:14.0317977+00:00 ContainerStream: 	at org.springframework.boot.SpringApplication.run(SpringApplication.java:1361) ~[spring-boot-3.5.13.jar!/:3.5.13]
2026-08-26T12:54:14.0318003+00:00 ContainerStream: 	at org.springframework.boot.SpringApplication.run(SpringApplication.java:1350) ~[spring-boot-3.5.13.jar!/:3.5.13]
2026-08-26T12:54:14.0318026+00:00 ContainerStream: 	at com.rvce.scas.ScasApplication.main(ScasApplication.java:20) ~[!/:0.0.1-SNAPSHOT]
2026-08-26T12:54:14.0318051+00:00 ContainerStream: 	at java.base/jdk.internal.reflect.NativeMethodAccessorImpl.invoke0(Native Method) ~[na:na]
2026-08-26T12:54:14.0318075+00:00 ContainerStream: 	at java.base/jdk.internal.reflect.NativeMethodAccessorImpl.invoke(Unknown Source) ~[na:na]
2026-08-26T12:54:14.0318100+00:00 ContainerStream: 	at java.base/jdk.internal.reflect.DelegatingMethodAccessorImpl.invoke(Unknown Source) ~[na:na]
2026-08-26T12:54:14.0318142+00:00 ContainerStream: 	at java.base/java.lang.reflect.Method.invoke(Unknown Source) ~[na:na]
2026-08-26T12:54:14.0318167+00:00 ContainerStream: 	at org.springframework.boot.loader.launch.Launcher.launch(Launcher.java:106) ~[app.jar:0.0.1-SNAPSHOT]
2026-08-26T12:54:14.0318191+00:00 ContainerStream: 	at org.springframework.boot.loader.launch.Launcher.launch(Launcher.java:64) ~[app.jar:0.0.1-SNAPSHOT]
2026-08-26T12:54:14.0318215+00:00 ContainerStream: 	at org.springframework.boot.loader.launch.JarLauncher.main(JarLauncher.java:40) ~[app.jar:0.0.1-SNAPSHOT]
2026-08-26T12:54:14.0318235+00:00 ContainerStream: 
2026-08-26T12:54:14.0318264+00:00 ContainerStream: 2026-08-26T12:54:14.031Z ERROR 1 --- [           main] o.f.core.internal.command.DbMigrate      : Migration of schema "public" to version "1 - users roles" failed! Changes successfully rolled back.
2026-08-26T12:54:14.0709850+00:00 ContainerStream: 2026-08-26T12:54:14.070Z  WARN 1 --- [           main] ConfigServletWebServerApplicationContext : Exception encountered during context initialization - cancelling refresh attempt: org.springframework.beans.factory.BeanCreationException: Error creating bean with name 'entityManagerFactory' defined in class path resource [org/springframework/boot/autoconfigure/orm/jpa/HibernateJpaConfiguration.class]: Failed to initialize dependency 'flywayInitializer' of LoadTimeWeaverAware bean 'entityManagerFactory': Error creating bean with name 'flywayInitializer' defined in class path resource [org/springframework/boot/autoconfigure/flyway/FlywayAutoConfiguration$FlywayConfiguration.class]: Script V1__users_roles.sql failed
2026-08-26T12:54:14.0710428+00:00 ContainerStream: ---------------------------------
2026-08-26T12:54:14.0710475+00:00 ContainerStream: SQL State  : 0A000
2026-08-26T12:54:14.0710511+00:00 ContainerStream: Error Code : 0
2026-08-26T12:54:14.0710598+00:00 ContainerStream: Message    : ERROR: extension "pgcrypto" is not allow-listed for users in Azure Database for PostgreSQL
2026-08-26T12:54:14.0710630+00:00 ContainerStream:   Hint: to learn how to allow an extension or see the list of allowed extensions, please refer to https://go.microsoft.com/fwlink/?linkid=2301063
2026-08-26T12:54:14.0710660+00:00 ContainerStream: Location   : db/migration/V1__users_roles.sql (/app/nested:/app/app.jar/!BOOT-INF/classes/!/db/migration/V1__users_roles.sql)
2026-08-26T12:54:14.0710684+00:00 ContainerStream: Line       : 38
2026-08-26T12:54:14.0710712+00:00 ContainerStream: Statement  : Run Flyway with -X option to see the actual statement causing the problem
2026-08-26T12:54:14.0710735+00:00 ContainerStream: 
2026-08-26T12:54:14.1267626+00:00 ContainerStream: 2026-08-26T12:54:14.118Z  INFO 1 --- [           main] com.zaxxer.hikari.HikariDataSource       : HikariPool-1 - Shutdown initiated...
2026-08-26T12:54:14.5601843+00:00 ContainerStream: 2026-08-26T12:54:14.559Z  INFO 1 --- [           main] com.zaxxer.hikari.HikariDataSource       : HikariPool-1 - Shutdown completed.
2026-08-26T12:54:14.7141483+00:00 ContainerStream: 2026-08-26T12:54:14.706Z  INFO 1 --- [           main] o.apache.catalina.core.StandardService   : Stopping service [Tomcat]
2026-08-26T12:54:14.9482062+00:00 ContainerStream: 2026-08-26T12:54:14.947Z  INFO 1 --- [           main] .s.b.a.l.ConditionEvaluationReportLogger : 
2026-08-26T12:54:14.9482760+00:00 ContainerStream: 
2026-08-26T12:54:14.9482828+00:00 ContainerStream: Error starting ApplicationContext. To display the condition evaluation report re-run your application with 'debug' enabled.
2026-08-26T12:54:15.1609420+00:00 ContainerStream: 2026-08-26T12:54:15.153Z ERROR 1 --- [           main] o.s.boot.SpringApplication               : Application run failed
2026-08-26T12:54:15.1609955+00:00 ContainerStream: 
2026-08-26T12:54:15.1610033+00:00 ContainerStream: org.springframework.beans.factory.BeanCreationException: Error creating bean with name 'entityManagerFactory' defined in class path resource [org/springframework/boot/autoconfigure/orm/jpa/HibernateJpaConfiguration.class]: Failed to initialize dependency 'flywayInitializer' of LoadTimeWeaverAware bean 'entityManagerFactory': Error creating bean with name 'flywayInitializer' defined in class path resource [org/springframework/boot/autoconfigure/flyway/FlywayAutoConfiguration$FlywayConfiguration.class]: Script V1__users_roles.sql failed
2026-08-26T12:54:15.1610060+00:00 ContainerStream: ---------------------------------
2026-08-26T12:54:15.1610081+00:00 ContainerStream: SQL State  : 0A000
2026-08-26T12:54:15.1610158+00:00 ContainerStream: Error Code : 0
2026-08-26T12:54:15.1610189+00:00 ContainerStream: Message    : ERROR: extension "pgcrypto" is not allow-listed for users in Azure Database for PostgreSQL
2026-08-26T12:54:15.1610218+00:00 ContainerStream:   Hint: to learn how to allow an extension or see the list of allowed extensions, please refer to https://go.microsoft.com/fwlink/?linkid=2301063
2026-08-26T12:54:15.1610246+00:00 ContainerStream: Location   : db/migration/V1__users_roles.sql (/app/nested:/app/app.jar/!BOOT-INF/classes/!/db/migration/V1__users_roles.sql)
2026-08-26T12:54:15.1610268+00:00 ContainerStream: Line       : 38
2026-08-26T12:54:15.1610292+00:00 ContainerStream: Statement  : Run Flyway with -X option to see the actual statement causing the problem
2026-08-26T12:54:15.1610340+00:00 ContainerStream: 
2026-08-26T12:54:15.1610367+00:00 ContainerStream: 	at org.springframework.beans.factory.support.AbstractBeanFactory.doGetBean(AbstractBeanFactory.java:328) ~[spring-beans-6.2.17.jar!/:6.2.17]
2026-08-26T12:54:15.1610394+00:00 ContainerStream: 	at org.springframework.beans.factory.support.AbstractBeanFactory.getBean(AbstractBeanFactory.java:207) ~[spring-beans-6.2.17.jar!/:6.2.17]
2026-08-26T12:54:15.1610425+00:00 ContainerStream: 	at org.springframework.context.support.AbstractApplicationContext.finishBeanFactoryInitialization(AbstractApplicationContext.java:974) ~[spring-context-6.2.17.jar!/:6.2.17]
2026-08-26T12:54:15.1610453+00:00 ContainerStream: 	at org.springframework.context.support.AbstractApplicationContext.refresh(AbstractApplicationContext.java:628) ~[spring-context-6.2.17.jar!/:6.2.17]
2026-08-26T12:54:15.1610482+00:00 ContainerStream: 	at org.springframework.boot.web.servlet.context.ServletWebServerApplicationContext.refresh(ServletWebServerApplicationContext.java:146) ~[spring-boot-3.5.13.jar!/:3.5.13]
2026-08-26T12:54:15.1610531+00:00 ContainerStream: 	at org.springframework.boot.SpringApplication.refresh(SpringApplication.java:752) ~[spring-boot-3.5.13.jar!/:3.5.13]
2026-08-26T12:54:15.1610557+00:00 ContainerStream: 	at org.springframework.boot.SpringApplication.refreshContext(SpringApplication.java:439) ~[spring-boot-3.5.13.jar!/:3.5.13]
2026-08-26T12:54:15.1610583+00:00 ContainerStream: 	at org.springframework.boot.SpringApplication.run(SpringApplication.java:318) ~[spring-boot-3.5.13.jar!/:3.5.13]
2026-08-26T12:54:15.1610608+00:00 ContainerStream: 	at org.springframework.boot.SpringApplication.run(SpringApplication.java:1361) ~[spring-boot-3.5.13.jar!/:3.5.13]
2026-08-26T12:54:15.1610633+00:00 ContainerStream: 	at org.springframework.boot.SpringApplication.run(SpringApplication.java:1350) ~[spring-boot-3.5.13.jar!/:3.5.13]
2026-08-26T12:54:15.1610678+00:00 ContainerStream: 	at com.rvce.scas.ScasApplication.main(ScasApplication.java:20) ~[!/:0.0.1-SNAPSHOT]
2026-08-26T12:54:15.1610704+00:00 ContainerStream: 	at java.base/jdk.internal.reflect.NativeMethodAccessorImpl.invoke0(Native Method) ~[na:na]
2026-08-26T12:54:15.1610729+00:00 ContainerStream: 	at java.base/jdk.internal.reflect.NativeMethodAccessorImpl.invoke(Unknown Source) ~[na:na]
2026-08-26T12:54:15.1610754+00:00 ContainerStream: 	at java.base/jdk.internal.reflect.DelegatingMethodAccessorImpl.invoke(Unknown Source) ~[na:na]
2026-08-26T12:54:15.1610776+00:00 ContainerStream: 	at java.base/java.lang.reflect.Method.invoke(Unknown Source) ~[na:na]
2026-08-26T12:54:15.1610801+00:00 ContainerStream: 	at org.springframework.boot.loader.launch.Launcher.launch(Launcher.java:106) ~[app.jar:0.0.1-SNAPSHOT]
2026-08-26T12:54:15.1610846+00:00 ContainerStream: 	at org.springframework.boot.loader.launch.Launcher.launch(Launcher.java:64) ~[app.jar:0.0.1-SNAPSHOT]
2026-08-26T12:54:15.1610872+00:00 ContainerStream: 	at org.springframework.boot.loader.launch.JarLauncher.main(JarLauncher.java:40) ~[app.jar:0.0.1-SNAPSHOT]
2026-08-26T12:54:15.1610905+00:00 ContainerStream: Caused by: org.springframework.beans.factory.BeanCreationException: Error creating bean with name 'flywayInitializer' defined in class path resource [org/springframework/boot/autoconfigure/flyway/FlywayAutoConfiguration$FlywayConfiguration.class]: Script V1__users_roles.sql failed
2026-08-26T12:54:15.1610929+00:00 ContainerStream: ---------------------------------
2026-08-26T12:54:15.1645008+00:00 ContainerStream: SQL State  : 0A000
2026-08-26T12:54:15.1645050+00:00 ContainerStream: Error Code : 0
2026-08-26T12:54:15.1645115+00:00 ContainerStream: Message    : ERROR: extension "pgcrypto" is not allow-listed for users in Azure Database for PostgreSQL
2026-08-26T12:54:15.1645151+00:00 ContainerStream:   Hint: to learn how to allow an extension or see the list of allowed extensions, please refer to https://go.microsoft.com/fwlink/?linkid=2301063
2026-08-26T12:54:15.1645184+00:00 ContainerStream: Location   : db/migration/V1__users_roles.sql (/app/nested:/app/app.jar/!BOOT-INF/classes/!/db/migration/V1__users_roles.sql)
2026-08-26T12:54:15.1645208+00:00 ContainerStream: Line       : 38
2026-08-26T12:54:15.1645411+00:00 ContainerStream: Statement  : Run Flyway with -X option to see the actual statement causing the problem
2026-08-26T12:54:15.1645443+00:00 ContainerStream: 
2026-08-26T12:54:15.1645498+00:00 ContainerStream: 	at org.springframework.beans.factory.support.AbstractAutowireCapableBeanFactory.initializeBean(AbstractAutowireCapableBeanFactory.java:1826) ~[spring-beans-6.2.17.jar!/:6.2.17]
2026-08-26T12:54:15.1645535+00:00 ContainerStream: 	at org.springframework.beans.factory.support.AbstractAutowireCapableBeanFactory.doCreateBean(AbstractAutowireCapableBeanFactory.java:607) ~[spring-beans-6.2.17.jar!/:6.2.17]
2026-08-26T12:54:15.1645569+00:00 ContainerStream: 	at org.springframework.beans.factory.support.AbstractAutowireCapableBeanFactory.createBean(AbstractAutowireCapableBeanFactory.java:529) ~[spring-beans-6.2.17.jar!/:6.2.17]
2026-08-26T12:54:15.1645602+00:00 ContainerStream: 	at org.springframework.beans.factory.support.AbstractBeanFactory.lambda$doGetBean$0(AbstractBeanFactory.java:339) ~[spring-beans-6.2.17.jar!/:6.2.17]
2026-08-26T12:54:15.1645634+00:00 ContainerStream: 	at org.springframework.beans.factory.support.DefaultSingletonBeanRegistry.getSingleton(DefaultSingletonBeanRegistry.java:373) ~[spring-beans-6.2.17.jar!/:6.2.17]
2026-08-26T12:54:15.1645688+00:00 ContainerStream: 	at org.springframework.beans.factory.support.AbstractBeanFactory.doGetBean(AbstractBeanFactory.java:337) ~[spring-beans-6.2.17.jar!/:6.2.17]
2026-08-26T12:54:15.1645877+00:00 ContainerStream: 	at org.springframework.beans.factory.support.AbstractBeanFactory.getBean(AbstractBeanFactory.java:202) ~[spring-beans-6.2.17.jar!/:6.2.17]
2026-08-26T12:54:15.1645908+00:00 ContainerStream: 	at org.springframework.beans.factory.support.AbstractBeanFactory.doGetBean(AbstractBeanFactory.java:315) ~[spring-beans-6.2.17.jar!/:6.2.17]
2026-08-26T12:54:15.1645932+00:00 ContainerStream: 	... 17 common frames omitted
2026-08-26T12:54:15.1645961+00:00 ContainerStream: Caused by: org.flywaydb.core.internal.exception.FlywayMigrateException: Script V1__users_roles.sql failed
2026-08-26T12:54:15.1645987+00:00 ContainerStream: ---------------------------------
2026-08-26T12:54:15.1646029+00:00 ContainerStream: SQL State  : 0A000
2026-08-26T12:54:15.1646053+00:00 ContainerStream: Error Code : 0
2026-08-26T12:54:15.1646081+00:00 ContainerStream: Message    : ERROR: extension "pgcrypto" is not allow-listed for users in Azure Database for PostgreSQL
2026-08-26T12:54:15.1646112+00:00 ContainerStream:   Hint: to learn how to allow an extension or see the list of allowed extensions, please refer to https://go.microsoft.com/fwlink/?linkid=2301063
2026-08-26T12:54:15.1646142+00:00 ContainerStream: Location   : db/migration/V1__users_roles.sql (/app/nested:/app/app.jar/!BOOT-INF/classes/!/db/migration/V1__users_roles.sql)
2026-08-26T12:54:15.1646165+00:00 ContainerStream: Line       : 38
2026-08-26T12:54:15.1646213+00:00 ContainerStream: Statement  : Run Flyway with -X option to see the actual statement causing the problem
2026-08-26T12:54:15.1646236+00:00 ContainerStream: 
2026-08-26T12:54:15.1646265+00:00 ContainerStream: 	at org.flywaydb.core.internal.command.DbMigrate.doMigrateGroup(DbMigrate.java:399) ~[flyway-core-11.7.2.jar!/:na]
2026-08-26T12:54:15.1646294+00:00 ContainerStream: 	at org.flywaydb.core.internal.command.DbMigrate.lambda$applyMigrations$1(DbMigrate.java:283) ~[flyway-core-11.7.2.jar!/:na]
2026-08-26T12:54:15.1646325+00:00 ContainerStream: 	at org.flywaydb.core.internal.jdbc.TransactionalExecutionTemplate.execute(TransactionalExecutionTemplate.java:59) ~[flyway-core-11.7.2.jar!/:na]
2026-08-26T12:54:15.1646353+00:00 ContainerStream: 	at org.flywaydb.core.internal.command.DbMigrate.applyMigrations(DbMigrate.java:282) ~[flyway-core-11.7.2.jar!/:na]
2026-08-26T12:54:15.1646403+00:00 ContainerStream: 	at org.flywaydb.core.internal.command.DbMigrate.migrateGroup(DbMigrate.java:255) ~[flyway-core-11.7.2.jar!/:na]
2026-08-26T12:54:15.1646433+00:00 ContainerStream: 	at org.flywaydb.core.internal.command.DbMigrate.lambda$migrateAll$0(DbMigrate.java:153) ~[flyway-core-11.7.2.jar!/:na]
2026-08-26T12:54:15.1646465+00:00 ContainerStream: 	at org.flywaydb.database.postgresql.PostgreSQLAdvisoryLockTemplate.execute(PostgreSQLAdvisoryLockTemplate.java:77) ~[flyway-database-postgresql-11.7.2.jar!/:na]
2026-08-26T12:54:15.1646671+00:00 ContainerStream: 	at org.flywaydb.database.postgresql.PostgreSQLAdvisoryLockTemplate.lambda$execute$0(PostgreSQLAdvisoryLockTemplate.java:60) ~[flyway-database-postgresql-11.7.2.jar!/:na]
2026-08-26T12:54:15.1646702+00:00 ContainerStream: 	at org.flywaydb.core.internal.jdbc.TransactionalExecutionTemplate.execute(TransactionalExecutionTemplate.java:59) ~[flyway-core-11.7.2.jar!/:na]
2026-08-26T12:54:15.1646972+00:00 ContainerStream: 	at org.flywaydb.database.postgresql.PostgreSQLAdvisoryLockTemplate.execute(PostgreSQLAdvisoryLockTemplate.java:60) ~[flyway-database-postgresql-11.7.2.jar!/:na]
2026-08-26T12:54:15.1647004+00:00 ContainerStream: 	at org.flywaydb.database.postgresql.PostgreSQLConnection.lock(PostgreSQLConnection.java:105) ~[flyway-database-postgresql-11.7.2.jar!/:na]
2026-08-26T12:54:15.1647034+00:00 ContainerStream: 	at org.flywaydb.core.internal.schemahistory.JdbcTableSchemaHistory.lock(JdbcTableSchemaHistory.java:164) ~[flyway-core-11.7.2.jar!/:na]
2026-08-26T12:54:15.1647262+00:00 ContainerStream: 	at org.flywaydb.core.internal.command.DbMigrate.migrateAll(DbMigrate.java:153) ~[flyway-core-11.7.2.jar!/:na]
2026-08-26T12:54:15.1647293+00:00 ContainerStream: 	at org.flywaydb.core.internal.command.DbMigrate.migrate(DbMigrate.java:104) ~[flyway-core-11.7.2.jar!/:na]
2026-08-26T12:54:15.1647323+00:00 ContainerStream: 	at org.flywaydb.core.Flyway.lambda$migrate$1(Flyway.java:247) ~[flyway-core-11.7.2.jar!/:na]
2026-08-26T12:54:15.1647371+00:00 ContainerStream: 	at org.flywaydb.core.FlywayExecutor.execute(FlywayExecutor.java:210) ~[flyway-core-11.7.2.jar!/:na]
2026-08-26T12:54:15.1647615+00:00 ContainerStream: 	at org.flywaydb.core.Flyway.migrate(Flyway.java:188) ~[flyway-core-11.7.2.jar!/:na]
2026-08-26T12:54:15.1647651+00:00 ContainerStream: 	at org.springframework.boot.autoconfigure.flyway.FlywayMigrationInitializer.afterPropertiesSet(FlywayMigrationInitializer.java:66) ~[spring-boot-autoconfigure-3.5.13.jar!/:3.5.13]
2026-08-26T12:54:15.1647683+00:00 ContainerStream: 	at org.springframework.beans.factory.support.AbstractAutowireCapableBeanFactory.invokeInitMethods(AbstractAutowireCapableBeanFactory.java:1873) ~[spring-beans-6.2.17.jar!/:6.2.17]
2026-08-26T12:54:15.1647715+00:00 ContainerStream: 	at org.springframework.beans.factory.support.AbstractAutowireCapableBeanFactory.initializeBean(AbstractAutowireCapableBeanFactory.java:1822) ~[spring-beans-6.2.17.jar!/:6.2.17]
2026-08-26T12:54:15.1647760+00:00 ContainerStream: 	... 24 common frames omitted
2026-08-26T12:54:15.1647788+00:00 ContainerStream: Caused by: org.flywaydb.core.internal.sqlscript.FlywaySqlScriptException: Script V1__users_roles.sql failed
2026-08-26T12:54:15.1647813+00:00 ContainerStream: ---------------------------------
2026-08-26T12:54:15.1647835+00:00 ContainerStream: SQL State  : 0A000
2026-08-26T12:54:15.1647857+00:00 ContainerStream: Error Code : 0
2026-08-26T12:54:15.1647884+00:00 ContainerStream: Message    : ERROR: extension "pgcrypto" is not allow-listed for users in Azure Database for PostgreSQL
2026-08-26T12:54:15.1647932+00:00 ContainerStream:   Hint: to learn how to allow an extension or see the list of allowed extensions, please refer to https://go.microsoft.com/fwlink/?linkid=2301063
2026-08-26T12:54:15.1647963+00:00 ContainerStream: Location   : db/migration/V1__users_roles.sql (/app/nested:/app/app.jar/!BOOT-INF/classes/!/db/migration/V1__users_roles.sql)
2026-08-26T12:54:15.1647986+00:00 ContainerStream: Line       : 38
2026-08-26T12:54:15.1648013+00:00 ContainerStream: Statement  : Run Flyway with -X option to see the actual statement causing the problem
2026-08-26T12:54:15.1648035+00:00 ContainerStream: 
2026-08-26T12:54:15.1648063+00:00 ContainerStream: 	at org.flywaydb.core.internal.sqlscript.DefaultSqlScriptExecutor.handleException(DefaultSqlScriptExecutor.java:256) ~[flyway-core-11.7.2.jar!/:na]
2026-08-26T12:54:15.1648094+00:00 ContainerStream: 	at org.flywaydb.core.internal.sqlscript.DefaultSqlScriptExecutor.executeStatement(DefaultSqlScriptExecutor.java:217) ~[flyway-core-11.7.2.jar!/:na]
2026-08-26T12:54:15.1648144+00:00 ContainerStream: 	at org.flywaydb.core.internal.sqlscript.DefaultSqlScriptExecutor.execute(DefaultSqlScriptExecutor.java:137) ~[flyway-core-11.7.2.jar!/:na]
2026-08-26T12:54:15.1648174+00:00 ContainerStream: 	at org.flywaydb.core.internal.resolver.sql.SqlMigrationExecutor.executeOnce(SqlMigrationExecutor.java:75) ~[flyway-core-11.7.2.jar!/:na]
2026-08-26T12:54:15.1648203+00:00 ContainerStream: 	at org.flywaydb.core.internal.resolver.sql.SqlMigrationExecutor.lambda$execute$0(SqlMigrationExecutor.java:66) ~[flyway-core-11.7.2.jar!/:na]
2026-08-26T12:54:15.1648233+00:00 ContainerStream: 	at org.flywaydb.core.internal.database.DefaultExecutionStrategy.execute(DefaultExecutionStrategy.java:31) ~[flyway-core-11.7.2.jar!/:na]
2026-08-26T12:54:15.1648262+00:00 ContainerStream: 	at org.flywaydb.core.internal.resolver.sql.SqlMigrationExecutor.execute(SqlMigrationExecutor.java:65) ~[flyway-core-11.7.2.jar!/:na]
2026-08-26T12:54:15.1648311+00:00 ContainerStream: 	at org.flywaydb.core.internal.command.DbMigrate.doMigrateGroup(DbMigrate.java:391) ~[flyway-core-11.7.2.jar!/:na]
2026-08-26T12:54:15.1648560+00:00 ContainerStream: 	... 43 common frames omitted
2026-08-26T12:54:15.1648592+00:00 ContainerStream: Caused by: org.postgresql.util.PSQLException: ERROR: extension "pgcrypto" is not allow-listed for users in Azure Database for PostgreSQL
2026-08-26T12:54:15.1648622+00:00 ContainerStream:   Hint: to learn how to allow an extension or see the list of allowed extensions, please refer to https://go.microsoft.com/fwlink/?linkid=2301063
2026-08-26T12:54:15.1648651+00:00 ContainerStream: 	at org.postgresql.core.v3.QueryExecutorImpl.receiveErrorResponse(QueryExecutorImpl.java:2875) ~[postgresql-42.7.10.jar!/:42.7.10]
2026-08-26T12:54:15.1648701+00:00 ContainerStream: 	at org.postgresql.core.v3.QueryExecutorImpl.processResults(QueryExecutorImpl.java:2560) ~[postgresql-42.7.10.jar!/:42.7.10]
2026-08-26T12:54:15.1648732+00:00 ContainerStream: 	at org.postgresql.core.v3.QueryExecutorImpl.execute(QueryExecutorImpl.java:429) ~[postgresql-42.7.10.jar!/:42.7.10]
2026-08-26T12:54:15.1648761+00:00 ContainerStream: 	at org.postgresql.jdbc.PgStatement.executeInternal(PgStatement.java:526) ~[postgresql-42.7.10.jar!/:42.7.10]
2026-08-26T12:54:15.1648788+00:00 ContainerStream: 	at org.postgresql.jdbc.PgStatement.execute(PgStatement.java:436) ~[postgresql-42.7.10.jar!/:42.7.10]
2026-08-26T12:54:15.1648817+00:00 ContainerStream: 	at org.postgresql.jdbc.PgStatement.executeWithFlags(PgStatement.java:358) ~[postgresql-42.7.10.jar!/:42.7.10]
2026-08-26T12:54:15.1648845+00:00 ContainerStream: 	at org.postgresql.jdbc.PgStatement.executeCachedSql(PgStatement.java:343) ~[postgresql-42.7.10.jar!/:42.7.10]
2026-08-26T12:54:15.1648893+00:00 ContainerStream: 	at org.postgresql.jdbc.PgStatement.executeWithFlags(PgStatement.java:319) ~[postgresql-42.7.10.jar!/:42.7.10]
2026-08-26T12:54:15.1648922+00:00 ContainerStream: 	at org.postgresql.jdbc.PgStatement.execute(PgStatement.java:314) ~[postgresql-42.7.10.jar!/:42.7.10]
2026-08-26T12:54:15.1648950+00:00 ContainerStream: 	at com.zaxxer.hikari.pool.ProxyStatement.execute(ProxyStatement.java:95) ~[HikariCP-6.3.3.jar!/:na]
2026-08-26T12:54:15.1648980+00:00 ContainerStream: 	at com.zaxxer.hikari.pool.HikariProxyStatement.execute(HikariProxyStatement.java) ~[HikariCP-6.3.3.jar!/:na]
2026-08-26T12:54:15.1649009+00:00 ContainerStream: 	at org.flywaydb.core.internal.jdbc.JdbcTemplate.executeStatement(JdbcTemplate.java:215) ~[flyway-core-11.7.2.jar!/:na]
2026-08-26T12:54:15.1649081+00:00 ContainerStream: 	at org.flywaydb.core.internal.sqlscript.ParsedSqlStatement.execute(ParsedSqlStatement.java:88) ~[flyway-core-11.7.2.jar!/:na]
2026-08-26T12:54:15.1649140+00:00 ContainerStream: 	at org.flywaydb.core.internal.sqlscript.DefaultSqlScriptExecutor.executeStatement(DefaultSqlScriptExecutor.java:212) ~[flyway-core-11.7.2.jar!/:na]
2026-08-26T12:54:15.1649166+00:00 ContainerStream: 	... 49 common frames omitted
2026-08-26T12:54:15.1649187+00:00 ContainerStream: 
2026-08-26T12:54:15.8481489+00:00 ContainerStatus: Container has finished running with exit code: 1.
2026-08-26T12:54:15.8491912+00:00 ContainerStatus: Container is terminating. Grace period: 5 seconds.
2026-08-26T12:54:15.8592727+00:00 ContainerStatus: Stop and delete container. Retry count = 0
2026-08-26T12:54:15.8595865+00:00 ContainerStatus: Stopping container: d77fad98c807_scas-backend-2026-rvce.
2026-08-26T12:54:15.9936212+00:00 ContainerStatus: Deleting container: d77fad98c807_scas-backend-2026-rvce. Retry count = 0
2026-08-26T12:54:16.2465812+00:00 ContainerStatus: Container spec TerminationMessagePolicy  path 
2026-08-26T12:54:16.2467282+00:00 ContainerStatus: Container is terminated. Total time elapsed: 396 ms.
2026-08-26T12:54:16.2467940+00:00 ContainerStatus: Site container: scas-backend-2026-rvce terminated during site startup.
2026-08-26T12:54:16.2565204+00:00 ContainerStatus: State: Stopping, Action: CancellingStartup, LastError: ContainerStartupFailure, LastErrorTimestamp: 08/26/2026 12:26:18, LastErrorDetails: Container exited with exit code 1 during startup after 86.9s. Please inspect your container logs for more details., Details: Site container: scas-backend-2026-rvce terminated during site startup. Cancelling site startup., DetailsLevel: ERR
2026-08-26T12:54:16.5069635+00:00 ContainerStatus: Site startup probe failed after 80.4317337 seconds.
2026-08-26T12:54:16.7190622+00:00 ContainerStatus: State: Stopping, Action: CancellingStartup, LastError: ContainerStartupFailure, LastErrorTimestamp: 08/26/2026 12:54:16, LastErrorDetails: Container exited with exit code 1 during startup after 80.4s. Please inspect your container logs for more details., Details: Site container: scas-backend-2026-rvce terminated during site startup. Cancelling site startup., DetailsLevel: ERR
2026-08-26T12:54:16.8176116+00:00 ContainerStatus: Failed to start site. Revert by stopping site.
2026-08-26T12:54:16.8324722+00:00 ContainerStatus: State: Stopping, Action: StoppingSite, LastError: ContainerStartupFailure, LastErrorTimestamp: 08/26/2026 12:54:16, LastErrorDetails: Container exited with exit code 1 during startup after 80.4s. Please inspect your container logs for more details., Details: Site container: scas-backend-2026-rvce terminated during site startup. Cancelling site startup., DetailsLevel: ERR
2026-08-26T12:54:16.8334362+00:00 ContainerStatus: State: Stopping, Action: StoppingSiteContainers, LastError: ContainerStartupFailure, LastErrorTimestamp: 08/26/2026 12:54:16, LastErrorDetails: Container exited with exit code 1 during startup after 80.4s. Please inspect your container logs for more details., Details: Site container: scas-backend-2026-rvce terminated during site startup. Cancelling site startup., DetailsLevel: ERR
2026-08-26T12:54:18.0416278+00:00 ContainerStatus: Site container: scas-backend-2026-rvce_managedIdentity terminated during site startup.
2026-08-26T12:54:18.0423802+00:00 ContainerStatus: State: Stopping, Action: StoppingSiteContainers, LastError: ContainerStartupFailure, LastErrorTimestamp: 08/26/2026 12:54:16, LastErrorDetails: Container exited with exit code 1 during startup after 80.4s. Please inspect your container logs for more details., Details: Site container: scas-backend-2026-rvce terminated during site startup. Cancelling site startup., DetailsLevel: ERR
2026-08-26T12:54:18.0430769+00:00 ContainerStatus: Site: scas-backend-2026-rvce stopped.
========== New Cold Start Attempt (2026-08-26T12:54:18.0699836+00:00) ==========
2026-08-26T12:54:18.0699836+00:00 ContainerStatus: State: Stopping, Action: UnmountingVolumes, LastError: ContainerStartupFailure, LastErrorTimestamp: 08/26/2026 12:54:16, LastErrorDetails: Container exited with exit code 1 during startup after 80.4s. Please inspect your container logs for more details., Details: Site container: scas-backend-2026-rvce terminated during site startup. Cancelling site startup., DetailsLevel: ERR
2026-08-26T12:54:18.7240247+00:00 ContainerStatus: State: Stopping, Action: StoppingSiteNetworks, LastError: ContainerStartupFailure, LastErrorTimestamp: 08/26/2026 12:54:16, LastErrorDetails: Container exited with exit code 1 during startup after 80.4s. Please inspect your container logs for more details., Details: Site container: scas-backend-2026-rvce terminated during site startup. Cancelling site startup., DetailsLevel: ERR
2026-08-26T12:54:19.3821800+00:00 ContainerStatus: State: Stopped, Action: None, LastError: ContainerStartupFailure, LastErrorTimestamp: 08/26/2026 12:54:16, LastErrorDetails: Container exited with exit code 1 during startup after 80.4s. Please inspect your container logs for more details., Details: Site stopped at 08/26/2026 12:54:19 (UTC), DetailsLevel: ERR
2026-08-26T12:54:20.1733030+00:00 ContainerStatus: State: Stopped, Action: None, LastError: ContainerStartupFailure, LastErrorTimestamp: 08/26/2026 12:54:16, LastErrorDetails: Container exited with exit code 1 during startup after 80.4s. Please inspect your container logs for more details., Details: Site stopped at 08/26/2026 12:54:19 (UTC), DetailsLevel: ERR
2026-08-26T13:00:32.1724112+00:00 ContainerStatus: State: Starting, Action: EstablishingSiteNetworks, LastError: ContainerStartupFailure, LastErrorTimestamp: 08/26/2026 12:54:16, LastErrorDetails: Container exited with exit code 1 during startup after 80.4s. Please inspect your container logs for more details., Details: Site stopped at 08/26/2026 12:54:19 (UTC), DetailsLevel: ERR
2026-08-26T13:00:35.1780972+00:00 ContainerStatus: State: Starting, Action: StartingMsiContainer, LastError: ContainerStartupFailure, LastErrorTimestamp: 08/26/2026 12:54:16, LastErrorDetails: Container exited with exit code 1 during startup after 80.4s. Please inspect your container logs for more details., Details: Site stopped at 08/26/2026 12:54:19 (UTC), DetailsLevel: ERR
2026-08-26T13:00:50.9346182+00:00 ContainerStatus: State: Starting, Action: StartingSiteContainers, LastError: ContainerStartupFailure, LastErrorTimestamp: 08/26/2026 12:54:16, LastErrorDetails: Container exited with exit code 1 during startup after 80.4s. Please inspect your container logs for more details., Details: Site stopped at 08/26/2026 12:54:19 (UTC), DetailsLevel: ERR
2026-08-26T13:00:50.9517064+00:00 ContainerStatus: Container start method called.
2026-08-26T13:00:50.9518352+00:00 ContainerStatus: State: Starting, Action: PullingImage, LastError: ContainerStartupFailure, LastErrorTimestamp: 08/26/2026 12:54:16, LastErrorDetails: Container exited with exit code 1 during startup after 80.4s. Please inspect your container logs for more details., Details: Pulling image scasacr2026rvce.azurecr.io/scas-backend:demo-citext-fix-544b4de for scas-backend-2026-rvce., DetailsLevel: INFO
2026-08-26T13:00:50.9519608+00:00 ContainerStatus: Establishing network.
2026-08-26T13:00:50.9520883+00:00 ContainerStatus: Pulling image: scasacr2026rvce.azurecr.io/scas-backend:demo-citext-fix-544b4de.
2026-08-26T13:00:51.9045413+00:00 ContainerStatus: Container is starting.
2026-08-26T13:00:51.9046828+00:00 ContainerStatus: State: Starting, Action: MountingVolumes, LastError: ContainerStartupFailure, LastErrorTimestamp: 08/26/2026 12:54:16, LastErrorDetails: Container exited with exit code 1 during startup after 80.4s. Please inspect your container logs for more details., Details: Mounting volumes for scas-backend-2026-rvce., DetailsLevel: INFO
2026-08-26T13:00:51.9048031+00:00 ContainerStatus: Establishing user namespace if not established already.
2026-08-26T13:00:51.9049104+00:00 ContainerStatus: Establishing network if not established already.
2026-08-26T13:00:51.9058653+00:00 ContainerStatus: Mounting volumes.
2026-08-26T13:00:51.9060281+00:00 ContainerStatus: Nested mountpoint volatile/logs
2026-08-26T13:00:51.9088230+00:00 ContainerStatus: Nested mountpoint 
2026-08-26T13:00:51.9193650+00:00 ContainerStatus: Nested mountpoint 
2026-08-26T13:00:52.0705301+00:00 ContainerStatus: State: Starting, Action: CreatingContainer, LastError: ContainerStartupFailure, LastErrorTimestamp: 08/26/2026 12:54:16, LastErrorDetails: Container exited with exit code 1 during startup after 80.4s. Please inspect your container logs for more details., Details: Finished pulling container image and mounting volumes for scas-backend-2026-rvce. Allocatinng the rest of the container resources to finish container creation., DetailsLevel: INFO
2026-08-26T13:00:52.0706662+00:00 ContainerStatus: Creating container.
2026-08-26T13:00:52.0974994+00:00 ContainerStatus: Creating pipes for streaming container io.
2026-08-26T13:00:52.0976392+00:00 ContainerStatus: Creating stdout named pipe at /podr/container/pipe/66c57b38db6a_scas-backend-2026-rvce/stdout_78989a5419bf40afb007cf59533f15ee.
2026-08-26T13:00:52.0992817+00:00 ContainerStatus: Successfully created stdout named pipe at: /podr/container/pipe/66c57b38db6a_scas-backend-2026-rvce/stdout_78989a5419bf40afb007cf59533f15ee.
2026-08-26T13:00:52.0993998+00:00 ContainerStatus: Opening named pipe /podr/container/pipe/66c57b38db6a_scas-backend-2026-rvce/stdout_78989a5419bf40afb007cf59533f15ee for reading in non-blocking mode.
2026-08-26T13:00:52.0995358+00:00 ContainerStatus: Successfully opened named pipe: /podr/container/pipe/66c57b38db6a_scas-backend-2026-rvce/stdout_78989a5419bf40afb007cf59533f15ee.
2026-08-26T13:00:52.0996623+00:00 ContainerStatus: Successfully removed non-blocking flag from /podr/container/pipe/66c57b38db6a_scas-backend-2026-rvce/stdout_78989a5419bf40afb007cf59533f15ee.
2026-08-26T13:00:52.1636636+00:00 ContainerStatus: Creating stderr named pipe at /podr/container/pipe/66c57b38db6a_scas-backend-2026-rvce/stderr_fe91504ef33c47ccb67c761b57fb4eac.
2026-08-26T13:00:52.1752073+00:00 ContainerStatus: Successfully created stderr named pipe at: /podr/container/pipe/66c57b38db6a_scas-backend-2026-rvce/stderr_fe91504ef33c47ccb67c761b57fb4eac.
2026-08-26T13:00:52.1753629+00:00 ContainerStatus: Opening named pipe /podr/container/pipe/66c57b38db6a_scas-backend-2026-rvce/stderr_fe91504ef33c47ccb67c761b57fb4eac for reading in non-blocking mode.
2026-08-26T13:00:52.1754737+00:00 ContainerStatus: Successfully opened named pipe: /podr/container/pipe/66c57b38db6a_scas-backend-2026-rvce/stderr_fe91504ef33c47ccb67c761b57fb4eac.
2026-08-26T13:00:52.1755414+00:00 ContainerStatus: Successfully removed non-blocking flag from /podr/container/pipe/66c57b38db6a_scas-backend-2026-rvce/stderr_fe91504ef33c47ccb67c761b57fb4eac.
2026-08-26T13:00:52.1821130+00:00 ContainerStatus: Creating container with image: scasacr2026rvce.azurecr.io/scas-backend:demo-citext-fix-544b4de from registry: scasacr2026rvce.azurecr.io and fully qualified image name: scasacr2026rvce.azurecr.io/scas-backend:demo-citext-fix-544b4de
2026-08-26T13:00:52.9952372+00:00 ContainerStatus: Starting container: 66c57b38db6a_scas-backend-2026-rvce.
2026-08-26T13:00:53.0962450+00:00 ContainerStatus: Starting watchers and probes.
2026-08-26T13:00:53.0964400+00:00 ContainerStatus: Starting metrics collection.
2026-08-26T13:00:53.1068664+00:00 ContainerStatus: Container is running.
2026-08-26T13:00:53.1069973+00:00 ContainerStatus: State: Starting, Action: CreatingContainer, LastError: ContainerStartupFailure, LastErrorTimestamp: 08/26/2026 12:54:16, LastErrorDetails: Container exited with exit code 1 during startup after 80.4s. Please inspect your container logs for more details., Details: Container scas-backend-2026-rvce successfully created and is running., DetailsLevel: INFO
2026-08-26T13:00:53.2387747+00:00 ContainerStatus: Container start method finished after 2286 ms.
2026-08-26T13:00:53.2396104+00:00 ContainerStatus: State: Starting, Action: InitiatingSiteWarmUpProbe, LastError: ContainerStartupFailure, LastErrorTimestamp: 08/26/2026 12:54:16, LastErrorDetails: Container exited with exit code 1 during startup after 80.4s. Please inspect your container logs for more details., Details: Container scas-backend-2026-rvce successfully created and is running., DetailsLevel: INFO
2026-08-26T13:00:53.2487546+00:00 ContainerStatus: State: Starting, Action: WaitingForSiteWarmUpProbeSuccess, LastError: ContainerStartupFailure, LastErrorTimestamp: 08/26/2026 12:54:16, LastErrorDetails: Container exited with exit code 1 during startup after 80.4s. Please inspect your container logs for more details., Details: Pinging warmup path to ensure container is ready to receive requests., DetailsLevel: INFO
2026-08-26T13:01:08.7972835+00:00 ContainerStream: 
2026-08-26T13:01:08.7977753+00:00 ContainerStream:   .   ____          _            __ _ _
2026-08-26T13:01:08.7977844+00:00 ContainerStream:  /\\ / ___'_ __ _ _(_)_ __  __ _ \ \ \ \
2026-08-26T13:01:08.7977867+00:00 ContainerStream: ( ( )\___ | '_ | '_| | '_ \/ _` | \ \ \ \
2026-08-26T13:01:08.7977891+00:00 ContainerStream:  \\/  ___)| |_)| | | | | || (_| |  ) ) ) )
2026-08-26T13:01:08.7977913+00:00 ContainerStream:   '  |____| .__|_| |_|_| |_\__, | / / / /
2026-08-26T13:01:08.7977934+00:00 ContainerStream:  =========|_|==============|___/=/_/_/_/
2026-08-26T13:01:08.7977955+00:00 ContainerStream: 
2026-08-26T13:01:08.7992076+00:00 ContainerStream:  :: Spring Boot ::               (v3.5.13)
2026-08-26T13:01:08.7993396+00:00 ContainerStream: 
2026-08-26T13:01:09.9188299+00:00 ContainerStream: 2026-08-26T13:01:09.877Z  INFO 1 --- [           main] com.rvce.scas.ScasApplication            : Starting ScasApplication v0.0.1-SNAPSHOT using Java 17.0.20 with PID 1 (/app/app.jar started by root in /app)
2026-08-26T13:01:09.9367294+00:00 ContainerStream: 2026-08-26T13:01:09.936Z  INFO 1 --- [           main] com.rvce.scas.ScasApplication            : The following 1 profile is active: "prod"
2026-08-26T13:01:30.3053392+00:00 ContainerStream: 2026-08-26T13:01:30.296Z  INFO 1 --- [           main] .s.d.r.c.RepositoryConfigurationDelegate : Multiple Spring Data modules found, entering strict repository configuration mode
2026-08-26T13:01:30.3433609+00:00 ContainerStream: 2026-08-26T13:01:30.335Z  INFO 1 --- [           main] .s.d.r.c.RepositoryConfigurationDelegate : Bootstrapping Spring Data JPA repositories in DEFAULT mode.
2026-08-26T13:01:33.3180015+00:00 ContainerStream: 2026-08-26T13:01:33.317Z  INFO 1 --- [           main] .s.d.r.c.RepositoryConfigurationDelegate : Finished Spring Data repository scanning in 2809 ms. Found 12 JPA repository interfaces.
2026-08-26T13:01:33.5851095+00:00 ContainerStream: 2026-08-26T13:01:33.584Z  INFO 1 --- [           main] .s.d.r.c.RepositoryConfigurationDelegate : Multiple Spring Data modules found, entering strict repository configuration mode
2026-08-26T13:01:33.6209029+00:00 ContainerStream: 2026-08-26T13:01:33.597Z  INFO 1 --- [           main] .s.d.r.c.RepositoryConfigurationDelegate : Bootstrapping Spring Data Redis repositories in DEFAULT mode.
2026-08-26T13:01:33.9578376+00:00 ContainerStream: 2026-08-26T13:01:33.957Z  INFO 1 --- [           main] .RepositoryConfigurationExtensionSupport : Spring Data Redis - Could not safely identify store assignment for repository candidate interface com.rvce.scas.repository.DepartmentRepository; If you want this repository to be a Redis repository, consider annotating your entities with one of these annotations: org.springframework.data.redis.core.RedisHash (preferred), or consider extending one of the following types with your repository: org.springframework.data.keyvalue.repository.KeyValueRepository
2026-08-26T13:01:33.9668470+00:00 ContainerStream: 2026-08-26T13:01:33.965Z  INFO 1 --- [           main] .RepositoryConfigurationExtensionSupport : Spring Data Redis - Could not safely identify store assignment for repository candidate interface com.rvce.scas.repository.ExamHallRepository; If you want this repository to be a Redis repository, consider annotating your entities with one of these annotations: org.springframework.data.redis.core.RedisHash (preferred), or consider extending one of the following types with your repository: org.springframework.data.keyvalue.repository.KeyValueRepository
2026-08-26T13:01:33.9843919+00:00 ContainerStream: 2026-08-26T13:01:33.984Z  INFO 1 --- [           main] .RepositoryConfigurationExtensionSupport : Spring Data Redis - Could not safely identify store assignment for repository candidate interface com.rvce.scas.repository.ExamSeatRepository; If you want this repository to be a Redis repository, consider annotating your entities with one of these annotations: org.springframework.data.redis.core.RedisHash (preferred), or consider extending one of the following types with your repository: org.springframework.data.keyvalue.repository.KeyValueRepository
2026-08-26T13:01:34.0089341+00:00 ContainerStream: 2026-08-26T13:01:34.008Z  INFO 1 --- [           main] .RepositoryConfigurationExtensionSupport : Spring Data Redis - Could not safely identify store assignment for repository candidate interface com.rvce.scas.repository.ExamSessionRepository; If you want this repository to be a Redis repository, consider annotating your entities with one of these annotations: org.springframework.data.redis.core.RedisHash (preferred), or consider extending one of the following types with your repository: org.springframework.data.keyvalue.repository.KeyValueRepository
2026-08-26T13:01:34.0162462+00:00 ContainerStream: 2026-08-26T13:01:34.010Z  INFO 1 --- [           main] .RepositoryConfigurationExtensionSupport : Spring Data Redis - Could not safely identify store assignment for repository candidate interface com.rvce.scas.repository.ExamStudentRepository; If you want this repository to be a Redis repository, consider annotating your entities with one of these annotations: org.springframework.data.redis.core.RedisHash (preferred), or consider extending one of the following types with your repository: org.springframework.data.keyvalue.repository.KeyValueRepository
2026-08-26T13:01:34.0183577+00:00 ContainerStream: 2026-08-26T13:01:34.018Z  INFO 1 --- [           main] .RepositoryConfigurationExtensionSupport : Spring Data Redis - Could not safely identify store assignment for repository candidate interface com.rvce.scas.repository.NotificationRepository; If you want this repository to be a Redis repository, consider annotating your entities with one of these annotations: org.springframework.data.redis.core.RedisHash (preferred), or consider extending one of the following types with your repository: org.springframework.data.keyvalue.repository.KeyValueRepository
2026-08-26T13:01:34.0246216+00:00 ContainerStream: 2026-08-26T13:01:34.024Z  INFO 1 --- [           main] .RepositoryConfigurationExtensionSupport : Spring Data Redis - Could not safely identify store assignment for repository candidate interface com.rvce.scas.repository.PasswordResetTokenRepository; If you want this repository to be a Redis repository, consider annotating your entities with one of these annotations: org.springframework.data.redis.core.RedisHash (preferred), or consider extending one of the following types with your repository: org.springframework.data.keyvalue.repository.KeyValueRepository
2026-08-26T13:01:34.0270779+00:00 ContainerStream: 2026-08-26T13:01:34.026Z  INFO 1 --- [           main] .RepositoryConfigurationExtensionSupport : Spring Data Redis - Could not safely identify store assignment for repository candidate interface com.rvce.scas.repository.RoleRepository; If you want this repository to be a Redis repository, consider annotating your entities with one of these annotations: org.springframework.data.redis.core.RedisHash (preferred), or consider extending one of the following types with your repository: org.springframework.data.keyvalue.repository.KeyValueRepository
2026-08-26T13:01:34.0282464+00:00 ContainerStream: 2026-08-26T13:01:34.027Z  INFO 1 --- [           main] .RepositoryConfigurationExtensionSupport : Spring Data Redis - Could not safely identify store assignment for repository candidate interface com.rvce.scas.repository.RoomRepository; If you want this repository to be a Redis repository, consider annotating your entities with one of these annotations: org.springframework.data.redis.core.RedisHash (preferred), or consider extending one of the following types with your repository: org.springframework.data.keyvalue.repository.KeyValueRepository
2026-08-26T13:01:34.0345142+00:00 ContainerStream: 2026-08-26T13:01:34.033Z  INFO 1 --- [           main] .RepositoryConfigurationExtensionSupport : Spring Data Redis - Could not safely identify store assignment for repository candidate interface com.rvce.scas.repository.TimetableSlotRepository; If you want this repository to be a Redis repository, consider annotating your entities with one of these annotations: org.springframework.data.redis.core.RedisHash (preferred), or consider extending one of the following types with your repository: org.springframework.data.keyvalue.repository.KeyValueRepository
2026-08-26T13:01:34.0506601+00:00 ContainerStream: 2026-08-26T13:01:34.035Z  INFO 1 --- [           main] .RepositoryConfigurationExtensionSupport : Spring Data Redis - Could not safely identify store assignment for repository candidate interface com.rvce.scas.repository.UserRepository; If you want this repository to be a Redis repository, consider annotating your entities with one of these annotations: org.springframework.data.redis.core.RedisHash (preferred), or consider extending one of the following types with your repository: org.springframework.data.keyvalue.repository.KeyValueRepository
2026-08-26T13:01:34.0520665+00:00 ContainerStream: 2026-08-26T13:01:34.051Z  INFO 1 --- [           main] .RepositoryConfigurationExtensionSupport : Spring Data Redis - Could not safely identify store assignment for repository candidate interface com.rvce.scas.repository.UserRoleRepository; If you want this repository to be a Redis repository, consider annotating your entities with one of these annotations: org.springframework.data.redis.core.RedisHash (preferred), or consider extending one of the following types with your repository: org.springframework.data.keyvalue.repository.KeyValueRepository
2026-08-26T13:01:34.0537216+00:00 ContainerStream: 2026-08-26T13:01:34.053Z  INFO 1 --- [           main] .s.d.r.c.RepositoryConfigurationDelegate : Finished Spring Data repository scanning in 227 ms. Found 0 Redis repository interfaces.
2026-08-26T13:01:45.1485050+00:00 ContainerStream: 2026-08-26T13:01:45.147Z  INFO 1 --- [           main] o.s.b.w.embedded.tomcat.TomcatWebServer  : Tomcat initialized with port 8080 (http)
2026-08-26T13:01:45.3285313+00:00 ContainerStream: 2026-08-26T13:01:45.328Z  INFO 1 --- [           main] o.apache.catalina.core.StandardService   : Starting service [Tomcat]
2026-08-26T13:01:45.3311794+00:00 ContainerStream: 2026-08-26T13:01:45.330Z  INFO 1 --- [           main] o.apache.catalina.core.StandardEngine    : Starting Servlet engine: [Apache Tomcat/10.1.53]
2026-08-26T13:01:46.6158724+00:00 ContainerStream: 2026-08-26T13:01:46.615Z  INFO 1 --- [           main] o.a.c.c.C.[Tomcat].[localhost].[/]       : Initializing Spring embedded WebApplicationContext
2026-08-26T13:01:46.6342994+00:00 ContainerStream: 2026-08-26T13:01:46.633Z  INFO 1 --- [           main] w.s.c.ServletWebServerApplicationContext : Root WebApplicationContext: initialization completed in 36089 ms
2026-08-26T13:02:38.3482230+00:00 ContainerStream: 2026-08-26T13:02:38.329Z  INFO 1 --- [           main] com.zaxxer.hikari.HikariDataSource       : HikariPool-1 - Starting...
2026-08-26T13:02:41.5938975+00:00 ContainerStream: 2026-08-26T13:02:41.593Z  INFO 1 --- [           main] com.zaxxer.hikari.pool.HikariPool        : HikariPool-1 - Added connection org.postgresql.jdbc.PgConnection@7f958d4a
2026-08-26T13:02:41.6213089+00:00 ContainerStream: 2026-08-26T13:02:41.620Z  INFO 1 --- [           main] com.zaxxer.hikari.HikariDataSource       : HikariPool-1 - Start completed.
2026-08-26T13:02:42.5605868+00:00 ContainerStream: 2026-08-26T13:02:42.560Z  INFO 1 --- [           main] org.flywaydb.core.FlywayExecutor         : Database: jdbc:postgresql://scas-postgres-k23.postgres.database.azure.com:5432/scasdb?sslmode=require (PostgreSQL 16.14)
2026-08-26T13:02:43.6099377+00:00 ContainerStream: 2026-08-26T13:02:43.609Z  INFO 1 --- [           main] o.f.core.internal.command.DbValidate     : Successfully validated 27 migrations (execution time 00:00.842s)
2026-08-26T13:02:43.9265948+00:00 ContainerStream: 2026-08-26T13:02:43.918Z  INFO 1 --- [           main] o.f.core.internal.command.DbMigrate      : Current version of schema "public": << Empty Schema >>
2026-08-26T13:02:44.5300678+00:00 ContainerStream: 2026-08-26T13:02:44.529Z  INFO 1 --- [           main] o.f.core.internal.command.DbMigrate      : Migrating schema "public" to version "1 - users roles"
2026-08-26T13:02:44.7624075+00:00 ContainerStream: 2026-08-26T13:02:44.683Z  WARN 1 --- [           main] com.zaxxer.hikari.pool.ProxyConnection   : HikariPool-1 - Connection org.postgresql.jdbc.PgConnection@1ac71b87 marked as broken because of SQLSTATE(0A000), ErrorCode(0)
2026-08-26T13:02:44.7624551+00:00 ContainerStream: 
2026-08-26T13:02:44.7624590+00:00 ContainerStream: org.postgresql.util.PSQLException: ERROR: extension "pgcrypto" is not allow-listed for users in Azure Database for PostgreSQL
2026-08-26T13:02:44.7624620+00:00 ContainerStream:   Hint: to learn how to allow an extension or see the list of allowed extensions, please refer to https://go.microsoft.com/fwlink/?linkid=2301063
2026-08-26T13:02:44.7624648+00:00 ContainerStream: 	at org.postgresql.core.v3.QueryExecutorImpl.receiveErrorResponse(QueryExecutorImpl.java:2875) ~[postgresql-42.7.10.jar!/:42.7.10]
2026-08-26T13:02:44.7624678+00:00 ContainerStream: 	at org.postgresql.core.v3.QueryExecutorImpl.processResults(QueryExecutorImpl.java:2560) ~[postgresql-42.7.10.jar!/:42.7.10]
2026-08-26T13:02:44.7624705+00:00 ContainerStream: 	at org.postgresql.core.v3.QueryExecutorImpl.execute(QueryExecutorImpl.java:429) ~[postgresql-42.7.10.jar!/:42.7.10]
2026-08-26T13:02:44.7624731+00:00 ContainerStream: 	at org.postgresql.jdbc.PgStatement.executeInternal(PgStatement.java:526) ~[postgresql-42.7.10.jar!/:42.7.10]
2026-08-26T13:02:44.7624759+00:00 ContainerStream: 	at org.postgresql.jdbc.PgStatement.execute(PgStatement.java:436) ~[postgresql-42.7.10.jar!/:42.7.10]
2026-08-26T13:02:44.7624786+00:00 ContainerStream: 	at org.postgresql.jdbc.PgStatement.executeWithFlags(PgStatement.java:358) ~[postgresql-42.7.10.jar!/:42.7.10]
2026-08-26T13:02:44.7624814+00:00 ContainerStream: 	at org.postgresql.jdbc.PgStatement.executeCachedSql(PgStatement.java:343) ~[postgresql-42.7.10.jar!/:42.7.10]
2026-08-26T13:02:44.7624864+00:00 ContainerStream: 	at org.postgresql.jdbc.PgStatement.executeWithFlags(PgStatement.java:319) ~[postgresql-42.7.10.jar!/:42.7.10]
2026-08-26T13:02:44.7624891+00:00 ContainerStream: 	at org.postgresql.jdbc.PgStatement.execute(PgStatement.java:314) ~[postgresql-42.7.10.jar!/:42.7.10]
2026-08-26T13:02:44.7624918+00:00 ContainerStream: 	at com.zaxxer.hikari.pool.ProxyStatement.execute(ProxyStatement.java:95) ~[HikariCP-6.3.3.jar!/:na]
2026-08-26T13:02:44.7624944+00:00 ContainerStream: 	at com.zaxxer.hikari.pool.HikariProxyStatement.execute(HikariProxyStatement.java) ~[HikariCP-6.3.3.jar!/:na]
2026-08-26T13:02:44.7624972+00:00 ContainerStream: 	at org.flywaydb.core.internal.jdbc.JdbcTemplate.executeStatement(JdbcTemplate.java:215) ~[flyway-core-11.7.2.jar!/:na]
2026-08-26T13:02:44.7625001+00:00 ContainerStream: 	at org.flywaydb.core.internal.sqlscript.ParsedSqlStatement.execute(ParsedSqlStatement.java:88) ~[flyway-core-11.7.2.jar!/:na]
2026-08-26T13:02:44.7625030+00:00 ContainerStream: 	at org.flywaydb.core.internal.sqlscript.DefaultSqlScriptExecutor.executeStatement(DefaultSqlScriptExecutor.java:212) ~[flyway-core-11.7.2.jar!/:na]
2026-08-26T13:02:44.7625060+00:00 ContainerStream: 	at org.flywaydb.core.internal.sqlscript.DefaultSqlScriptExecutor.execute(DefaultSqlScriptExecutor.java:137) ~[flyway-core-11.7.2.jar!/:na]
2026-08-26T13:02:44.7625088+00:00 ContainerStream: 	at org.flywaydb.core.internal.resolver.sql.SqlMigrationExecutor.executeOnce(SqlMigrationExecutor.java:75) ~[flyway-core-11.7.2.jar!/:na]
2026-08-26T13:02:44.7625116+00:00 ContainerStream: 	at org.flywaydb.core.internal.resolver.sql.SqlMigrationExecutor.lambda$execute$0(SqlMigrationExecutor.java:66) ~[flyway-core-11.7.2.jar!/:na]
2026-08-26T13:02:44.7625165+00:00 ContainerStream: 	at org.flywaydb.core.internal.database.DefaultExecutionStrategy.execute(DefaultExecutionStrategy.java:31) ~[flyway-core-11.7.2.jar!/:na]
2026-08-26T13:02:44.7625193+00:00 ContainerStream: 	at org.flywaydb.core.internal.resolver.sql.SqlMigrationExecutor.execute(SqlMigrationExecutor.java:65) ~[flyway-core-11.7.2.jar!/:na]
2026-08-26T13:02:44.7625220+00:00 ContainerStream: 	at org.flywaydb.core.internal.command.DbMigrate.doMigrateGroup(DbMigrate.java:391) ~[flyway-core-11.7.2.jar!/:na]
2026-08-26T13:02:44.7625248+00:00 ContainerStream: 	at org.flywaydb.core.internal.command.DbMigrate.lambda$applyMigrations$1(DbMigrate.java:283) ~[flyway-core-11.7.2.jar!/:na]
2026-08-26T13:02:44.7625276+00:00 ContainerStream: 	at org.flywaydb.core.internal.jdbc.TransactionalExecutionTemplate.execute(TransactionalExecutionTemplate.java:59) ~[flyway-core-11.7.2.jar!/:na]
2026-08-26T13:02:44.7625306+00:00 ContainerStream: 	at org.flywaydb.core.internal.command.DbMigrate.applyMigrations(DbMigrate.java:282) ~[flyway-core-11.7.2.jar!/:na]
2026-08-26T13:02:44.7625332+00:00 ContainerStream: 	at org.flywaydb.core.internal.command.DbMigrate.migrateGroup(DbMigrate.java:255) ~[flyway-core-11.7.2.jar!/:na]
2026-08-26T13:02:44.7625359+00:00 ContainerStream: 	at org.flywaydb.core.internal.command.DbMigrate.lambda$migrateAll$0(DbMigrate.java:153) ~[flyway-core-11.7.2.jar!/:na]
2026-08-26T13:02:44.7625389+00:00 ContainerStream: 	at org.flywaydb.database.postgresql.PostgreSQLAdvisoryLockTemplate.execute(PostgreSQLAdvisoryLockTemplate.java:77) ~[flyway-database-postgresql-11.7.2.jar!/:na]
2026-08-26T13:02:44.7625420+00:00 ContainerStream: 	at org.flywaydb.database.postgresql.PostgreSQLAdvisoryLockTemplate.lambda$execute$0(PostgreSQLAdvisoryLockTemplate.java:60) ~[flyway-database-postgresql-11.7.2.jar!/:na]
2026-08-26T13:02:44.7625449+00:00 ContainerStream: 	at org.flywaydb.core.internal.jdbc.TransactionalExecutionTemplate.execute(TransactionalExecutionTemplate.java:59) ~[flyway-core-11.7.2.jar!/:na]
2026-08-26T13:02:44.7625840+00:00 ContainerStream: 	at org.flywaydb.database.postgresql.PostgreSQLAdvisoryLockTemplate.execute(PostgreSQLAdvisoryLockTemplate.java:60) ~[flyway-database-postgresql-11.7.2.jar!/:na]
2026-08-26T13:02:44.7625875+00:00 ContainerStream: 	at org.flywaydb.database.postgresql.PostgreSQLConnection.lock(PostgreSQLConnection.java:105) ~[flyway-database-postgresql-11.7.2.jar!/:na]
2026-08-26T13:02:44.7625903+00:00 ContainerStream: 	at org.flywaydb.core.internal.schemahistory.JdbcTableSchemaHistory.lock(JdbcTableSchemaHistory.java:164) ~[flyway-core-11.7.2.jar!/:na]
2026-08-26T13:02:44.7625930+00:00 ContainerStream: 	at org.flywaydb.core.internal.command.DbMigrate.migrateAll(DbMigrate.java:153) ~[flyway-core-11.7.2.jar!/:na]
2026-08-26T13:02:44.7625956+00:00 ContainerStream: 	at org.flywaydb.core.internal.command.DbMigrate.migrate(DbMigrate.java:104) ~[flyway-core-11.7.2.jar!/:na]
2026-08-26T13:02:44.7625982+00:00 ContainerStream: 	at org.flywaydb.core.Flyway.lambda$migrate$1(Flyway.java:247) ~[flyway-core-11.7.2.jar!/:na]
2026-08-26T13:02:44.7626007+00:00 ContainerStream: 	at org.flywaydb.core.FlywayExecutor.execute(FlywayExecutor.java:210) ~[flyway-core-11.7.2.jar!/:na]
2026-08-26T13:02:44.7626032+00:00 ContainerStream: 	at org.flywaydb.core.Flyway.migrate(Flyway.java:188) ~[flyway-core-11.7.2.jar!/:na]
2026-08-26T13:02:44.7626064+00:00 ContainerStream: 	at org.springframework.boot.autoconfigure.flyway.FlywayMigrationInitializer.afterPropertiesSet(FlywayMigrationInitializer.java:66) ~[spring-boot-autoconfigure-3.5.13.jar!/:3.5.13]
2026-08-26T13:02:44.7626095+00:00 ContainerStream: 	at org.springframework.beans.factory.support.AbstractAutowireCapableBeanFactory.invokeInitMethods(AbstractAutowireCapableBeanFactory.java:1873) ~[spring-beans-6.2.17.jar!/:6.2.17]
2026-08-26T13:02:44.7626151+00:00 ContainerStream: 	at org.springframework.beans.factory.support.AbstractAutowireCapableBeanFactory.initializeBean(AbstractAutowireCapableBeanFactory.java:1822) ~[spring-beans-6.2.17.jar!/:6.2.17]
2026-08-26T13:02:44.7626182+00:00 ContainerStream: 	at org.springframework.beans.factory.support.AbstractAutowireCapableBeanFactory.doCreateBean(AbstractAutowireCapableBeanFactory.java:607) ~[spring-beans-6.2.17.jar!/:6.2.17]
2026-08-26T13:02:44.7626211+00:00 ContainerStream: 	at org.springframework.beans.factory.support.AbstractAutowireCapableBeanFactory.createBean(AbstractAutowireCapableBeanFactory.java:529) ~[spring-beans-6.2.17.jar!/:6.2.17]
2026-08-26T13:02:44.7626240+00:00 ContainerStream: 	at org.springframework.beans.factory.support.AbstractBeanFactory.lambda$doGetBean$0(AbstractBeanFactory.java:339) ~[spring-beans-6.2.17.jar!/:6.2.17]
2026-08-26T13:02:44.7626269+00:00 ContainerStream: 	at org.springframework.beans.factory.support.DefaultSingletonBeanRegistry.getSingleton(DefaultSingletonBeanRegistry.java:373) ~[spring-beans-6.2.17.jar!/:6.2.17]
2026-08-26T13:02:44.7626297+00:00 ContainerStream: 	at org.springframework.beans.factory.support.AbstractBeanFactory.doGetBean(AbstractBeanFactory.java:337) ~[spring-beans-6.2.17.jar!/:6.2.17]
2026-08-26T13:02:44.7626325+00:00 ContainerStream: 	at org.springframework.beans.factory.support.AbstractBeanFactory.getBean(AbstractBeanFactory.java:202) ~[spring-beans-6.2.17.jar!/:6.2.17]
2026-08-26T13:02:44.7626353+00:00 ContainerStream: 	at org.springframework.beans.factory.support.AbstractBeanFactory.doGetBean(AbstractBeanFactory.java:315) ~[spring-beans-6.2.17.jar!/:6.2.17]
2026-08-26T13:02:44.7626381+00:00 ContainerStream: 	at org.springframework.beans.factory.support.AbstractBeanFactory.getBean(AbstractBeanFactory.java:207) ~[spring-beans-6.2.17.jar!/:6.2.17]
2026-08-26T13:02:44.7626433+00:00 ContainerStream: 	at org.springframework.context.support.AbstractApplicationContext.finishBeanFactoryInitialization(AbstractApplicationContext.java:974) ~[spring-context-6.2.17.jar!/:6.2.17]
2026-08-26T13:02:44.7626463+00:00 ContainerStream: 	at org.springframework.context.support.AbstractApplicationContext.refresh(AbstractApplicationContext.java:628) ~[spring-context-6.2.17.jar!/:6.2.17]
2026-08-26T13:02:44.7626493+00:00 ContainerStream: 	at org.springframework.boot.web.servlet.context.ServletWebServerApplicationContext.refresh(ServletWebServerApplicationContext.java:146) ~[spring-boot-3.5.13.jar!/:3.5.13]
2026-08-26T13:02:44.7626521+00:00 ContainerStream: 	at org.springframework.boot.SpringApplication.refresh(SpringApplication.java:752) ~[spring-boot-3.5.13.jar!/:3.5.13]
2026-08-26T13:02:44.7626548+00:00 ContainerStream: 	at org.springframework.boot.SpringApplication.refreshContext(SpringApplication.java:439) ~[spring-boot-3.5.13.jar!/:3.5.13]
2026-08-26T13:02:44.7626575+00:00 ContainerStream: 	at org.springframework.boot.SpringApplication.run(SpringApplication.java:318) ~[spring-boot-3.5.13.jar!/:3.5.13]
2026-08-26T13:02:44.7626601+00:00 ContainerStream: 	at org.springframework.boot.SpringApplication.run(SpringApplication.java:1361) ~[spring-boot-3.5.13.jar!/:3.5.13]
2026-08-26T13:02:44.7626628+00:00 ContainerStream: 	at org.springframework.boot.SpringApplication.run(SpringApplication.java:1350) ~[spring-boot-3.5.13.jar!/:3.5.13]
2026-08-26T13:02:44.7626652+00:00 ContainerStream: 	at com.rvce.scas.ScasApplication.main(ScasApplication.java:20) ~[!/:0.0.1-SNAPSHOT]
2026-08-26T13:02:44.7626678+00:00 ContainerStream: 	at java.base/jdk.internal.reflect.NativeMethodAccessorImpl.invoke0(Native Method) ~[na:na]
2026-08-26T13:02:44.7626703+00:00 ContainerStream: 	at java.base/jdk.internal.reflect.NativeMethodAccessorImpl.invoke(Unknown Source) ~[na:na]
2026-08-26T13:02:44.7626747+00:00 ContainerStream: 	at java.base/jdk.internal.reflect.DelegatingMethodAccessorImpl.invoke(Unknown Source) ~[na:na]
2026-08-26T13:02:44.7626853+00:00 ContainerStream: 	at java.base/java.lang.reflect.Method.invoke(Unknown Source) ~[na:na]
2026-08-26T13:02:44.7626883+00:00 ContainerStream: 	at org.springframework.boot.loader.launch.Launcher.launch(Launcher.java:106) ~[app.jar:0.0.1-SNAPSHOT]
2026-08-26T13:02:44.7626910+00:00 ContainerStream: 	at org.springframework.boot.loader.launch.Launcher.launch(Launcher.java:64) ~[app.jar:0.0.1-SNAPSHOT]
2026-08-26T13:02:44.7626937+00:00 ContainerStream: 	at org.springframework.boot.loader.launch.JarLauncher.main(JarLauncher.java:40) ~[app.jar:0.0.1-SNAPSHOT]
2026-08-26T13:02:44.7626957+00:00 ContainerStream: 
2026-08-26T13:02:45.0076339+00:00 ContainerStream: 2026-08-26T13:02:44.970Z ERROR 1 --- [           main] o.f.c.i.j.TransactionalExecutionTemplate : Unable to rollback transaction
2026-08-26T13:02:45.0076923+00:00 ContainerStream: 
2026-08-26T13:02:45.0076962+00:00 ContainerStream: java.sql.SQLException: Connection is closed
2026-08-26T13:02:45.0076993+00:00 ContainerStream: 	at com.zaxxer.hikari.pool.ProxyConnection$ClosedConnection.lambda$getClosedConnection$0(ProxyConnection.java:562) ~[HikariCP-6.3.3.jar!/:na]
2026-08-26T13:02:45.0077025+00:00 ContainerStream: 	at jdk.proxy3/jdk.proxy3.$Proxy119.rollback(Unknown Source) ~[na:na]
2026-08-26T13:02:45.0077162+00:00 ContainerStream: 	at com.zaxxer.hikari.pool.ProxyConnection.rollback(ProxyConnection.java:386) ~[HikariCP-6.3.3.jar!/:na]
2026-08-26T13:02:45.0077192+00:00 ContainerStream: 	at com.zaxxer.hikari.pool.HikariProxyConnection.rollback(HikariProxyConnection.java) ~[HikariCP-6.3.3.jar!/:na]
2026-08-26T13:02:45.0077221+00:00 ContainerStream: 	at org.flywaydb.core.internal.jdbc.TransactionalExecutionTemplate.execute(TransactionalExecutionTemplate.java:75) ~[flyway-core-11.7.2.jar!/:na]
2026-08-26T13:02:45.0077247+00:00 ContainerStream: 	at org.flywaydb.core.internal.command.DbMigrate.applyMigrations(DbMigrate.java:282) ~[flyway-core-11.7.2.jar!/:na]
2026-08-26T13:02:45.0077274+00:00 ContainerStream: 	at org.flywaydb.core.internal.command.DbMigrate.migrateGroup(DbMigrate.java:255) ~[flyway-core-11.7.2.jar!/:na]
2026-08-26T13:02:45.0077301+00:00 ContainerStream: 	at org.flywaydb.core.internal.command.DbMigrate.lambda$migrateAll$0(DbMigrate.java:153) ~[flyway-core-11.7.2.jar!/:na]
2026-08-26T13:02:45.0077331+00:00 ContainerStream: 	at org.flywaydb.database.postgresql.PostgreSQLAdvisoryLockTemplate.execute(PostgreSQLAdvisoryLockTemplate.java:77) ~[flyway-database-postgresql-11.7.2.jar!/:na]
2026-08-26T13:02:45.0077363+00:00 ContainerStream: 	at org.flywaydb.database.postgresql.PostgreSQLAdvisoryLockTemplate.lambda$execute$0(PostgreSQLAdvisoryLockTemplate.java:60) ~[flyway-database-postgresql-11.7.2.jar!/:na]
2026-08-26T13:02:45.0077391+00:00 ContainerStream: 	at org.flywaydb.core.internal.jdbc.TransactionalExecutionTemplate.execute(TransactionalExecutionTemplate.java:59) ~[flyway-core-11.7.2.jar!/:na]
2026-08-26T13:02:45.0077423+00:00 ContainerStream: 	at org.flywaydb.database.postgresql.PostgreSQLAdvisoryLockTemplate.execute(PostgreSQLAdvisoryLockTemplate.java:60) ~[flyway-database-postgresql-11.7.2.jar!/:na]
2026-08-26T13:02:45.0077478+00:00 ContainerStream: 	at org.flywaydb.database.postgresql.PostgreSQLConnection.lock(PostgreSQLConnection.java:105) ~[flyway-database-postgresql-11.7.2.jar!/:na]
2026-08-26T13:02:45.0077506+00:00 ContainerStream: 	at org.flywaydb.core.internal.schemahistory.JdbcTableSchemaHistory.lock(JdbcTableSchemaHistory.java:164) ~[flyway-core-11.7.2.jar!/:na]
2026-08-26T13:02:45.0077534+00:00 ContainerStream: 	at org.flywaydb.core.internal.command.DbMigrate.migrateAll(DbMigrate.java:153) ~[flyway-core-11.7.2.jar!/:na]
2026-08-26T13:02:45.0077561+00:00 ContainerStream: 	at org.flywaydb.core.internal.command.DbMigrate.migrate(DbMigrate.java:104) ~[flyway-core-11.7.2.jar!/:na]
2026-08-26T13:02:45.0077586+00:00 ContainerStream: 	at org.flywaydb.core.Flyway.lambda$migrate$1(Flyway.java:247) ~[flyway-core-11.7.2.jar!/:na]
2026-08-26T13:02:45.0077613+00:00 ContainerStream: 	at org.flywaydb.core.FlywayExecutor.execute(FlywayExecutor.java:210) ~[flyway-core-11.7.2.jar!/:na]
2026-08-26T13:02:45.0077638+00:00 ContainerStream: 	at org.flywaydb.core.Flyway.migrate(Flyway.java:188) ~[flyway-core-11.7.2.jar!/:na]
2026-08-26T13:02:45.0077668+00:00 ContainerStream: 	at org.springframework.boot.autoconfigure.flyway.FlywayMigrationInitializer.afterPropertiesSet(FlywayMigrationInitializer.java:66) ~[spring-boot-autoconfigure-3.5.13.jar!/:3.5.13]
2026-08-26T13:02:45.0077699+00:00 ContainerStream: 	at org.springframework.beans.factory.support.AbstractAutowireCapableBeanFactory.invokeInitMethods(AbstractAutowireCapableBeanFactory.java:1873) ~[spring-beans-6.2.17.jar!/:6.2.17]
2026-08-26T13:02:45.0077729+00:00 ContainerStream: 	at org.springframework.beans.factory.support.AbstractAutowireCapableBeanFactory.initializeBean(AbstractAutowireCapableBeanFactory.java:1822) ~[spring-beans-6.2.17.jar!/:6.2.17]
2026-08-26T13:02:45.0077760+00:00 ContainerStream: 	at org.springframework.beans.factory.support.AbstractAutowireCapableBeanFactory.doCreateBean(AbstractAutowireCapableBeanFactory.java:607) ~[spring-beans-6.2.17.jar!/:6.2.17]
2026-08-26T13:02:45.0077816+00:00 ContainerStream: 	at org.springframework.beans.factory.support.AbstractAutowireCapableBeanFactory.createBean(AbstractAutowireCapableBeanFactory.java:529) ~[spring-beans-6.2.17.jar!/:6.2.17]
2026-08-26T13:02:45.0077845+00:00 ContainerStream: 	at org.springframework.beans.factory.support.AbstractBeanFactory.lambda$doGetBean$0(AbstractBeanFactory.java:339) ~[spring-beans-6.2.17.jar!/:6.2.17]
2026-08-26T13:02:45.0077876+00:00 ContainerStream: 	at org.springframework.beans.factory.support.DefaultSingletonBeanRegistry.getSingleton(DefaultSingletonBeanRegistry.java:373) ~[spring-beans-6.2.17.jar!/:6.2.17]
2026-08-26T13:02:45.0077903+00:00 ContainerStream: 	at org.springframework.beans.factory.support.AbstractBeanFactory.doGetBean(AbstractBeanFactory.java:337) ~[spring-beans-6.2.17.jar!/:6.2.17]
2026-08-26T13:02:45.0077933+00:00 ContainerStream: 	at org.springframework.beans.factory.support.AbstractBeanFactory.getBean(AbstractBeanFactory.java:202) ~[spring-beans-6.2.17.jar!/:6.2.17]
2026-08-26T13:02:45.0078203+00:00 ContainerStream: 	at org.springframework.beans.factory.support.AbstractBeanFactory.doGetBean(AbstractBeanFactory.java:315) ~[spring-beans-6.2.17.jar!/:6.2.17]
2026-08-26T13:02:45.0078238+00:00 ContainerStream: 	at org.springframework.beans.factory.support.AbstractBeanFactory.getBean(AbstractBeanFactory.java:207) ~[spring-beans-6.2.17.jar!/:6.2.17]
2026-08-26T13:02:45.0078270+00:00 ContainerStream: 	at org.springframework.context.support.AbstractApplicationContext.finishBeanFactoryInitialization(AbstractApplicationContext.java:974) ~[spring-context-6.2.17.jar!/:6.2.17]
2026-08-26T13:02:45.0078299+00:00 ContainerStream: 	at org.springframework.context.support.AbstractApplicationContext.refresh(AbstractApplicationContext.java:628) ~[spring-context-6.2.17.jar!/:6.2.17]
2026-08-26T13:02:45.0078357+00:00 ContainerStream: 	at org.springframework.boot.web.servlet.context.ServletWebServerApplicationContext.refresh(ServletWebServerApplicationContext.java:146) ~[spring-boot-3.5.13.jar!/:3.5.13]
2026-08-26T13:02:45.0078386+00:00 ContainerStream: 	at org.springframework.boot.SpringApplication.refresh(SpringApplication.java:752) ~[spring-boot-3.5.13.jar!/:3.5.13]
2026-08-26T13:02:45.0078412+00:00 ContainerStream: 	at org.springframework.boot.SpringApplication.refreshContext(SpringApplication.java:439) ~[spring-boot-3.5.13.jar!/:3.5.13]
2026-08-26T13:02:45.0078439+00:00 ContainerStream: 	at org.springframework.boot.SpringApplication.run(SpringApplication.java:318) ~[spring-boot-3.5.13.jar!/:3.5.13]
2026-08-26T13:02:45.0078466+00:00 ContainerStream: 	at org.springframework.boot.SpringApplication.run(SpringApplication.java:1361) ~[spring-boot-3.5.13.jar!/:3.5.13]
2026-08-26T13:02:45.0078492+00:00 ContainerStream: 	at org.springframework.boot.SpringApplication.run(SpringApplication.java:1350) ~[spring-boot-3.5.13.jar!/:3.5.13]
2026-08-26T13:02:45.0078517+00:00 ContainerStream: 	at com.rvce.scas.ScasApplication.main(ScasApplication.java:20) ~[!/:0.0.1-SNAPSHOT]
2026-08-26T13:02:45.0078542+00:00 ContainerStream: 	at java.base/jdk.internal.reflect.NativeMethodAccessorImpl.invoke0(Native Method) ~[na:na]
2026-08-26T13:02:45.0078568+00:00 ContainerStream: 	at java.base/jdk.internal.reflect.NativeMethodAccessorImpl.invoke(Unknown Source) ~[na:na]
2026-08-26T13:02:45.0078593+00:00 ContainerStream: 	at java.base/jdk.internal.reflect.DelegatingMethodAccessorImpl.invoke(Unknown Source) ~[na:na]
2026-08-26T13:02:45.0078618+00:00 ContainerStream: 	at java.base/java.lang.reflect.Method.invoke(Unknown Source) ~[na:na]
2026-08-26T13:02:45.0078828+00:00 ContainerStream: 	at org.springframework.boot.loader.launch.Launcher.launch(Launcher.java:106) ~[app.jar:0.0.1-SNAPSHOT]
2026-08-26T13:02:45.0078855+00:00 ContainerStream: 	at org.springframework.boot.loader.launch.Launcher.launch(Launcher.java:64) ~[app.jar:0.0.1-SNAPSHOT]
2026-08-26T13:02:45.0078881+00:00 ContainerStream: 	at org.springframework.boot.loader.launch.JarLauncher.main(JarLauncher.java:40) ~[app.jar:0.0.1-SNAPSHOT]
2026-08-26T13:02:45.0078900+00:00 ContainerStream: 
2026-08-26T13:02:45.0469942+00:00 ContainerStream: 2026-08-26T13:02:45.025Z ERROR 1 --- [           main] o.f.c.i.j.TransactionalExecutionTemplate : Unable to restore autocommit to original value for connection
2026-08-26T13:02:45.0470212+00:00 ContainerStream: 
2026-08-26T13:02:45.0470247+00:00 ContainerStream: java.sql.SQLException: Connection is closed
2026-08-26T13:02:45.0470275+00:00 ContainerStream: 	at com.zaxxer.hikari.pool.ProxyConnection$ClosedConnection.lambda$getClosedConnection$0(ProxyConnection.java:562) ~[HikariCP-6.3.3.jar!/:na]
2026-08-26T13:02:45.0470300+00:00 ContainerStream: 	at jdk.proxy3/jdk.proxy3.$Proxy119.setAutoCommit(Unknown Source) ~[na:na]
2026-08-26T13:02:45.0470326+00:00 ContainerStream: 	at com.zaxxer.hikari.pool.ProxyConnection.setAutoCommit(ProxyConnection.java:412) ~[HikariCP-6.3.3.jar!/:na]
2026-08-26T13:02:45.0470359+00:00 ContainerStream: 	at com.zaxxer.hikari.pool.HikariProxyConnection.setAutoCommit(HikariProxyConnection.java) ~[HikariCP-6.3.3.jar!/:na]
2026-08-26T13:02:45.0470462+00:00 ContainerStream: 	at org.flywaydb.core.internal.jdbc.TransactionalExecutionTemplate.execute(TransactionalExecutionTemplate.java:90) ~[flyway-core-11.7.2.jar!/:na]
2026-08-26T13:02:45.0470490+00:00 ContainerStream: 	at org.flywaydb.core.internal.command.DbMigrate.applyMigrations(DbMigrate.java:282) ~[flyway-core-11.7.2.jar!/:na]
2026-08-26T13:02:45.0470514+00:00 ContainerStream: 	at org.flywaydb.core.internal.command.DbMigrate.migrateGroup(DbMigrate.java:255) ~[flyway-core-11.7.2.jar!/:na]
2026-08-26T13:02:45.0470540+00:00 ContainerStream: 	at org.flywaydb.core.internal.command.DbMigrate.lambda$migrateAll$0(DbMigrate.java:153) ~[flyway-core-11.7.2.jar!/:na]
2026-08-26T13:02:45.0470568+00:00 ContainerStream: 	at org.flywaydb.database.postgresql.PostgreSQLAdvisoryLockTemplate.execute(PostgreSQLAdvisoryLockTemplate.java:77) ~[flyway-database-postgresql-11.7.2.jar!/:na]
2026-08-26T13:02:45.0470598+00:00 ContainerStream: 	at org.flywaydb.database.postgresql.PostgreSQLAdvisoryLockTemplate.lambda$execute$0(PostgreSQLAdvisoryLockTemplate.java:60) ~[flyway-database-postgresql-11.7.2.jar!/:na]
2026-08-26T13:02:45.0470625+00:00 ContainerStream: 	at org.flywaydb.core.internal.jdbc.TransactionalExecutionTemplate.execute(TransactionalExecutionTemplate.java:59) ~[flyway-core-11.7.2.jar!/:na]
2026-08-26T13:02:45.0470653+00:00 ContainerStream: 	at org.flywaydb.database.postgresql.PostgreSQLAdvisoryLockTemplate.execute(PostgreSQLAdvisoryLockTemplate.java:60) ~[flyway-database-postgresql-11.7.2.jar!/:na]
2026-08-26T13:02:45.0470680+00:00 ContainerStream: 	at org.flywaydb.database.postgresql.PostgreSQLConnection.lock(PostgreSQLConnection.java:105) ~[flyway-database-postgresql-11.7.2.jar!/:na]
2026-08-26T13:02:45.0470706+00:00 ContainerStream: 	at org.flywaydb.core.internal.schemahistory.JdbcTableSchemaHistory.lock(JdbcTableSchemaHistory.java:164) ~[flyway-core-11.7.2.jar!/:na]
2026-08-26T13:02:45.0470754+00:00 ContainerStream: 	at org.flywaydb.core.internal.command.DbMigrate.migrateAll(DbMigrate.java:153) ~[flyway-core-11.7.2.jar!/:na]
2026-08-26T13:02:45.0470781+00:00 ContainerStream: 	at org.flywaydb.core.internal.command.DbMigrate.migrate(DbMigrate.java:104) ~[flyway-core-11.7.2.jar!/:na]
2026-08-26T13:02:45.0470805+00:00 ContainerStream: 	at org.flywaydb.core.Flyway.lambda$migrate$1(Flyway.java:247) ~[flyway-core-11.7.2.jar!/:na]
2026-08-26T13:02:45.0470830+00:00 ContainerStream: 	at org.flywaydb.core.FlywayExecutor.execute(FlywayExecutor.java:210) ~[flyway-core-11.7.2.jar!/:na]
2026-08-26T13:02:45.0470854+00:00 ContainerStream: 	at org.flywaydb.core.Flyway.migrate(Flyway.java:188) ~[flyway-core-11.7.2.jar!/:na]
2026-08-26T13:02:45.0470883+00:00 ContainerStream: 	at org.springframework.boot.autoconfigure.flyway.FlywayMigrationInitializer.afterPropertiesSet(FlywayMigrationInitializer.java:66) ~[spring-boot-autoconfigure-3.5.13.jar!/:3.5.13]
2026-08-26T13:02:45.0470912+00:00 ContainerStream: 	at org.springframework.beans.factory.support.AbstractAutowireCapableBeanFactory.invokeInitMethods(AbstractAutowireCapableBeanFactory.java:1873) ~[spring-beans-6.2.17.jar!/:6.2.17]
2026-08-26T13:02:45.0470941+00:00 ContainerStream: 	at org.springframework.beans.factory.support.AbstractAutowireCapableBeanFactory.initializeBean(AbstractAutowireCapableBeanFactory.java:1822) ~[spring-beans-6.2.17.jar!/:6.2.17]
2026-08-26T13:02:45.0470969+00:00 ContainerStream: 	at org.springframework.beans.factory.support.AbstractAutowireCapableBeanFactory.doCreateBean(AbstractAutowireCapableBeanFactory.java:607) ~[spring-beans-6.2.17.jar!/:6.2.17]
2026-08-26T13:02:45.0470998+00:00 ContainerStream: 	at org.springframework.beans.factory.support.AbstractAutowireCapableBeanFactory.createBean(AbstractAutowireCapableBeanFactory.java:529) ~[spring-beans-6.2.17.jar!/:6.2.17]
2026-08-26T13:02:45.0471048+00:00 ContainerStream: 	at org.springframework.beans.factory.support.AbstractBeanFactory.lambda$doGetBean$0(AbstractBeanFactory.java:339) ~[spring-beans-6.2.17.jar!/:6.2.17]
2026-08-26T13:02:45.0471078+00:00 ContainerStream: 	at org.springframework.beans.factory.support.DefaultSingletonBeanRegistry.getSingleton(DefaultSingletonBeanRegistry.java:373) ~[spring-beans-6.2.17.jar!/:6.2.17]
2026-08-26T13:02:45.0471105+00:00 ContainerStream: 	at org.springframework.beans.factory.support.AbstractBeanFactory.doGetBean(AbstractBeanFactory.java:337) ~[spring-beans-6.2.17.jar!/:6.2.17]
2026-08-26T13:02:45.0471131+00:00 ContainerStream: 	at org.springframework.beans.factory.support.AbstractBeanFactory.getBean(AbstractBeanFactory.java:202) ~[spring-beans-6.2.17.jar!/:6.2.17]
2026-08-26T13:02:45.0471401+00:00 ContainerStream: 	at org.springframework.beans.factory.support.AbstractBeanFactory.doGetBean(AbstractBeanFactory.java:315) ~[spring-beans-6.2.17.jar!/:6.2.17]
2026-08-26T13:02:45.0471433+00:00 ContainerStream: 	at org.springframework.beans.factory.support.AbstractBeanFactory.getBean(AbstractBeanFactory.java:207) ~[spring-beans-6.2.17.jar!/:6.2.17]
2026-08-26T13:02:45.0471462+00:00 ContainerStream: 	at org.springframework.context.support.AbstractApplicationContext.finishBeanFactoryInitialization(AbstractApplicationContext.java:974) ~[spring-context-6.2.17.jar!/:6.2.17]
2026-08-26T13:02:45.0471490+00:00 ContainerStream: 	at org.springframework.context.support.AbstractApplicationContext.refresh(AbstractApplicationContext.java:628) ~[spring-context-6.2.17.jar!/:6.2.17]
2026-08-26T13:02:45.0471518+00:00 ContainerStream: 	at org.springframework.boot.web.servlet.context.ServletWebServerApplicationContext.refresh(ServletWebServerApplicationContext.java:146) ~[spring-boot-3.5.13.jar!/:3.5.13]
2026-08-26T13:02:45.0471543+00:00 ContainerStream: 	at org.springframework.boot.SpringApplication.refresh(SpringApplication.java:752) ~[spring-boot-3.5.13.jar!/:3.5.13]
2026-08-26T13:02:45.0471593+00:00 ContainerStream: 	at org.springframework.boot.SpringApplication.refreshContext(SpringApplication.java:439) ~[spring-boot-3.5.13.jar!/:3.5.13]
2026-08-26T13:02:45.0471618+00:00 ContainerStream: 	at org.springframework.boot.SpringApplication.run(SpringApplication.java:318) ~[spring-boot-3.5.13.jar!/:3.5.13]
2026-08-26T13:02:45.0471643+00:00 ContainerStream: 	at org.springframework.boot.SpringApplication.run(SpringApplication.java:1361) ~[spring-boot-3.5.13.jar!/:3.5.13]
2026-08-26T13:02:45.0471668+00:00 ContainerStream: 	at org.springframework.boot.SpringApplication.run(SpringApplication.java:1350) ~[spring-boot-3.5.13.jar!/:3.5.13]
2026-08-26T13:02:45.0471691+00:00 ContainerStream: 	at com.rvce.scas.ScasApplication.main(ScasApplication.java:20) ~[!/:0.0.1-SNAPSHOT]
2026-08-26T13:02:45.0471715+00:00 ContainerStream: 	at java.base/jdk.internal.reflect.NativeMethodAccessorImpl.invoke0(Native Method) ~[na:na]
2026-08-26T13:02:45.0471911+00:00 ContainerStream: 	at java.base/jdk.internal.reflect.NativeMethodAccessorImpl.invoke(Unknown Source) ~[na:na]
2026-08-26T13:02:45.0471937+00:00 ContainerStream: 	at java.base/jdk.internal.reflect.DelegatingMethodAccessorImpl.invoke(Unknown Source) ~[na:na]
2026-08-26T13:02:45.0471960+00:00 ContainerStream: 	at java.base/java.lang.reflect.Method.invoke(Unknown Source) ~[na:na]
2026-08-26T13:02:45.0471985+00:00 ContainerStream: 	at org.springframework.boot.loader.launch.Launcher.launch(Launcher.java:106) ~[app.jar:0.0.1-SNAPSHOT]
2026-08-26T13:02:45.0472010+00:00 ContainerStream: 	at org.springframework.boot.loader.launch.Launcher.launch(Launcher.java:64) ~[app.jar:0.0.1-SNAPSHOT]
2026-08-26T13:02:45.0472056+00:00 ContainerStream: 	at org.springframework.boot.loader.launch.JarLauncher.main(JarLauncher.java:40) ~[app.jar:0.0.1-SNAPSHOT]
2026-08-26T13:02:45.0472075+00:00 ContainerStream: 
2026-08-26T13:02:45.0472107+00:00 ContainerStream: 2026-08-26T13:02:45.044Z ERROR 1 --- [           main] o.f.core.internal.command.DbMigrate      : Migration of schema "public" to version "1 - users roles" failed! Changes successfully rolled back.
2026-08-26T13:02:45.1221329+00:00 ContainerStream: 2026-08-26T13:02:45.121Z  WARN 1 --- [           main] ConfigServletWebServerApplicationContext : Exception encountered during context initialization - cancelling refresh attempt: org.springframework.beans.factory.BeanCreationException: Error creating bean with name 'entityManagerFactory' defined in class path resource [org/springframework/boot/autoconfigure/orm/jpa/HibernateJpaConfiguration.class]: Failed to initialize dependency 'flywayInitializer' of LoadTimeWeaverAware bean 'entityManagerFactory': Error creating bean with name 'flywayInitializer' defined in class path resource [org/springframework/boot/autoconfigure/flyway/FlywayAutoConfiguration$FlywayConfiguration.class]: Script V1__users_roles.sql failed
2026-08-26T13:02:45.1221943+00:00 ContainerStream: ---------------------------------
2026-08-26T13:02:45.1221977+00:00 ContainerStream: SQL State  : 0A000
2026-08-26T13:02:45.1222007+00:00 ContainerStream: Error Code : 0
2026-08-26T13:02:45.1222038+00:00 ContainerStream: Message    : ERROR: extension "pgcrypto" is not allow-listed for users in Azure Database for PostgreSQL
2026-08-26T13:02:45.1222067+00:00 ContainerStream:   Hint: to learn how to allow an extension or see the list of allowed extensions, please refer to https://go.microsoft.com/fwlink/?linkid=2301063
2026-08-26T13:02:45.1222095+00:00 ContainerStream: Location   : db/migration/V1__users_roles.sql (/app/nested:/app/app.jar/!BOOT-INF/classes/!/db/migration/V1__users_roles.sql)
2026-08-26T13:02:45.1222221+00:00 ContainerStream: Line       : 38
2026-08-26T13:02:45.1222247+00:00 ContainerStream: Statement  : Run Flyway with -X option to see the actual statement causing the problem
2026-08-26T13:02:45.1222269+00:00 ContainerStream: 
2026-08-26T13:02:45.1322497+00:00 ContainerStream: 2026-08-26T13:02:45.131Z  INFO 1 --- [           main] com.zaxxer.hikari.HikariDataSource       : HikariPool-1 - Shutdown initiated...
2026-08-26T13:02:45.6130173+00:00 ContainerStream: 2026-08-26T13:02:45.612Z  INFO 1 --- [           main] com.zaxxer.hikari.HikariDataSource       : HikariPool-1 - Shutdown completed.
2026-08-26T13:02:45.7846491+00:00 ContainerStream: 2026-08-26T13:02:45.784Z  INFO 1 --- [           main] o.apache.catalina.core.StandardService   : Stopping service [Tomcat]
2026-08-26T13:02:46.0198755+00:00 ContainerStream: 2026-08-26T13:02:46.019Z  INFO 1 --- [           main] .s.b.a.l.ConditionEvaluationReportLogger : 
2026-08-26T13:02:46.0199219+00:00 ContainerStream: 
2026-08-26T13:02:46.0199263+00:00 ContainerStream: Error starting ApplicationContext. To display the condition evaluation report re-run your application with 'debug' enabled.
2026-08-26T13:02:46.3056423+00:00 ContainerStream: 2026-08-26T13:02:46.269Z ERROR 1 --- [           main] o.s.boot.SpringApplication               : Application run failed
2026-08-26T13:02:46.3057074+00:00 ContainerStream: 
2026-08-26T13:02:46.3057141+00:00 ContainerStream: org.springframework.beans.factory.BeanCreationException: Error creating bean with name 'entityManagerFactory' defined in class path resource [org/springframework/boot/autoconfigure/orm/jpa/HibernateJpaConfiguration.class]: Failed to initialize dependency 'flywayInitializer' of LoadTimeWeaverAware bean 'entityManagerFactory': Error creating bean with name 'flywayInitializer' defined in class path resource [org/springframework/boot/autoconfigure/flyway/FlywayAutoConfiguration$FlywayConfiguration.class]: Script V1__users_roles.sql failed
2026-08-26T13:02:46.3057164+00:00 ContainerStream: ---------------------------------
2026-08-26T13:02:46.3057187+00:00 ContainerStream: SQL State  : 0A000
2026-08-26T13:02:46.3057208+00:00 ContainerStream: Error Code : 0
2026-08-26T13:02:46.3057235+00:00 ContainerStream: Message    : ERROR: extension "pgcrypto" is not allow-listed for users in Azure Database for PostgreSQL
2026-08-26T13:02:46.3057265+00:00 ContainerStream:   Hint: to learn how to allow an extension or see the list of allowed extensions, please refer to https://go.microsoft.com/fwlink/?linkid=2301063
2026-08-26T13:02:46.3057293+00:00 ContainerStream: Location   : db/migration/V1__users_roles.sql (/app/nested:/app/app.jar/!BOOT-INF/classes/!/db/migration/V1__users_roles.sql)
2026-08-26T13:02:46.3057315+00:00 ContainerStream: Line       : 38
2026-08-26T13:02:46.3057340+00:00 ContainerStream: Statement  : Run Flyway with -X option to see the actual statement causing the problem
2026-08-26T13:02:46.3057386+00:00 ContainerStream: 
2026-08-26T13:02:46.3057417+00:00 ContainerStream: 	at org.springframework.beans.factory.support.AbstractBeanFactory.doGetBean(AbstractBeanFactory.java:328) ~[spring-beans-6.2.17.jar!/:6.2.17]
2026-08-26T13:02:46.3057445+00:00 ContainerStream: 	at org.springframework.beans.factory.support.AbstractBeanFactory.getBean(AbstractBeanFactory.java:207) ~[spring-beans-6.2.17.jar!/:6.2.17]
2026-08-26T13:02:46.3057474+00:00 ContainerStream: 	at org.springframework.context.support.AbstractApplicationContext.finishBeanFactoryInitialization(AbstractApplicationContext.java:974) ~[spring-context-6.2.17.jar!/:6.2.17]
2026-08-26T13:02:46.3057504+00:00 ContainerStream: 	at org.springframework.context.support.AbstractApplicationContext.refresh(AbstractApplicationContext.java:628) ~[spring-context-6.2.17.jar!/:6.2.17]
2026-08-26T13:02:46.3057535+00:00 ContainerStream: 	at org.springframework.boot.web.servlet.context.ServletWebServerApplicationContext.refresh(ServletWebServerApplicationContext.java:146) ~[spring-boot-3.5.13.jar!/:3.5.13]
2026-08-26T13:02:46.3057563+00:00 ContainerStream: 	at org.springframework.boot.SpringApplication.refresh(SpringApplication.java:752) ~[spring-boot-3.5.13.jar!/:3.5.13]
2026-08-26T13:02:46.3057590+00:00 ContainerStream: 	at org.springframework.boot.SpringApplication.refreshContext(SpringApplication.java:439) ~[spring-boot-3.5.13.jar!/:3.5.13]
2026-08-26T13:02:46.3057619+00:00 ContainerStream: 	at org.springframework.boot.SpringApplication.run(SpringApplication.java:318) ~[spring-boot-3.5.13.jar!/:3.5.13]
2026-08-26T13:02:46.3057645+00:00 ContainerStream: 	at org.springframework.boot.SpringApplication.run(SpringApplication.java:1361) ~[spring-boot-3.5.13.jar!/:3.5.13]
2026-08-26T13:02:46.3057671+00:00 ContainerStream: 	at org.springframework.boot.SpringApplication.run(SpringApplication.java:1350) ~[spring-boot-3.5.13.jar!/:3.5.13]
2026-08-26T13:02:46.3057719+00:00 ContainerStream: 	at com.rvce.scas.ScasApplication.main(ScasApplication.java:20) ~[!/:0.0.1-SNAPSHOT]
2026-08-26T13:02:46.3057746+00:00 ContainerStream: 	at java.base/jdk.internal.reflect.NativeMethodAccessorImpl.invoke0(Native Method) ~[na:na]
2026-08-26T13:02:46.3057771+00:00 ContainerStream: 	at java.base/jdk.internal.reflect.NativeMethodAccessorImpl.invoke(Unknown Source) ~[na:na]
2026-08-26T13:02:46.3057797+00:00 ContainerStream: 	at java.base/jdk.internal.reflect.DelegatingMethodAccessorImpl.invoke(Unknown Source) ~[na:na]
2026-08-26T13:02:46.3057821+00:00 ContainerStream: 	at java.base/java.lang.reflect.Method.invoke(Unknown Source) ~[na:na]
2026-08-26T13:02:46.3057846+00:00 ContainerStream: 	at org.springframework.boot.loader.launch.Launcher.launch(Launcher.java:106) ~[app.jar:0.0.1-SNAPSHOT]
2026-08-26T13:02:46.3057873+00:00 ContainerStream: 	at org.springframework.boot.loader.launch.Launcher.launch(Launcher.java:64) ~[app.jar:0.0.1-SNAPSHOT]
2026-08-26T13:02:46.3057899+00:00 ContainerStream: 	at org.springframework.boot.loader.launch.JarLauncher.main(JarLauncher.java:40) ~[app.jar:0.0.1-SNAPSHOT]
2026-08-26T13:02:46.3057936+00:00 ContainerStream: Caused by: org.springframework.beans.factory.BeanCreationException: Error creating bean with name 'flywayInitializer' defined in class path resource [org/springframework/boot/autoconfigure/flyway/FlywayAutoConfiguration$FlywayConfiguration.class]: Script V1__users_roles.sql failed
2026-08-26T13:02:46.3057958+00:00 ContainerStream: ---------------------------------
2026-08-26T13:02:46.3057977+00:00 ContainerStream: SQL State  : 0A000
2026-08-26T13:02:46.3058020+00:00 ContainerStream: Error Code : 0
2026-08-26T13:02:46.3058048+00:00 ContainerStream: Message    : ERROR: extension "pgcrypto" is not allow-listed for users in Azure Database for PostgreSQL
2026-08-26T13:02:46.3058076+00:00 ContainerStream:   Hint: to learn how to allow an extension or see the list of allowed extensions, please refer to https://go.microsoft.com/fwlink/?linkid=2301063
2026-08-26T13:02:46.3058103+00:00 ContainerStream: Location   : db/migration/V1__users_roles.sql (/app/nested:/app/app.jar/!BOOT-INF/classes/!/db/migration/V1__users_roles.sql)
2026-08-26T13:02:46.3058124+00:00 ContainerStream: Line       : 38
2026-08-26T13:02:46.3058381+00:00 ContainerStream: Statement  : Run Flyway with -X option to see the actual statement causing the problem
2026-08-26T13:02:46.3058406+00:00 ContainerStream: 
2026-08-26T13:02:46.3058437+00:00 ContainerStream: 	at org.springframework.beans.factory.support.AbstractAutowireCapableBeanFactory.initializeBean(AbstractAutowireCapableBeanFactory.java:1826) ~[spring-beans-6.2.17.jar!/:6.2.17]
2026-08-26T13:02:46.3058469+00:00 ContainerStream: 	at org.springframework.beans.factory.support.AbstractAutowireCapableBeanFactory.doCreateBean(AbstractAutowireCapableBeanFactory.java:607) ~[spring-beans-6.2.17.jar!/:6.2.17]
2026-08-26T13:02:46.3058499+00:00 ContainerStream: 	at org.springframework.beans.factory.support.AbstractAutowireCapableBeanFactory.createBean(AbstractAutowireCapableBeanFactory.java:529) ~[spring-beans-6.2.17.jar!/:6.2.17]
2026-08-26T13:02:46.3058528+00:00 ContainerStream: 	at org.springframework.beans.factory.support.AbstractBeanFactory.lambda$doGetBean$0(AbstractBeanFactory.java:339) ~[spring-beans-6.2.17.jar!/:6.2.17]
2026-08-26T13:02:46.3058586+00:00 ContainerStream: 	at org.springframework.beans.factory.support.DefaultSingletonBeanRegistry.getSingleton(DefaultSingletonBeanRegistry.java:373) ~[spring-beans-6.2.17.jar!/:6.2.17]
2026-08-26T13:02:46.3058614+00:00 ContainerStream: 	at org.springframework.beans.factory.support.AbstractBeanFactory.doGetBean(AbstractBeanFactory.java:337) ~[spring-beans-6.2.17.jar!/:6.2.17]
2026-08-26T13:02:46.3058642+00:00 ContainerStream: 	at org.springframework.beans.factory.support.AbstractBeanFactory.getBean(AbstractBeanFactory.java:202) ~[spring-beans-6.2.17.jar!/:6.2.17]
2026-08-26T13:02:46.3058670+00:00 ContainerStream: 	at org.springframework.beans.factory.support.AbstractBeanFactory.doGetBean(AbstractBeanFactory.java:315) ~[spring-beans-6.2.17.jar!/:6.2.17]
2026-08-26T13:02:46.3058692+00:00 ContainerStream: 	... 17 common frames omitted
2026-08-26T13:02:46.3058719+00:00 ContainerStream: Caused by: org.flywaydb.core.internal.exception.FlywayMigrateException: Script V1__users_roles.sql failed
2026-08-26T13:02:46.3058741+00:00 ContainerStream: ---------------------------------
2026-08-26T13:02:46.3058761+00:00 ContainerStream: SQL State  : 0A000
2026-08-26T13:02:46.3058781+00:00 ContainerStream: Error Code : 0
2026-08-26T13:02:46.3058806+00:00 ContainerStream: Message    : ERROR: extension "pgcrypto" is not allow-listed for users in Azure Database for PostgreSQL
2026-08-26T13:02:46.3058835+00:00 ContainerStream:   Hint: to learn how to allow an extension or see the list of allowed extensions, please refer to https://go.microsoft.com/fwlink/?linkid=2301063
2026-08-26T13:02:46.3058887+00:00 ContainerStream: Location   : db/migration/V1__users_roles.sql (/app/nested:/app/app.jar/!BOOT-INF/classes/!/db/migration/V1__users_roles.sql)
2026-08-26T13:02:46.3058908+00:00 ContainerStream: Line       : 38
2026-08-26T13:02:46.3058933+00:00 ContainerStream: Statement  : Run Flyway with -X option to see the actual statement causing the problem
2026-08-26T13:02:46.3058952+00:00 ContainerStream: 
2026-08-26T13:02:46.3058979+00:00 ContainerStream: 	at org.flywaydb.core.internal.command.DbMigrate.doMigrateGroup(DbMigrate.java:399) ~[flyway-core-11.7.2.jar!/:na]
2026-08-26T13:02:46.3059007+00:00 ContainerStream: 	at org.flywaydb.core.internal.command.DbMigrate.lambda$applyMigrations$1(DbMigrate.java:283) ~[flyway-core-11.7.2.jar!/:na]
2026-08-26T13:02:46.3059036+00:00 ContainerStream: 	at org.flywaydb.core.internal.jdbc.TransactionalExecutionTemplate.execute(TransactionalExecutionTemplate.java:59) ~[flyway-core-11.7.2.jar!/:na]
2026-08-26T13:02:46.3059063+00:00 ContainerStream: 	at org.flywaydb.core.internal.command.DbMigrate.applyMigrations(DbMigrate.java:282) ~[flyway-core-11.7.2.jar!/:na]
2026-08-26T13:02:46.3059089+00:00 ContainerStream: 	at org.flywaydb.core.internal.command.DbMigrate.migrateGroup(DbMigrate.java:255) ~[flyway-core-11.7.2.jar!/:na]
2026-08-26T13:02:46.3059116+00:00 ContainerStream: 	at org.flywaydb.core.internal.command.DbMigrate.lambda$migrateAll$0(DbMigrate.java:153) ~[flyway-core-11.7.2.jar!/:na]
2026-08-26T13:02:46.3059147+00:00 ContainerStream: 	at org.flywaydb.database.postgresql.PostgreSQLAdvisoryLockTemplate.execute(PostgreSQLAdvisoryLockTemplate.java:77) ~[flyway-database-postgresql-11.7.2.jar!/:na]
2026-08-26T13:02:46.3059207+00:00 ContainerStream: 	at org.flywaydb.database.postgresql.PostgreSQLAdvisoryLockTemplate.lambda$execute$0(PostgreSQLAdvisoryLockTemplate.java:60) ~[flyway-database-postgresql-11.7.2.jar!/:na]
2026-08-26T13:02:46.3059236+00:00 ContainerStream: 	at org.flywaydb.core.internal.jdbc.TransactionalExecutionTemplate.execute(TransactionalExecutionTemplate.java:59) ~[flyway-core-11.7.2.jar!/:na]
2026-08-26T13:02:46.3059266+00:00 ContainerStream: 	at org.flywaydb.database.postgresql.PostgreSQLAdvisoryLockTemplate.execute(PostgreSQLAdvisoryLockTemplate.java:60) ~[flyway-database-postgresql-11.7.2.jar!/:na]
2026-08-26T13:02:46.3059294+00:00 ContainerStream: 	at org.flywaydb.database.postgresql.PostgreSQLConnection.lock(PostgreSQLConnection.java:105) ~[flyway-database-postgresql-11.7.2.jar!/:na]
2026-08-26T13:02:46.3059322+00:00 ContainerStream: 	at org.flywaydb.core.internal.schemahistory.JdbcTableSchemaHistory.lock(JdbcTableSchemaHistory.java:164) ~[flyway-core-11.7.2.jar!/:na]
2026-08-26T13:02:46.3059349+00:00 ContainerStream: 	at org.flywaydb.core.internal.command.DbMigrate.migrateAll(DbMigrate.java:153) ~[flyway-core-11.7.2.jar!/:na]
2026-08-26T13:02:46.3059375+00:00 ContainerStream: 	at org.flywaydb.core.internal.command.DbMigrate.migrate(DbMigrate.java:104) ~[flyway-core-11.7.2.jar!/:na]
2026-08-26T13:02:46.3059400+00:00 ContainerStream: 	at org.flywaydb.core.Flyway.lambda$migrate$1(Flyway.java:247) ~[flyway-core-11.7.2.jar!/:na]
2026-08-26T13:02:46.3059426+00:00 ContainerStream: 	at org.flywaydb.core.FlywayExecutor.execute(FlywayExecutor.java:210) ~[flyway-core-11.7.2.jar!/:na]
2026-08-26T13:02:46.3059502+00:00 ContainerStream: 	at org.flywaydb.core.Flyway.migrate(Flyway.java:188) ~[flyway-core-11.7.2.jar!/:na]
2026-08-26T13:02:46.3059557+00:00 ContainerStream: 	at org.springframework.boot.autoconfigure.flyway.FlywayMigrationInitializer.afterPropertiesSet(FlywayMigrationInitializer.java:66) ~[spring-boot-autoconfigure-3.5.13.jar!/:3.5.13]
2026-08-26T13:02:46.3059588+00:00 ContainerStream: 	at org.springframework.beans.factory.support.AbstractAutowireCapableBeanFactory.invokeInitMethods(AbstractAutowireCapableBeanFactory.java:1873) ~[spring-beans-6.2.17.jar!/:6.2.17]
2026-08-26T13:02:46.3059619+00:00 ContainerStream: 	at org.springframework.beans.factory.support.AbstractAutowireCapableBeanFactory.initializeBean(AbstractAutowireCapableBeanFactory.java:1822) ~[spring-beans-6.2.17.jar!/:6.2.17]
2026-08-26T13:02:46.3059641+00:00 ContainerStream: 	... 24 common frames omitted
2026-08-26T13:02:46.3059668+00:00 ContainerStream: Caused by: org.flywaydb.core.internal.sqlscript.FlywaySqlScriptException: Script V1__users_roles.sql failed
2026-08-26T13:02:46.3059689+00:00 ContainerStream: ---------------------------------
2026-08-26T13:02:46.3059709+00:00 ContainerStream: SQL State  : 0A000
2026-08-26T13:02:46.3059730+00:00 ContainerStream: Error Code : 0
2026-08-26T13:02:46.3059757+00:00 ContainerStream: Message    : ERROR: extension "pgcrypto" is not allow-listed for users in Azure Database for PostgreSQL
2026-08-26T13:02:46.3059785+00:00 ContainerStream:   Hint: to learn how to allow an extension or see the list of allowed extensions, please refer to https://go.microsoft.com/fwlink/?linkid=2301063
2026-08-26T13:02:46.3059813+00:00 ContainerStream: Location   : db/migration/V1__users_roles.sql (/app/nested:/app/app.jar/!BOOT-INF/classes/!/db/migration/V1__users_roles.sql)
2026-08-26T13:02:46.3059833+00:00 ContainerStream: Line       : 38
2026-08-26T13:02:46.3059881+00:00 ContainerStream: Statement  : Run Flyway with -X option to see the actual statement causing the problem
2026-08-26T13:02:46.3059901+00:00 ContainerStream: 
2026-08-26T13:02:46.3059930+00:00 ContainerStream: 	at org.flywaydb.core.internal.sqlscript.DefaultSqlScriptExecutor.handleException(DefaultSqlScriptExecutor.java:256) ~[flyway-core-11.7.2.jar!/:na]
2026-08-26T13:02:46.3059959+00:00 ContainerStream: 	at org.flywaydb.core.internal.sqlscript.DefaultSqlScriptExecutor.executeStatement(DefaultSqlScriptExecutor.java:217) ~[flyway-core-11.7.2.jar!/:na]
2026-08-26T13:02:46.3059988+00:00 ContainerStream: 	at org.flywaydb.core.internal.sqlscript.DefaultSqlScriptExecutor.execute(DefaultSqlScriptExecutor.java:137) ~[flyway-core-11.7.2.jar!/:na]
2026-08-26T13:02:46.3060016+00:00 ContainerStream: 	at org.flywaydb.core.internal.resolver.sql.SqlMigrationExecutor.executeOnce(SqlMigrationExecutor.java:75) ~[flyway-core-11.7.2.jar!/:na]
2026-08-26T13:02:46.3060044+00:00 ContainerStream: 	at org.flywaydb.core.internal.resolver.sql.SqlMigrationExecutor.lambda$execute$0(SqlMigrationExecutor.java:66) ~[flyway-core-11.7.2.jar!/:na]
2026-08-26T13:02:46.3060072+00:00 ContainerStream: 	at org.flywaydb.core.internal.database.DefaultExecutionStrategy.execute(DefaultExecutionStrategy.java:31) ~[flyway-core-11.7.2.jar!/:na]
2026-08-26T13:02:46.3060100+00:00 ContainerStream: 	at org.flywaydb.core.internal.resolver.sql.SqlMigrationExecutor.execute(SqlMigrationExecutor.java:65) ~[flyway-core-11.7.2.jar!/:na]
2026-08-26T13:02:46.3060127+00:00 ContainerStream: 	at org.flywaydb.core.internal.command.DbMigrate.doMigrateGroup(DbMigrate.java:391) ~[flyway-core-11.7.2.jar!/:na]
2026-08-26T13:02:46.3060148+00:00 ContainerStream: 	... 43 common frames omitted
2026-08-26T13:02:46.3060200+00:00 ContainerStream: Caused by: org.postgresql.util.PSQLException: ERROR: extension "pgcrypto" is not allow-listed for users in Azure Database for PostgreSQL
2026-08-26T13:02:46.3060230+00:00 ContainerStream:   Hint: to learn how to allow an extension or see the list of allowed extensions, please refer to https://go.microsoft.com/fwlink/?linkid=2301063
2026-08-26T13:02:46.3060258+00:00 ContainerStream: 	at org.postgresql.core.v3.QueryExecutorImpl.receiveErrorResponse(QueryExecutorImpl.java:2875) ~[postgresql-42.7.10.jar!/:42.7.10]
2026-08-26T13:02:46.3060284+00:00 ContainerStream: 	at org.postgresql.core.v3.QueryExecutorImpl.processResults(QueryExecutorImpl.java:2560) ~[postgresql-42.7.10.jar!/:42.7.10]
2026-08-26T13:02:46.3060311+00:00 ContainerStream: 	at org.postgresql.core.v3.QueryExecutorImpl.execute(QueryExecutorImpl.java:429) ~[postgresql-42.7.10.jar!/:42.7.10]
2026-08-26T13:02:46.3060338+00:00 ContainerStream: 	at org.postgresql.jdbc.PgStatement.executeInternal(PgStatement.java:526) ~[postgresql-42.7.10.jar!/:42.7.10]
2026-08-26T13:02:46.3060363+00:00 ContainerStream: 	at org.postgresql.jdbc.PgStatement.execute(PgStatement.java:436) ~[postgresql-42.7.10.jar!/:42.7.10]
2026-08-26T13:02:46.3060390+00:00 ContainerStream: 	at org.postgresql.jdbc.PgStatement.executeWithFlags(PgStatement.java:358) ~[postgresql-42.7.10.jar!/:42.7.10]
2026-08-26T13:02:46.3060416+00:00 ContainerStream: 	at org.postgresql.jdbc.PgStatement.executeCachedSql(PgStatement.java:343) ~[postgresql-42.7.10.jar!/:42.7.10]
2026-08-26T13:02:46.3060442+00:00 ContainerStream: 	at org.postgresql.jdbc.PgStatement.executeWithFlags(PgStatement.java:319) ~[postgresql-42.7.10.jar!/:42.7.10]
2026-08-26T13:02:46.3060469+00:00 ContainerStream: 	at org.postgresql.jdbc.PgStatement.execute(PgStatement.java:314) ~[postgresql-42.7.10.jar!/:42.7.10]
2026-08-26T13:02:46.3060518+00:00 ContainerStream: 	at com.zaxxer.hikari.pool.ProxyStatement.execute(ProxyStatement.java:95) ~[HikariCP-6.3.3.jar!/:na]
2026-08-26T13:02:46.3060545+00:00 ContainerStream: 	at com.zaxxer.hikari.pool.HikariProxyStatement.execute(HikariProxyStatement.java) ~[HikariCP-6.3.3.jar!/:na]
2026-08-26T13:02:46.3060572+00:00 ContainerStream: 	at org.flywaydb.core.internal.jdbc.JdbcTemplate.executeStatement(JdbcTemplate.java:215) ~[flyway-core-11.7.2.jar!/:na]
2026-08-26T13:02:46.3060643+00:00 ContainerStream: 	at org.flywaydb.core.internal.sqlscript.ParsedSqlStatement.execute(ParsedSqlStatement.java:88) ~[flyway-core-11.7.2.jar!/:na]
2026-08-26T13:02:46.3060675+00:00 ContainerStream: 	at org.flywaydb.core.internal.sqlscript.DefaultSqlScriptExecutor.executeStatement(DefaultSqlScriptExecutor.java:212) ~[flyway-core-11.7.2.jar!/:na]
2026-08-26T13:02:46.3060696+00:00 ContainerStream: 	... 49 common frames omitted
2026-08-26T13:02:46.3060716+00:00 ContainerStream: 
2026-08-26T13:02:46.8704712+00:00 ContainerStatus: Container has finished running with exit code: 1.
2026-08-26T13:02:46.8715228+00:00 ContainerStatus: Container is terminating. Grace period: 5 seconds.
2026-08-26T13:02:46.8792053+00:00 ContainerStatus: Stop and delete container. Retry count = 0
2026-08-26T13:02:46.8793219+00:00 ContainerStatus: Stopping container: 66c57b38db6a_scas-backend-2026-rvce.
2026-08-26T13:02:46.9718570+00:00 ContainerStatus: Deleting container: 66c57b38db6a_scas-backend-2026-rvce. Retry count = 0
2026-08-26T13:02:47.2277656+00:00 ContainerStatus: Container spec TerminationMessagePolicy  path 
2026-08-26T13:02:47.2289321+00:00 ContainerStatus: Container is terminated. Total time elapsed: 350 ms.
2026-08-26T13:02:47.2295420+00:00 ContainerStatus: Site container: scas-backend-2026-rvce terminated during site startup.
2026-08-26T13:02:47.2354580+00:00 ContainerStatus: State: Stopping, Action: CancellingStartup, LastError: ContainerStartupFailure, LastErrorTimestamp: 08/26/2026 12:54:16, LastErrorDetails: Container exited with exit code 1 during startup after 80.4s. Please inspect your container logs for more details., Details: Site container: scas-backend-2026-rvce terminated during site startup. Cancelling site startup., DetailsLevel: ERR
2026-08-26T13:02:47.4288712+00:00 ContainerStatus: Site startup probe failed after 114.1787557 seconds.
2026-08-26T13:02:47.8593569+00:00 ContainerStatus: State: Stopping, Action: CancellingStartup, LastError: ContainerStartupFailure, LastErrorTimestamp: 08/26/2026 13:02:47, LastErrorDetails: Container exited with exit code 1 during startup after 114.1s. Please inspect your container logs for more details., Details: Site container: scas-backend-2026-rvce terminated during site startup. Cancelling site startup., DetailsLevel: ERR
2026-08-26T13:02:47.9137799+00:00 ContainerStatus: Failed to start site. Revert by stopping site.
2026-08-26T13:02:47.9276904+00:00 ContainerStatus: State: Stopping, Action: StoppingSite, LastError: ContainerStartupFailure, LastErrorTimestamp: 08/26/2026 13:02:47, LastErrorDetails: Container exited with exit code 1 during startup after 114.1s. Please inspect your container logs for more details., Details: Site container: scas-backend-2026-rvce terminated during site startup. Cancelling site startup., DetailsLevel: ERR
2026-08-26T13:02:47.9287924+00:00 ContainerStatus: State: Stopping, Action: StoppingSiteContainers, LastError: ContainerStartupFailure, LastErrorTimestamp: 08/26/2026 13:02:47, LastErrorDetails: Container exited with exit code 1 during startup after 114.1s. Please inspect your container logs for more details., Details: Site container: scas-backend-2026-rvce terminated during site startup. Cancelling site startup., DetailsLevel: ERR
2026-08-26T13:02:48.5222295+00:00 ContainerStatus: Site container: scas-backend-2026-rvce_managedIdentity terminated during site startup.
2026-08-26T13:02:48.5227888+00:00 ContainerStatus: State: Stopping, Action: StoppingSiteContainers, LastError: ContainerStartupFailure, LastErrorTimestamp: 08/26/2026 13:02:47, LastErrorDetails: Container exited with exit code 1 during startup after 114.1s. Please inspect your container logs for more details., Details: Site container: scas-backend-2026-rvce terminated during site startup. Cancelling site startup., DetailsLevel: ERR
2026-08-26T13:02:48.5230135+00:00 ContainerStatus: Site: scas-backend-2026-rvce stopped.
========== New Cold Start Attempt (2026-08-26T13:17:13.4252985+00:00) ==========
2026-08-26T13:17:13.4252985+00:00 ContainerStatus: State: Starting, Action: EstablishingSiteNetworks, LastError: ContainerStartupFailure, LastErrorTimestamp: 08/26/2026 13:02:47, LastErrorDetails: Container exited with exit code 1 during startup after 114.1s. Please inspect your container logs for more details., Details: Site stopped at 08/26/2026 13:02:50 (UTC), DetailsLevel: WARN
2026-08-26T13:17:19.8788324+00:00 ContainerStatus: State: Starting, Action: StartingMsiContainer, LastError: ContainerStartupFailure, LastErrorTimestamp: 08/26/2026 13:02:47, LastErrorDetails: Container exited with exit code 1 during startup after 114.1s. Please inspect your container logs for more details., Details: Site stopped at 08/26/2026 13:02:50 (UTC), DetailsLevel: WARN
2026-08-26T13:17:49.5254652+00:00 ContainerStatus: State: Starting, Action: StartingSiteContainers, LastError: ContainerStartupFailure, LastErrorTimestamp: 08/26/2026 13:02:47, LastErrorDetails: Container exited with exit code 1 during startup after 114.1s. Please inspect your container logs for more details., Details: Site stopped at 08/26/2026 13:02:50 (UTC), DetailsLevel: WARN
2026-08-26T13:17:49.5260127+00:00 ContainerStatus: Container start method called.
2026-08-26T13:17:49.5356084+00:00 ContainerStatus: State: Starting, Action: PullingImage, LastError: ContainerStartupFailure, LastErrorTimestamp: 08/26/2026 13:02:47, LastErrorDetails: Container exited with exit code 1 during startup after 114.1s. Please inspect your container logs for more details., Details: Pulling image scasacr2026rvce.azurecr.io/scas-backend:demo-citext-fix-544b4de for scas-backend-2026-rvce., DetailsLevel: INFO
2026-08-26T13:17:49.5442040+00:00 ContainerStatus: Establishing network.
2026-08-26T13:17:49.5444209+00:00 ContainerStatus: Pulling image: scasacr2026rvce.azurecr.io/scas-backend:demo-citext-fix-544b4de.
2026-08-26T13:17:52.1267652+00:00 ContainerStatus: Container is starting.
2026-08-26T13:17:52.1273068+00:00 ContainerStatus: State: Starting, Action: MountingVolumes, LastError: ContainerStartupFailure, LastErrorTimestamp: 08/26/2026 13:02:47, LastErrorDetails: Container exited with exit code 1 during startup after 114.1s. Please inspect your container logs for more details., Details: Mounting volumes for scas-backend-2026-rvce., DetailsLevel: INFO
2026-08-26T13:17:52.1276475+00:00 ContainerStatus: Establishing user namespace if not established already.
2026-08-26T13:17:52.1277139+00:00 ContainerStatus: Establishing network if not established already.
2026-08-26T13:17:52.1277879+00:00 ContainerStatus: Mounting volumes.
2026-08-26T13:17:52.1285860+00:00 ContainerStatus: Nested mountpoint volatile/logs
2026-08-26T13:17:52.1752313+00:00 ContainerStatus: Nested mountpoint 
2026-08-26T13:17:52.3033134+00:00 ContainerStatus: Nested mountpoint 
2026-08-26T13:17:52.9836096+00:00 ContainerStatus: State: Starting, Action: CreatingContainer, LastError: ContainerStartupFailure, LastErrorTimestamp: 08/26/2026 13:02:47, LastErrorDetails: Container exited with exit code 1 during startup after 114.1s. Please inspect your container logs for more details., Details: Finished pulling container image and mounting volumes for scas-backend-2026-rvce. Allocatinng the rest of the container resources to finish container creation., DetailsLevel: INFO
2026-08-26T13:17:53.0374532+00:00 ContainerStatus: Creating container.
2026-08-26T13:17:53.0378958+00:00 ContainerStatus: Creating pipes for streaming container io.
2026-08-26T13:17:53.0380832+00:00 ContainerStatus: Creating stdout named pipe at /podr/container/pipe/7751cc8bff11_scas-backend-2026-rvce/stdout_ff19aa76743e4d11b06795c8baac6011.
2026-08-26T13:17:53.1118091+00:00 ContainerStatus: Successfully created stdout named pipe at: /podr/container/pipe/7751cc8bff11_scas-backend-2026-rvce/stdout_ff19aa76743e4d11b06795c8baac6011.
2026-08-26T13:17:53.1119269+00:00 ContainerStatus: Opening named pipe /podr/container/pipe/7751cc8bff11_scas-backend-2026-rvce/stdout_ff19aa76743e4d11b06795c8baac6011 for reading in non-blocking mode.
2026-08-26T13:17:53.1120042+00:00 ContainerStatus: Successfully opened named pipe: /podr/container/pipe/7751cc8bff11_scas-backend-2026-rvce/stdout_ff19aa76743e4d11b06795c8baac6011.
2026-08-26T13:17:53.1626745+00:00 ContainerStatus: Successfully removed non-blocking flag from /podr/container/pipe/7751cc8bff11_scas-backend-2026-rvce/stdout_ff19aa76743e4d11b06795c8baac6011.
2026-08-26T13:17:53.1634289+00:00 ContainerStatus: Creating stderr named pipe at /podr/container/pipe/7751cc8bff11_scas-backend-2026-rvce/stderr_68f57ab012354e8098581c43370def0e.
2026-08-26T13:17:53.1817011+00:00 ContainerStatus: Successfully created stderr named pipe at: /podr/container/pipe/7751cc8bff11_scas-backend-2026-rvce/stderr_68f57ab012354e8098581c43370def0e.
2026-08-26T13:17:53.1837000+00:00 ContainerStatus: Opening named pipe /podr/container/pipe/7751cc8bff11_scas-backend-2026-rvce/stderr_68f57ab012354e8098581c43370def0e for reading in non-blocking mode.
2026-08-26T13:17:53.1838642+00:00 ContainerStatus: Successfully opened named pipe: /podr/container/pipe/7751cc8bff11_scas-backend-2026-rvce/stderr_68f57ab012354e8098581c43370def0e.
2026-08-26T13:17:53.1839453+00:00 ContainerStatus: Successfully removed non-blocking flag from /podr/container/pipe/7751cc8bff11_scas-backend-2026-rvce/stderr_68f57ab012354e8098581c43370def0e.
2026-08-26T13:17:53.1840922+00:00 ContainerStatus: Creating container with image: scasacr2026rvce.azurecr.io/scas-backend:demo-citext-fix-544b4de from registry: scasacr2026rvce.azurecr.io and fully qualified image name: scasacr2026rvce.azurecr.io/scas-backend:demo-citext-fix-544b4de
2026-08-26T13:17:54.6474818+00:00 ContainerStatus: Container get mounts received unexpected exception.
2026-08-26T13:17:54.8537195+00:00 ContainerStatus: Container get processes received unexpected exception.
2026-08-26T13:17:56.5621816+00:00 ContainerStatus: Starting container: 7751cc8bff11_scas-backend-2026-rvce.
2026-08-26T13:17:56.8203881+00:00 ContainerStatus: Starting watchers and probes.
2026-08-26T13:17:56.8411195+00:00 ContainerStatus: Starting metrics collection.
2026-08-26T13:17:56.8412779+00:00 ContainerStatus: Container is running.
2026-08-26T13:17:56.8413826+00:00 ContainerStatus: State: Starting, Action: CreatingContainer, LastError: ContainerStartupFailure, LastErrorTimestamp: 08/26/2026 13:02:47, LastErrorDetails: Container exited with exit code 1 during startup after 114.1s. Please inspect your container logs for more details., Details: Container scas-backend-2026-rvce successfully created and is running., DetailsLevel: INFO
2026-08-26T13:17:57.6982357+00:00 ContainerStatus: Container start method finished after 8172 ms.
2026-08-26T13:17:57.6983998+00:00 ContainerStatus: State: Starting, Action: InitiatingSiteWarmUpProbe, LastError: ContainerStartupFailure, LastErrorTimestamp: 08/26/2026 13:02:47, LastErrorDetails: Container exited with exit code 1 during startup after 114.1s. Please inspect your container logs for more details., Details: Container scas-backend-2026-rvce successfully created and is running., DetailsLevel: INFO
2026-08-26T13:17:57.6984283+00:00 ContainerStatus: State: Starting, Action: WaitingForSiteWarmUpProbeSuccess, LastError: ContainerStartupFailure, LastErrorTimestamp: 08/26/2026 13:02:47, LastErrorDetails: Container exited with exit code 1 during startup after 114.1s. Please inspect your container logs for more details., Details: Pinging warmup path to ensure container is ready to receive requests., DetailsLevel: INFO
2026-08-26T13:18:39.0636251+00:00 ContainerStream: 
2026-08-26T13:18:39.0649116+00:00 ContainerStream:   .   ____          _            __ _ _
2026-08-26T13:18:39.0652236+00:00 ContainerStream:  /\\ / ___'_ __ _ _(_)_ __  __ _ \ \ \ \
2026-08-26T13:18:39.0652347+00:00 ContainerStream: ( ( )\___ | '_ | '_| | '_ \/ _` | \ \ \ \
2026-08-26T13:18:39.0652376+00:00 ContainerStream:  \\/  ___)| |_)| | | | | || (_| |  ) ) ) )
2026-08-26T13:18:39.0652410+00:00 ContainerStream:   '  |____| .__|_| |_|_| |_\__, | / / / /
2026-08-26T13:18:39.0652490+00:00 ContainerStream:  =========|_|==============|___/=/_/_/_/
2026-08-26T13:18:39.0652517+00:00 ContainerStream: 
2026-08-26T13:18:39.0996859+00:00 ContainerStream:  :: Spring Boot ::               (v3.5.13)
2026-08-26T13:18:39.0999897+00:00 ContainerStream: 
2026-08-26T13:18:41.3160780+00:00 ContainerStream: 2026-08-26T13:18:41.220Z  INFO 1 --- [           main] com.rvce.scas.ScasApplication            : Starting ScasApplication v0.0.1-SNAPSHOT using Java 17.0.20 with PID 1 (/app/app.jar started by root in /app)
2026-08-26T13:18:41.3417492+00:00 ContainerStream: 2026-08-26T13:18:41.334Z  INFO 1 --- [           main] com.rvce.scas.ScasApplication            : The following 1 profile is active: "prod"
2026-08-26T13:19:23.5890275+00:00 ContainerStream: 2026-08-26T13:19:23.587Z  INFO 1 --- [           main] .s.d.r.c.RepositoryConfigurationDelegate : Multiple Spring Data modules found, entering strict repository configuration mode
2026-08-26T13:19:23.6281184+00:00 ContainerStream: 2026-08-26T13:19:23.618Z  INFO 1 --- [           main] .s.d.r.c.RepositoryConfigurationDelegate : Bootstrapping Spring Data JPA repositories in DEFAULT mode.
2026-08-26T13:19:28.8127623+00:00 ContainerStream: 2026-08-26T13:19:28.812Z  INFO 1 --- [           main] .s.d.r.c.RepositoryConfigurationDelegate : Finished Spring Data repository scanning in 5017 ms. Found 12 JPA repository interfaces.
2026-08-26T13:19:29.1124967+00:00 ContainerStream: 2026-08-26T13:19:29.111Z  INFO 1 --- [           main] .s.d.r.c.RepositoryConfigurationDelegate : Multiple Spring Data modules found, entering strict repository configuration mode
2026-08-26T13:19:29.1218271+00:00 ContainerStream: 2026-08-26T13:19:29.120Z  INFO 1 --- [           main] .s.d.r.c.RepositoryConfigurationDelegate : Bootstrapping Spring Data Redis repositories in DEFAULT mode.
2026-08-26T13:19:29.4715772+00:00 ContainerStream: 2026-08-26T13:19:29.469Z  INFO 1 --- [           main] .RepositoryConfigurationExtensionSupport : Spring Data Redis - Could not safely identify store assignment for repository candidate interface com.rvce.scas.repository.DepartmentRepository; If you want this repository to be a Redis repository, consider annotating your entities with one of these annotations: org.springframework.data.redis.core.RedisHash (preferred), or consider extending one of the following types with your repository: org.springframework.data.keyvalue.repository.KeyValueRepository
2026-08-26T13:19:29.5275449+00:00 ContainerStream: 2026-08-26T13:19:29.501Z  INFO 1 --- [           main] .RepositoryConfigurationExtensionSupport : Spring Data Redis - Could not safely identify store assignment for repository candidate interface com.rvce.scas.repository.ExamHallRepository; If you want this repository to be a Redis repository, consider annotating your entities with one of these annotations: org.springframework.data.redis.core.RedisHash (preferred), or consider extending one of the following types with your repository: org.springframework.data.keyvalue.repository.KeyValueRepository
2026-08-26T13:19:29.5278102+00:00 ContainerStream: 2026-08-26T13:19:29.519Z  INFO 1 --- [           main] .RepositoryConfigurationExtensionSupport : Spring Data Redis - Could not safely identify store assignment for repository candidate interface com.rvce.scas.repository.ExamSeatRepository; If you want this repository to be a Redis repository, consider annotating your entities with one of these annotations: org.springframework.data.redis.core.RedisHash (preferred), or consider extending one of the following types with your repository: org.springframework.data.keyvalue.repository.KeyValueRepository
2026-08-26T13:19:29.5391244+00:00 ContainerStream: 2026-08-26T13:19:29.536Z  INFO 1 --- [           main] .RepositoryConfigurationExtensionSupport : Spring Data Redis - Could not safely identify store assignment for repository candidate interface com.rvce.scas.repository.ExamSessionRepository; If you want this repository to be a Redis repository, consider annotating your entities with one of these annotations: org.springframework.data.redis.core.RedisHash (preferred), or consider extending one of the following types with your repository: org.springframework.data.keyvalue.repository.KeyValueRepository
2026-08-26T13:19:29.5391483+00:00 ContainerStream: 2026-08-26T13:19:29.537Z  INFO 1 --- [           main] .RepositoryConfigurationExtensionSupport : Spring Data Redis - Could not safely identify store assignment for repository candidate interface com.rvce.scas.repository.ExamStudentRepository; If you want this repository to be a Redis repository, consider annotating your entities with one of these annotations: org.springframework.data.redis.core.RedisHash (preferred), or consider extending one of the following types with your repository: org.springframework.data.keyvalue.repository.KeyValueRepository
2026-08-26T13:19:29.5506595+00:00 ContainerStream: 2026-08-26T13:19:29.540Z  INFO 1 --- [           main] .RepositoryConfigurationExtensionSupport : Spring Data Redis - Could not safely identify store assignment for repository candidate interface com.rvce.scas.repository.NotificationRepository; If you want this repository to be a Redis repository, consider annotating your entities with one of these annotations: org.springframework.data.redis.core.RedisHash (preferred), or consider extending one of the following types with your repository: org.springframework.data.keyvalue.repository.KeyValueRepository
2026-08-26T13:19:29.5663840+00:00 ContainerStream: 2026-08-26T13:19:29.565Z  INFO 1 --- [           main] .RepositoryConfigurationExtensionSupport : Spring Data Redis - Could not safely identify store assignment for repository candidate interface com.rvce.scas.repository.PasswordResetTokenRepository; If you want this repository to be a Redis repository, consider annotating your entities with one of these annotations: org.springframework.data.redis.core.RedisHash (preferred), or consider extending one of the following types with your repository: org.springframework.data.keyvalue.repository.KeyValueRepository
2026-08-26T13:19:29.5767557+00:00 ContainerStream: 2026-08-26T13:19:29.576Z  INFO 1 --- [           main] .RepositoryConfigurationExtensionSupport : Spring Data Redis - Could not safely identify store assignment for repository candidate interface com.rvce.scas.repository.RoleRepository; If you want this repository to be a Redis repository, consider annotating your entities with one of these annotations: org.springframework.data.redis.core.RedisHash (preferred), or consider extending one of the following types with your repository: org.springframework.data.keyvalue.repository.KeyValueRepository
2026-08-26T13:19:29.5787385+00:00 ContainerStream: 2026-08-26T13:19:29.578Z  INFO 1 --- [           main] .RepositoryConfigurationExtensionSupport : Spring Data Redis - Could not safely identify store assignment for repository candidate interface com.rvce.scas.repository.RoomRepository; If you want this repository to be a Redis repository, consider annotating your entities with one of these annotations: org.springframework.data.redis.core.RedisHash (preferred), or consider extending one of the following types with your repository: org.springframework.data.keyvalue.repository.KeyValueRepository
2026-08-26T13:19:29.5858463+00:00 ContainerStream: 2026-08-26T13:19:29.585Z  INFO 1 --- [           main] .RepositoryConfigurationExtensionSupport : Spring Data Redis - Could not safely identify store assignment for repository candidate interface com.rvce.scas.repository.TimetableSlotRepository; If you want this repository to be a Redis repository, consider annotating your entities with one of these annotations: org.springframework.data.redis.core.RedisHash (preferred), or consider extending one of the following types with your repository: org.springframework.data.keyvalue.repository.KeyValueRepository
2026-08-26T13:19:29.5957324+00:00 ContainerStream: 2026-08-26T13:19:29.587Z  INFO 1 --- [           main] .RepositoryConfigurationExtensionSupport : Spring Data Redis - Could not safely identify store assignment for repository candidate interface com.rvce.scas.repository.UserRepository; If you want this repository to be a Redis repository, consider annotating your entities with one of these annotations: org.springframework.data.redis.core.RedisHash (preferred), or consider extending one of the following types with your repository: org.springframework.data.keyvalue.repository.KeyValueRepository
2026-08-26T13:19:29.5981078+00:00 ContainerStream: 2026-08-26T13:19:29.597Z  INFO 1 --- [           main] .RepositoryConfigurationExtensionSupport : Spring Data Redis - Could not safely identify store assignment for repository candidate interface com.rvce.scas.repository.UserRoleRepository; If you want this repository to be a Redis repository, consider annotating your entities with one of these annotations: org.springframework.data.redis.core.RedisHash (preferred), or consider extending one of the following types with your repository: org.springframework.data.keyvalue.repository.KeyValueRepository
2026-08-26T13:19:29.6059595+00:00 ContainerStream: 2026-08-26T13:19:29.605Z  INFO 1 --- [           main] .s.d.r.c.RepositoryConfigurationDelegate : Finished Spring Data repository scanning in 251 ms. Found 0 Redis repository interfaces.
2026-08-26T13:19:46.3845196+00:00 ContainerStream: 2026-08-26T13:19:46.383Z  INFO 1 --- [           main] o.s.b.w.embedded.tomcat.TomcatWebServer  : Tomcat initialized with port 8080 (http)
2026-08-26T13:19:46.9361006+00:00 ContainerStream: 2026-08-26T13:19:46.934Z  INFO 1 --- [           main] o.apache.catalina.core.StandardService   : Starting service [Tomcat]
2026-08-26T13:19:46.9742341+00:00 ContainerStream: 2026-08-26T13:19:46.937Z  INFO 1 --- [           main] o.apache.catalina.core.StandardEngine    : Starting Servlet engine: [Apache Tomcat/10.1.53]
2026-08-26T13:19:48.5964927+00:00 ContainerStream: 2026-08-26T13:19:48.590Z  INFO 1 --- [           main] o.a.c.c.C.[Tomcat].[localhost].[/]       : Initializing Spring embedded WebApplicationContext
2026-08-26T13:19:48.6153114+00:00 ContainerStream: 2026-08-26T13:19:48.614Z  INFO 1 --- [           main] w.s.c.ServletWebServerApplicationContext : Root WebApplicationContext: initialization completed in 66348 ms
2026-08-26T13:20:19.4053074+00:00 ContainerStream: 2026-08-26T13:20:19.387Z  INFO 1 --- [           main] com.zaxxer.hikari.HikariDataSource       : HikariPool-1 - Starting...
2026-08-26T13:20:22.8705674+00:00 ContainerStream: 2026-08-26T13:20:22.869Z  INFO 1 --- [           main] com.zaxxer.hikari.pool.HikariPool        : HikariPool-1 - Added connection org.postgresql.jdbc.PgConnection@509e4902
2026-08-26T13:20:22.8907355+00:00 ContainerStream: 2026-08-26T13:20:22.889Z  INFO 1 --- [           main] com.zaxxer.hikari.HikariDataSource       : HikariPool-1 - Start completed.
2026-08-26T13:20:23.4765863+00:00 ContainerStream: 2026-08-26T13:20:23.460Z  INFO 1 --- [           main] org.flywaydb.core.FlywayExecutor         : Database: jdbc:postgresql://scas-postgres-k23.postgres.database.azure.com:5432/scasdb?sslmode=require (PostgreSQL 16.14)
2026-08-26T13:20:24.6671152+00:00 ContainerStream: 2026-08-26T13:20:24.666Z  INFO 1 --- [           main] o.f.core.internal.command.DbValidate     : Successfully validated 27 migrations (execution time 00:00.813s)
2026-08-26T13:20:24.8527607+00:00 ContainerStream: 2026-08-26T13:20:24.852Z  INFO 1 --- [           main] o.f.core.internal.command.DbMigrate      : Current version of schema "public": << Empty Schema >>
2026-08-26T13:20:25.6886795+00:00 ContainerStream: 2026-08-26T13:20:25.688Z  INFO 1 --- [           main] o.f.core.internal.command.DbMigrate      : Migrating schema "public" to version "1 - users roles"
2026-08-26T13:20:25.9312139+00:00 ContainerStream: 2026-08-26T13:20:25.850Z  WARN 1 --- [           main] com.zaxxer.hikari.pool.ProxyConnection   : HikariPool-1 - Connection org.postgresql.jdbc.PgConnection@24ac87a marked as broken because of SQLSTATE(0A000), ErrorCode(0)
2026-08-26T13:20:25.9312774+00:00 ContainerStream: 
2026-08-26T13:20:25.9312838+00:00 ContainerStream: org.postgresql.util.PSQLException: ERROR: extension "pgcrypto" is not allow-listed for users in Azure Database for PostgreSQL
2026-08-26T13:20:25.9312955+00:00 ContainerStream:   Hint: to learn how to allow an extension or see the list of allowed extensions, please refer to https://go.microsoft.com/fwlink/?linkid=2301063
2026-08-26T13:20:25.9312988+00:00 ContainerStream: 	at org.postgresql.core.v3.QueryExecutorImpl.receiveErrorResponse(QueryExecutorImpl.java:2875) ~[postgresql-42.7.10.jar!/:42.7.10]
2026-08-26T13:20:25.9313016+00:00 ContainerStream: 	at org.postgresql.core.v3.QueryExecutorImpl.processResults(QueryExecutorImpl.java:2560) ~[postgresql-42.7.10.jar!/:42.7.10]
2026-08-26T13:20:25.9313045+00:00 ContainerStream: 	at org.postgresql.core.v3.QueryExecutorImpl.execute(QueryExecutorImpl.java:429) ~[postgresql-42.7.10.jar!/:42.7.10]
2026-08-26T13:20:25.9313072+00:00 ContainerStream: 	at org.postgresql.jdbc.PgStatement.executeInternal(PgStatement.java:526) ~[postgresql-42.7.10.jar!/:42.7.10]
2026-08-26T13:20:25.9313121+00:00 ContainerStream: 	at org.postgresql.jdbc.PgStatement.execute(PgStatement.java:436) ~[postgresql-42.7.10.jar!/:42.7.10]
2026-08-26T13:20:25.9313167+00:00 ContainerStream: 	at org.postgresql.jdbc.PgStatement.executeWithFlags(PgStatement.java:358) ~[postgresql-42.7.10.jar!/:42.7.10]
2026-08-26T13:20:25.9313194+00:00 ContainerStream: 	at org.postgresql.jdbc.PgStatement.executeCachedSql(PgStatement.java:343) ~[postgresql-42.7.10.jar!/:42.7.10]
2026-08-26T13:20:25.9313221+00:00 ContainerStream: 	at org.postgresql.jdbc.PgStatement.executeWithFlags(PgStatement.java:319) ~[postgresql-42.7.10.jar!/:42.7.10]
2026-08-26T13:20:25.9313249+00:00 ContainerStream: 	at org.postgresql.jdbc.PgStatement.execute(PgStatement.java:314) ~[postgresql-42.7.10.jar!/:42.7.10]
2026-08-26T13:20:25.9313275+00:00 ContainerStream: 	at com.zaxxer.hikari.pool.ProxyStatement.execute(ProxyStatement.java:95) ~[HikariCP-6.3.3.jar!/:na]
2026-08-26T13:20:25.9313321+00:00 ContainerStream: 	at com.zaxxer.hikari.pool.HikariProxyStatement.execute(HikariProxyStatement.java) ~[HikariCP-6.3.3.jar!/:na]
2026-08-26T13:20:25.9313349+00:00 ContainerStream: 	at org.flywaydb.core.internal.jdbc.JdbcTemplate.executeStatement(JdbcTemplate.java:215) ~[flyway-core-11.7.2.jar!/:na]
2026-08-26T13:20:25.9313377+00:00 ContainerStream: 	at org.flywaydb.core.internal.sqlscript.ParsedSqlStatement.execute(ParsedSqlStatement.java:88) ~[flyway-core-11.7.2.jar!/:na]
2026-08-26T13:20:25.9313413+00:00 ContainerStream: 	at org.flywaydb.core.internal.sqlscript.DefaultSqlScriptExecutor.executeStatement(DefaultSqlScriptExecutor.java:212) ~[flyway-core-11.7.2.jar!/:na]
2026-08-26T13:20:25.9313467+00:00 ContainerStream: 	at org.flywaydb.core.internal.sqlscript.DefaultSqlScriptExecutor.execute(DefaultSqlScriptExecutor.java:137) ~[flyway-core-11.7.2.jar!/:na]
2026-08-26T13:20:25.9313497+00:00 ContainerStream: 	at org.flywaydb.core.internal.resolver.sql.SqlMigrationExecutor.executeOnce(SqlMigrationExecutor.java:75) ~[flyway-core-11.7.2.jar!/:na]
2026-08-26T13:20:25.9313526+00:00 ContainerStream: 	at org.flywaydb.core.internal.resolver.sql.SqlMigrationExecutor.lambda$execute$0(SqlMigrationExecutor.java:66) ~[flyway-core-11.7.2.jar!/:na]
2026-08-26T13:20:25.9313554+00:00 ContainerStream: 	at org.flywaydb.core.internal.database.DefaultExecutionStrategy.execute(DefaultExecutionStrategy.java:31) ~[flyway-core-11.7.2.jar!/:na]
2026-08-26T13:20:25.9313583+00:00 ContainerStream: 	at org.flywaydb.core.internal.resolver.sql.SqlMigrationExecutor.execute(SqlMigrationExecutor.java:65) ~[flyway-core-11.7.2.jar!/:na]
2026-08-26T13:20:25.9313628+00:00 ContainerStream: 	at org.flywaydb.core.internal.command.DbMigrate.doMigrateGroup(DbMigrate.java:391) ~[flyway-core-11.7.2.jar!/:na]
2026-08-26T13:20:25.9313657+00:00 ContainerStream: 	at org.flywaydb.core.internal.command.DbMigrate.lambda$applyMigrations$1(DbMigrate.java:283) ~[flyway-core-11.7.2.jar!/:na]
2026-08-26T13:20:25.9313685+00:00 ContainerStream: 	at org.flywaydb.core.internal.jdbc.TransactionalExecutionTemplate.execute(TransactionalExecutionTemplate.java:59) ~[flyway-core-11.7.2.jar!/:na]
2026-08-26T13:20:25.9313712+00:00 ContainerStream: 	at org.flywaydb.core.internal.command.DbMigrate.applyMigrations(DbMigrate.java:282) ~[flyway-core-11.7.2.jar!/:na]
2026-08-26T13:20:25.9313739+00:00 ContainerStream: 	at org.flywaydb.core.internal.command.DbMigrate.migrateGroup(DbMigrate.java:255) ~[flyway-core-11.7.2.jar!/:na]
2026-08-26T13:20:25.9313767+00:00 ContainerStream: 	at org.flywaydb.core.internal.command.DbMigrate.lambda$migrateAll$0(DbMigrate.java:153) ~[flyway-core-11.7.2.jar!/:na]
2026-08-26T13:20:25.9313816+00:00 ContainerStream: 	at org.flywaydb.database.postgresql.PostgreSQLAdvisoryLockTemplate.execute(PostgreSQLAdvisoryLockTemplate.java:77) ~[flyway-database-postgresql-11.7.2.jar!/:na]
2026-08-26T13:20:25.9313848+00:00 ContainerStream: 	at org.flywaydb.database.postgresql.PostgreSQLAdvisoryLockTemplate.lambda$execute$0(PostgreSQLAdvisoryLockTemplate.java:60) ~[flyway-database-postgresql-11.7.2.jar!/:na]
2026-08-26T13:20:25.9313876+00:00 ContainerStream: 	at org.flywaydb.core.internal.jdbc.TransactionalExecutionTemplate.execute(TransactionalExecutionTemplate.java:59) ~[flyway-core-11.7.2.jar!/:na]
2026-08-26T13:20:25.9314311+00:00 ContainerStream: 	at org.flywaydb.database.postgresql.PostgreSQLAdvisoryLockTemplate.execute(PostgreSQLAdvisoryLockTemplate.java:60) ~[flyway-database-postgresql-11.7.2.jar!/:na]
2026-08-26T13:20:25.9314382+00:00 ContainerStream: 	at org.flywaydb.database.postgresql.PostgreSQLConnection.lock(PostgreSQLConnection.java:105) ~[flyway-database-postgresql-11.7.2.jar!/:na]
2026-08-26T13:20:25.9314413+00:00 ContainerStream: 	at org.flywaydb.core.internal.schemahistory.JdbcTableSchemaHistory.lock(JdbcTableSchemaHistory.java:164) ~[flyway-core-11.7.2.jar!/:na]
2026-08-26T13:20:25.9314442+00:00 ContainerStream: 	at org.flywaydb.core.internal.command.DbMigrate.migrateAll(DbMigrate.java:153) ~[flyway-core-11.7.2.jar!/:na]
2026-08-26T13:20:25.9314470+00:00 ContainerStream: 	at org.flywaydb.core.internal.command.DbMigrate.migrate(DbMigrate.java:104) ~[flyway-core-11.7.2.jar!/:na]
2026-08-26T13:20:25.9314516+00:00 ContainerStream: 	at org.flywaydb.core.Flyway.lambda$migrate$1(Flyway.java:247) ~[flyway-core-11.7.2.jar!/:na]
2026-08-26T13:20:25.9314543+00:00 ContainerStream: 	at org.flywaydb.core.FlywayExecutor.execute(FlywayExecutor.java:210) ~[flyway-core-11.7.2.jar!/:na]
2026-08-26T13:20:25.9314568+00:00 ContainerStream: 	at org.flywaydb.core.Flyway.migrate(Flyway.java:188) ~[flyway-core-11.7.2.jar!/:na]
2026-08-26T13:20:25.9314599+00:00 ContainerStream: 	at org.springframework.boot.autoconfigure.flyway.FlywayMigrationInitializer.afterPropertiesSet(FlywayMigrationInitializer.java:66) ~[spring-boot-autoconfigure-3.5.13.jar!/:3.5.13]
2026-08-26T13:20:25.9314629+00:00 ContainerStream: 	at org.springframework.beans.factory.support.AbstractAutowireCapableBeanFactory.invokeInitMethods(AbstractAutowireCapableBeanFactory.java:1873) ~[spring-beans-6.2.17.jar!/:6.2.17]
2026-08-26T13:20:25.9314659+00:00 ContainerStream: 	at org.springframework.beans.factory.support.AbstractAutowireCapableBeanFactory.initializeBean(AbstractAutowireCapableBeanFactory.java:1822) ~[spring-beans-6.2.17.jar!/:6.2.17]
2026-08-26T13:20:25.9314716+00:00 ContainerStream: 	at org.springframework.beans.factory.support.AbstractAutowireCapableBeanFactory.doCreateBean(AbstractAutowireCapableBeanFactory.java:607) ~[spring-beans-6.2.17.jar!/:6.2.17]
2026-08-26T13:20:25.9314747+00:00 ContainerStream: 	at org.springframework.beans.factory.support.AbstractAutowireCapableBeanFactory.createBean(AbstractAutowireCapableBeanFactory.java:529) ~[spring-beans-6.2.17.jar!/:6.2.17]
2026-08-26T13:20:25.9314776+00:00 ContainerStream: 	at org.springframework.beans.factory.support.AbstractBeanFactory.lambda$doGetBean$0(AbstractBeanFactory.java:339) ~[spring-beans-6.2.17.jar!/:6.2.17]
2026-08-26T13:20:25.9314806+00:00 ContainerStream: 	at org.springframework.beans.factory.support.DefaultSingletonBeanRegistry.getSingleton(DefaultSingletonBeanRegistry.java:373) ~[spring-beans-6.2.17.jar!/:6.2.17]
2026-08-26T13:20:25.9314855+00:00 ContainerStream: 	at org.springframework.beans.factory.support.AbstractBeanFactory.doGetBean(AbstractBeanFactory.java:337) ~[spring-beans-6.2.17.jar!/:6.2.17]
2026-08-26T13:20:25.9314884+00:00 ContainerStream: 	at org.springframework.beans.factory.support.AbstractBeanFactory.getBean(AbstractBeanFactory.java:202) ~[spring-beans-6.2.17.jar!/:6.2.17]
2026-08-26T13:20:25.9314913+00:00 ContainerStream: 	at org.springframework.beans.factory.support.AbstractBeanFactory.doGetBean(AbstractBeanFactory.java:315) ~[spring-beans-6.2.17.jar!/:6.2.17]
2026-08-26T13:20:25.9314941+00:00 ContainerStream: 	at org.springframework.beans.factory.support.AbstractBeanFactory.getBean(AbstractBeanFactory.java:207) ~[spring-beans-6.2.17.jar!/:6.2.17]
2026-08-26T13:20:25.9314971+00:00 ContainerStream: 	at org.springframework.context.support.AbstractApplicationContext.finishBeanFactoryInitialization(AbstractApplicationContext.java:974) ~[spring-context-6.2.17.jar!/:6.2.17]
2026-08-26T13:20:25.9315018+00:00 ContainerStream: 	at org.springframework.context.support.AbstractApplicationContext.refresh(AbstractApplicationContext.java:628) ~[spring-context-6.2.17.jar!/:6.2.17]
2026-08-26T13:20:25.9315049+00:00 ContainerStream: 	at org.springframework.boot.web.servlet.context.ServletWebServerApplicationContext.refresh(ServletWebServerApplicationContext.java:146) ~[spring-boot-3.5.13.jar!/:3.5.13]
2026-08-26T13:20:25.9315076+00:00 ContainerStream: 	at org.springframework.boot.SpringApplication.refresh(SpringApplication.java:752) ~[spring-boot-3.5.13.jar!/:3.5.13]
2026-08-26T13:20:25.9315103+00:00 ContainerStream: 	at org.springframework.boot.SpringApplication.refreshContext(SpringApplication.java:439) ~[spring-boot-3.5.13.jar!/:3.5.13]
2026-08-26T13:20:25.9315130+00:00 ContainerStream: 	at org.springframework.boot.SpringApplication.run(SpringApplication.java:318) ~[spring-boot-3.5.13.jar!/:3.5.13]
2026-08-26T13:20:25.9315157+00:00 ContainerStream: 	at org.springframework.boot.SpringApplication.run(SpringApplication.java:1361) ~[spring-boot-3.5.13.jar!/:3.5.13]
2026-08-26T13:20:25.9315204+00:00 ContainerStream: 	at org.springframework.boot.SpringApplication.run(SpringApplication.java:1350) ~[spring-boot-3.5.13.jar!/:3.5.13]
2026-08-26T13:20:25.9315229+00:00 ContainerStream: 	at com.rvce.scas.ScasApplication.main(ScasApplication.java:20) ~[!/:0.0.1-SNAPSHOT]
2026-08-26T13:20:25.9315255+00:00 ContainerStream: 	at java.base/jdk.internal.reflect.NativeMethodAccessorImpl.invoke0(Native Method) ~[na:na]
2026-08-26T13:20:25.9315281+00:00 ContainerStream: 	at java.base/jdk.internal.reflect.NativeMethodAccessorImpl.invoke(Unknown Source) ~[na:na]
2026-08-26T13:20:25.9315307+00:00 ContainerStream: 	at java.base/jdk.internal.reflect.DelegatingMethodAccessorImpl.invoke(Unknown Source) ~[na:na]
2026-08-26T13:20:25.9315400+00:00 ContainerStream: 	at java.base/java.lang.reflect.Method.invoke(Unknown Source) ~[na:na]
2026-08-26T13:20:25.9315432+00:00 ContainerStream: 	at org.springframework.boot.loader.launch.Launcher.launch(Launcher.java:106) ~[app.jar:0.0.1-SNAPSHOT]
2026-08-26T13:20:25.9315463+00:00 ContainerStream: 	at org.springframework.boot.loader.launch.Launcher.launch(Launcher.java:64) ~[app.jar:0.0.1-SNAPSHOT]
2026-08-26T13:20:25.9315513+00:00 ContainerStream: 	at org.springframework.boot.loader.launch.JarLauncher.main(JarLauncher.java:40) ~[app.jar:0.0.1-SNAPSHOT]
2026-08-26T13:20:25.9315534+00:00 ContainerStream: 
2026-08-26T13:20:26.0657010+00:00 ContainerStream: 2026-08-26T13:20:26.064Z ERROR 1 --- [           main] o.f.c.i.j.TransactionalExecutionTemplate : Unable to rollback transaction
2026-08-26T13:20:26.0657643+00:00 ContainerStream: 
2026-08-26T13:20:26.0657704+00:00 ContainerStream: java.sql.SQLException: Connection is closed
2026-08-26T13:20:26.0657742+00:00 ContainerStream: 	at com.zaxxer.hikari.pool.ProxyConnection$ClosedConnection.lambda$getClosedConnection$0(ProxyConnection.java:562) ~[HikariCP-6.3.3.jar!/:na]
2026-08-26T13:20:26.0657861+00:00 ContainerStream: 	at jdk.proxy3/jdk.proxy3.$Proxy119.rollback(Unknown Source) ~[na:na]
2026-08-26T13:20:26.0657895+00:00 ContainerStream: 	at com.zaxxer.hikari.pool.ProxyConnection.rollback(ProxyConnection.java:386) ~[HikariCP-6.3.3.jar!/:na]
2026-08-26T13:20:26.0657928+00:00 ContainerStream: 	at com.zaxxer.hikari.pool.HikariProxyConnection.rollback(HikariProxyConnection.java) ~[HikariCP-6.3.3.jar!/:na]
2026-08-26T13:20:26.0657962+00:00 ContainerStream: 	at org.flywaydb.core.internal.jdbc.TransactionalExecutionTemplate.execute(TransactionalExecutionTemplate.java:75) ~[flyway-core-11.7.2.jar!/:na]
2026-08-26T13:20:26.0657995+00:00 ContainerStream: 	at org.flywaydb.core.internal.command.DbMigrate.applyMigrations(DbMigrate.java:282) ~[flyway-core-11.7.2.jar!/:na]
2026-08-26T13:20:26.0658028+00:00 ContainerStream: 	at org.flywaydb.core.internal.command.DbMigrate.migrateGroup(DbMigrate.java:255) ~[flyway-core-11.7.2.jar!/:na]
2026-08-26T13:20:26.0658085+00:00 ContainerStream: 	at org.flywaydb.core.internal.command.DbMigrate.lambda$migrateAll$0(DbMigrate.java:153) ~[flyway-core-11.7.2.jar!/:na]
2026-08-26T13:20:26.0658121+00:00 ContainerStream: 	at org.flywaydb.database.postgresql.PostgreSQLAdvisoryLockTemplate.execute(PostgreSQLAdvisoryLockTemplate.java:77) ~[flyway-database-postgresql-11.7.2.jar!/:na]
2026-08-26T13:20:26.0658157+00:00 ContainerStream: 	at org.flywaydb.database.postgresql.PostgreSQLAdvisoryLockTemplate.lambda$execute$0(PostgreSQLAdvisoryLockTemplate.java:60) ~[flyway-database-postgresql-11.7.2.jar!/:na]
2026-08-26T13:20:26.0658191+00:00 ContainerStream: 	at org.flywaydb.core.internal.jdbc.TransactionalExecutionTemplate.execute(TransactionalExecutionTemplate.java:59) ~[flyway-core-11.7.2.jar!/:na]
2026-08-26T13:20:26.0658226+00:00 ContainerStream: 	at org.flywaydb.database.postgresql.PostgreSQLAdvisoryLockTemplate.execute(PostgreSQLAdvisoryLockTemplate.java:60) ~[flyway-database-postgresql-11.7.2.jar!/:na]
2026-08-26T13:20:26.0658278+00:00 ContainerStream: 	at org.flywaydb.database.postgresql.PostgreSQLConnection.lock(PostgreSQLConnection.java:105) ~[flyway-database-postgresql-11.7.2.jar!/:na]
2026-08-26T13:20:26.0658312+00:00 ContainerStream: 	at org.flywaydb.core.internal.schemahistory.JdbcTableSchemaHistory.lock(JdbcTableSchemaHistory.java:164) ~[flyway-core-11.7.2.jar!/:na]
2026-08-26T13:20:26.0658343+00:00 ContainerStream: 	at org.flywaydb.core.internal.command.DbMigrate.migrateAll(DbMigrate.java:153) ~[flyway-core-11.7.2.jar!/:na]
2026-08-26T13:20:26.0658375+00:00 ContainerStream: 	at org.flywaydb.core.internal.command.DbMigrate.migrate(DbMigrate.java:104) ~[flyway-core-11.7.2.jar!/:na]
2026-08-26T13:20:26.0658405+00:00 ContainerStream: 	at org.flywaydb.core.Flyway.lambda$migrate$1(Flyway.java:247) ~[flyway-core-11.7.2.jar!/:na]
2026-08-26T13:20:26.0658458+00:00 ContainerStream: 	at org.flywaydb.core.FlywayExecutor.execute(FlywayExecutor.java:210) ~[flyway-core-11.7.2.jar!/:na]
2026-08-26T13:20:26.0658488+00:00 ContainerStream: 	at org.flywaydb.core.Flyway.migrate(Flyway.java:188) ~[flyway-core-11.7.2.jar!/:na]
2026-08-26T13:20:26.0658523+00:00 ContainerStream: 	at org.springframework.boot.autoconfigure.flyway.FlywayMigrationInitializer.afterPropertiesSet(FlywayMigrationInitializer.java:66) ~[spring-boot-autoconfigure-3.5.13.jar!/:3.5.13]
2026-08-26T13:20:26.0658559+00:00 ContainerStream: 	at org.springframework.beans.factory.support.AbstractAutowireCapableBeanFactory.invokeInitMethods(AbstractAutowireCapableBeanFactory.java:1873) ~[spring-beans-6.2.17.jar!/:6.2.17]
2026-08-26T13:20:26.0658593+00:00 ContainerStream: 	at org.springframework.beans.factory.support.AbstractAutowireCapableBeanFactory.initializeBean(AbstractAutowireCapableBeanFactory.java:1822) ~[spring-beans-6.2.17.jar!/:6.2.17]
2026-08-26T13:20:26.0658647+00:00 ContainerStream: 	at org.springframework.beans.factory.support.AbstractAutowireCapableBeanFactory.doCreateBean(AbstractAutowireCapableBeanFactory.java:607) ~[spring-beans-6.2.17.jar!/:6.2.17]
2026-08-26T13:20:26.0658683+00:00 ContainerStream: 	at org.springframework.beans.factory.support.AbstractAutowireCapableBeanFactory.createBean(AbstractAutowireCapableBeanFactory.java:529) ~[spring-beans-6.2.17.jar!/:6.2.17]
2026-08-26T13:20:26.0658717+00:00 ContainerStream: 	at org.springframework.beans.factory.support.AbstractBeanFactory.lambda$doGetBean$0(AbstractBeanFactory.java:339) ~[spring-beans-6.2.17.jar!/:6.2.17]
2026-08-26T13:20:26.0658751+00:00 ContainerStream: 	at org.springframework.beans.factory.support.DefaultSingletonBeanRegistry.getSingleton(DefaultSingletonBeanRegistry.java:373) ~[spring-beans-6.2.17.jar!/:6.2.17]
2026-08-26T13:20:26.0658784+00:00 ContainerStream: 	at org.springframework.beans.factory.support.AbstractBeanFactory.doGetBean(AbstractBeanFactory.java:337) ~[spring-beans-6.2.17.jar!/:6.2.17]
2026-08-26T13:20:26.0658835+00:00 ContainerStream: 	at org.springframework.beans.factory.support.AbstractBeanFactory.getBean(AbstractBeanFactory.java:202) ~[spring-beans-6.2.17.jar!/:6.2.17]
2026-08-26T13:20:26.0659077+00:00 ContainerStream: 	at org.springframework.beans.factory.support.AbstractBeanFactory.doGetBean(AbstractBeanFactory.java:315) ~[spring-beans-6.2.17.jar!/:6.2.17]
2026-08-26T13:20:26.0659120+00:00 ContainerStream: 	at org.springframework.beans.factory.support.AbstractBeanFactory.getBean(AbstractBeanFactory.java:207) ~[spring-beans-6.2.17.jar!/:6.2.17]
2026-08-26T13:20:26.0659156+00:00 ContainerStream: 	at org.springframework.context.support.AbstractApplicationContext.finishBeanFactoryInitialization(AbstractApplicationContext.java:974) ~[spring-context-6.2.17.jar!/:6.2.17]
2026-08-26T13:20:26.0659190+00:00 ContainerStream: 	at org.springframework.context.support.AbstractApplicationContext.refresh(AbstractApplicationContext.java:628) ~[spring-context-6.2.17.jar!/:6.2.17]
2026-08-26T13:20:26.0659253+00:00 ContainerStream: 	at org.springframework.boot.web.servlet.context.ServletWebServerApplicationContext.refresh(ServletWebServerApplicationContext.java:146) ~[spring-boot-3.5.13.jar!/:3.5.13]
2026-08-26T13:20:26.0659286+00:00 ContainerStream: 	at org.springframework.boot.SpringApplication.refresh(SpringApplication.java:752) ~[spring-boot-3.5.13.jar!/:3.5.13]
2026-08-26T13:20:26.0659318+00:00 ContainerStream: 	at org.springframework.boot.SpringApplication.refreshContext(SpringApplication.java:439) ~[spring-boot-3.5.13.jar!/:3.5.13]
2026-08-26T13:20:26.0659350+00:00 ContainerStream: 	at org.springframework.boot.SpringApplication.run(SpringApplication.java:318) ~[spring-boot-3.5.13.jar!/:3.5.13]
2026-08-26T13:20:26.0659381+00:00 ContainerStream: 	at org.springframework.boot.SpringApplication.run(SpringApplication.java:1361) ~[spring-boot-3.5.13.jar!/:3.5.13]
2026-08-26T13:20:26.0659432+00:00 ContainerStream: 	at org.springframework.boot.SpringApplication.run(SpringApplication.java:1350) ~[spring-boot-3.5.13.jar!/:3.5.13]
2026-08-26T13:20:26.0659463+00:00 ContainerStream: 	at com.rvce.scas.ScasApplication.main(ScasApplication.java:20) ~[!/:0.0.1-SNAPSHOT]
2026-08-26T13:20:26.0659493+00:00 ContainerStream: 	at java.base/jdk.internal.reflect.NativeMethodAccessorImpl.invoke0(Native Method) ~[na:na]
2026-08-26T13:20:26.0659524+00:00 ContainerStream: 	at java.base/jdk.internal.reflect.NativeMethodAccessorImpl.invoke(Unknown Source) ~[na:na]
2026-08-26T13:20:26.0659556+00:00 ContainerStream: 	at java.base/jdk.internal.reflect.DelegatingMethodAccessorImpl.invoke(Unknown Source) ~[na:na]
2026-08-26T13:20:26.0659584+00:00 ContainerStream: 	at java.base/java.lang.reflect.Method.invoke(Unknown Source) ~[na:na]
2026-08-26T13:20:26.0659632+00:00 ContainerStream: 	at org.springframework.boot.loader.launch.Launcher.launch(Launcher.java:106) ~[app.jar:0.0.1-SNAPSHOT]
2026-08-26T13:20:26.0659664+00:00 ContainerStream: 	at org.springframework.boot.loader.launch.Launcher.launch(Launcher.java:64) ~[app.jar:0.0.1-SNAPSHOT]
2026-08-26T13:20:26.0659695+00:00 ContainerStream: 	at org.springframework.boot.loader.launch.JarLauncher.main(JarLauncher.java:40) ~[app.jar:0.0.1-SNAPSHOT]
2026-08-26T13:20:26.0659720+00:00 ContainerStream: 
2026-08-26T13:20:26.0775923+00:00 ContainerStream: 2026-08-26T13:20:26.074Z ERROR 1 --- [           main] o.f.c.i.j.TransactionalExecutionTemplate : Unable to restore autocommit to original value for connection
2026-08-26T13:20:26.0776068+00:00 ContainerStream: 
2026-08-26T13:20:26.0776105+00:00 ContainerStream: java.sql.SQLException: Connection is closed
2026-08-26T13:20:26.0776182+00:00 ContainerStream: 	at com.zaxxer.hikari.pool.ProxyConnection$ClosedConnection.lambda$getClosedConnection$0(ProxyConnection.java:562) ~[HikariCP-6.3.3.jar!/:na]
2026-08-26T13:20:26.0776213+00:00 ContainerStream: 	at jdk.proxy3/jdk.proxy3.$Proxy119.setAutoCommit(Unknown Source) ~[na:na]
2026-08-26T13:20:26.0776245+00:00 ContainerStream: 	at com.zaxxer.hikari.pool.ProxyConnection.setAutoCommit(ProxyConnection.java:412) ~[HikariCP-6.3.3.jar!/:na]
2026-08-26T13:20:26.0776277+00:00 ContainerStream: 	at com.zaxxer.hikari.pool.HikariProxyConnection.setAutoCommit(HikariProxyConnection.java) ~[HikariCP-6.3.3.jar!/:na]
2026-08-26T13:20:26.0776310+00:00 ContainerStream: 	at org.flywaydb.core.internal.jdbc.TransactionalExecutionTemplate.execute(TransactionalExecutionTemplate.java:90) ~[flyway-core-11.7.2.jar!/:na]
2026-08-26T13:20:26.0776360+00:00 ContainerStream: 	at org.flywaydb.core.internal.command.DbMigrate.applyMigrations(DbMigrate.java:282) ~[flyway-core-11.7.2.jar!/:na]
2026-08-26T13:20:26.0776393+00:00 ContainerStream: 	at org.flywaydb.core.internal.command.DbMigrate.migrateGroup(DbMigrate.java:255) ~[flyway-core-11.7.2.jar!/:na]
2026-08-26T13:20:26.0776426+00:00 ContainerStream: 	at org.flywaydb.core.internal.command.DbMigrate.lambda$migrateAll$0(DbMigrate.java:153) ~[flyway-core-11.7.2.jar!/:na]
2026-08-26T13:20:26.0776460+00:00 ContainerStream: 	at org.flywaydb.database.postgresql.PostgreSQLAdvisoryLockTemplate.execute(PostgreSQLAdvisoryLockTemplate.java:77) ~[flyway-database-postgresql-11.7.2.jar!/:na]
2026-08-26T13:20:26.0776495+00:00 ContainerStream: 	at org.flywaydb.database.postgresql.PostgreSQLAdvisoryLockTemplate.lambda$execute$0(PostgreSQLAdvisoryLockTemplate.java:60) ~[flyway-database-postgresql-11.7.2.jar!/:na]
2026-08-26T13:20:26.0776552+00:00 ContainerStream: 	at org.flywaydb.core.internal.jdbc.TransactionalExecutionTemplate.execute(TransactionalExecutionTemplate.java:59) ~[flyway-core-11.7.2.jar!/:na]
2026-08-26T13:20:26.0776587+00:00 ContainerStream: 	at org.flywaydb.database.postgresql.PostgreSQLAdvisoryLockTemplate.execute(PostgreSQLAdvisoryLockTemplate.java:60) ~[flyway-database-postgresql-11.7.2.jar!/:na]
2026-08-26T13:20:26.0776621+00:00 ContainerStream: 	at org.flywaydb.database.postgresql.PostgreSQLConnection.lock(PostgreSQLConnection.java:105) ~[flyway-database-postgresql-11.7.2.jar!/:na]
2026-08-26T13:20:26.0776654+00:00 ContainerStream: 	at org.flywaydb.core.internal.schemahistory.JdbcTableSchemaHistory.lock(JdbcTableSchemaHistory.java:164) ~[flyway-core-11.7.2.jar!/:na]
2026-08-26T13:20:26.0776685+00:00 ContainerStream: 	at org.flywaydb.core.internal.command.DbMigrate.migrateAll(DbMigrate.java:153) ~[flyway-core-11.7.2.jar!/:na]
2026-08-26T13:20:26.0776717+00:00 ContainerStream: 	at org.flywaydb.core.internal.command.DbMigrate.migrate(DbMigrate.java:104) ~[flyway-core-11.7.2.jar!/:na]
2026-08-26T13:20:26.0776774+00:00 ContainerStream: 	at org.flywaydb.core.Flyway.lambda$migrate$1(Flyway.java:247) ~[flyway-core-11.7.2.jar!/:na]
2026-08-26T13:20:26.0776806+00:00 ContainerStream: 	at org.flywaydb.core.FlywayExecutor.execute(FlywayExecutor.java:210) ~[flyway-core-11.7.2.jar!/:na]
2026-08-26T13:20:26.0776836+00:00 ContainerStream: 	at org.flywaydb.core.Flyway.migrate(Flyway.java:188) ~[flyway-core-11.7.2.jar!/:na]
2026-08-26T13:20:26.0776871+00:00 ContainerStream: 	at org.springframework.boot.autoconfigure.flyway.FlywayMigrationInitializer.afterPropertiesSet(FlywayMigrationInitializer.java:66) ~[spring-boot-autoconfigure-3.5.13.jar!/:3.5.13]
2026-08-26T13:20:26.0776907+00:00 ContainerStream: 	at org.springframework.beans.factory.support.AbstractAutowireCapableBeanFactory.invokeInitMethods(AbstractAutowireCapableBeanFactory.java:1873) ~[spring-beans-6.2.17.jar!/:6.2.17]
2026-08-26T13:20:26.0776962+00:00 ContainerStream: 	at org.springframework.beans.factory.support.AbstractAutowireCapableBeanFactory.initializeBean(AbstractAutowireCapableBeanFactory.java:1822) ~[spring-beans-6.2.17.jar!/:6.2.17]
2026-08-26T13:20:26.0777000+00:00 ContainerStream: 	at org.springframework.beans.factory.support.AbstractAutowireCapableBeanFactory.doCreateBean(AbstractAutowireCapableBeanFactory.java:607) ~[spring-beans-6.2.17.jar!/:6.2.17]
2026-08-26T13:20:26.0777036+00:00 ContainerStream: 	at org.springframework.beans.factory.support.AbstractAutowireCapableBeanFactory.createBean(AbstractAutowireCapableBeanFactory.java:529) ~[spring-beans-6.2.17.jar!/:6.2.17]
2026-08-26T13:20:26.0777069+00:00 ContainerStream: 	at org.springframework.beans.factory.support.AbstractBeanFactory.lambda$doGetBean$0(AbstractBeanFactory.java:339) ~[spring-beans-6.2.17.jar!/:6.2.17]
2026-08-26T13:20:26.0777104+00:00 ContainerStream: 	at org.springframework.beans.factory.support.DefaultSingletonBeanRegistry.getSingleton(DefaultSingletonBeanRegistry.java:373) ~[spring-beans-6.2.17.jar!/:6.2.17]
2026-08-26T13:20:26.0777156+00:00 ContainerStream: 	at org.springframework.beans.factory.support.AbstractBeanFactory.doGetBean(AbstractBeanFactory.java:337) ~[spring-beans-6.2.17.jar!/:6.2.17]
2026-08-26T13:20:26.0777190+00:00 ContainerStream: 	at org.springframework.beans.factory.support.AbstractBeanFactory.getBean(AbstractBeanFactory.java:202) ~[spring-beans-6.2.17.jar!/:6.2.17]
2026-08-26T13:20:26.0777347+00:00 ContainerStream: 	at org.springframework.beans.factory.support.AbstractBeanFactory.doGetBean(AbstractBeanFactory.java:315) ~[spring-beans-6.2.17.jar!/:6.2.17]
2026-08-26T13:20:26.0777388+00:00 ContainerStream: 	at org.springframework.beans.factory.support.AbstractBeanFactory.getBean(AbstractBeanFactory.java:207) ~[spring-beans-6.2.17.jar!/:6.2.17]
2026-08-26T13:20:26.0777422+00:00 ContainerStream: 	at org.springframework.context.support.AbstractApplicationContext.finishBeanFactoryInitialization(AbstractApplicationContext.java:974) ~[spring-context-6.2.17.jar!/:6.2.17]
2026-08-26T13:20:26.0777481+00:00 ContainerStream: 	at org.springframework.context.support.AbstractApplicationContext.refresh(AbstractApplicationContext.java:628) ~[spring-context-6.2.17.jar!/:6.2.17]
2026-08-26T13:20:26.0777516+00:00 ContainerStream: 	at org.springframework.boot.web.servlet.context.ServletWebServerApplicationContext.refresh(ServletWebServerApplicationContext.java:146) ~[spring-boot-3.5.13.jar!/:3.5.13]
2026-08-26T13:20:26.0777547+00:00 ContainerStream: 	at org.springframework.boot.SpringApplication.refresh(SpringApplication.java:752) ~[spring-boot-3.5.13.jar!/:3.5.13]
2026-08-26T13:20:26.0777579+00:00 ContainerStream: 	at org.springframework.boot.SpringApplication.refreshContext(SpringApplication.java:439) ~[spring-boot-3.5.13.jar!/:3.5.13]
2026-08-26T13:20:26.0777611+00:00 ContainerStream: 	at org.springframework.boot.SpringApplication.run(SpringApplication.java:318) ~[spring-boot-3.5.13.jar!/:3.5.13]
2026-08-26T13:20:26.0777663+00:00 ContainerStream: 	at org.springframework.boot.SpringApplication.run(SpringApplication.java:1361) ~[spring-boot-3.5.13.jar!/:3.5.13]
2026-08-26T13:20:26.0777695+00:00 ContainerStream: 	at org.springframework.boot.SpringApplication.run(SpringApplication.java:1350) ~[spring-boot-3.5.13.jar!/:3.5.13]
2026-08-26T13:20:26.0777725+00:00 ContainerStream: 	at com.rvce.scas.ScasApplication.main(ScasApplication.java:20) ~[!/:0.0.1-SNAPSHOT]
2026-08-26T13:20:26.0777756+00:00 ContainerStream: 	at java.base/jdk.internal.reflect.NativeMethodAccessorImpl.invoke0(Native Method) ~[na:na]
2026-08-26T13:20:26.0777786+00:00 ContainerStream: 	at java.base/jdk.internal.reflect.NativeMethodAccessorImpl.invoke(Unknown Source) ~[na:na]
2026-08-26T13:20:26.0777816+00:00 ContainerStream: 	at java.base/jdk.internal.reflect.DelegatingMethodAccessorImpl.invoke(Unknown Source) ~[na:na]
2026-08-26T13:20:26.0777865+00:00 ContainerStream: 	at java.base/java.lang.reflect.Method.invoke(Unknown Source) ~[na:na]
2026-08-26T13:20:26.0777896+00:00 ContainerStream: 	at org.springframework.boot.loader.launch.Launcher.launch(Launcher.java:106) ~[app.jar:0.0.1-SNAPSHOT]
2026-08-26T13:20:26.0777927+00:00 ContainerStream: 	at org.springframework.boot.loader.launch.Launcher.launch(Launcher.java:64) ~[app.jar:0.0.1-SNAPSHOT]
2026-08-26T13:20:26.0777957+00:00 ContainerStream: 	at org.springframework.boot.loader.launch.JarLauncher.main(JarLauncher.java:40) ~[app.jar:0.0.1-SNAPSHOT]
2026-08-26T13:20:26.0777982+00:00 ContainerStream: 
2026-08-26T13:20:26.0778018+00:00 ContainerStream: 2026-08-26T13:20:26.077Z ERROR 1 --- [           main] o.f.core.internal.command.DbMigrate      : Migration of schema "public" to version "1 - users roles" failed! Changes successfully rolled back.
2026-08-26T13:20:26.1940769+00:00 ContainerStream: 2026-08-26T13:20:26.193Z  WARN 1 --- [           main] ConfigServletWebServerApplicationContext : Exception encountered during context initialization - cancelling refresh attempt: org.springframework.beans.factory.BeanCreationException: Error creating bean with name 'entityManagerFactory' defined in class path resource [org/springframework/boot/autoconfigure/orm/jpa/HibernateJpaConfiguration.class]: Failed to initialize dependency 'flywayInitializer' of LoadTimeWeaverAware bean 'entityManagerFactory': Error creating bean with name 'flywayInitializer' defined in class path resource [org/springframework/boot/autoconfigure/flyway/FlywayAutoConfiguration$FlywayConfiguration.class]: Script V1__users_roles.sql failed
2026-08-26T13:20:26.1941472+00:00 ContainerStream: ---------------------------------
2026-08-26T13:20:26.1941511+00:00 ContainerStream: SQL State  : 0A000
2026-08-26T13:20:26.1941546+00:00 ContainerStream: Error Code : 0
2026-08-26T13:20:26.1941667+00:00 ContainerStream: Message    : ERROR: extension "pgcrypto" is not allow-listed for users in Azure Database for PostgreSQL
2026-08-26T13:20:26.1941704+00:00 ContainerStream:   Hint: to learn how to allow an extension or see the list of allowed extensions, please refer to https://go.microsoft.com/fwlink/?linkid=2301063
2026-08-26T13:20:26.1941739+00:00 ContainerStream: Location   : db/migration/V1__users_roles.sql (/app/nested:/app/app.jar/!BOOT-INF/classes/!/db/migration/V1__users_roles.sql)
2026-08-26T13:20:26.1941766+00:00 ContainerStream: Line       : 38
2026-08-26T13:20:26.1941795+00:00 ContainerStream: Statement  : Run Flyway with -X option to see the actual statement causing the problem
2026-08-26T13:20:26.1941820+00:00 ContainerStream: 
2026-08-26T13:20:26.2035347+00:00 ContainerStream: 2026-08-26T13:20:26.203Z  INFO 1 --- [           main] com.zaxxer.hikari.HikariDataSource       : HikariPool-1 - Shutdown initiated...
2026-08-26T13:20:26.4110066+00:00 ContainerStream: 2026-08-26T13:20:26.410Z  INFO 1 --- [           main] com.zaxxer.hikari.HikariDataSource       : HikariPool-1 - Shutdown completed.
2026-08-26T13:20:26.6005277+00:00 ContainerStream: 2026-08-26T13:20:26.600Z  INFO 1 --- [           main] o.apache.catalina.core.StandardService   : Stopping service [Tomcat]
2026-08-26T13:20:26.9615317+00:00 ContainerStream: 2026-08-26T13:20:26.961Z  INFO 1 --- [           main] .s.b.a.l.ConditionEvaluationReportLogger : 
2026-08-26T13:20:26.9615975+00:00 ContainerStream: 
2026-08-26T13:20:26.9616041+00:00 ContainerStream: Error starting ApplicationContext. To display the condition evaluation report re-run your application with 'debug' enabled.
2026-08-26T13:20:27.2653207+00:00 ContainerStream: 2026-08-26T13:20:27.257Z ERROR 1 --- [           main] o.s.boot.SpringApplication               : Application run failed
2026-08-26T13:20:27.2653734+00:00 ContainerStream: 
2026-08-26T13:20:27.2653827+00:00 ContainerStream: org.springframework.beans.factory.BeanCreationException: Error creating bean with name 'entityManagerFactory' defined in class path resource [org/springframework/boot/autoconfigure/orm/jpa/HibernateJpaConfiguration.class]: Failed to initialize dependency 'flywayInitializer' of LoadTimeWeaverAware bean 'entityManagerFactory': Error creating bean with name 'flywayInitializer' defined in class path resource [org/springframework/boot/autoconfigure/flyway/FlywayAutoConfiguration$FlywayConfiguration.class]: Script V1__users_roles.sql failed
2026-08-26T13:20:27.2653860+00:00 ContainerStream: ---------------------------------
2026-08-26T13:20:27.2654066+00:00 ContainerStream: SQL State  : 0A000
2026-08-26T13:20:27.2654172+00:00 ContainerStream: Error Code : 0
2026-08-26T13:20:27.2654206+00:00 ContainerStream: Message    : ERROR: extension "pgcrypto" is not allow-listed for users in Azure Database for PostgreSQL
2026-08-26T13:20:27.2654241+00:00 ContainerStream:   Hint: to learn how to allow an extension or see the list of allowed extensions, please refer to https://go.microsoft.com/fwlink/?linkid=2301063
2026-08-26T13:20:27.2654275+00:00 ContainerStream: Location   : db/migration/V1__users_roles.sql (/app/nested:/app/app.jar/!BOOT-INF/classes/!/db/migration/V1__users_roles.sql)
2026-08-26T13:20:27.2654301+00:00 ContainerStream: Line       : 38
2026-08-26T13:20:27.2654330+00:00 ContainerStream: Statement  : Run Flyway with -X option to see the actual statement causing the problem
2026-08-26T13:20:27.2654383+00:00 ContainerStream: 
2026-08-26T13:20:27.2654416+00:00 ContainerStream: 	at org.springframework.beans.factory.support.AbstractBeanFactory.doGetBean(AbstractBeanFactory.java:328) ~[spring-beans-6.2.17.jar!/:6.2.17]
2026-08-26T13:20:27.2654449+00:00 ContainerStream: 	at org.springframework.beans.factory.support.AbstractBeanFactory.getBean(AbstractBeanFactory.java:207) ~[spring-beans-6.2.17.jar!/:6.2.17]
2026-08-26T13:20:27.2654486+00:00 ContainerStream: 	at org.springframework.context.support.AbstractApplicationContext.finishBeanFactoryInitialization(AbstractApplicationContext.java:974) ~[spring-context-6.2.17.jar!/:6.2.17]
2026-08-26T13:20:27.2654521+00:00 ContainerStream: 	at org.springframework.context.support.AbstractApplicationContext.refresh(AbstractApplicationContext.java:628) ~[spring-context-6.2.17.jar!/:6.2.17]
2026-08-26T13:20:27.2654580+00:00 ContainerStream: 	at org.springframework.boot.web.servlet.context.ServletWebServerApplicationContext.refresh(ServletWebServerApplicationContext.java:146) ~[spring-boot-3.5.13.jar!/:3.5.13]
2026-08-26T13:20:27.2654613+00:00 ContainerStream: 	at org.springframework.boot.SpringApplication.refresh(SpringApplication.java:752) ~[spring-boot-3.5.13.jar!/:3.5.13]
2026-08-26T13:20:27.2654645+00:00 ContainerStream: 	at org.springframework.boot.SpringApplication.refreshContext(SpringApplication.java:439) ~[spring-boot-3.5.13.jar!/:3.5.13]
2026-08-26T13:20:27.2654677+00:00 ContainerStream: 	at org.springframework.boot.SpringApplication.run(SpringApplication.java:318) ~[spring-boot-3.5.13.jar!/:3.5.13]
2026-08-26T13:20:27.2654709+00:00 ContainerStream: 	at org.springframework.boot.SpringApplication.run(SpringApplication.java:1361) ~[spring-boot-3.5.13.jar!/:3.5.13]
2026-08-26T13:20:27.2654740+00:00 ContainerStream: 	at org.springframework.boot.SpringApplication.run(SpringApplication.java:1350) ~[spring-boot-3.5.13.jar!/:3.5.13]
2026-08-26T13:20:27.2654791+00:00 ContainerStream: 	at com.rvce.scas.ScasApplication.main(ScasApplication.java:20) ~[!/:0.0.1-SNAPSHOT]
2026-08-26T13:20:27.2654822+00:00 ContainerStream: 	at java.base/jdk.internal.reflect.NativeMethodAccessorImpl.invoke0(Native Method) ~[na:na]
2026-08-26T13:20:27.2654851+00:00 ContainerStream: 	at java.base/jdk.internal.reflect.NativeMethodAccessorImpl.invoke(Unknown Source) ~[na:na]
2026-08-26T13:20:27.2654882+00:00 ContainerStream: 	at java.base/jdk.internal.reflect.DelegatingMethodAccessorImpl.invoke(Unknown Source) ~[na:na]
2026-08-26T13:20:27.2654910+00:00 ContainerStream: 	at java.base/java.lang.reflect.Method.invoke(Unknown Source) ~[na:na]
2026-08-26T13:20:27.2654941+00:00 ContainerStream: 	at org.springframework.boot.loader.launch.Launcher.launch(Launcher.java:106) ~[app.jar:0.0.1-SNAPSHOT]
2026-08-26T13:20:27.2654992+00:00 ContainerStream: 	at org.springframework.boot.loader.launch.Launcher.launch(Launcher.java:64) ~[app.jar:0.0.1-SNAPSHOT]
2026-08-26T13:20:27.2655023+00:00 ContainerStream: 	at org.springframework.boot.loader.launch.JarLauncher.main(JarLauncher.java:40) ~[app.jar:0.0.1-SNAPSHOT]
2026-08-26T13:20:27.2655065+00:00 ContainerStream: Caused by: org.springframework.beans.factory.BeanCreationException: Error creating bean with name 'flywayInitializer' defined in class path resource [org/springframework/boot/autoconfigure/flyway/FlywayAutoConfiguration$FlywayConfiguration.class]: Script V1__users_roles.sql failed
2026-08-26T13:20:27.2655092+00:00 ContainerStream: ---------------------------------
2026-08-26T13:20:27.2655117+00:00 ContainerStream: SQL State  : 0A000
2026-08-26T13:20:27.2655143+00:00 ContainerStream: Error Code : 0
2026-08-26T13:20:27.2655190+00:00 ContainerStream: Message    : ERROR: extension "pgcrypto" is not allow-listed for users in Azure Database for PostgreSQL
2026-08-26T13:20:27.2655225+00:00 ContainerStream:   Hint: to learn how to allow an extension or see the list of allowed extensions, please refer to https://go.microsoft.com/fwlink/?linkid=2301063
2026-08-26T13:20:27.2655258+00:00 ContainerStream: Location   : db/migration/V1__users_roles.sql (/app/nested:/app/app.jar/!BOOT-INF/classes/!/db/migration/V1__users_roles.sql)
2026-08-26T13:20:27.2655283+00:00 ContainerStream: Line       : 38
2026-08-26T13:20:27.2655502+00:00 ContainerStream: Statement  : Run Flyway with -X option to see the actual statement causing the problem
2026-08-26T13:20:27.2655694+00:00 ContainerStream: 
2026-08-26T13:20:27.2655749+00:00 ContainerStream: 	at org.springframework.beans.factory.support.AbstractAutowireCapableBeanFactory.initializeBean(AbstractAutowireCapableBeanFactory.java:1826) ~[spring-beans-6.2.17.jar!/:6.2.17]
2026-08-26T13:20:27.2655784+00:00 ContainerStream: 	at org.springframework.beans.factory.support.AbstractAutowireCapableBeanFactory.doCreateBean(AbstractAutowireCapableBeanFactory.java:607) ~[spring-beans-6.2.17.jar!/:6.2.17]
2026-08-26T13:20:27.2655818+00:00 ContainerStream: 	at org.springframework.beans.factory.support.AbstractAutowireCapableBeanFactory.createBean(AbstractAutowireCapableBeanFactory.java:529) ~[spring-beans-6.2.17.jar!/:6.2.17]
2026-08-26T13:20:27.2655851+00:00 ContainerStream: 	at org.springframework.beans.factory.support.AbstractBeanFactory.lambda$doGetBean$0(AbstractBeanFactory.java:339) ~[spring-beans-6.2.17.jar!/:6.2.17]
2026-08-26T13:20:27.2655884+00:00 ContainerStream: 	at org.springframework.beans.factory.support.DefaultSingletonBeanRegistry.getSingleton(DefaultSingletonBeanRegistry.java:373) ~[spring-beans-6.2.17.jar!/:6.2.17]
2026-08-26T13:20:27.2655937+00:00 ContainerStream: 	at org.springframework.beans.factory.support.AbstractBeanFactory.doGetBean(AbstractBeanFactory.java:337) ~[spring-beans-6.2.17.jar!/:6.2.17]
2026-08-26T13:20:27.2655969+00:00 ContainerStream: 	at org.springframework.beans.factory.support.AbstractBeanFactory.getBean(AbstractBeanFactory.java:202) ~[spring-beans-6.2.17.jar!/:6.2.17]
2026-08-26T13:20:27.2656000+00:00 ContainerStream: 	at org.springframework.beans.factory.support.AbstractBeanFactory.doGetBean(AbstractBeanFactory.java:315) ~[spring-beans-6.2.17.jar!/:6.2.17]
2026-08-26T13:20:27.2656025+00:00 ContainerStream: 	... 17 common frames omitted
2026-08-26T13:20:27.2656055+00:00 ContainerStream: Caused by: org.flywaydb.core.internal.exception.FlywayMigrateException: Script V1__users_roles.sql failed
2026-08-26T13:20:27.2656079+00:00 ContainerStream: ---------------------------------
2026-08-26T13:20:27.2656123+00:00 ContainerStream: SQL State  : 0A000
2026-08-26T13:20:27.2656148+00:00 ContainerStream: Error Code : 0
2026-08-26T13:20:27.2656176+00:00 ContainerStream: Message    : ERROR: extension "pgcrypto" is not allow-listed for users in Azure Database for PostgreSQL
2026-08-26T13:20:27.2656209+00:00 ContainerStream:   Hint: to learn how to allow an extension or see the list of allowed extensions, please refer to https://go.microsoft.com/fwlink/?linkid=2301063
2026-08-26T13:20:27.2656240+00:00 ContainerStream: Location   : db/migration/V1__users_roles.sql (/app/nested:/app/app.jar/!BOOT-INF/classes/!/db/migration/V1__users_roles.sql)
2026-08-26T13:20:27.2656263+00:00 ContainerStream: Line       : 38
2026-08-26T13:20:27.2656309+00:00 ContainerStream: Statement  : Run Flyway with -X option to see the actual statement causing the problem
2026-08-26T13:20:27.2656332+00:00 ContainerStream: 
2026-08-26T13:20:27.2656362+00:00 ContainerStream: 	at org.flywaydb.core.internal.command.DbMigrate.doMigrateGroup(DbMigrate.java:399) ~[flyway-core-11.7.2.jar!/:na]
2026-08-26T13:20:27.2656392+00:00 ContainerStream: 	at org.flywaydb.core.internal.command.DbMigrate.lambda$applyMigrations$1(DbMigrate.java:283) ~[flyway-core-11.7.2.jar!/:na]
2026-08-26T13:20:27.2656425+00:00 ContainerStream: 	at org.flywaydb.core.internal.jdbc.TransactionalExecutionTemplate.execute(TransactionalExecutionTemplate.java:59) ~[flyway-core-11.7.2.jar!/:na]
2026-08-26T13:20:27.2656455+00:00 ContainerStream: 	at org.flywaydb.core.internal.command.DbMigrate.applyMigrations(DbMigrate.java:282) ~[flyway-core-11.7.2.jar!/:na]
2026-08-26T13:20:27.2656503+00:00 ContainerStream: 	at org.flywaydb.core.internal.command.DbMigrate.migrateGroup(DbMigrate.java:255) ~[flyway-core-11.7.2.jar!/:na]
2026-08-26T13:20:27.2656534+00:00 ContainerStream: 	at org.flywaydb.core.internal.command.DbMigrate.lambda$migrateAll$0(DbMigrate.java:153) ~[flyway-core-11.7.2.jar!/:na]
2026-08-26T13:20:27.2656567+00:00 ContainerStream: 	at org.flywaydb.database.postgresql.PostgreSQLAdvisoryLockTemplate.execute(PostgreSQLAdvisoryLockTemplate.java:77) ~[flyway-database-postgresql-11.7.2.jar!/:na]
2026-08-26T13:20:27.2656600+00:00 ContainerStream: 	at org.flywaydb.database.postgresql.PostgreSQLAdvisoryLockTemplate.lambda$execute$0(PostgreSQLAdvisoryLockTemplate.java:60) ~[flyway-database-postgresql-11.7.2.jar!/:na]
2026-08-26T13:20:27.2656633+00:00 ContainerStream: 	at org.flywaydb.core.internal.jdbc.TransactionalExecutionTemplate.execute(TransactionalExecutionTemplate.java:59) ~[flyway-core-11.7.2.jar!/:na]
2026-08-26T13:20:27.2656686+00:00 ContainerStream: 	at org.flywaydb.database.postgresql.PostgreSQLAdvisoryLockTemplate.execute(PostgreSQLAdvisoryLockTemplate.java:60) ~[flyway-database-postgresql-11.7.2.jar!/:na]
2026-08-26T13:20:27.2656718+00:00 ContainerStream: 	at org.flywaydb.database.postgresql.PostgreSQLConnection.lock(PostgreSQLConnection.java:105) ~[flyway-database-postgresql-11.7.2.jar!/:na]
2026-08-26T13:20:27.2656749+00:00 ContainerStream: 	at org.flywaydb.core.internal.schemahistory.JdbcTableSchemaHistory.lock(JdbcTableSchemaHistory.java:164) ~[flyway-core-11.7.2.jar!/:na]
2026-08-26T13:20:27.2656780+00:00 ContainerStream: 	at org.flywaydb.core.internal.command.DbMigrate.migrateAll(DbMigrate.java:153) ~[flyway-core-11.7.2.jar!/:na]
2026-08-26T13:20:27.2656809+00:00 ContainerStream: 	at org.flywaydb.core.internal.command.DbMigrate.migrate(DbMigrate.java:104) ~[flyway-core-11.7.2.jar!/:na]
2026-08-26T13:20:27.2656838+00:00 ContainerStream: 	at org.flywaydb.core.Flyway.lambda$migrate$1(Flyway.java:247) ~[flyway-core-11.7.2.jar!/:na]
2026-08-26T13:20:27.2656891+00:00 ContainerStream: 	at org.flywaydb.core.FlywayExecutor.execute(FlywayExecutor.java:210) ~[flyway-core-11.7.2.jar!/:na]
2026-08-26T13:20:27.2656968+00:00 ContainerStream: 	at org.flywaydb.core.Flyway.migrate(Flyway.java:188) ~[flyway-core-11.7.2.jar!/:na]
2026-08-26T13:20:27.2657009+00:00 ContainerStream: 	at org.springframework.boot.autoconfigure.flyway.FlywayMigrationInitializer.afterPropertiesSet(FlywayMigrationInitializer.java:66) ~[spring-boot-autoconfigure-3.5.13.jar!/:3.5.13]
2026-08-26T13:20:27.2657043+00:00 ContainerStream: 	at org.springframework.beans.factory.support.AbstractAutowireCapableBeanFactory.invokeInitMethods(AbstractAutowireCapableBeanFactory.java:1873) ~[spring-beans-6.2.17.jar!/:6.2.17]
2026-08-26T13:20:27.2657076+00:00 ContainerStream: 	at org.springframework.beans.factory.support.AbstractAutowireCapableBeanFactory.initializeBean(AbstractAutowireCapableBeanFactory.java:1822) ~[spring-beans-6.2.17.jar!/:6.2.17]
2026-08-26T13:20:27.2657123+00:00 ContainerStream: 	... 24 common frames omitted
2026-08-26T13:20:27.2657153+00:00 ContainerStream: Caused by: org.flywaydb.core.internal.sqlscript.FlywaySqlScriptException: Script V1__users_roles.sql failed
2026-08-26T13:20:27.2657178+00:00 ContainerStream: ---------------------------------
2026-08-26T13:20:27.2657202+00:00 ContainerStream: SQL State  : 0A000
2026-08-26T13:20:27.2657225+00:00 ContainerStream: Error Code : 0
2026-08-26T13:20:27.2657255+00:00 ContainerStream: Message    : ERROR: extension "pgcrypto" is not allow-listed for users in Azure Database for PostgreSQL
2026-08-26T13:20:27.2657304+00:00 ContainerStream:   Hint: to learn how to allow an extension or see the list of allowed extensions, please refer to https://go.microsoft.com/fwlink/?linkid=2301063
2026-08-26T13:20:27.2657337+00:00 ContainerStream: Location   : db/migration/V1__users_roles.sql (/app/nested:/app/app.jar/!BOOT-INF/classes/!/db/migration/V1__users_roles.sql)
2026-08-26T13:20:27.2657362+00:00 ContainerStream: Line       : 38
2026-08-26T13:20:27.2657390+00:00 ContainerStream: Statement  : Run Flyway with -X option to see the actual statement causing the problem
2026-08-26T13:20:27.2657413+00:00 ContainerStream: 
2026-08-26T13:20:27.2657444+00:00 ContainerStream: 	at org.flywaydb.core.internal.sqlscript.DefaultSqlScriptExecutor.handleException(DefaultSqlScriptExecutor.java:256) ~[flyway-core-11.7.2.jar!/:na]
2026-08-26T13:20:27.2657477+00:00 ContainerStream: 	at org.flywaydb.core.internal.sqlscript.DefaultSqlScriptExecutor.executeStatement(DefaultSqlScriptExecutor.java:217) ~[flyway-core-11.7.2.jar!/:na]
2026-08-26T13:20:27.2657529+00:00 ContainerStream: 	at org.flywaydb.core.internal.sqlscript.DefaultSqlScriptExecutor.execute(DefaultSqlScriptExecutor.java:137) ~[flyway-core-11.7.2.jar!/:na]
2026-08-26T13:20:27.2657561+00:00 ContainerStream: 	at org.flywaydb.core.internal.resolver.sql.SqlMigrationExecutor.executeOnce(SqlMigrationExecutor.java:75) ~[flyway-core-11.7.2.jar!/:na]
2026-08-26T13:20:27.2657592+00:00 ContainerStream: 	at org.flywaydb.core.internal.resolver.sql.SqlMigrationExecutor.lambda$execute$0(SqlMigrationExecutor.java:66) ~[flyway-core-11.7.2.jar!/:na]
2026-08-26T13:20:27.2657624+00:00 ContainerStream: 	at org.flywaydb.core.internal.database.DefaultExecutionStrategy.execute(DefaultExecutionStrategy.java:31) ~[flyway-core-11.7.2.jar!/:na]
2026-08-26T13:20:27.2657654+00:00 ContainerStream: 	at org.flywaydb.core.internal.resolver.sql.SqlMigrationExecutor.execute(SqlMigrationExecutor.java:65) ~[flyway-core-11.7.2.jar!/:na]
2026-08-26T13:20:27.2657702+00:00 ContainerStream: 	at org.flywaydb.core.internal.command.DbMigrate.doMigrateGroup(DbMigrate.java:391) ~[flyway-core-11.7.2.jar!/:na]
2026-08-26T13:20:27.2657729+00:00 ContainerStream: 	... 43 common frames omitted
2026-08-26T13:20:27.2657759+00:00 ContainerStream: Caused by: org.postgresql.util.PSQLException: ERROR: extension "pgcrypto" is not allow-listed for users in Azure Database for PostgreSQL
2026-08-26T13:20:27.2657791+00:00 ContainerStream:   Hint: to learn how to allow an extension or see the list of allowed extensions, please refer to https://go.microsoft.com/fwlink/?linkid=2301063
2026-08-26T13:20:27.2657821+00:00 ContainerStream: 	at org.postgresql.core.v3.QueryExecutorImpl.receiveErrorResponse(QueryExecutorImpl.java:2875) ~[postgresql-42.7.10.jar!/:42.7.10]
2026-08-26T13:20:27.2657872+00:00 ContainerStream: 	at org.postgresql.core.v3.QueryExecutorImpl.processResults(QueryExecutorImpl.java:2560) ~[postgresql-42.7.10.jar!/:42.7.10]
2026-08-26T13:20:27.2657903+00:00 ContainerStream: 	at org.postgresql.core.v3.QueryExecutorImpl.execute(QueryExecutorImpl.java:429) ~[postgresql-42.7.10.jar!/:42.7.10]
2026-08-26T13:20:27.2657933+00:00 ContainerStream: 	at org.postgresql.jdbc.PgStatement.executeInternal(PgStatement.java:526) ~[postgresql-42.7.10.jar!/:42.7.10]
2026-08-26T13:20:27.2657962+00:00 ContainerStream: 	at org.postgresql.jdbc.PgStatement.execute(PgStatement.java:436) ~[postgresql-42.7.10.jar!/:42.7.10]
2026-08-26T13:20:27.2657992+00:00 ContainerStream: 	at org.postgresql.jdbc.PgStatement.executeWithFlags(PgStatement.java:358) ~[postgresql-42.7.10.jar!/:42.7.10]
2026-08-26T13:20:27.2658021+00:00 ContainerStream: 	at org.postgresql.jdbc.PgStatement.executeCachedSql(PgStatement.java:343) ~[postgresql-42.7.10.jar!/:42.7.10]
2026-08-26T13:20:27.2658072+00:00 ContainerStream: 	at org.postgresql.jdbc.PgStatement.executeWithFlags(PgStatement.java:319) ~[postgresql-42.7.10.jar!/:42.7.10]
2026-08-26T13:20:27.2658102+00:00 ContainerStream: 	at org.postgresql.jdbc.PgStatement.execute(PgStatement.java:314) ~[postgresql-42.7.10.jar!/:42.7.10]
2026-08-26T13:20:27.2658131+00:00 ContainerStream: 	at com.zaxxer.hikari.pool.ProxyStatement.execute(ProxyStatement.java:95) ~[HikariCP-6.3.3.jar!/:na]
2026-08-26T13:20:27.2658161+00:00 ContainerStream: 	at com.zaxxer.hikari.pool.HikariProxyStatement.execute(HikariProxyStatement.java) ~[HikariCP-6.3.3.jar!/:na]
2026-08-26T13:20:27.2658191+00:00 ContainerStream: 	at org.flywaydb.core.internal.jdbc.JdbcTemplate.executeStatement(JdbcTemplate.java:215) ~[flyway-core-11.7.2.jar!/:na]
2026-08-26T13:20:27.2658282+00:00 ContainerStream: 	at org.flywaydb.core.internal.sqlscript.ParsedSqlStatement.execute(ParsedSqlStatement.java:88) ~[flyway-core-11.7.2.jar!/:na]
2026-08-26T13:20:27.2658318+00:00 ContainerStream: 	at org.flywaydb.core.internal.sqlscript.DefaultSqlScriptExecutor.executeStatement(DefaultSqlScriptExecutor.java:212) ~[flyway-core-11.7.2.jar!/:na]
2026-08-26T13:20:27.2658343+00:00 ContainerStream: 	... 49 common frames omitted
2026-08-26T13:20:27.2658365+00:00 ContainerStream: 
2026-08-26T13:20:27.8150169+00:00 ContainerStatus: Container has finished running with exit code: 1.
2026-08-26T13:20:27.8151414+00:00 ContainerStatus: Container is terminating. Grace period: 5 seconds.
2026-08-26T13:20:27.8225902+00:00 ContainerStatus: Stop and delete container. Retry count = 0
2026-08-26T13:20:27.8226620+00:00 ContainerStatus: Stopping container: 7751cc8bff11_scas-backend-2026-rvce.
2026-08-26T13:20:27.9642412+00:00 ContainerStatus: Deleting container: 7751cc8bff11_scas-backend-2026-rvce. Retry count = 0
2026-08-26T13:20:28.3247568+00:00 ContainerStatus: Container spec TerminationMessagePolicy  path 
2026-08-26T13:20:28.3258334+00:00 ContainerStatus: Container is terminated. Total time elapsed: 509 ms.
2026-08-26T13:20:28.3265773+00:00 ContainerStatus: Site container: scas-backend-2026-rvce terminated during site startup.
2026-08-26T13:20:28.3437038+00:00 ContainerStatus: State: Stopping, Action: CancellingStartup, LastError: ContainerStartupFailure, LastErrorTimestamp: 08/26/2026 13:02:47, LastErrorDetails: Container exited with exit code 1 during startup after 114.1s. Please inspect your container logs for more details., Details: Site container: scas-backend-2026-rvce terminated during site startup. Cancelling site startup., DetailsLevel: ERR
2026-08-26T13:20:28.7551663+00:00 ContainerStatus: Site startup probe failed after 151.0439908 seconds.
2026-08-26T13:20:29.1343643+00:00 ContainerStatus: State: Stopping, Action: CancellingStartup, LastError: ContainerStartupFailure, LastErrorTimestamp: 08/26/2026 13:20:29, LastErrorDetails: Container exited with exit code 1 during startup after 151.5s. Please inspect your container logs for more details., Details: Site container: scas-backend-2026-rvce terminated during site startup. Cancelling site startup., DetailsLevel: ERR
2026-08-26T13:20:29.1428207+00:00 ContainerStatus: Failed to start site. Revert by stopping site.
2026-08-26T13:20:29.1609079+00:00 ContainerStatus: State: Stopping, Action: StoppingSite, LastError: ContainerStartupFailure, LastErrorTimestamp: 08/26/2026 13:20:29, LastErrorDetails: Container exited with exit code 1 during startup after 151.5s. Please inspect your container logs for more details., Details: Site container: scas-backend-2026-rvce terminated during site startup. Cancelling site startup., DetailsLevel: ERR
2026-08-26T13:20:29.1762807+00:00 ContainerStatus: State: Stopping, Action: StoppingSiteContainers, LastError: ContainerStartupFailure, LastErrorTimestamp: 08/26/2026 13:20:29, LastErrorDetails: Container exited with exit code 1 during startup after 151.5s. Please inspect your container logs for more details., Details: Site container: scas-backend-2026-rvce terminated during site startup. Cancelling site startup., DetailsLevel: ERR
2026-08-26T13:20:29.9978648+00:00 ContainerStatus: Site container: scas-backend-2026-rvce_managedIdentity terminated during site startup.
2026-08-26T13:20:30.0001236+00:00 ContainerStatus: State: Stopping, Action: StoppingSiteContainers, LastError: ContainerStartupFailure, LastErrorTimestamp: 08/26/2026 13:20:29, LastErrorDetails: Container exited with exit code 1 during startup after 151.5s. Please inspect your container logs for more details., Details: Site container: scas-backend-2026-rvce terminated during site startup. Cancelling site startup., DetailsLevel: ERR
2026-08-26T13:20:30.0053004+00:00 ContainerStatus: Site: scas-backend-2026-rvce stopped.
========== New Cold Start Attempt (2026-08-26T13:23:49.7273985+00:00) ==========
2026-08-26T13:23:49.7273985+00:00 ContainerStatus: State: Starting, Action: EstablishingSiteNetworks, LastError: ContainerStartupFailure, LastErrorTimestamp: 08/26/2026 13:20:29, LastErrorDetails: Container exited with exit code 1 during startup after 151.5s. Please inspect your container logs for more details., Details: Site stopped at 08/26/2026 13:20:31 (UTC), DetailsLevel: ERR
2026-08-26T13:23:52.4579380+00:00 ContainerStatus: State: Starting, Action: StartingMsiContainer, LastError: ContainerStartupFailure, LastErrorTimestamp: 08/26/2026 13:20:29, LastErrorDetails: Container exited with exit code 1 during startup after 151.5s. Please inspect your container logs for more details., Details: Site stopped at 08/26/2026 13:20:31 (UTC), DetailsLevel: ERR
2026-08-26T13:24:11.0970438+00:00 ContainerStatus: State: Starting, Action: StartingSiteContainers, LastError: ContainerStartupFailure, LastErrorTimestamp: 08/26/2026 13:20:29, LastErrorDetails: Container exited with exit code 1 during startup after 151.5s. Please inspect your container logs for more details., Details: Site stopped at 08/26/2026 13:20:31 (UTC), DetailsLevel: ERR
2026-08-26T13:24:11.0972347+00:00 ContainerStatus: Container start method called.
2026-08-26T13:24:11.0973306+00:00 ContainerStatus: State: Starting, Action: PullingImage, LastError: ContainerStartupFailure, LastErrorTimestamp: 08/26/2026 13:20:29, LastErrorDetails: Container exited with exit code 1 during startup after 151.5s. Please inspect your container logs for more details., Details: Pulling image scasacr2026rvce.azurecr.io/scas-backend:demo-citext-fix-20260826132221 for scas-backend-2026-rvce., DetailsLevel: INFO
2026-08-26T13:24:11.1150659+00:00 ContainerStatus: Establishing network.
2026-08-26T13:24:11.1156260+00:00 ContainerStatus: Pulling image: scasacr2026rvce.azurecr.io/scas-backend:demo-citext-fix-20260826132221.
2026-08-26T13:24:12.2724944+00:00 ContainerStatus: Image scasacr2026rvce.azurecr.io/scas-backend:demo-citext-fix-20260826132221 is pulled from registry scasacr2026rvce.azurecr.io
2026-08-26T13:24:12.2725733+00:00 ContainerStatus: Container is starting.
2026-08-26T13:24:12.2726763+00:00 ContainerStatus: State: Starting, Action: MountingVolumes, LastError: ContainerStartupFailure, LastErrorTimestamp: 08/26/2026 13:20:29, LastErrorDetails: Container exited with exit code 1 during startup after 151.5s. Please inspect your container logs for more details., Details: Mounting volumes for scas-backend-2026-rvce., DetailsLevel: INFO
2026-08-26T13:24:12.2727583+00:00 ContainerStatus: Establishing user namespace if not established already.
2026-08-26T13:24:12.2728096+00:00 ContainerStatus: Establishing network if not established already.
2026-08-26T13:24:12.2728640+00:00 ContainerStatus: Mounting volumes.
2026-08-26T13:24:12.2729380+00:00 ContainerStatus: Nested mountpoint volatile/logs
2026-08-26T13:24:12.2844491+00:00 ContainerStatus: Nested mountpoint 
2026-08-26T13:24:12.2848899+00:00 ContainerStatus: Nested mountpoint 
2026-08-26T13:24:12.4878104+00:00 ContainerStatus: State: Starting, Action: CreatingContainer, LastError: ContainerStartupFailure, LastErrorTimestamp: 08/26/2026 13:20:29, LastErrorDetails: Container exited with exit code 1 during startup after 151.5s. Please inspect your container logs for more details., Details: Finished pulling container image and mounting volumes for scas-backend-2026-rvce. Allocatinng the rest of the container resources to finish container creation., DetailsLevel: INFO
2026-08-26T13:24:12.4879455+00:00 ContainerStatus: Creating container.
2026-08-26T13:24:12.4880012+00:00 ContainerStatus: Creating pipes for streaming container io.
2026-08-26T13:24:12.4880538+00:00 ContainerStatus: Creating stdout named pipe at /podr/container/pipe/08b8e31ebf5a_scas-backend-2026-rvce/stdout_3d8c84b252ae45dda84725462b54a2b6.
2026-08-26T13:24:12.4882202+00:00 ContainerStatus: Successfully created stdout named pipe at: /podr/container/pipe/08b8e31ebf5a_scas-backend-2026-rvce/stdout_3d8c84b252ae45dda84725462b54a2b6.
2026-08-26T13:24:12.4882704+00:00 ContainerStatus: Opening named pipe /podr/container/pipe/08b8e31ebf5a_scas-backend-2026-rvce/stdout_3d8c84b252ae45dda84725462b54a2b6 for reading in non-blocking mode.
2026-08-26T13:24:12.4883361+00:00 ContainerStatus: Successfully opened named pipe: /podr/container/pipe/08b8e31ebf5a_scas-backend-2026-rvce/stdout_3d8c84b252ae45dda84725462b54a2b6.
2026-08-26T13:24:12.4883931+00:00 ContainerStatus: Successfully removed non-blocking flag from /podr/container/pipe/08b8e31ebf5a_scas-backend-2026-rvce/stdout_3d8c84b252ae45dda84725462b54a2b6.
2026-08-26T13:24:12.5650259+00:00 ContainerStatus: Creating stderr named pipe at /podr/container/pipe/08b8e31ebf5a_scas-backend-2026-rvce/stderr_1e5530f8bc9a4679a8c9e34ee76f558c.
2026-08-26T13:24:12.5660788+00:00 ContainerStatus: Successfully created stderr named pipe at: /podr/container/pipe/08b8e31ebf5a_scas-backend-2026-rvce/stderr_1e5530f8bc9a4679a8c9e34ee76f558c.
2026-08-26T13:24:12.5666262+00:00 ContainerStatus: Opening named pipe /podr/container/pipe/08b8e31ebf5a_scas-backend-2026-rvce/stderr_1e5530f8bc9a4679a8c9e34ee76f558c for reading in non-blocking mode.
2026-08-26T13:24:12.5672696+00:00 ContainerStatus: Successfully opened named pipe: /podr/container/pipe/08b8e31ebf5a_scas-backend-2026-rvce/stderr_1e5530f8bc9a4679a8c9e34ee76f558c.
2026-08-26T13:24:12.5751002+00:00 ContainerStatus: Successfully removed non-blocking flag from /podr/container/pipe/08b8e31ebf5a_scas-backend-2026-rvce/stderr_1e5530f8bc9a4679a8c9e34ee76f558c.
2026-08-26T13:24:12.5922274+00:00 ContainerStatus: Creating container with image: scasacr2026rvce.azurecr.io/scas-backend:demo-citext-fix-20260826132221 from registry: scasacr2026rvce.azurecr.io and fully qualified image name: scasacr2026rvce.azurecr.io/scas-backend:demo-citext-fix-20260826132221
2026-08-26T13:24:13.2169921+00:00 ContainerStatus: Starting container: 08b8e31ebf5a_scas-backend-2026-rvce.
2026-08-26T13:24:13.3053244+00:00 ContainerStatus: Starting watchers and probes.
2026-08-26T13:24:13.3119080+00:00 ContainerStatus: Starting metrics collection.
2026-08-26T13:24:13.3120194+00:00 ContainerStatus: Container is running.
2026-08-26T13:24:13.3120894+00:00 ContainerStatus: State: Starting, Action: CreatingContainer, LastError: ContainerStartupFailure, LastErrorTimestamp: 08/26/2026 13:20:29, LastErrorDetails: Container exited with exit code 1 during startup after 151.5s. Please inspect your container logs for more details., Details: Container scas-backend-2026-rvce successfully created and is running., DetailsLevel: INFO
2026-08-26T13:24:13.4289474+00:00 ContainerStatus: Container start method finished after 2331 ms.
2026-08-26T13:24:13.4290812+00:00 ContainerStatus: State: Starting, Action: InitiatingSiteWarmUpProbe, LastError: ContainerStartupFailure, LastErrorTimestamp: 08/26/2026 13:20:29, LastErrorDetails: Container exited with exit code 1 during startup after 151.5s. Please inspect your container logs for more details., Details: Container scas-backend-2026-rvce successfully created and is running., DetailsLevel: INFO
2026-08-26T13:24:13.4291047+00:00 ContainerStatus: State: Starting, Action: WaitingForSiteWarmUpProbeSuccess, LastError: ContainerStartupFailure, LastErrorTimestamp: 08/26/2026 13:20:29, LastErrorDetails: Container exited with exit code 1 during startup after 151.5s. Please inspect your container logs for more details., Details: Pinging warmup path to ensure container is ready to receive requests., DetailsLevel: INFO
2026-08-26T13:24:28.8073727+00:00 ContainerStream: 
2026-08-26T13:24:28.8099315+00:00 ContainerStream:   .   ____          _            __ _ _
2026-08-26T13:24:28.8099540+00:00 ContainerStream:  /\\ / ___'_ __ _ _(_)_ __  __ _ \ \ \ \
2026-08-26T13:24:28.8099573+00:00 ContainerStream: ( ( )\___ | '_ | '_| | '_ \/ _` | \ \ \ \
2026-08-26T13:24:28.8099599+00:00 ContainerStream:  \\/  ___)| |_)| | | | | || (_| |  ) ) ) )
2026-08-26T13:24:28.8099625+00:00 ContainerStream:   '  |____| .__|_| |_|_| |_\__, | / / / /
2026-08-26T13:24:28.8099697+00:00 ContainerStream:  =========|_|==============|___/=/_/_/_/
2026-08-26T13:24:28.8099725+00:00 ContainerStream: 
2026-08-26T13:24:28.8486681+00:00 ContainerStream:  :: Spring Boot ::               (v3.5.13)
2026-08-26T13:24:28.8487066+00:00 ContainerStream: 
2026-08-26T13:24:29.6285738+00:00 ContainerStream: 2026-08-26T13:24:29.608Z  INFO 1 --- [           main] com.rvce.scas.ScasApplication            : Starting ScasApplication v0.0.1-SNAPSHOT using Java 17.0.20 with PID 1 (/app/app.jar started by root in /app)
2026-08-26T13:24:29.6562183+00:00 ContainerStream: 2026-08-26T13:24:29.655Z  INFO 1 --- [           main] com.rvce.scas.ScasApplication            : The following 1 profile is active: "prod"
2026-08-26T13:24:46.5296663+00:00 ContainerStream: 2026-08-26T13:24:46.529Z  INFO 1 --- [           main] .s.d.r.c.RepositoryConfigurationDelegate : Multiple Spring Data modules found, entering strict repository configuration mode
2026-08-26T13:24:46.5590854+00:00 ContainerStream: 2026-08-26T13:24:46.548Z  INFO 1 --- [           main] .s.d.r.c.RepositoryConfigurationDelegate : Bootstrapping Spring Data JPA repositories in DEFAULT mode.
2026-08-26T13:24:48.8651735+00:00 ContainerStream: 2026-08-26T13:24:48.864Z  INFO 1 --- [           main] .s.d.r.c.RepositoryConfigurationDelegate : Finished Spring Data repository scanning in 2198 ms. Found 12 JPA repository interfaces.
2026-08-26T13:24:49.2395937+00:00 ContainerStream: 2026-08-26T13:24:49.239Z  INFO 1 --- [           main] .s.d.r.c.RepositoryConfigurationDelegate : Multiple Spring Data modules found, entering strict repository configuration mode
2026-08-26T13:24:49.2569117+00:00 ContainerStream: 2026-08-26T13:24:49.256Z  INFO 1 --- [           main] .s.d.r.c.RepositoryConfigurationDelegate : Bootstrapping Spring Data Redis repositories in DEFAULT mode.
2026-08-26T13:24:49.4119824+00:00 ContainerStream: 2026-08-26T13:24:49.411Z  INFO 1 --- [           main] .RepositoryConfigurationExtensionSupport : Spring Data Redis - Could not safely identify store assignment for repository candidate interface com.rvce.scas.repository.DepartmentRepository; If you want this repository to be a Redis repository, consider annotating your entities with one of these annotations: org.springframework.data.redis.core.RedisHash (preferred), or consider extending one of the following types with your repository: org.springframework.data.keyvalue.repository.KeyValueRepository
2026-08-26T13:24:49.4225526+00:00 ContainerStream: 2026-08-26T13:24:49.422Z  INFO 1 --- [           main] .RepositoryConfigurationExtensionSupport : Spring Data Redis - Could not safely identify store assignment for repository candidate interface com.rvce.scas.repository.ExamHallRepository; If you want this repository to be a Redis repository, consider annotating your entities with one of these annotations: org.springframework.data.redis.core.RedisHash (preferred), or consider extending one of the following types with your repository: org.springframework.data.keyvalue.repository.KeyValueRepository
2026-08-26T13:24:49.4301748+00:00 ContainerStream: 2026-08-26T13:24:49.429Z  INFO 1 --- [           main] .RepositoryConfigurationExtensionSupport : Spring Data Redis - Could not safely identify store assignment for repository candidate interface com.rvce.scas.repository.ExamSeatRepository; If you want this repository to be a Redis repository, consider annotating your entities with one of these annotations: org.springframework.data.redis.core.RedisHash (preferred), or consider extending one of the following types with your repository: org.springframework.data.keyvalue.repository.KeyValueRepository
2026-08-26T13:24:49.4301982+00:00 ContainerStream: 2026-08-26T13:24:49.429Z  INFO 1 --- [           main] .RepositoryConfigurationExtensionSupport : Spring Data Redis - Could not safely identify store assignment for repository candidate interface com.rvce.scas.repository.ExamSessionRepository; If you want this repository to be a Redis repository, consider annotating your entities with one of these annotations: org.springframework.data.redis.core.RedisHash (preferred), or consider extending one of the following types with your repository: org.springframework.data.keyvalue.repository.KeyValueRepository
2026-08-26T13:24:49.4320051+00:00 ContainerStream: 2026-08-26T13:24:49.431Z  INFO 1 --- [           main] .RepositoryConfigurationExtensionSupport : Spring Data Redis - Could not safely identify store assignment for repository candidate interface com.rvce.scas.repository.ExamStudentRepository; If you want this repository to be a Redis repository, consider annotating your entities with one of these annotations: org.springframework.data.redis.core.RedisHash (preferred), or consider extending one of the following types with your repository: org.springframework.data.keyvalue.repository.KeyValueRepository
2026-08-26T13:24:49.4749949+00:00 ContainerStream: 2026-08-26T13:24:49.466Z  INFO 1 --- [           main] .RepositoryConfigurationExtensionSupport : Spring Data Redis - Could not safely identify store assignment for repository candidate interface com.rvce.scas.repository.NotificationRepository; If you want this repository to be a Redis repository, consider annotating your entities with one of these annotations: org.springframework.data.redis.core.RedisHash (preferred), or consider extending one of the following types with your repository: org.springframework.data.keyvalue.repository.KeyValueRepository
2026-08-26T13:24:49.4750266+00:00 ContainerStream: 2026-08-26T13:24:49.466Z  INFO 1 --- [           main] .RepositoryConfigurationExtensionSupport : Spring Data Redis - Could not safely identify store assignment for repository candidate interface com.rvce.scas.repository.PasswordResetTokenRepository; If you want this repository to be a Redis repository, consider annotating your entities with one of these annotations: org.springframework.data.redis.core.RedisHash (preferred), or consider extending one of the following types with your repository: org.springframework.data.keyvalue.repository.KeyValueRepository
2026-08-26T13:24:49.4750333+00:00 ContainerStream: 2026-08-26T13:24:49.468Z  INFO 1 --- [           main] .RepositoryConfigurationExtensionSupport : Spring Data Redis - Could not safely identify store assignment for repository candidate interface com.rvce.scas.repository.RoleRepository; If you want this repository to be a Redis repository, consider annotating your entities with one of these annotations: org.springframework.data.redis.core.RedisHash (preferred), or consider extending one of the following types with your repository: org.springframework.data.keyvalue.repository.KeyValueRepository
2026-08-26T13:24:49.4873361+00:00 ContainerStream: 2026-08-26T13:24:49.484Z  INFO 1 --- [           main] .RepositoryConfigurationExtensionSupport : Spring Data Redis - Could not safely identify store assignment for repository candidate interface com.rvce.scas.repository.RoomRepository; If you want this repository to be a Redis repository, consider annotating your entities with one of these annotations: org.springframework.data.redis.core.RedisHash (preferred), or consider extending one of the following types with your repository: org.springframework.data.keyvalue.repository.KeyValueRepository
2026-08-26T13:24:49.4873995+00:00 ContainerStream: 2026-08-26T13:24:49.487Z  INFO 1 --- [           main] .RepositoryConfigurationExtensionSupport : Spring Data Redis - Could not safely identify store assignment for repository candidate interface com.rvce.scas.repository.TimetableSlotRepository; If you want this repository to be a Redis repository, consider annotating your entities with one of these annotations: org.springframework.data.redis.core.RedisHash (preferred), or consider extending one of the following types with your repository: org.springframework.data.keyvalue.repository.KeyValueRepository
2026-08-26T13:24:49.5029422+00:00 ContainerStream: 2026-08-26T13:24:49.493Z  INFO 1 --- [           main] .RepositoryConfigurationExtensionSupport : Spring Data Redis - Could not safely identify store assignment for repository candidate interface com.rvce.scas.repository.UserRepository; If you want this repository to be a Redis repository, consider annotating your entities with one of these annotations: org.springframework.data.redis.core.RedisHash (preferred), or consider extending one of the following types with your repository: org.springframework.data.keyvalue.repository.KeyValueRepository
2026-08-26T13:24:49.5029647+00:00 ContainerStream: 2026-08-26T13:24:49.495Z  INFO 1 --- [           main] .RepositoryConfigurationExtensionSupport : Spring Data Redis - Could not safely identify store assignment for repository candidate interface com.rvce.scas.repository.UserRoleRepository; If you want this repository to be a Redis repository, consider annotating your entities with one of these annotations: org.springframework.data.redis.core.RedisHash (preferred), or consider extending one of the following types with your repository: org.springframework.data.keyvalue.repository.KeyValueRepository
2026-08-26T13:24:49.5029690+00:00 ContainerStream: 2026-08-26T13:24:49.495Z  INFO 1 --- [           main] .s.d.r.c.RepositoryConfigurationDelegate : Finished Spring Data repository scanning in 156 ms. Found 0 Redis repository interfaces.
2026-08-26T13:24:57.5738321+00:00 ContainerStream: 2026-08-26T13:24:57.573Z  INFO 1 --- [           main] o.s.b.w.embedded.tomcat.TomcatWebServer  : Tomcat initialized with port 8080 (http)
2026-08-26T13:24:57.7284620+00:00 ContainerStream: 2026-08-26T13:24:57.727Z  INFO 1 --- [           main] o.apache.catalina.core.StandardService   : Starting service [Tomcat]
2026-08-26T13:24:57.7294748+00:00 ContainerStream: 2026-08-26T13:24:57.729Z  INFO 1 --- [           main] o.apache.catalina.core.StandardEngine    : Starting Servlet engine: [Apache Tomcat/10.1.53]
2026-08-26T13:24:59.4045564+00:00 ContainerStream: 2026-08-26T13:24:59.403Z  INFO 1 --- [           main] o.a.c.c.C.[Tomcat].[localhost].[/]       : Initializing Spring embedded WebApplicationContext
2026-08-26T13:24:59.4325592+00:00 ContainerStream: 2026-08-26T13:24:59.432Z  INFO 1 --- [           main] w.s.c.ServletWebServerApplicationContext : Root WebApplicationContext: initialization completed in 29321 ms
2026-08-26T13:25:22.2568270+00:00 ContainerStream: 2026-08-26T13:25:22.210Z  INFO 1 --- [           main] com.zaxxer.hikari.HikariDataSource       : HikariPool-1 - Starting...
2026-08-26T13:25:26.5361246+00:00 ContainerStream: 2026-08-26T13:25:26.534Z  INFO 1 --- [           main] com.zaxxer.hikari.pool.HikariPool        : HikariPool-1 - Added connection org.postgresql.jdbc.PgConnection@7f958d4a
2026-08-26T13:25:26.5710306+00:00 ContainerStream: 2026-08-26T13:25:26.570Z  INFO 1 --- [           main] com.zaxxer.hikari.HikariDataSource       : HikariPool-1 - Start completed.
2026-08-26T13:25:27.4837040+00:00 ContainerStream: 2026-08-26T13:25:27.482Z  INFO 1 --- [           main] org.flywaydb.core.FlywayExecutor         : Database: jdbc:postgresql://scas-postgres-k23.postgres.database.azure.com:5432/scasdb?sslmode=require (PostgreSQL 16.14)
2026-08-26T13:25:28.7056422+00:00 ContainerStream: 2026-08-26T13:25:28.699Z  INFO 1 --- [           main] o.f.core.internal.command.DbValidate     : Successfully validated 27 migrations (execution time 00:00.847s)
2026-08-26T13:25:28.9103354+00:00 ContainerStream: 2026-08-26T13:25:28.909Z  INFO 1 --- [           main] o.f.core.internal.command.DbMigrate      : Current version of schema "public": << Empty Schema >>
2026-08-26T13:25:29.3583639+00:00 ContainerStream: 2026-08-26T13:25:29.342Z  INFO 1 --- [           main] o.f.core.internal.command.DbMigrate      : Migrating schema "public" to version "1 - users roles"
2026-08-26T13:25:29.6060079+00:00 ContainerStream: 2026-08-26T13:25:29.537Z  WARN 1 --- [           main] com.zaxxer.hikari.pool.ProxyConnection   : HikariPool-1 - Connection org.postgresql.jdbc.PgConnection@1ac71b87 marked as broken because of SQLSTATE(0A000), ErrorCode(0)
2026-08-26T13:25:29.6060654+00:00 ContainerStream: 
2026-08-26T13:25:29.6060728+00:00 ContainerStream: org.postgresql.util.PSQLException: ERROR: extension "pgcrypto" is not allow-listed for users in Azure Database for PostgreSQL
2026-08-26T13:25:29.6060765+00:00 ContainerStream:   Hint: to learn how to allow an extension or see the list of allowed extensions, please refer to https://go.microsoft.com/fwlink/?linkid=2301063
2026-08-26T13:25:29.6060879+00:00 ContainerStream: 	at org.postgresql.core.v3.QueryExecutorImpl.receiveErrorResponse(QueryExecutorImpl.java:2875) ~[postgresql-42.7.10.jar!/:42.7.10]
2026-08-26T13:25:29.6060914+00:00 ContainerStream: 	at org.postgresql.core.v3.QueryExecutorImpl.processResults(QueryExecutorImpl.java:2560) ~[postgresql-42.7.10.jar!/:42.7.10]
2026-08-26T13:25:29.6060952+00:00 ContainerStream: 	at org.postgresql.core.v3.QueryExecutorImpl.execute(QueryExecutorImpl.java:429) ~[postgresql-42.7.10.jar!/:42.7.10]
2026-08-26T13:25:29.6061149+00:00 ContainerStream: 	at org.postgresql.jdbc.PgStatement.executeInternal(PgStatement.java:526) ~[postgresql-42.7.10.jar!/:42.7.10]
2026-08-26T13:25:29.6061180+00:00 ContainerStream: 	at org.postgresql.jdbc.PgStatement.execute(PgStatement.java:436) ~[postgresql-42.7.10.jar!/:42.7.10]
2026-08-26T13:25:29.6061247+00:00 ContainerStream: 	at org.postgresql.jdbc.PgStatement.executeWithFlags(PgStatement.java:358) ~[postgresql-42.7.10.jar!/:42.7.10]
2026-08-26T13:25:29.6061278+00:00 ContainerStream: 	at org.postgresql.jdbc.PgStatement.executeCachedSql(PgStatement.java:343) ~[postgresql-42.7.10.jar!/:42.7.10]
2026-08-26T13:25:29.6061308+00:00 ContainerStream: 	at org.postgresql.jdbc.PgStatement.executeWithFlags(PgStatement.java:319) ~[postgresql-42.7.10.jar!/:42.7.10]
2026-08-26T13:25:29.6061338+00:00 ContainerStream: 	at org.postgresql.jdbc.PgStatement.execute(PgStatement.java:314) ~[postgresql-42.7.10.jar!/:42.7.10]
2026-08-26T13:25:29.6061367+00:00 ContainerStream: 	at com.zaxxer.hikari.pool.ProxyStatement.execute(ProxyStatement.java:95) ~[HikariCP-6.3.3.jar!/:na]
2026-08-26T13:25:29.6061563+00:00 ContainerStream: 	at com.zaxxer.hikari.pool.HikariProxyStatement.execute(HikariProxyStatement.java) ~[HikariCP-6.3.3.jar!/:na]
2026-08-26T13:25:29.6061619+00:00 ContainerStream: 	at org.flywaydb.core.internal.jdbc.JdbcTemplate.executeStatement(JdbcTemplate.java:215) ~[flyway-core-11.7.2.jar!/:na]
2026-08-26T13:25:29.6061653+00:00 ContainerStream: 	at org.flywaydb.core.internal.sqlscript.ParsedSqlStatement.execute(ParsedSqlStatement.java:88) ~[flyway-core-11.7.2.jar!/:na]
2026-08-26T13:25:29.6061695+00:00 ContainerStream: 	at org.flywaydb.core.internal.sqlscript.DefaultSqlScriptExecutor.executeStatement(DefaultSqlScriptExecutor.java:212) ~[flyway-core-11.7.2.jar!/:na]
2026-08-26T13:25:29.6061728+00:00 ContainerStream: 	at org.flywaydb.core.internal.sqlscript.DefaultSqlScriptExecutor.execute(DefaultSqlScriptExecutor.java:137) ~[flyway-core-11.7.2.jar!/:na]
2026-08-26T13:25:29.6061785+00:00 ContainerStream: 	at org.flywaydb.core.internal.resolver.sql.SqlMigrationExecutor.executeOnce(SqlMigrationExecutor.java:75) ~[flyway-core-11.7.2.jar!/:na]
2026-08-26T13:25:29.6061820+00:00 ContainerStream: 	at org.flywaydb.core.internal.resolver.sql.SqlMigrationExecutor.lambda$execute$0(SqlMigrationExecutor.java:66) ~[flyway-core-11.7.2.jar!/:na]
2026-08-26T13:25:29.6061852+00:00 ContainerStream: 	at org.flywaydb.core.internal.database.DefaultExecutionStrategy.execute(DefaultExecutionStrategy.java:31) ~[flyway-core-11.7.2.jar!/:na]
2026-08-26T13:25:29.6061885+00:00 ContainerStream: 	at org.flywaydb.core.internal.resolver.sql.SqlMigrationExecutor.execute(SqlMigrationExecutor.java:65) ~[flyway-core-11.7.2.jar!/:na]
2026-08-26T13:25:29.6061916+00:00 ContainerStream: 	at org.flywaydb.core.internal.command.DbMigrate.doMigrateGroup(DbMigrate.java:391) ~[flyway-core-11.7.2.jar!/:na]
2026-08-26T13:25:29.6061947+00:00 ContainerStream: 	at org.flywaydb.core.internal.command.DbMigrate.lambda$applyMigrations$1(DbMigrate.java:283) ~[flyway-core-11.7.2.jar!/:na]
2026-08-26T13:25:29.6062005+00:00 ContainerStream: 	at org.flywaydb.core.internal.jdbc.TransactionalExecutionTemplate.execute(TransactionalExecutionTemplate.java:59) ~[flyway-core-11.7.2.jar!/:na]
2026-08-26T13:25:29.6062037+00:00 ContainerStream: 	at org.flywaydb.core.internal.command.DbMigrate.applyMigrations(DbMigrate.java:282) ~[flyway-core-11.7.2.jar!/:na]
2026-08-26T13:25:29.6062069+00:00 ContainerStream: 	at org.flywaydb.core.internal.command.DbMigrate.migrateGroup(DbMigrate.java:255) ~[flyway-core-11.7.2.jar!/:na]
2026-08-26T13:25:29.6062101+00:00 ContainerStream: 	at org.flywaydb.core.internal.command.DbMigrate.lambda$migrateAll$0(DbMigrate.java:153) ~[flyway-core-11.7.2.jar!/:na]
2026-08-26T13:25:29.6062135+00:00 ContainerStream: 	at org.flywaydb.database.postgresql.PostgreSQLAdvisoryLockTemplate.execute(PostgreSQLAdvisoryLockTemplate.java:77) ~[flyway-database-postgresql-11.7.2.jar!/:na]
2026-08-26T13:25:29.6062192+00:00 ContainerStream: 	at org.flywaydb.database.postgresql.PostgreSQLAdvisoryLockTemplate.lambda$execute$0(PostgreSQLAdvisoryLockTemplate.java:60) ~[flyway-database-postgresql-11.7.2.jar!/:na]
2026-08-26T13:25:29.6062226+00:00 ContainerStream: 	at org.flywaydb.core.internal.jdbc.TransactionalExecutionTemplate.execute(TransactionalExecutionTemplate.java:59) ~[flyway-core-11.7.2.jar!/:na]
2026-08-26T13:25:29.6062462+00:00 ContainerStream: 	at org.flywaydb.database.postgresql.PostgreSQLAdvisoryLockTemplate.execute(PostgreSQLAdvisoryLockTemplate.java:60) ~[flyway-database-postgresql-11.7.2.jar!/:na]
2026-08-26T13:25:29.6062531+00:00 ContainerStream: 	at org.flywaydb.database.postgresql.PostgreSQLConnection.lock(PostgreSQLConnection.java:105) ~[flyway-database-postgresql-11.7.2.jar!/:na]
2026-08-26T13:25:29.6062564+00:00 ContainerStream: 	at org.flywaydb.core.internal.schemahistory.JdbcTableSchemaHistory.lock(JdbcTableSchemaHistory.java:164) ~[flyway-core-11.7.2.jar!/:na]
2026-08-26T13:25:29.6062595+00:00 ContainerStream: 	at org.flywaydb.core.internal.command.DbMigrate.migrateAll(DbMigrate.java:153) ~[flyway-core-11.7.2.jar!/:na]
2026-08-26T13:25:29.6062627+00:00 ContainerStream: 	at org.flywaydb.core.internal.command.DbMigrate.migrate(DbMigrate.java:104) ~[flyway-core-11.7.2.jar!/:na]
2026-08-26T13:25:29.6062657+00:00 ContainerStream: 	at org.flywaydb.core.Flyway.lambda$migrate$1(Flyway.java:247) ~[flyway-core-11.7.2.jar!/:na]
2026-08-26T13:25:29.6062687+00:00 ContainerStream: 	at org.flywaydb.core.FlywayExecutor.execute(FlywayExecutor.java:210) ~[flyway-core-11.7.2.jar!/:na]
2026-08-26T13:25:29.6062738+00:00 ContainerStream: 	at org.flywaydb.core.Flyway.migrate(Flyway.java:188) ~[flyway-core-11.7.2.jar!/:na]
2026-08-26T13:25:29.6062774+00:00 ContainerStream: 	at org.springframework.boot.autoconfigure.flyway.FlywayMigrationInitializer.afterPropertiesSet(FlywayMigrationInitializer.java:66) ~[spring-boot-autoconfigure-3.5.13.jar!/:3.5.13]
2026-08-26T13:25:29.6062809+00:00 ContainerStream: 	at org.springframework.beans.factory.support.AbstractAutowireCapableBeanFactory.invokeInitMethods(AbstractAutowireCapableBeanFactory.java:1873) ~[spring-beans-6.2.17.jar!/:6.2.17]
2026-08-26T13:25:29.6062844+00:00 ContainerStream: 	at org.springframework.beans.factory.support.AbstractAutowireCapableBeanFactory.initializeBean(AbstractAutowireCapableBeanFactory.java:1822) ~[spring-beans-6.2.17.jar!/:6.2.17]
2026-08-26T13:25:29.6062879+00:00 ContainerStream: 	at org.springframework.beans.factory.support.AbstractAutowireCapableBeanFactory.doCreateBean(AbstractAutowireCapableBeanFactory.java:607) ~[spring-beans-6.2.17.jar!/:6.2.17]
2026-08-26T13:25:29.6062937+00:00 ContainerStream: 	at org.springframework.beans.factory.support.AbstractAutowireCapableBeanFactory.createBean(AbstractAutowireCapableBeanFactory.java:529) ~[spring-beans-6.2.17.jar!/:6.2.17]
2026-08-26T13:25:29.6062971+00:00 ContainerStream: 	at org.springframework.beans.factory.support.AbstractBeanFactory.lambda$doGetBean$0(AbstractBeanFactory.java:339) ~[spring-beans-6.2.17.jar!/:6.2.17]
2026-08-26T13:25:29.6063005+00:00 ContainerStream: 	at org.springframework.beans.factory.support.DefaultSingletonBeanRegistry.getSingleton(DefaultSingletonBeanRegistry.java:373) ~[spring-beans-6.2.17.jar!/:6.2.17]
2026-08-26T13:25:29.6063038+00:00 ContainerStream: 	at org.springframework.beans.factory.support.AbstractBeanFactory.doGetBean(AbstractBeanFactory.java:337) ~[spring-beans-6.2.17.jar!/:6.2.17]
2026-08-26T13:25:29.6063099+00:00 ContainerStream: 	at org.springframework.beans.factory.support.AbstractBeanFactory.getBean(AbstractBeanFactory.java:202) ~[spring-beans-6.2.17.jar!/:6.2.17]
2026-08-26T13:25:29.6063132+00:00 ContainerStream: 	at org.springframework.beans.factory.support.AbstractBeanFactory.doGetBean(AbstractBeanFactory.java:315) ~[spring-beans-6.2.17.jar!/:6.2.17]
2026-08-26T13:25:29.6063165+00:00 ContainerStream: 	at org.springframework.beans.factory.support.AbstractBeanFactory.getBean(AbstractBeanFactory.java:207) ~[spring-beans-6.2.17.jar!/:6.2.17]
2026-08-26T13:25:29.6063200+00:00 ContainerStream: 	at org.springframework.context.support.AbstractApplicationContext.finishBeanFactoryInitialization(AbstractApplicationContext.java:974) ~[spring-context-6.2.17.jar!/:6.2.17]
2026-08-26T13:25:29.6063233+00:00 ContainerStream: 	at org.springframework.context.support.AbstractApplicationContext.refresh(AbstractApplicationContext.java:628) ~[spring-context-6.2.17.jar!/:6.2.17]
2026-08-26T13:25:29.6063289+00:00 ContainerStream: 	at org.springframework.boot.web.servlet.context.ServletWebServerApplicationContext.refresh(ServletWebServerApplicationContext.java:146) ~[spring-boot-3.5.13.jar!/:3.5.13]
2026-08-26T13:25:29.6063321+00:00 ContainerStream: 	at org.springframework.boot.SpringApplication.refresh(SpringApplication.java:752) ~[spring-boot-3.5.13.jar!/:3.5.13]
2026-08-26T13:25:29.6063353+00:00 ContainerStream: 	at org.springframework.boot.SpringApplication.refreshContext(SpringApplication.java:439) ~[spring-boot-3.5.13.jar!/:3.5.13]
2026-08-26T13:25:29.6063384+00:00 ContainerStream: 	at org.springframework.boot.SpringApplication.run(SpringApplication.java:318) ~[spring-boot-3.5.13.jar!/:3.5.13]
2026-08-26T13:25:29.6063416+00:00 ContainerStream: 	at org.springframework.boot.SpringApplication.run(SpringApplication.java:1361) ~[spring-boot-3.5.13.jar!/:3.5.13]
2026-08-26T13:25:29.6063446+00:00 ContainerStream: 	at org.springframework.boot.SpringApplication.run(SpringApplication.java:1350) ~[spring-boot-3.5.13.jar!/:3.5.13]
2026-08-26T13:25:29.6063496+00:00 ContainerStream: 	at com.rvce.scas.ScasApplication.main(ScasApplication.java:20) ~[!/:0.0.1-SNAPSHOT]
2026-08-26T13:25:29.6063526+00:00 ContainerStream: 	at java.base/jdk.internal.reflect.NativeMethodAccessorImpl.invoke0(Native Method) ~[na:na]
2026-08-26T13:25:29.6063556+00:00 ContainerStream: 	at java.base/jdk.internal.reflect.NativeMethodAccessorImpl.invoke(Unknown Source) ~[na:na]
2026-08-26T13:25:29.6063587+00:00 ContainerStream: 	at java.base/jdk.internal.reflect.DelegatingMethodAccessorImpl.invoke(Unknown Source) ~[na:na]
2026-08-26T13:25:29.6063667+00:00 ContainerStream: 	at java.base/java.lang.reflect.Method.invoke(Unknown Source) ~[na:na]
2026-08-26T13:25:29.6063725+00:00 ContainerStream: 	at org.springframework.boot.loader.launch.Launcher.launch(Launcher.java:106) ~[app.jar:0.0.1-SNAPSHOT]
2026-08-26T13:25:29.6063762+00:00 ContainerStream: 	at org.springframework.boot.loader.launch.Launcher.launch(Launcher.java:64) ~[app.jar:0.0.1-SNAPSHOT]
2026-08-26T13:25:29.6063793+00:00 ContainerStream: 	at org.springframework.boot.loader.launch.JarLauncher.main(JarLauncher.java:40) ~[app.jar:0.0.1-SNAPSHOT]
2026-08-26T13:25:29.6063839+00:00 ContainerStream: 
2026-08-26T13:25:29.8106923+00:00 ContainerStream: 2026-08-26T13:25:29.803Z ERROR 1 --- [           main] o.f.c.i.j.TransactionalExecutionTemplate : Unable to rollback transaction
2026-08-26T13:25:29.8107492+00:00 ContainerStream: 
2026-08-26T13:25:29.8107556+00:00 ContainerStream: java.sql.SQLException: Connection is closed
2026-08-26T13:25:29.8107597+00:00 ContainerStream: 	at com.zaxxer.hikari.pool.ProxyConnection$ClosedConnection.lambda$getClosedConnection$0(ProxyConnection.java:562) ~[HikariCP-6.3.3.jar!/:na]
2026-08-26T13:25:29.8107629+00:00 ContainerStream: 	at jdk.proxy3/jdk.proxy3.$Proxy119.rollback(Unknown Source) ~[na:na]
2026-08-26T13:25:29.8107753+00:00 ContainerStream: 	at com.zaxxer.hikari.pool.ProxyConnection.rollback(ProxyConnection.java:386) ~[HikariCP-6.3.3.jar!/:na]
2026-08-26T13:25:29.8107787+00:00 ContainerStream: 	at com.zaxxer.hikari.pool.HikariProxyConnection.rollback(HikariProxyConnection.java) ~[HikariCP-6.3.3.jar!/:na]
2026-08-26T13:25:29.8107822+00:00 ContainerStream: 	at org.flywaydb.core.internal.jdbc.TransactionalExecutionTemplate.execute(TransactionalExecutionTemplate.java:75) ~[flyway-core-11.7.2.jar!/:na]
2026-08-26T13:25:29.8107854+00:00 ContainerStream: 	at org.flywaydb.core.internal.command.DbMigrate.applyMigrations(DbMigrate.java:282) ~[flyway-core-11.7.2.jar!/:na]
2026-08-26T13:25:29.8107884+00:00 ContainerStream: 	at org.flywaydb.core.internal.command.DbMigrate.migrateGroup(DbMigrate.java:255) ~[flyway-core-11.7.2.jar!/:na]
2026-08-26T13:25:29.8107917+00:00 ContainerStream: 	at org.flywaydb.core.internal.command.DbMigrate.lambda$migrateAll$0(DbMigrate.java:153) ~[flyway-core-11.7.2.jar!/:na]
2026-08-26T13:25:29.8107978+00:00 ContainerStream: 	at org.flywaydb.database.postgresql.PostgreSQLAdvisoryLockTemplate.execute(PostgreSQLAdvisoryLockTemplate.java:77) ~[flyway-database-postgresql-11.7.2.jar!/:na]
2026-08-26T13:25:29.8108015+00:00 ContainerStream: 	at org.flywaydb.database.postgresql.PostgreSQLAdvisoryLockTemplate.lambda$execute$0(PostgreSQLAdvisoryLockTemplate.java:60) ~[flyway-database-postgresql-11.7.2.jar!/:na]
2026-08-26T13:25:29.8108050+00:00 ContainerStream: 	at org.flywaydb.core.internal.jdbc.TransactionalExecutionTemplate.execute(TransactionalExecutionTemplate.java:59) ~[flyway-core-11.7.2.jar!/:na]
2026-08-26T13:25:29.8108085+00:00 ContainerStream: 	at org.flywaydb.database.postgresql.PostgreSQLAdvisoryLockTemplate.execute(PostgreSQLAdvisoryLockTemplate.java:60) ~[flyway-database-postgresql-11.7.2.jar!/:na]
2026-08-26T13:25:29.8108118+00:00 ContainerStream: 	at org.flywaydb.database.postgresql.PostgreSQLConnection.lock(PostgreSQLConnection.java:105) ~[flyway-database-postgresql-11.7.2.jar!/:na]
2026-08-26T13:25:29.8108182+00:00 ContainerStream: 	at org.flywaydb.core.internal.schemahistory.JdbcTableSchemaHistory.lock(JdbcTableSchemaHistory.java:164) ~[flyway-core-11.7.2.jar!/:na]
2026-08-26T13:25:29.8108214+00:00 ContainerStream: 	at org.flywaydb.core.internal.command.DbMigrate.migrateAll(DbMigrate.java:153) ~[flyway-core-11.7.2.jar!/:na]
2026-08-26T13:25:29.8108246+00:00 ContainerStream: 	at org.flywaydb.core.internal.command.DbMigrate.migrate(DbMigrate.java:104) ~[flyway-core-11.7.2.jar!/:na]
2026-08-26T13:25:29.8108277+00:00 ContainerStream: 	at org.flywaydb.core.Flyway.lambda$migrate$1(Flyway.java:247) ~[flyway-core-11.7.2.jar!/:na]
2026-08-26T13:25:29.8108309+00:00 ContainerStream: 	at org.flywaydb.core.FlywayExecutor.execute(FlywayExecutor.java:210) ~[flyway-core-11.7.2.jar!/:na]
2026-08-26T13:25:29.8108371+00:00 ContainerStream: 	at org.flywaydb.core.Flyway.migrate(Flyway.java:188) ~[flyway-core-11.7.2.jar!/:na]
2026-08-26T13:25:29.8108408+00:00 ContainerStream: 	at org.springframework.boot.autoconfigure.flyway.FlywayMigrationInitializer.afterPropertiesSet(FlywayMigrationInitializer.java:66) ~[spring-boot-autoconfigure-3.5.13.jar!/:3.5.13]
2026-08-26T13:25:29.8108445+00:00 ContainerStream: 	at org.springframework.beans.factory.support.AbstractAutowireCapableBeanFactory.invokeInitMethods(AbstractAutowireCapableBeanFactory.java:1873) ~[spring-beans-6.2.17.jar!/:6.2.17]
2026-08-26T13:25:29.8108480+00:00 ContainerStream: 	at org.springframework.beans.factory.support.AbstractAutowireCapableBeanFactory.initializeBean(AbstractAutowireCapableBeanFactory.java:1822) ~[spring-beans-6.2.17.jar!/:6.2.17]
2026-08-26T13:25:29.8108515+00:00 ContainerStream: 	at org.springframework.beans.factory.support.AbstractAutowireCapableBeanFactory.doCreateBean(AbstractAutowireCapableBeanFactory.java:607) ~[spring-beans-6.2.17.jar!/:6.2.17]
2026-08-26T13:25:29.8108573+00:00 ContainerStream: 	at org.springframework.beans.factory.support.AbstractAutowireCapableBeanFactory.createBean(AbstractAutowireCapableBeanFactory.java:529) ~[spring-beans-6.2.17.jar!/:6.2.17]
2026-08-26T13:25:29.8108608+00:00 ContainerStream: 	at org.springframework.beans.factory.support.AbstractBeanFactory.lambda$doGetBean$0(AbstractBeanFactory.java:339) ~[spring-beans-6.2.17.jar!/:6.2.17]
2026-08-26T13:25:29.8108643+00:00 ContainerStream: 	at org.springframework.beans.factory.support.DefaultSingletonBeanRegistry.getSingleton(DefaultSingletonBeanRegistry.java:373) ~[spring-beans-6.2.17.jar!/:6.2.17]
2026-08-26T13:25:29.8108676+00:00 ContainerStream: 	at org.springframework.beans.factory.support.AbstractBeanFactory.doGetBean(AbstractBeanFactory.java:337) ~[spring-beans-6.2.17.jar!/:6.2.17]
2026-08-26T13:25:29.8108709+00:00 ContainerStream: 	at org.springframework.beans.factory.support.AbstractBeanFactory.getBean(AbstractBeanFactory.java:202) ~[spring-beans-6.2.17.jar!/:6.2.17]
2026-08-26T13:25:29.8109163+00:00 ContainerStream: 	at org.springframework.beans.factory.support.AbstractBeanFactory.doGetBean(AbstractBeanFactory.java:315) ~[spring-beans-6.2.17.jar!/:6.2.17]
2026-08-26T13:25:29.8109217+00:00 ContainerStream: 	at org.springframework.beans.factory.support.AbstractBeanFactory.getBean(AbstractBeanFactory.java:207) ~[spring-beans-6.2.17.jar!/:6.2.17]
2026-08-26T13:25:29.8109253+00:00 ContainerStream: 	at org.springframework.context.support.AbstractApplicationContext.finishBeanFactoryInitialization(AbstractApplicationContext.java:974) ~[spring-context-6.2.17.jar!/:6.2.17]
2026-08-26T13:25:29.8109286+00:00 ContainerStream: 	at org.springframework.context.support.AbstractApplicationContext.refresh(AbstractApplicationContext.java:628) ~[spring-context-6.2.17.jar!/:6.2.17]
2026-08-26T13:25:29.8109322+00:00 ContainerStream: 	at org.springframework.boot.web.servlet.context.ServletWebServerApplicationContext.refresh(ServletWebServerApplicationContext.java:146) ~[spring-boot-3.5.13.jar!/:3.5.13]
2026-08-26T13:25:29.8109382+00:00 ContainerStream: 	at org.springframework.boot.SpringApplication.refresh(SpringApplication.java:752) ~[spring-boot-3.5.13.jar!/:3.5.13]
2026-08-26T13:25:29.8109415+00:00 ContainerStream: 	at org.springframework.boot.SpringApplication.refreshContext(SpringApplication.java:439) ~[spring-boot-3.5.13.jar!/:3.5.13]
2026-08-26T13:25:29.8109447+00:00 ContainerStream: 	at org.springframework.boot.SpringApplication.run(SpringApplication.java:318) ~[spring-boot-3.5.13.jar!/:3.5.13]
2026-08-26T13:25:29.8109480+00:00 ContainerStream: 	at org.springframework.boot.SpringApplication.run(SpringApplication.java:1361) ~[spring-boot-3.5.13.jar!/:3.5.13]
2026-08-26T13:25:29.8109511+00:00 ContainerStream: 	at org.springframework.boot.SpringApplication.run(SpringApplication.java:1350) ~[spring-boot-3.5.13.jar!/:3.5.13]
2026-08-26T13:25:29.8109558+00:00 ContainerStream: 	at com.rvce.scas.ScasApplication.main(ScasApplication.java:20) ~[!/:0.0.1-SNAPSHOT]
2026-08-26T13:25:29.8109590+00:00 ContainerStream: 	at java.base/jdk.internal.reflect.NativeMethodAccessorImpl.invoke0(Native Method) ~[na:na]
2026-08-26T13:25:29.8109621+00:00 ContainerStream: 	at java.base/jdk.internal.reflect.NativeMethodAccessorImpl.invoke(Unknown Source) ~[na:na]
2026-08-26T13:25:29.8109651+00:00 ContainerStream: 	at java.base/jdk.internal.reflect.DelegatingMethodAccessorImpl.invoke(Unknown Source) ~[na:na]
2026-08-26T13:25:29.8109680+00:00 ContainerStream: 	at java.base/java.lang.reflect.Method.invoke(Unknown Source) ~[na:na]
2026-08-26T13:25:29.8109712+00:00 ContainerStream: 	at org.springframework.boot.loader.launch.Launcher.launch(Launcher.java:106) ~[app.jar:0.0.1-SNAPSHOT]
2026-08-26T13:25:29.8109766+00:00 ContainerStream: 	at org.springframework.boot.loader.launch.Launcher.launch(Launcher.java:64) ~[app.jar:0.0.1-SNAPSHOT]
2026-08-26T13:25:29.8109797+00:00 ContainerStream: 	at org.springframework.boot.loader.launch.JarLauncher.main(JarLauncher.java:40) ~[app.jar:0.0.1-SNAPSHOT]
2026-08-26T13:25:29.8109821+00:00 ContainerStream: 
2026-08-26T13:25:29.8265911+00:00 ContainerStream: 2026-08-26T13:25:29.819Z ERROR 1 --- [           main] o.f.c.i.j.TransactionalExecutionTemplate : Unable to restore autocommit to original value for connection
2026-08-26T13:25:29.8266122+00:00 ContainerStream: 
2026-08-26T13:25:29.8266166+00:00 ContainerStream: java.sql.SQLException: Connection is closed
2026-08-26T13:25:29.8266211+00:00 ContainerStream: 	at com.zaxxer.hikari.pool.ProxyConnection$ClosedConnection.lambda$getClosedConnection$0(ProxyConnection.java:562) ~[HikariCP-6.3.3.jar!/:na]
2026-08-26T13:25:29.8266271+00:00 ContainerStream: 	at jdk.proxy3/jdk.proxy3.$Proxy119.setAutoCommit(Unknown Source) ~[na:na]
2026-08-26T13:25:29.8266304+00:00 ContainerStream: 	at com.zaxxer.hikari.pool.ProxyConnection.setAutoCommit(ProxyConnection.java:412) ~[HikariCP-6.3.3.jar!/:na]
2026-08-26T13:25:29.8266335+00:00 ContainerStream: 	at com.zaxxer.hikari.pool.HikariProxyConnection.setAutoCommit(HikariProxyConnection.java) ~[HikariCP-6.3.3.jar!/:na]
2026-08-26T13:25:29.8266369+00:00 ContainerStream: 	at org.flywaydb.core.internal.jdbc.TransactionalExecutionTemplate.execute(TransactionalExecutionTemplate.java:90) ~[flyway-core-11.7.2.jar!/:na]
2026-08-26T13:25:29.8266401+00:00 ContainerStream: 	at org.flywaydb.core.internal.command.DbMigrate.applyMigrations(DbMigrate.java:282) ~[flyway-core-11.7.2.jar!/:na]
2026-08-26T13:25:29.8266454+00:00 ContainerStream: 	at org.flywaydb.core.internal.command.DbMigrate.migrateGroup(DbMigrate.java:255) ~[flyway-core-11.7.2.jar!/:na]
2026-08-26T13:25:29.8266488+00:00 ContainerStream: 	at org.flywaydb.core.internal.command.DbMigrate.lambda$migrateAll$0(DbMigrate.java:153) ~[flyway-core-11.7.2.jar!/:na]
2026-08-26T13:25:29.8266523+00:00 ContainerStream: 	at org.flywaydb.database.postgresql.PostgreSQLAdvisoryLockTemplate.execute(PostgreSQLAdvisoryLockTemplate.java:77) ~[flyway-database-postgresql-11.7.2.jar!/:na]
2026-08-26T13:25:29.8266558+00:00 ContainerStream: 	at org.flywaydb.database.postgresql.PostgreSQLAdvisoryLockTemplate.lambda$execute$0(PostgreSQLAdvisoryLockTemplate.java:60) ~[flyway-database-postgresql-11.7.2.jar!/:na]
2026-08-26T13:25:29.8266593+00:00 ContainerStream: 	at org.flywaydb.core.internal.jdbc.TransactionalExecutionTemplate.execute(TransactionalExecutionTemplate.java:59) ~[flyway-core-11.7.2.jar!/:na]
2026-08-26T13:25:29.8266647+00:00 ContainerStream: 	at org.flywaydb.database.postgresql.PostgreSQLAdvisoryLockTemplate.execute(PostgreSQLAdvisoryLockTemplate.java:60) ~[flyway-database-postgresql-11.7.2.jar!/:na]
2026-08-26T13:25:29.8266680+00:00 ContainerStream: 	at org.flywaydb.database.postgresql.PostgreSQLConnection.lock(PostgreSQLConnection.java:105) ~[flyway-database-postgresql-11.7.2.jar!/:na]
2026-08-26T13:25:29.8266714+00:00 ContainerStream: 	at org.flywaydb.core.internal.schemahistory.JdbcTableSchemaHistory.lock(JdbcTableSchemaHistory.java:164) ~[flyway-core-11.7.2.jar!/:na]
2026-08-26T13:25:29.8266746+00:00 ContainerStream: 	at org.flywaydb.core.internal.command.DbMigrate.migrateAll(DbMigrate.java:153) ~[flyway-core-11.7.2.jar!/:na]
2026-08-26T13:25:29.8266777+00:00 ContainerStream: 	at org.flywaydb.core.internal.command.DbMigrate.migrate(DbMigrate.java:104) ~[flyway-core-11.7.2.jar!/:na]
2026-08-26T13:25:29.8266808+00:00 ContainerStream: 	at org.flywaydb.core.Flyway.lambda$migrate$1(Flyway.java:247) ~[flyway-core-11.7.2.jar!/:na]
2026-08-26T13:25:29.8266863+00:00 ContainerStream: 	at org.flywaydb.core.FlywayExecutor.execute(FlywayExecutor.java:210) ~[flyway-core-11.7.2.jar!/:na]
2026-08-26T13:25:29.8266894+00:00 ContainerStream: 	at org.flywaydb.core.Flyway.migrate(Flyway.java:188) ~[flyway-core-11.7.2.jar!/:na]
2026-08-26T13:25:29.8266930+00:00 ContainerStream: 	at org.springframework.boot.autoconfigure.flyway.FlywayMigrationInitializer.afterPropertiesSet(FlywayMigrationInitializer.java:66) ~[spring-boot-autoconfigure-3.5.13.jar!/:3.5.13]
2026-08-26T13:25:29.8266965+00:00 ContainerStream: 	at org.springframework.beans.factory.support.AbstractAutowireCapableBeanFactory.invokeInitMethods(AbstractAutowireCapableBeanFactory.java:1873) ~[spring-beans-6.2.17.jar!/:6.2.17]
2026-08-26T13:25:29.8267002+00:00 ContainerStream: 	at org.springframework.beans.factory.support.AbstractAutowireCapableBeanFactory.initializeBean(AbstractAutowireCapableBeanFactory.java:1822) ~[spring-beans-6.2.17.jar!/:6.2.17]
2026-08-26T13:25:29.8267069+00:00 ContainerStream: 	at org.springframework.beans.factory.support.AbstractAutowireCapableBeanFactory.doCreateBean(AbstractAutowireCapableBeanFactory.java:607) ~[spring-beans-6.2.17.jar!/:6.2.17]
2026-08-26T13:25:29.8267107+00:00 ContainerStream: 	at org.springframework.beans.factory.support.AbstractAutowireCapableBeanFactory.createBean(AbstractAutowireCapableBeanFactory.java:529) ~[spring-beans-6.2.17.jar!/:6.2.17]
2026-08-26T13:25:29.8267141+00:00 ContainerStream: 	at org.springframework.beans.factory.support.AbstractBeanFactory.lambda$doGetBean$0(AbstractBeanFactory.java:339) ~[spring-beans-6.2.17.jar!/:6.2.17]
2026-08-26T13:25:29.8267175+00:00 ContainerStream: 	at org.springframework.beans.factory.support.DefaultSingletonBeanRegistry.getSingleton(DefaultSingletonBeanRegistry.java:373) ~[spring-beans-6.2.17.jar!/:6.2.17]
2026-08-26T13:25:29.8267208+00:00 ContainerStream: 	at org.springframework.beans.factory.support.AbstractBeanFactory.doGetBean(AbstractBeanFactory.java:337) ~[spring-beans-6.2.17.jar!/:6.2.17]
2026-08-26T13:25:29.8267266+00:00 ContainerStream: 	at org.springframework.beans.factory.support.AbstractBeanFactory.getBean(AbstractBeanFactory.java:202) ~[spring-beans-6.2.17.jar!/:6.2.17]
2026-08-26T13:25:29.8267453+00:00 ContainerStream: 	at org.springframework.beans.factory.support.AbstractBeanFactory.doGetBean(AbstractBeanFactory.java:315) ~[spring-beans-6.2.17.jar!/:6.2.17]
2026-08-26T13:25:29.8267492+00:00 ContainerStream: 	at org.springframework.beans.factory.support.AbstractBeanFactory.getBean(AbstractBeanFactory.java:207) ~[spring-beans-6.2.17.jar!/:6.2.17]
2026-08-26T13:25:29.8267528+00:00 ContainerStream: 	at org.springframework.context.support.AbstractApplicationContext.finishBeanFactoryInitialization(AbstractApplicationContext.java:974) ~[spring-context-6.2.17.jar!/:6.2.17]
2026-08-26T13:25:29.8267563+00:00 ContainerStream: 	at org.springframework.context.support.AbstractApplicationContext.refresh(AbstractApplicationContext.java:628) ~[spring-context-6.2.17.jar!/:6.2.17]
2026-08-26T13:25:29.8267625+00:00 ContainerStream: 	at org.springframework.boot.web.servlet.context.ServletWebServerApplicationContext.refresh(ServletWebServerApplicationContext.java:146) ~[spring-boot-3.5.13.jar!/:3.5.13]
2026-08-26T13:25:29.8267658+00:00 ContainerStream: 	at org.springframework.boot.SpringApplication.refresh(SpringApplication.java:752) ~[spring-boot-3.5.13.jar!/:3.5.13]
2026-08-26T13:25:29.8267691+00:00 ContainerStream: 	at org.springframework.boot.SpringApplication.refreshContext(SpringApplication.java:439) ~[spring-boot-3.5.13.jar!/:3.5.13]
2026-08-26T13:25:29.8267722+00:00 ContainerStream: 	at org.springframework.boot.SpringApplication.run(SpringApplication.java:318) ~[spring-boot-3.5.13.jar!/:3.5.13]
2026-08-26T13:25:29.8267754+00:00 ContainerStream: 	at org.springframework.boot.SpringApplication.run(SpringApplication.java:1361) ~[spring-boot-3.5.13.jar!/:3.5.13]
2026-08-26T13:25:29.8267814+00:00 ContainerStream: 	at org.springframework.boot.SpringApplication.run(SpringApplication.java:1350) ~[spring-boot-3.5.13.jar!/:3.5.13]
2026-08-26T13:25:29.8267846+00:00 ContainerStream: 	at com.rvce.scas.ScasApplication.main(ScasApplication.java:20) ~[!/:0.0.1-SNAPSHOT]
2026-08-26T13:25:29.8267877+00:00 ContainerStream: 	at java.base/jdk.internal.reflect.NativeMethodAccessorImpl.invoke0(Native Method) ~[na:na]
2026-08-26T13:25:29.8267908+00:00 ContainerStream: 	at java.base/jdk.internal.reflect.NativeMethodAccessorImpl.invoke(Unknown Source) ~[na:na]
2026-08-26T13:25:29.8267938+00:00 ContainerStream: 	at java.base/jdk.internal.reflect.DelegatingMethodAccessorImpl.invoke(Unknown Source) ~[na:na]
2026-08-26T13:25:29.8267968+00:00 ContainerStream: 	at java.base/java.lang.reflect.Method.invoke(Unknown Source) ~[na:na]
2026-08-26T13:25:29.8268023+00:00 ContainerStream: 	at org.springframework.boot.loader.launch.Launcher.launch(Launcher.java:106) ~[app.jar:0.0.1-SNAPSHOT]
2026-08-26T13:25:29.8268054+00:00 ContainerStream: 	at org.springframework.boot.loader.launch.Launcher.launch(Launcher.java:64) ~[app.jar:0.0.1-SNAPSHOT]
2026-08-26T13:25:29.8268086+00:00 ContainerStream: 	at org.springframework.boot.loader.launch.JarLauncher.main(JarLauncher.java:40) ~[app.jar:0.0.1-SNAPSHOT]
2026-08-26T13:25:29.8268112+00:00 ContainerStream: 
2026-08-26T13:25:29.8831031+00:00 ContainerStream: 2026-08-26T13:25:29.863Z ERROR 1 --- [           main] o.f.core.internal.command.DbMigrate      : Migration of schema "public" to version "1 - users roles" failed! Changes successfully rolled back.
2026-08-26T13:25:29.9935123+00:00 ContainerStream: 2026-08-26T13:25:29.993Z  WARN 1 --- [           main] ConfigServletWebServerApplicationContext : Exception encountered during context initialization - cancelling refresh attempt: org.springframework.beans.factory.BeanCreationException: Error creating bean with name 'entityManagerFactory' defined in class path resource [org/springframework/boot/autoconfigure/orm/jpa/HibernateJpaConfiguration.class]: Failed to initialize dependency 'flywayInitializer' of LoadTimeWeaverAware bean 'entityManagerFactory': Error creating bean with name 'flywayInitializer' defined in class path resource [org/springframework/boot/autoconfigure/flyway/FlywayAutoConfiguration$FlywayConfiguration.class]: Script V1__users_roles.sql failed
2026-08-26T13:25:29.9936028+00:00 ContainerStream: ---------------------------------
2026-08-26T13:25:29.9936066+00:00 ContainerStream: SQL State  : 0A000
2026-08-26T13:25:29.9936101+00:00 ContainerStream: Error Code : 0
2026-08-26T13:25:29.9936133+00:00 ContainerStream: Message    : ERROR: extension "pgcrypto" is not allow-listed for users in Azure Database for PostgreSQL
2026-08-26T13:25:29.9936196+00:00 ContainerStream:   Hint: to learn how to allow an extension or see the list of allowed extensions, please refer to https://go.microsoft.com/fwlink/?linkid=2301063
2026-08-26T13:25:29.9936232+00:00 ContainerStream: Location   : db/migration/V1__users_roles.sql (/app/nested:/app/app.jar/!BOOT-INF/classes/!/db/migration/V1__users_roles.sql)
2026-08-26T13:25:29.9936258+00:00 ContainerStream: Line       : 38
2026-08-26T13:25:29.9936289+00:00 ContainerStream: Statement  : Run Flyway with -X option to see the actual statement causing the problem
2026-08-26T13:25:29.9936314+00:00 ContainerStream: 
2026-08-26T13:25:30.0453720+00:00 ContainerStream: 2026-08-26T13:25:30.043Z  INFO 1 --- [           main] com.zaxxer.hikari.HikariDataSource       : HikariPool-1 - Shutdown initiated...
2026-08-26T13:25:30.3633737+00:00 ContainerStream: 2026-08-26T13:25:30.346Z  INFO 1 --- [           main] com.zaxxer.hikari.HikariDataSource       : HikariPool-1 - Shutdown completed.
2026-08-26T13:25:30.5787000+00:00 ContainerStream: 2026-08-26T13:25:30.578Z  INFO 1 --- [           main] o.apache.catalina.core.StandardService   : Stopping service [Tomcat]
2026-08-26T13:25:30.8292204+00:00 ContainerStream: 2026-08-26T13:25:30.828Z  INFO 1 --- [           main] .s.b.a.l.ConditionEvaluationReportLogger : 
2026-08-26T13:25:30.8292877+00:00 ContainerStream: 
2026-08-26T13:25:30.8292943+00:00 ContainerStream: Error starting ApplicationContext. To display the condition evaluation report re-run your application with 'debug' enabled.
2026-08-26T13:25:31.1902046+00:00 ContainerStream: 2026-08-26T13:25:31.180Z ERROR 1 --- [           main] o.s.boot.SpringApplication               : Application run failed
2026-08-26T13:25:31.1902459+00:00 ContainerStream: 
2026-08-26T13:25:31.1902557+00:00 ContainerStream: org.springframework.beans.factory.BeanCreationException: Error creating bean with name 'entityManagerFactory' defined in class path resource [org/springframework/boot/autoconfigure/orm/jpa/HibernateJpaConfiguration.class]: Failed to initialize dependency 'flywayInitializer' of LoadTimeWeaverAware bean 'entityManagerFactory': Error creating bean with name 'flywayInitializer' defined in class path resource [org/springframework/boot/autoconfigure/flyway/FlywayAutoConfiguration$FlywayConfiguration.class]: Script V1__users_roles.sql failed
2026-08-26T13:25:31.1902589+00:00 ContainerStream: ---------------------------------
2026-08-26T13:25:31.1902614+00:00 ContainerStream: SQL State  : 0A000
2026-08-26T13:25:31.1902642+00:00 ContainerStream: Error Code : 0
2026-08-26T13:25:31.1902750+00:00 ContainerStream: Message    : ERROR: extension "pgcrypto" is not allow-listed for users in Azure Database for PostgreSQL
2026-08-26T13:25:31.1902784+00:00 ContainerStream:   Hint: to learn how to allow an extension or see the list of allowed extensions, please refer to https://go.microsoft.com/fwlink/?linkid=2301063
2026-08-26T13:25:31.1902817+00:00 ContainerStream: Location   : db/migration/V1__users_roles.sql (/app/nested:/app/app.jar/!BOOT-INF/classes/!/db/migration/V1__users_roles.sql)
2026-08-26T13:25:31.1902841+00:00 ContainerStream: Line       : 38
2026-08-26T13:25:31.1902869+00:00 ContainerStream: Statement  : Run Flyway with -X option to see the actual statement causing the problem
2026-08-26T13:25:31.1902892+00:00 ContainerStream: 
2026-08-26T13:25:31.1902942+00:00 ContainerStream: 	at org.springframework.beans.factory.support.AbstractBeanFactory.doGetBean(AbstractBeanFactory.java:328) ~[spring-beans-6.2.17.jar!/:6.2.17]
2026-08-26T13:25:31.1902974+00:00 ContainerStream: 	at org.springframework.beans.factory.support.AbstractBeanFactory.getBean(AbstractBeanFactory.java:207) ~[spring-beans-6.2.17.jar!/:6.2.17]
2026-08-26T13:25:31.1903008+00:00 ContainerStream: 	at org.springframework.context.support.AbstractApplicationContext.finishBeanFactoryInitialization(AbstractApplicationContext.java:974) ~[spring-context-6.2.17.jar!/:6.2.17]
2026-08-26T13:25:31.1903041+00:00 ContainerStream: 	at org.springframework.context.support.AbstractApplicationContext.refresh(AbstractApplicationContext.java:628) ~[spring-context-6.2.17.jar!/:6.2.17]
2026-08-26T13:25:31.1903075+00:00 ContainerStream: 	at org.springframework.boot.web.servlet.context.ServletWebServerApplicationContext.refresh(ServletWebServerApplicationContext.java:146) ~[spring-boot-3.5.13.jar!/:3.5.13]
2026-08-26T13:25:31.1903130+00:00 ContainerStream: 	at org.springframework.boot.SpringApplication.refresh(SpringApplication.java:752) ~[spring-boot-3.5.13.jar!/:3.5.13]
2026-08-26T13:25:31.1903161+00:00 ContainerStream: 	at org.springframework.boot.SpringApplication.refreshContext(SpringApplication.java:439) ~[spring-boot-3.5.13.jar!/:3.5.13]
2026-08-26T13:25:31.1903191+00:00 ContainerStream: 	at org.springframework.boot.SpringApplication.run(SpringApplication.java:318) ~[spring-boot-3.5.13.jar!/:3.5.13]
2026-08-26T13:25:31.1903220+00:00 ContainerStream: 	at org.springframework.boot.SpringApplication.run(SpringApplication.java:1361) ~[spring-boot-3.5.13.jar!/:3.5.13]
2026-08-26T13:25:31.1903249+00:00 ContainerStream: 	at org.springframework.boot.SpringApplication.run(SpringApplication.java:1350) ~[spring-boot-3.5.13.jar!/:3.5.13]
2026-08-26T13:25:31.1903280+00:00 ContainerStream: 	at com.rvce.scas.ScasApplication.main(ScasApplication.java:20) ~[!/:0.0.1-SNAPSHOT]
2026-08-26T13:25:31.1903331+00:00 ContainerStream: 	at java.base/jdk.internal.reflect.NativeMethodAccessorImpl.invoke0(Native Method) ~[na:na]
2026-08-26T13:25:31.1903360+00:00 ContainerStream: 	at java.base/jdk.internal.reflect.NativeMethodAccessorImpl.invoke(Unknown Source) ~[na:na]
2026-08-26T13:25:31.1903388+00:00 ContainerStream: 	at java.base/jdk.internal.reflect.DelegatingMethodAccessorImpl.invoke(Unknown Source) ~[na:na]
2026-08-26T13:25:31.1903415+00:00 ContainerStream: 	at java.base/java.lang.reflect.Method.invoke(Unknown Source) ~[na:na]
2026-08-26T13:25:31.1903443+00:00 ContainerStream: 	at org.springframework.boot.loader.launch.Launcher.launch(Launcher.java:106) ~[app.jar:0.0.1-SNAPSHOT]
2026-08-26T13:25:31.1903472+00:00 ContainerStream: 	at org.springframework.boot.loader.launch.Launcher.launch(Launcher.java:64) ~[app.jar:0.0.1-SNAPSHOT]
2026-08-26T13:25:31.1903527+00:00 ContainerStream: 	at org.springframework.boot.loader.launch.JarLauncher.main(JarLauncher.java:40) ~[app.jar:0.0.1-SNAPSHOT]
2026-08-26T13:25:31.1903568+00:00 ContainerStream: Caused by: org.springframework.beans.factory.BeanCreationException: Error creating bean with name 'flywayInitializer' defined in class path resource [org/springframework/boot/autoconfigure/flyway/FlywayAutoConfiguration$FlywayConfiguration.class]: Script V1__users_roles.sql failed
2026-08-26T13:25:31.1903595+00:00 ContainerStream: ---------------------------------
2026-08-26T13:25:31.1903619+00:00 ContainerStream: SQL State  : 0A000
2026-08-26T13:25:31.1903642+00:00 ContainerStream: Error Code : 0
2026-08-26T13:25:31.1903673+00:00 ContainerStream: Message    : ERROR: extension "pgcrypto" is not allow-listed for users in Azure Database for PostgreSQL
2026-08-26T13:25:31.1903724+00:00 ContainerStream:   Hint: to learn how to allow an extension or see the list of allowed extensions, please refer to https://go.microsoft.com/fwlink/?linkid=2301063
2026-08-26T13:25:31.1903755+00:00 ContainerStream: Location   : db/migration/V1__users_roles.sql (/app/nested:/app/app.jar/!BOOT-INF/classes/!/db/migration/V1__users_roles.sql)
2026-08-26T13:25:31.1903778+00:00 ContainerStream: Line       : 38
2026-08-26T13:25:31.1903984+00:00 ContainerStream: Statement  : Run Flyway with -X option to see the actual statement causing the problem
2026-08-26T13:25:31.1904012+00:00 ContainerStream: 
2026-08-26T13:25:31.1904046+00:00 ContainerStream: 	at org.springframework.beans.factory.support.AbstractAutowireCapableBeanFactory.initializeBean(AbstractAutowireCapableBeanFactory.java:1826) ~[spring-beans-6.2.17.jar!/:6.2.17]
2026-08-26T13:25:31.1904100+00:00 ContainerStream: 	at org.springframework.beans.factory.support.AbstractAutowireCapableBeanFactory.doCreateBean(AbstractAutowireCapableBeanFactory.java:607) ~[spring-beans-6.2.17.jar!/:6.2.17]
2026-08-26T13:25:31.1904134+00:00 ContainerStream: 	at org.springframework.beans.factory.support.AbstractAutowireCapableBeanFactory.createBean(AbstractAutowireCapableBeanFactory.java:529) ~[spring-beans-6.2.17.jar!/:6.2.17]
2026-08-26T13:25:31.1904166+00:00 ContainerStream: 	at org.springframework.beans.factory.support.AbstractBeanFactory.lambda$doGetBean$0(AbstractBeanFactory.java:339) ~[spring-beans-6.2.17.jar!/:6.2.17]
2026-08-26T13:25:31.1904198+00:00 ContainerStream: 	at org.springframework.beans.factory.support.DefaultSingletonBeanRegistry.getSingleton(DefaultSingletonBeanRegistry.java:373) ~[spring-beans-6.2.17.jar!/:6.2.17]
2026-08-26T13:25:31.1904250+00:00 ContainerStream: 	at org.springframework.beans.factory.support.AbstractBeanFactory.doGetBean(AbstractBeanFactory.java:337) ~[spring-beans-6.2.17.jar!/:6.2.17]
2026-08-26T13:25:31.1904283+00:00 ContainerStream: 	at org.springframework.beans.factory.support.AbstractBeanFactory.getBean(AbstractBeanFactory.java:202) ~[spring-beans-6.2.17.jar!/:6.2.17]
2026-08-26T13:25:31.1904313+00:00 ContainerStream: 	at org.springframework.beans.factory.support.AbstractBeanFactory.doGetBean(AbstractBeanFactory.java:315) ~[spring-beans-6.2.17.jar!/:6.2.17]
2026-08-26T13:25:31.1904339+00:00 ContainerStream: 	... 17 common frames omitted
2026-08-26T13:25:31.1904367+00:00 ContainerStream: Caused by: org.flywaydb.core.internal.exception.FlywayMigrateException: Script V1__users_roles.sql failed
2026-08-26T13:25:31.1904393+00:00 ContainerStream: ---------------------------------
2026-08-26T13:25:31.1904559+00:00 ContainerStream: SQL State  : 0A000
2026-08-26T13:25:31.1904612+00:00 ContainerStream: Error Code : 0
2026-08-26T13:25:31.1904640+00:00 ContainerStream: Message    : ERROR: extension "pgcrypto" is not allow-listed for users in Azure Database for PostgreSQL
2026-08-26T13:25:31.1904673+00:00 ContainerStream:   Hint: to learn how to allow an extension or see the list of allowed extensions, please refer to https://go.microsoft.com/fwlink/?linkid=2301063
2026-08-26T13:25:31.1904703+00:00 ContainerStream: Location   : db/migration/V1__users_roles.sql (/app/nested:/app/app.jar/!BOOT-INF/classes/!/db/migration/V1__users_roles.sql)
2026-08-26T13:25:31.1904726+00:00 ContainerStream: Line       : 38
2026-08-26T13:25:31.1904753+00:00 ContainerStream: Statement  : Run Flyway with -X option to see the actual statement causing the problem
2026-08-26T13:25:31.1904800+00:00 ContainerStream: 
2026-08-26T13:25:31.1904829+00:00 ContainerStream: 	at org.flywaydb.core.internal.command.DbMigrate.doMigrateGroup(DbMigrate.java:399) ~[flyway-core-11.7.2.jar!/:na]
2026-08-26T13:25:31.1904859+00:00 ContainerStream: 	at org.flywaydb.core.internal.command.DbMigrate.lambda$applyMigrations$1(DbMigrate.java:283) ~[flyway-core-11.7.2.jar!/:na]
2026-08-26T13:25:31.1904890+00:00 ContainerStream: 	at org.flywaydb.core.internal.jdbc.TransactionalExecutionTemplate.execute(TransactionalExecutionTemplate.java:59) ~[flyway-core-11.7.2.jar!/:na]
2026-08-26T13:25:31.1904921+00:00 ContainerStream: 	at org.flywaydb.core.internal.command.DbMigrate.applyMigrations(DbMigrate.java:282) ~[flyway-core-11.7.2.jar!/:na]
2026-08-26T13:25:31.1904951+00:00 ContainerStream: 	at org.flywaydb.core.internal.command.DbMigrate.migrateGroup(DbMigrate.java:255) ~[flyway-core-11.7.2.jar!/:na]
2026-08-26T13:25:31.1905003+00:00 ContainerStream: 	at org.flywaydb.core.internal.command.DbMigrate.lambda$migrateAll$0(DbMigrate.java:153) ~[flyway-core-11.7.2.jar!/:na]
2026-08-26T13:25:31.1905036+00:00 ContainerStream: 	at org.flywaydb.database.postgresql.PostgreSQLAdvisoryLockTemplate.execute(PostgreSQLAdvisoryLockTemplate.java:77) ~[flyway-database-postgresql-11.7.2.jar!/:na]
2026-08-26T13:25:31.1905069+00:00 ContainerStream: 	at org.flywaydb.database.postgresql.PostgreSQLAdvisoryLockTemplate.lambda$execute$0(PostgreSQLAdvisoryLockTemplate.java:60) ~[flyway-database-postgresql-11.7.2.jar!/:na]
2026-08-26T13:25:31.1905100+00:00 ContainerStream: 	at org.flywaydb.core.internal.jdbc.TransactionalExecutionTemplate.execute(TransactionalExecutionTemplate.java:59) ~[flyway-core-11.7.2.jar!/:na]
2026-08-26T13:25:31.1905132+00:00 ContainerStream: 	at org.flywaydb.database.postgresql.PostgreSQLAdvisoryLockTemplate.execute(PostgreSQLAdvisoryLockTemplate.java:60) ~[flyway-database-postgresql-11.7.2.jar!/:na]
2026-08-26T13:25:31.1905189+00:00 ContainerStream: 	at org.flywaydb.database.postgresql.PostgreSQLConnection.lock(PostgreSQLConnection.java:105) ~[flyway-database-postgresql-11.7.2.jar!/:na]
2026-08-26T13:25:31.1905220+00:00 ContainerStream: 	at org.flywaydb.core.internal.schemahistory.JdbcTableSchemaHistory.lock(JdbcTableSchemaHistory.java:164) ~[flyway-core-11.7.2.jar!/:na]
2026-08-26T13:25:31.1905250+00:00 ContainerStream: 	at org.flywaydb.core.internal.command.DbMigrate.migrateAll(DbMigrate.java:153) ~[flyway-core-11.7.2.jar!/:na]
2026-08-26T13:25:31.1905280+00:00 ContainerStream: 	at org.flywaydb.core.internal.command.DbMigrate.migrate(DbMigrate.java:104) ~[flyway-core-11.7.2.jar!/:na]
2026-08-26T13:25:31.1905308+00:00 ContainerStream: 	at org.flywaydb.core.Flyway.lambda$migrate$1(Flyway.java:247) ~[flyway-core-11.7.2.jar!/:na]
2026-08-26T13:25:31.1905359+00:00 ContainerStream: 	at org.flywaydb.core.FlywayExecutor.execute(FlywayExecutor.java:210) ~[flyway-core-11.7.2.jar!/:na]
2026-08-26T13:25:31.1905448+00:00 ContainerStream: 	at org.flywaydb.core.Flyway.migrate(Flyway.java:188) ~[flyway-core-11.7.2.jar!/:na]
2026-08-26T13:25:31.1905486+00:00 ContainerStream: 	at org.springframework.boot.autoconfigure.flyway.FlywayMigrationInitializer.afterPropertiesSet(FlywayMigrationInitializer.java:66) ~[spring-boot-autoconfigure-3.5.13.jar!/:3.5.13]
2026-08-26T13:25:31.1905521+00:00 ContainerStream: 	at org.springframework.beans.factory.support.AbstractAutowireCapableBeanFactory.invokeInitMethods(AbstractAutowireCapableBeanFactory.java:1873) ~[spring-beans-6.2.17.jar!/:6.2.17]
2026-08-26T13:25:31.1905554+00:00 ContainerStream: 	at org.springframework.beans.factory.support.AbstractAutowireCapableBeanFactory.initializeBean(AbstractAutowireCapableBeanFactory.java:1822) ~[spring-beans-6.2.17.jar!/:6.2.17]
2026-08-26T13:25:31.1905602+00:00 ContainerStream: 	... 24 common frames omitted
2026-08-26T13:25:31.1905631+00:00 ContainerStream: Caused by: org.flywaydb.core.internal.sqlscript.FlywaySqlScriptException: Script V1__users_roles.sql failed
2026-08-26T13:25:31.1905825+00:00 ContainerStream: ---------------------------------
2026-08-26T13:25:31.1905852+00:00 ContainerStream: SQL State  : 0A000
2026-08-26T13:25:31.1905875+00:00 ContainerStream: Error Code : 0
2026-08-26T13:25:31.1905904+00:00 ContainerStream: Message    : ERROR: extension "pgcrypto" is not allow-listed for users in Azure Database for PostgreSQL
2026-08-26T13:25:31.1905936+00:00 ContainerStream:   Hint: to learn how to allow an extension or see the list of allowed extensions, please refer to https://go.microsoft.com/fwlink/?linkid=2301063
2026-08-26T13:25:31.1905990+00:00 ContainerStream: Location   : db/migration/V1__users_roles.sql (/app/nested:/app/app.jar/!BOOT-INF/classes/!/db/migration/V1__users_roles.sql)
2026-08-26T13:25:31.1906016+00:00 ContainerStream: Line       : 38
2026-08-26T13:25:31.1906046+00:00 ContainerStream: Statement  : Run Flyway with -X option to see the actual statement causing the problem
2026-08-26T13:25:31.1906223+00:00 ContainerStream: 
2026-08-26T13:25:31.1906254+00:00 ContainerStream: 	at org.flywaydb.core.internal.sqlscript.DefaultSqlScriptExecutor.handleException(DefaultSqlScriptExecutor.java:256) ~[flyway-core-11.7.2.jar!/:na]
2026-08-26T13:25:31.1906285+00:00 ContainerStream: 	at org.flywaydb.core.internal.sqlscript.DefaultSqlScriptExecutor.executeStatement(DefaultSqlScriptExecutor.java:217) ~[flyway-core-11.7.2.jar!/:na]
2026-08-26T13:25:31.1906338+00:00 ContainerStream: 	at org.flywaydb.core.internal.sqlscript.DefaultSqlScriptExecutor.execute(DefaultSqlScriptExecutor.java:137) ~[flyway-core-11.7.2.jar!/:na]
2026-08-26T13:25:31.1906368+00:00 ContainerStream: 	at org.flywaydb.core.internal.resolver.sql.SqlMigrationExecutor.executeOnce(SqlMigrationExecutor.java:75) ~[flyway-core-11.7.2.jar!/:na]
2026-08-26T13:25:31.1906402+00:00 ContainerStream: 	at org.flywaydb.core.internal.resolver.sql.SqlMigrationExecutor.lambda$execute$0(SqlMigrationExecutor.java:66) ~[flyway-core-11.7.2.jar!/:na]
2026-08-26T13:25:31.1906432+00:00 ContainerStream: 	at org.flywaydb.core.internal.database.DefaultExecutionStrategy.execute(DefaultExecutionStrategy.java:31) ~[flyway-core-11.7.2.jar!/:na]
2026-08-26T13:25:31.1906464+00:00 ContainerStream: 	at org.flywaydb.core.internal.resolver.sql.SqlMigrationExecutor.execute(SqlMigrationExecutor.java:65) ~[flyway-core-11.7.2.jar!/:na]
2026-08-26T13:25:31.1906514+00:00 ContainerStream: 	at org.flywaydb.core.internal.command.DbMigrate.doMigrateGroup(DbMigrate.java:391) ~[flyway-core-11.7.2.jar!/:na]
2026-08-26T13:25:31.1906538+00:00 ContainerStream: 	... 43 common frames omitted
2026-08-26T13:25:31.1906568+00:00 ContainerStream: Caused by: org.postgresql.util.PSQLException: ERROR: extension "pgcrypto" is not allow-listed for users in Azure Database for PostgreSQL
2026-08-26T13:25:31.1906600+00:00 ContainerStream:   Hint: to learn how to allow an extension or see the list of allowed extensions, please refer to https://go.microsoft.com/fwlink/?linkid=2301063
2026-08-26T13:25:31.1906630+00:00 ContainerStream: 	at org.postgresql.core.v3.QueryExecutorImpl.receiveErrorResponse(QueryExecutorImpl.java:2875) ~[postgresql-42.7.10.jar!/:42.7.10]
2026-08-26T13:25:31.1906660+00:00 ContainerStream: 	at org.postgresql.core.v3.QueryExecutorImpl.processResults(QueryExecutorImpl.java:2560) ~[postgresql-42.7.10.jar!/:42.7.10]
2026-08-26T13:25:31.1906709+00:00 ContainerStream: 	at org.postgresql.core.v3.QueryExecutorImpl.execute(QueryExecutorImpl.java:429) ~[postgresql-42.7.10.jar!/:42.7.10]
2026-08-26T13:25:31.1906740+00:00 ContainerStream: 	at org.postgresql.jdbc.PgStatement.executeInternal(PgStatement.java:526) ~[postgresql-42.7.10.jar!/:42.7.10]
2026-08-26T13:25:31.1906767+00:00 ContainerStream: 	at org.postgresql.jdbc.PgStatement.execute(PgStatement.java:436) ~[postgresql-42.7.10.jar!/:42.7.10]
2026-08-26T13:25:31.1906796+00:00 ContainerStream: 	at org.postgresql.jdbc.PgStatement.executeWithFlags(PgStatement.java:358) ~[postgresql-42.7.10.jar!/:42.7.10]
2026-08-26T13:25:31.1906824+00:00 ContainerStream: 	at org.postgresql.jdbc.PgStatement.executeCachedSql(PgStatement.java:343) ~[postgresql-42.7.10.jar!/:42.7.10]
2026-08-26T13:25:31.1906853+00:00 ContainerStream: 	at org.postgresql.jdbc.PgStatement.executeWithFlags(PgStatement.java:319) ~[postgresql-42.7.10.jar!/:42.7.10]
2026-08-26T13:25:31.1906900+00:00 ContainerStream: 	at org.postgresql.jdbc.PgStatement.execute(PgStatement.java:314) ~[postgresql-42.7.10.jar!/:42.7.10]
2026-08-26T13:25:31.1906930+00:00 ContainerStream: 	at com.zaxxer.hikari.pool.ProxyStatement.execute(ProxyStatement.java:95) ~[HikariCP-6.3.3.jar!/:na]
2026-08-26T13:25:31.1906960+00:00 ContainerStream: 	at com.zaxxer.hikari.pool.HikariProxyStatement.execute(HikariProxyStatement.java) ~[HikariCP-6.3.3.jar!/:na]
2026-08-26T13:25:31.1906989+00:00 ContainerStream: 	at org.flywaydb.core.internal.jdbc.JdbcTemplate.executeStatement(JdbcTemplate.java:215) ~[flyway-core-11.7.2.jar!/:na]
2026-08-26T13:25:31.1907059+00:00 ContainerStream: 	at org.flywaydb.core.internal.sqlscript.ParsedSqlStatement.execute(ParsedSqlStatement.java:88) ~[flyway-core-11.7.2.jar!/:na]
2026-08-26T13:25:31.1907112+00:00 ContainerStream: 	at org.flywaydb.core.internal.sqlscript.DefaultSqlScriptExecutor.executeStatement(DefaultSqlScriptExecutor.java:212) ~[flyway-core-11.7.2.jar!/:na]
2026-08-26T13:25:31.1907309+00:00 ContainerStream: 	... 49 common frames omitted
2026-08-26T13:25:31.1907333+00:00 ContainerStream: 
2026-08-26T13:25:31.4080658+00:00 ContainerStatus: Container has finished running with exit code: 1.
2026-08-26T13:25:31.4087777+00:00 ContainerStatus: Container is terminating. Grace period: 5 seconds.
2026-08-26T13:25:31.4194645+00:00 ContainerStatus: Stop and delete container. Retry count = 0
2026-08-26T13:25:31.4195982+00:00 ContainerStatus: Stopping container: 08b8e31ebf5a_scas-backend-2026-rvce.
2026-08-26T13:25:31.5049522+00:00 ContainerStatus: Deleting container: 08b8e31ebf5a_scas-backend-2026-rvce. Retry count = 0
2026-08-26T13:25:31.9535288+00:00 ContainerStatus: Container spec TerminationMessagePolicy  path 
2026-08-26T13:25:31.9600852+00:00 ContainerStatus: Container is terminated. Total time elapsed: 543 ms.
2026-08-26T13:25:31.9614725+00:00 ContainerStatus: Site container: scas-backend-2026-rvce terminated during site startup.
2026-08-26T13:25:31.9826278+00:00 ContainerStatus: State: Stopping, Action: CancellingStartup, LastError: ContainerStartupFailure, LastErrorTimestamp: 08/26/2026 13:20:29, LastErrorDetails: Container exited with exit code 1 during startup after 151.5s. Please inspect your container logs for more details., Details: Site container: scas-backend-2026-rvce terminated during site startup. Cancelling site startup., DetailsLevel: ERR
2026-08-26T13:25:32.0084939+00:00 ContainerStatus: Site startup probe failed after 78.4802644 seconds.
2026-08-26T13:25:32.2470619+00:00 ContainerStatus: State: Stopping, Action: CancellingStartup, LastError: ContainerStartupFailure, LastErrorTimestamp: 08/26/2026 13:25:32, LastErrorDetails: Container exited with exit code 1 during startup after 78.6s. Please inspect your container logs for more details., Details: Site container: scas-backend-2026-rvce terminated during site startup. Cancelling site startup., DetailsLevel: ERR
2026-08-26T13:25:32.2660079+00:00 ContainerStatus: Failed to start site. Revert by stopping site.
2026-08-26T13:25:32.2661390+00:00 ContainerStatus: State: Stopping, Action: StoppingSite, LastError: ContainerStartupFailure, LastErrorTimestamp: 08/26/2026 13:25:32, LastErrorDetails: Container exited with exit code 1 during startup after 78.6s. Please inspect your container logs for more details., Details: Site container: scas-backend-2026-rvce terminated during site startup. Cancelling site startup., DetailsLevel: ERR
2026-08-26T13:25:32.2663103+00:00 ContainerStatus: State: Stopping, Action: StoppingSiteContainers, LastError: ContainerStartupFailure, LastErrorTimestamp: 08/26/2026 13:25:32, LastErrorDetails: Container exited with exit code 1 during startup after 78.6s. Please inspect your container logs for more details., Details: Site container: scas-backend-2026-rvce terminated during site startup. Cancelling site startup., DetailsLevel: ERR
2026-08-26T13:25:32.8704941+00:00 ContainerStatus: Site container: scas-backend-2026-rvce_managedIdentity terminated during site startup.
2026-08-26T13:25:32.8711351+00:00 ContainerStatus: State: Stopping, Action: StoppingSiteContainers, LastError: ContainerStartupFailure, LastErrorTimestamp: 08/26/2026 13:25:32, LastErrorDetails: Container exited with exit code 1 during startup after 78.6s. Please inspect your container logs for more details., Details: Site container: scas-backend-2026-rvce terminated during site startup. Cancelling site startup., DetailsLevel: ERR
2026-08-26T13:25:32.8713703+00:00 ContainerStatus: Site: scas-backend-2026-rvce stopped.
========== New Cold Start Attempt (2026-08-26T13:26:53.3351939+00:00) ==========
2026-08-26T13:26:53.3351939+00:00 ContainerStatus: State: Starting, Action: EstablishingSiteNetworks, LastError: ContainerStartupFailure, LastErrorTimestamp: 08/26/2026 13:25:32, LastErrorDetails: Container exited with exit code 1 during startup after 78.6s. Please inspect your container logs for more details., Details: Site stopped at 08/26/2026 13:25:34 (UTC), DetailsLevel: ERR
2026-08-26T13:26:56.7637874+00:00 ContainerStatus: State: Starting, Action: StartingMsiContainer, LastError: ContainerStartupFailure, LastErrorTimestamp: 08/26/2026 13:25:32, LastErrorDetails: Container exited with exit code 1 during startup after 78.6s. Please inspect your container logs for more details., Details: Site stopped at 08/26/2026 13:25:34 (UTC), DetailsLevel: ERR
2026-08-26T13:27:16.9087017+00:00 ContainerStatus: State: Starting, Action: StartingSiteContainers, LastError: ContainerStartupFailure, LastErrorTimestamp: 08/26/2026 13:25:32, LastErrorDetails: Container exited with exit code 1 during startup after 78.6s. Please inspect your container logs for more details., Details: Site stopped at 08/26/2026 13:25:34 (UTC), DetailsLevel: ERR
2026-08-26T13:27:16.9087823+00:00 ContainerStatus: Container start method called.
2026-08-26T13:27:16.9088171+00:00 ContainerStatus: State: Starting, Action: PullingImage, LastError: ContainerStartupFailure, LastErrorTimestamp: 08/26/2026 13:25:32, LastErrorDetails: Container exited with exit code 1 during startup after 78.6s. Please inspect your container logs for more details., Details: Pulling image scasacr2026rvce.azurecr.io/scas-backend:demo-citext-fix-20260826132221 for scas-backend-2026-rvce., DetailsLevel: INFO
2026-08-26T13:27:16.9088676+00:00 ContainerStatus: Establishing network.
2026-08-26T13:27:16.9089435+00:00 ContainerStatus: Pulling image: scasacr2026rvce.azurecr.io/scas-backend:demo-citext-fix-20260826132221.
2026-08-26T13:27:21.3698960+00:00 ContainerStatus: Container is starting.
2026-08-26T13:27:21.3722611+00:00 ContainerStatus: State: Starting, Action: MountingVolumes, LastError: ContainerStartupFailure, LastErrorTimestamp: 08/26/2026 13:25:32, LastErrorDetails: Container exited with exit code 1 during startup after 78.6s. Please inspect your container logs for more details., Details: Mounting volumes for scas-backend-2026-rvce., DetailsLevel: INFO
2026-08-26T13:27:21.3724003+00:00 ContainerStatus: Establishing user namespace if not established already.
2026-08-26T13:27:21.3725291+00:00 ContainerStatus: Establishing network if not established already.
2026-08-26T13:27:21.3726432+00:00 ContainerStatus: Mounting volumes.
2026-08-26T13:27:21.3978649+00:00 ContainerStatus: Nested mountpoint volatile/logs
2026-08-26T13:27:21.4294374+00:00 ContainerStatus: Nested mountpoint 
2026-08-26T13:27:21.4300553+00:00 ContainerStatus: Nested mountpoint 
2026-08-26T13:27:21.6175936+00:00 ContainerStatus: State: Starting, Action: CreatingContainer, LastError: ContainerStartupFailure, LastErrorTimestamp: 08/26/2026 13:25:32, LastErrorDetails: Container exited with exit code 1 during startup after 78.6s. Please inspect your container logs for more details., Details: Finished pulling container image and mounting volumes for scas-backend-2026-rvce. Allocatinng the rest of the container resources to finish container creation., DetailsLevel: INFO
2026-08-26T13:27:21.6195682+00:00 ContainerStatus: Creating container.
2026-08-26T13:27:21.6196833+00:00 ContainerStatus: Creating pipes for streaming container io.
2026-08-26T13:27:21.6198611+00:00 ContainerStatus: Creating stdout named pipe at /podr/container/pipe/d1886b866542_scas-backend-2026-rvce/stdout_1dae2cbe12d744caa3bc1eb144d65044.
2026-08-26T13:27:21.6201867+00:00 ContainerStatus: Successfully created stdout named pipe at: /podr/container/pipe/d1886b866542_scas-backend-2026-rvce/stdout_1dae2cbe12d744caa3bc1eb144d65044.
2026-08-26T13:27:21.6202886+00:00 ContainerStatus: Opening named pipe /podr/container/pipe/d1886b866542_scas-backend-2026-rvce/stdout_1dae2cbe12d744caa3bc1eb144d65044 for reading in non-blocking mode.
2026-08-26T13:27:21.6204158+00:00 ContainerStatus: Successfully opened named pipe: /podr/container/pipe/d1886b866542_scas-backend-2026-rvce/stdout_1dae2cbe12d744caa3bc1eb144d65044.
2026-08-26T13:27:21.6758642+00:00 ContainerStatus: Successfully removed non-blocking flag from /podr/container/pipe/d1886b866542_scas-backend-2026-rvce/stdout_1dae2cbe12d744caa3bc1eb144d65044.
2026-08-26T13:27:21.6762552+00:00 ContainerStatus: Creating stderr named pipe at /podr/container/pipe/d1886b866542_scas-backend-2026-rvce/stderr_f454116c47424061ac317adf84ce9ad1.
2026-08-26T13:27:21.6765301+00:00 ContainerStatus: Successfully created stderr named pipe at: /podr/container/pipe/d1886b866542_scas-backend-2026-rvce/stderr_f454116c47424061ac317adf84ce9ad1.
2026-08-26T13:27:21.6958879+00:00 ContainerStatus: Opening named pipe /podr/container/pipe/d1886b866542_scas-backend-2026-rvce/stderr_f454116c47424061ac317adf84ce9ad1 for reading in non-blocking mode.
2026-08-26T13:27:21.6961730+00:00 ContainerStatus: Successfully opened named pipe: /podr/container/pipe/d1886b866542_scas-backend-2026-rvce/stderr_f454116c47424061ac317adf84ce9ad1.
2026-08-26T13:27:21.6980110+00:00 ContainerStatus: Successfully removed non-blocking flag from /podr/container/pipe/d1886b866542_scas-backend-2026-rvce/stderr_f454116c47424061ac317adf84ce9ad1.
2026-08-26T13:27:21.7319091+00:00 ContainerStatus: Creating container with image: scasacr2026rvce.azurecr.io/scas-backend:demo-citext-fix-20260826132221 from registry: scasacr2026rvce.azurecr.io and fully qualified image name: scasacr2026rvce.azurecr.io/scas-backend:demo-citext-fix-20260826132221
2026-08-26T13:27:23.7503021+00:00 ContainerStatus: Starting container: d1886b866542_scas-backend-2026-rvce.
2026-08-26T13:27:23.8944736+00:00 ContainerStatus: Starting watchers and probes.
2026-08-26T13:27:23.8947212+00:00 ContainerStatus: Starting metrics collection.
2026-08-26T13:27:23.8966880+00:00 ContainerStatus: Container is running.
2026-08-26T13:27:23.8967624+00:00 ContainerStatus: State: Starting, Action: CreatingContainer, LastError: ContainerStartupFailure, LastErrorTimestamp: 08/26/2026 13:25:32, LastErrorDetails: Container exited with exit code 1 during startup after 78.6s. Please inspect your container logs for more details., Details: Container scas-backend-2026-rvce successfully created and is running., DetailsLevel: INFO
2026-08-26T13:27:24.0434480+00:00 ContainerStatus: Container start method finished after 7134 ms.
2026-08-26T13:27:24.0638280+00:00 ContainerStatus: State: Starting, Action: InitiatingSiteWarmUpProbe, LastError: ContainerStartupFailure, LastErrorTimestamp: 08/26/2026 13:25:32, LastErrorDetails: Container exited with exit code 1 during startup after 78.6s. Please inspect your container logs for more details., Details: Container scas-backend-2026-rvce successfully created and is running., DetailsLevel: INFO
2026-08-26T13:27:24.0638888+00:00 ContainerStatus: State: Starting, Action: WaitingForSiteWarmUpProbeSuccess, LastError: ContainerStartupFailure, LastErrorTimestamp: 08/26/2026 13:25:32, LastErrorDetails: Container exited with exit code 1 during startup after 78.6s. Please inspect your container logs for more details., Details: Pinging warmup path to ensure container is ready to receive requests., DetailsLevel: INFO
2026-08-26T13:27:52.0600896+00:00 ContainerStream: 
2026-08-26T13:27:52.0681826+00:00 ContainerStream:   .   ____          _            __ _ _
2026-08-26T13:27:52.0681937+00:00 ContainerStream:  /\\ / ___'_ __ _ _(_)_ __  __ _ \ \ \ \
2026-08-26T13:27:52.0681969+00:00 ContainerStream: ( ( )\___ | '_ | '_| | '_ \/ _` | \ \ \ \
2026-08-26T13:27:52.0681993+00:00 ContainerStream:  \\/  ___)| |_)| | | | | || (_| |  ) ) ) )
2026-08-26T13:27:52.0682025+00:00 ContainerStream:   '  |____| .__|_| |_|_| |_\__, | / / / /
2026-08-26T13:27:52.0682088+00:00 ContainerStream:  =========|_|==============|___/=/_/_/_/
2026-08-26T13:27:52.0682113+00:00 ContainerStream: 
2026-08-26T13:27:52.0682139+00:00 ContainerStream:  :: Spring Boot ::               (v3.5.13)
2026-08-26T13:27:52.0791106+00:00 ContainerStream: 
2026-08-26T13:27:52.9633729+00:00 ContainerStream: 2026-08-26T13:27:52.933Z  INFO 1 --- [           main] com.rvce.scas.ScasApplication            : Starting ScasApplication v0.0.1-SNAPSHOT using Java 17.0.20 with PID 1 (/app/app.jar started by root in /app)
2026-08-26T13:27:52.9814914+00:00 ContainerStream: 2026-08-26T13:27:52.981Z  INFO 1 --- [           main] com.rvce.scas.ScasApplication            : The following 1 profile is active: "prod"
2026-08-26T13:28:16.4620208+00:00 ContainerStream: 2026-08-26T13:28:16.461Z  INFO 1 --- [           main] .s.d.r.c.RepositoryConfigurationDelegate : Multiple Spring Data modules found, entering strict repository configuration mode
2026-08-26T13:28:16.4884504+00:00 ContainerStream: 2026-08-26T13:28:16.482Z  INFO 1 --- [           main] .s.d.r.c.RepositoryConfigurationDelegate : Bootstrapping Spring Data JPA repositories in DEFAULT mode.
2026-08-26T13:28:20.6660944+00:00 ContainerStream: 2026-08-26T13:28:20.665Z  INFO 1 --- [           main] .s.d.r.c.RepositoryConfigurationDelegate : Finished Spring Data repository scanning in 4057 ms. Found 12 JPA repository interfaces.
2026-08-26T13:28:20.9163697+00:00 ContainerStream: 2026-08-26T13:28:20.915Z  INFO 1 --- [           main] .s.d.r.c.RepositoryConfigurationDelegate : Multiple Spring Data modules found, entering strict repository configuration mode
2026-08-26T13:28:20.9746219+00:00 ContainerStream: 2026-08-26T13:28:20.965Z  INFO 1 --- [           main] .s.d.r.c.RepositoryConfigurationDelegate : Bootstrapping Spring Data Redis repositories in DEFAULT mode.
2026-08-26T13:28:21.2230923+00:00 ContainerStream: 2026-08-26T13:28:21.222Z  INFO 1 --- [           main] .RepositoryConfigurationExtensionSupport : Spring Data Redis - Could not safely identify store assignment for repository candidate interface com.rvce.scas.repository.DepartmentRepository; If you want this repository to be a Redis repository, consider annotating your entities with one of these annotations: org.springframework.data.redis.core.RedisHash (preferred), or consider extending one of the following types with your repository: org.springframework.data.keyvalue.repository.KeyValueRepository
2026-08-26T13:28:21.2327030+00:00 ContainerStream: 2026-08-26T13:28:21.232Z  INFO 1 --- [           main] .RepositoryConfigurationExtensionSupport : Spring Data Redis - Could not safely identify store assignment for repository candidate interface com.rvce.scas.repository.ExamHallRepository; If you want this repository to be a Redis repository, consider annotating your entities with one of these annotations: org.springframework.data.redis.core.RedisHash (preferred), or consider extending one of the following types with your repository: org.springframework.data.keyvalue.repository.KeyValueRepository
2026-08-26T13:28:21.2594113+00:00 ContainerStream: 2026-08-26T13:28:21.258Z  INFO 1 --- [           main] .RepositoryConfigurationExtensionSupport : Spring Data Redis - Could not safely identify store assignment for repository candidate interface com.rvce.scas.repository.ExamSeatRepository; If you want this repository to be a Redis repository, consider annotating your entities with one of these annotations: org.springframework.data.redis.core.RedisHash (preferred), or consider extending one of the following types with your repository: org.springframework.data.keyvalue.repository.KeyValueRepository
2026-08-26T13:28:21.2612407+00:00 ContainerStream: 2026-08-26T13:28:21.259Z  INFO 1 --- [           main] .RepositoryConfigurationExtensionSupport : Spring Data Redis - Could not safely identify store assignment for repository candidate interface com.rvce.scas.repository.ExamSessionRepository; If you want this repository to be a Redis repository, consider annotating your entities with one of these annotations: org.springframework.data.redis.core.RedisHash (preferred), or consider extending one of the following types with your repository: org.springframework.data.keyvalue.repository.KeyValueRepository
2026-08-26T13:28:21.2796523+00:00 ContainerStream: 2026-08-26T13:28:21.278Z  INFO 1 --- [           main] .RepositoryConfigurationExtensionSupport : Spring Data Redis - Could not safely identify store assignment for repository candidate interface com.rvce.scas.repository.ExamStudentRepository; If you want this repository to be a Redis repository, consider annotating your entities with one of these annotations: org.springframework.data.redis.core.RedisHash (preferred), or consider extending one of the following types with your repository: org.springframework.data.keyvalue.repository.KeyValueRepository
2026-08-26T13:28:21.2894700+00:00 ContainerStream: 2026-08-26T13:28:21.289Z  INFO 1 --- [           main] .RepositoryConfigurationExtensionSupport : Spring Data Redis - Could not safely identify store assignment for repository candidate interface com.rvce.scas.repository.NotificationRepository; If you want this repository to be a Redis repository, consider annotating your entities with one of these annotations: org.springframework.data.redis.core.RedisHash (preferred), or consider extending one of the following types with your repository: org.springframework.data.keyvalue.repository.KeyValueRepository
2026-08-26T13:28:21.3062590+00:00 ContainerStream: 2026-08-26T13:28:21.305Z  INFO 1 --- [           main] .RepositoryConfigurationExtensionSupport : Spring Data Redis - Could not safely identify store assignment for repository candidate interface com.rvce.scas.repository.PasswordResetTokenRepository; If you want this repository to be a Redis repository, consider annotating your entities with one of these annotations: org.springframework.data.redis.core.RedisHash (preferred), or consider extending one of the following types with your repository: org.springframework.data.keyvalue.repository.KeyValueRepository
2026-08-26T13:28:21.3083875+00:00 ContainerStream: 2026-08-26T13:28:21.308Z  INFO 1 --- [           main] .RepositoryConfigurationExtensionSupport : Spring Data Redis - Could not safely identify store assignment for repository candidate interface com.rvce.scas.repository.RoleRepository; If you want this repository to be a Redis repository, consider annotating your entities with one of these annotations: org.springframework.data.redis.core.RedisHash (preferred), or consider extending one of the following types with your repository: org.springframework.data.keyvalue.repository.KeyValueRepository
2026-08-26T13:28:21.3165256+00:00 ContainerStream: 2026-08-26T13:28:21.316Z  INFO 1 --- [           main] .RepositoryConfigurationExtensionSupport : Spring Data Redis - Could not safely identify store assignment for repository candidate interface com.rvce.scas.repository.RoomRepository; If you want this repository to be a Redis repository, consider annotating your entities with one of these annotations: org.springframework.data.redis.core.RedisHash (preferred), or consider extending one of the following types with your repository: org.springframework.data.keyvalue.repository.KeyValueRepository
2026-08-26T13:28:21.3283654+00:00 ContainerStream: 2026-08-26T13:28:21.318Z  INFO 1 --- [           main] .RepositoryConfigurationExtensionSupport : Spring Data Redis - Could not safely identify store assignment for repository candidate interface com.rvce.scas.repository.TimetableSlotRepository; If you want this repository to be a Redis repository, consider annotating your entities with one of these annotations: org.springframework.data.redis.core.RedisHash (preferred), or consider extending one of the following types with your repository: org.springframework.data.keyvalue.repository.KeyValueRepository
2026-08-26T13:28:21.3436685+00:00 ContainerStream: 2026-08-26T13:28:21.343Z  INFO 1 --- [           main] .RepositoryConfigurationExtensionSupport : Spring Data Redis - Could not safely identify store assignment for repository candidate interface com.rvce.scas.repository.UserRepository; If you want this repository to be a Redis repository, consider annotating your entities with one of these annotations: org.springframework.data.redis.core.RedisHash (preferred), or consider extending one of the following types with your repository: org.springframework.data.keyvalue.repository.KeyValueRepository
2026-08-26T13:28:21.3625440+00:00 ContainerStream: 2026-08-26T13:28:21.355Z  INFO 1 --- [           main] .RepositoryConfigurationExtensionSupport : Spring Data Redis - Could not safely identify store assignment for repository candidate interface com.rvce.scas.repository.UserRoleRepository; If you want this repository to be a Redis repository, consider annotating your entities with one of these annotations: org.springframework.data.redis.core.RedisHash (preferred), or consider extending one of the following types with your repository: org.springframework.data.keyvalue.repository.KeyValueRepository
2026-08-26T13:28:21.3640346+00:00 ContainerStream: 2026-08-26T13:28:21.363Z  INFO 1 --- [           main] .s.d.r.c.RepositoryConfigurationDelegate : Finished Spring Data repository scanning in 243 ms. Found 0 Redis repository interfaces.
2026-08-26T13:28:31.4728271+00:00 ContainerStream: 2026-08-26T13:28:31.472Z  INFO 1 --- [           main] o.s.b.w.embedded.tomcat.TomcatWebServer  : Tomcat initialized with port 8080 (http)
2026-08-26T13:28:31.8771111+00:00 ContainerStream: 2026-08-26T13:28:31.876Z  INFO 1 --- [           main] o.apache.catalina.core.StandardService   : Starting service [Tomcat]
2026-08-26T13:28:31.8862363+00:00 ContainerStream: 2026-08-26T13:28:31.884Z  INFO 1 --- [           main] o.apache.catalina.core.StandardEngine    : Starting Servlet engine: [Apache Tomcat/10.1.53]
2026-08-26T13:28:33.3249473+00:00 ContainerStream: 2026-08-26T13:28:33.324Z  INFO 1 --- [           main] o.a.c.c.C.[Tomcat].[localhost].[/]       : Initializing Spring embedded WebApplicationContext
2026-08-26T13:28:33.3351296+00:00 ContainerStream: 2026-08-26T13:28:33.334Z  INFO 1 --- [           main] w.s.c.ServletWebServerApplicationContext : Root WebApplicationContext: initialization completed in 39823 ms
2026-08-26T13:29:00.6284958+00:00 ContainerStream: 2026-08-26T13:29:00.609Z  INFO 1 --- [           main] com.zaxxer.hikari.HikariDataSource       : HikariPool-1 - Starting...
2026-08-26T13:29:04.4468730+00:00 ContainerStream: 2026-08-26T13:29:04.430Z  INFO 1 --- [           main] com.zaxxer.hikari.pool.HikariPool        : HikariPool-1 - Added connection org.postgresql.jdbc.PgConnection@509e4902
2026-08-26T13:29:04.4752271+00:00 ContainerStream: 2026-08-26T13:29:04.466Z  INFO 1 --- [           main] com.zaxxer.hikari.HikariDataSource       : HikariPool-1 - Start completed.
2026-08-26T13:29:05.8099938+00:00 ContainerStream: 2026-08-26T13:29:05.808Z  INFO 1 --- [           main] org.flywaydb.core.FlywayExecutor         : Database: jdbc:postgresql://scas-postgres-k23.postgres.database.azure.com:5432/scasdb?sslmode=require (PostgreSQL 16.14)
2026-08-26T13:29:06.6484720+00:00 ContainerStream: 2026-08-26T13:29:06.647Z  INFO 1 --- [           main] o.f.core.internal.command.DbValidate     : Successfully validated 27 migrations (execution time 00:00.605s)
2026-08-26T13:29:06.9826799+00:00 ContainerStream: 2026-08-26T13:29:06.981Z  INFO 1 --- [           main] o.f.core.internal.command.DbMigrate      : Current version of schema "public": << Empty Schema >>
2026-08-26T13:29:07.4000907+00:00 ContainerStream: 2026-08-26T13:29:07.394Z  INFO 1 --- [           main] o.f.core.internal.command.DbMigrate      : Migrating schema "public" to version "1 - users roles"
2026-08-26T13:29:07.6161559+00:00 ContainerStream: 2026-08-26T13:29:07.534Z  WARN 1 --- [           main] com.zaxxer.hikari.pool.ProxyConnection   : HikariPool-1 - Connection org.postgresql.jdbc.PgConnection@24ac87a marked as broken because of SQLSTATE(0A000), ErrorCode(0)
2026-08-26T13:29:07.6162250+00:00 ContainerStream: 
2026-08-26T13:29:07.6162321+00:00 ContainerStream: org.postgresql.util.PSQLException: ERROR: extension "pgcrypto" is not allow-listed for users in Azure Database for PostgreSQL
2026-08-26T13:29:07.6162458+00:00 ContainerStream:   Hint: to learn how to allow an extension or see the list of allowed extensions, please refer to https://go.microsoft.com/fwlink/?linkid=2301063
2026-08-26T13:29:07.6162494+00:00 ContainerStream: 	at org.postgresql.core.v3.QueryExecutorImpl.receiveErrorResponse(QueryExecutorImpl.java:2875) ~[postgresql-42.7.10.jar!/:42.7.10]
2026-08-26T13:29:07.6162527+00:00 ContainerStream: 	at org.postgresql.core.v3.QueryExecutorImpl.processResults(QueryExecutorImpl.java:2560) ~[postgresql-42.7.10.jar!/:42.7.10]
2026-08-26T13:29:07.6162561+00:00 ContainerStream: 	at org.postgresql.core.v3.QueryExecutorImpl.execute(QueryExecutorImpl.java:429) ~[postgresql-42.7.10.jar!/:42.7.10]
2026-08-26T13:29:07.6162593+00:00 ContainerStream: 	at org.postgresql.jdbc.PgStatement.executeInternal(PgStatement.java:526) ~[postgresql-42.7.10.jar!/:42.7.10]
2026-08-26T13:29:07.6162649+00:00 ContainerStream: 	at org.postgresql.jdbc.PgStatement.execute(PgStatement.java:436) ~[postgresql-42.7.10.jar!/:42.7.10]
2026-08-26T13:29:07.6162696+00:00 ContainerStream: 	at org.postgresql.jdbc.PgStatement.executeWithFlags(PgStatement.java:358) ~[postgresql-42.7.10.jar!/:42.7.10]
2026-08-26T13:29:07.6162728+00:00 ContainerStream: 	at org.postgresql.jdbc.PgStatement.executeCachedSql(PgStatement.java:343) ~[postgresql-42.7.10.jar!/:42.7.10]
2026-08-26T13:29:07.6162759+00:00 ContainerStream: 	at org.postgresql.jdbc.PgStatement.executeWithFlags(PgStatement.java:319) ~[postgresql-42.7.10.jar!/:42.7.10]
2026-08-26T13:29:07.6162789+00:00 ContainerStream: 	at org.postgresql.jdbc.PgStatement.execute(PgStatement.java:314) ~[postgresql-42.7.10.jar!/:42.7.10]
2026-08-26T13:29:07.6162820+00:00 ContainerStream: 	at com.zaxxer.hikari.pool.ProxyStatement.execute(ProxyStatement.java:95) ~[HikariCP-6.3.3.jar!/:na]
2026-08-26T13:29:07.6162876+00:00 ContainerStream: 	at com.zaxxer.hikari.pool.HikariProxyStatement.execute(HikariProxyStatement.java) ~[HikariCP-6.3.3.jar!/:na]
2026-08-26T13:29:07.6162908+00:00 ContainerStream: 	at org.flywaydb.core.internal.jdbc.JdbcTemplate.executeStatement(JdbcTemplate.java:215) ~[flyway-core-11.7.2.jar!/:na]
2026-08-26T13:29:07.6162940+00:00 ContainerStream: 	at org.flywaydb.core.internal.sqlscript.ParsedSqlStatement.execute(ParsedSqlStatement.java:88) ~[flyway-core-11.7.2.jar!/:na]
2026-08-26T13:29:07.6162980+00:00 ContainerStream: 	at org.flywaydb.core.internal.sqlscript.DefaultSqlScriptExecutor.executeStatement(DefaultSqlScriptExecutor.java:212) ~[flyway-core-11.7.2.jar!/:na]
2026-08-26T13:29:07.6163046+00:00 ContainerStream: 	at org.flywaydb.core.internal.sqlscript.DefaultSqlScriptExecutor.execute(DefaultSqlScriptExecutor.java:137) ~[flyway-core-11.7.2.jar!/:na]
2026-08-26T13:29:07.6163080+00:00 ContainerStream: 	at org.flywaydb.core.internal.resolver.sql.SqlMigrationExecutor.executeOnce(SqlMigrationExecutor.java:75) ~[flyway-core-11.7.2.jar!/:na]
2026-08-26T13:29:07.6163114+00:00 ContainerStream: 	at org.flywaydb.core.internal.resolver.sql.SqlMigrationExecutor.lambda$execute$0(SqlMigrationExecutor.java:66) ~[flyway-core-11.7.2.jar!/:na]
2026-08-26T13:29:07.6163146+00:00 ContainerStream: 	at org.flywaydb.core.internal.database.DefaultExecutionStrategy.execute(DefaultExecutionStrategy.java:31) ~[flyway-core-11.7.2.jar!/:na]
2026-08-26T13:29:07.6163342+00:00 ContainerStream: 	at org.flywaydb.core.internal.resolver.sql.SqlMigrationExecutor.execute(SqlMigrationExecutor.java:65) ~[flyway-core-11.7.2.jar!/:na]
2026-08-26T13:29:07.6163391+00:00 ContainerStream: 	at org.flywaydb.core.internal.command.DbMigrate.doMigrateGroup(DbMigrate.java:391) ~[flyway-core-11.7.2.jar!/:na]
2026-08-26T13:29:07.6163423+00:00 ContainerStream: 	at org.flywaydb.core.internal.command.DbMigrate.lambda$applyMigrations$1(DbMigrate.java:283) ~[flyway-core-11.7.2.jar!/:na]
2026-08-26T13:29:07.6163456+00:00 ContainerStream: 	at org.flywaydb.core.internal.jdbc.TransactionalExecutionTemplate.execute(TransactionalExecutionTemplate.java:59) ~[flyway-core-11.7.2.jar!/:na]
2026-08-26T13:29:07.6163487+00:00 ContainerStream: 	at org.flywaydb.core.internal.command.DbMigrate.applyMigrations(DbMigrate.java:282) ~[flyway-core-11.7.2.jar!/:na]
2026-08-26T13:29:07.6163517+00:00 ContainerStream: 	at org.flywaydb.core.internal.command.DbMigrate.migrateGroup(DbMigrate.java:255) ~[flyway-core-11.7.2.jar!/:na]
2026-08-26T13:29:07.6163548+00:00 ContainerStream: 	at org.flywaydb.core.internal.command.DbMigrate.lambda$migrateAll$0(DbMigrate.java:153) ~[flyway-core-11.7.2.jar!/:na]
2026-08-26T13:29:07.6163603+00:00 ContainerStream: 	at org.flywaydb.database.postgresql.PostgreSQLAdvisoryLockTemplate.execute(PostgreSQLAdvisoryLockTemplate.java:77) ~[flyway-database-postgresql-11.7.2.jar!/:na]
2026-08-26T13:29:07.6163639+00:00 ContainerStream: 	at org.flywaydb.database.postgresql.PostgreSQLAdvisoryLockTemplate.lambda$execute$0(PostgreSQLAdvisoryLockTemplate.java:60) ~[flyway-database-postgresql-11.7.2.jar!/:na]
2026-08-26T13:29:07.6163732+00:00 ContainerStream: 	at org.flywaydb.core.internal.jdbc.TransactionalExecutionTemplate.execute(TransactionalExecutionTemplate.java:59) ~[flyway-core-11.7.2.jar!/:na]
2026-08-26T13:29:07.6164322+00:00 ContainerStream: 	at org.flywaydb.database.postgresql.PostgreSQLAdvisoryLockTemplate.execute(PostgreSQLAdvisoryLockTemplate.java:60) ~[flyway-database-postgresql-11.7.2.jar!/:na]
2026-08-26T13:29:07.6164391+00:00 ContainerStream: 	at org.flywaydb.database.postgresql.PostgreSQLConnection.lock(PostgreSQLConnection.java:105) ~[flyway-database-postgresql-11.7.2.jar!/:na]
2026-08-26T13:29:07.6164425+00:00 ContainerStream: 	at org.flywaydb.core.internal.schemahistory.JdbcTableSchemaHistory.lock(JdbcTableSchemaHistory.java:164) ~[flyway-core-11.7.2.jar!/:na]
2026-08-26T13:29:07.6164457+00:00 ContainerStream: 	at org.flywaydb.core.internal.command.DbMigrate.migrateAll(DbMigrate.java:153) ~[flyway-core-11.7.2.jar!/:na]
2026-08-26T13:29:07.6164488+00:00 ContainerStream: 	at org.flywaydb.core.internal.command.DbMigrate.migrate(DbMigrate.java:104) ~[flyway-core-11.7.2.jar!/:na]
2026-08-26T13:29:07.6164518+00:00 ContainerStream: 	at org.flywaydb.core.Flyway.lambda$migrate$1(Flyway.java:247) ~[flyway-core-11.7.2.jar!/:na]
2026-08-26T13:29:07.6164571+00:00 ContainerStream: 	at org.flywaydb.core.FlywayExecutor.execute(FlywayExecutor.java:210) ~[flyway-core-11.7.2.jar!/:na]
2026-08-26T13:29:07.6164602+00:00 ContainerStream: 	at org.flywaydb.core.Flyway.migrate(Flyway.java:188) ~[flyway-core-11.7.2.jar!/:na]
2026-08-26T13:29:07.6164637+00:00 ContainerStream: 	at org.springframework.boot.autoconfigure.flyway.FlywayMigrationInitializer.afterPropertiesSet(FlywayMigrationInitializer.java:66) ~[spring-boot-autoconfigure-3.5.13.jar!/:3.5.13]
2026-08-26T13:29:07.6164675+00:00 ContainerStream: 	at org.springframework.beans.factory.support.AbstractAutowireCapableBeanFactory.invokeInitMethods(AbstractAutowireCapableBeanFactory.java:1873) ~[spring-beans-6.2.17.jar!/:6.2.17]
2026-08-26T13:29:07.6164710+00:00 ContainerStream: 	at org.springframework.beans.factory.support.AbstractAutowireCapableBeanFactory.initializeBean(AbstractAutowireCapableBeanFactory.java:1822) ~[spring-beans-6.2.17.jar!/:6.2.17]
2026-08-26T13:29:07.6164766+00:00 ContainerStream: 	at org.springframework.beans.factory.support.AbstractAutowireCapableBeanFactory.doCreateBean(AbstractAutowireCapableBeanFactory.java:607) ~[spring-beans-6.2.17.jar!/:6.2.17]
2026-08-26T13:29:07.6164801+00:00 ContainerStream: 	at org.springframework.beans.factory.support.AbstractAutowireCapableBeanFactory.createBean(AbstractAutowireCapableBeanFactory.java:529) ~[spring-beans-6.2.17.jar!/:6.2.17]
2026-08-26T13:29:07.6164835+00:00 ContainerStream: 	at org.springframework.beans.factory.support.AbstractBeanFactory.lambda$doGetBean$0(AbstractBeanFactory.java:339) ~[spring-beans-6.2.17.jar!/:6.2.17]
2026-08-26T13:29:07.6164870+00:00 ContainerStream: 	at org.springframework.beans.factory.support.DefaultSingletonBeanRegistry.getSingleton(DefaultSingletonBeanRegistry.java:373) ~[spring-beans-6.2.17.jar!/:6.2.17]
2026-08-26T13:29:07.6164903+00:00 ContainerStream: 	at org.springframework.beans.factory.support.AbstractBeanFactory.doGetBean(AbstractBeanFactory.java:337) ~[spring-beans-6.2.17.jar!/:6.2.17]
2026-08-26T13:29:07.6164958+00:00 ContainerStream: 	at org.springframework.beans.factory.support.AbstractBeanFactory.getBean(AbstractBeanFactory.java:202) ~[spring-beans-6.2.17.jar!/:6.2.17]
2026-08-26T13:29:07.6164992+00:00 ContainerStream: 	at org.springframework.beans.factory.support.AbstractBeanFactory.doGetBean(AbstractBeanFactory.java:315) ~[spring-beans-6.2.17.jar!/:6.2.17]
2026-08-26T13:29:07.6165025+00:00 ContainerStream: 	at org.springframework.beans.factory.support.AbstractBeanFactory.getBean(AbstractBeanFactory.java:207) ~[spring-beans-6.2.17.jar!/:6.2.17]
2026-08-26T13:29:07.6165060+00:00 ContainerStream: 	at org.springframework.context.support.AbstractApplicationContext.finishBeanFactoryInitialization(AbstractApplicationContext.java:974) ~[spring-context-6.2.17.jar!/:6.2.17]
2026-08-26T13:29:07.6165094+00:00 ContainerStream: 	at org.springframework.context.support.AbstractApplicationContext.refresh(AbstractApplicationContext.java:628) ~[spring-context-6.2.17.jar!/:6.2.17]
2026-08-26T13:29:07.6165152+00:00 ContainerStream: 	at org.springframework.boot.web.servlet.context.ServletWebServerApplicationContext.refresh(ServletWebServerApplicationContext.java:146) ~[spring-boot-3.5.13.jar!/:3.5.13]
2026-08-26T13:29:07.6165184+00:00 ContainerStream: 	at org.springframework.boot.SpringApplication.refresh(SpringApplication.java:752) ~[spring-boot-3.5.13.jar!/:3.5.13]
2026-08-26T13:29:07.6165216+00:00 ContainerStream: 	at org.springframework.boot.SpringApplication.refreshContext(SpringApplication.java:439) ~[spring-boot-3.5.13.jar!/:3.5.13]
2026-08-26T13:29:07.6165248+00:00 ContainerStream: 	at org.springframework.boot.SpringApplication.run(SpringApplication.java:318) ~[spring-boot-3.5.13.jar!/:3.5.13]
2026-08-26T13:29:07.6165281+00:00 ContainerStream: 	at org.springframework.boot.SpringApplication.run(SpringApplication.java:1361) ~[spring-boot-3.5.13.jar!/:3.5.13]
2026-08-26T13:29:07.6165331+00:00 ContainerStream: 	at org.springframework.boot.SpringApplication.run(SpringApplication.java:1350) ~[spring-boot-3.5.13.jar!/:3.5.13]
2026-08-26T13:29:07.6165361+00:00 ContainerStream: 	at com.rvce.scas.ScasApplication.main(ScasApplication.java:20) ~[!/:0.0.1-SNAPSHOT]
2026-08-26T13:29:07.6165392+00:00 ContainerStream: 	at java.base/jdk.internal.reflect.NativeMethodAccessorImpl.invoke0(Native Method) ~[na:na]
2026-08-26T13:29:07.6165422+00:00 ContainerStream: 	at java.base/jdk.internal.reflect.NativeMethodAccessorImpl.invoke(Unknown Source) ~[na:na]
2026-08-26T13:29:07.6165452+00:00 ContainerStream: 	at java.base/jdk.internal.reflect.DelegatingMethodAccessorImpl.invoke(Unknown Source) ~[na:na]
2026-08-26T13:29:07.6165531+00:00 ContainerStream: 	at java.base/java.lang.reflect.Method.invoke(Unknown Source) ~[na:na]
2026-08-26T13:29:07.6165591+00:00 ContainerStream: 	at org.springframework.boot.loader.launch.Launcher.launch(Launcher.java:106) ~[app.jar:0.0.1-SNAPSHOT]
2026-08-26T13:29:07.6165629+00:00 ContainerStream: 	at org.springframework.boot.loader.launch.Launcher.launch(Launcher.java:64) ~[app.jar:0.0.1-SNAPSHOT]
2026-08-26T13:29:07.6165660+00:00 ContainerStream: 	at org.springframework.boot.loader.launch.JarLauncher.main(JarLauncher.java:40) ~[app.jar:0.0.1-SNAPSHOT]
2026-08-26T13:29:07.6165707+00:00 ContainerStream: 
2026-08-26T13:29:07.7377099+00:00 ContainerStream: 2026-08-26T13:29:07.730Z ERROR 1 --- [           main] o.f.c.i.j.TransactionalExecutionTemplate : Unable to rollback transaction
2026-08-26T13:29:07.7378195+00:00 ContainerStream: 
2026-08-26T13:29:07.7378266+00:00 ContainerStream: java.sql.SQLException: Connection is closed
2026-08-26T13:29:07.7378304+00:00 ContainerStream: 	at com.zaxxer.hikari.pool.ProxyConnection$ClosedConnection.lambda$getClosedConnection$0(ProxyConnection.java:562) ~[HikariCP-6.3.3.jar!/:na]
2026-08-26T13:29:07.7378335+00:00 ContainerStream: 	at jdk.proxy3/jdk.proxy3.$Proxy119.rollback(Unknown Source) ~[na:na]
2026-08-26T13:29:07.7378469+00:00 ContainerStream: 	at com.zaxxer.hikari.pool.ProxyConnection.rollback(ProxyConnection.java:386) ~[HikariCP-6.3.3.jar!/:na]
2026-08-26T13:29:07.7378504+00:00 ContainerStream: 	at com.zaxxer.hikari.pool.HikariProxyConnection.rollback(HikariProxyConnection.java) ~[HikariCP-6.3.3.jar!/:na]
2026-08-26T13:29:07.7378539+00:00 ContainerStream: 	at org.flywaydb.core.internal.jdbc.TransactionalExecutionTemplate.execute(TransactionalExecutionTemplate.java:75) ~[flyway-core-11.7.2.jar!/:na]
2026-08-26T13:29:07.7378572+00:00 ContainerStream: 	at org.flywaydb.core.internal.command.DbMigrate.applyMigrations(DbMigrate.java:282) ~[flyway-core-11.7.2.jar!/:na]
2026-08-26T13:29:07.7378604+00:00 ContainerStream: 	at org.flywaydb.core.internal.command.DbMigrate.migrateGroup(DbMigrate.java:255) ~[flyway-core-11.7.2.jar!/:na]
2026-08-26T13:29:07.7378636+00:00 ContainerStream: 	at org.flywaydb.core.internal.command.DbMigrate.lambda$migrateAll$0(DbMigrate.java:153) ~[flyway-core-11.7.2.jar!/:na]
2026-08-26T13:29:07.7378698+00:00 ContainerStream: 	at org.flywaydb.database.postgresql.PostgreSQLAdvisoryLockTemplate.execute(PostgreSQLAdvisoryLockTemplate.java:77) ~[flyway-database-postgresql-11.7.2.jar!/:na]
2026-08-26T13:29:07.7378735+00:00 ContainerStream: 	at org.flywaydb.database.postgresql.PostgreSQLAdvisoryLockTemplate.lambda$execute$0(PostgreSQLAdvisoryLockTemplate.java:60) ~[flyway-database-postgresql-11.7.2.jar!/:na]
2026-08-26T13:29:07.7378770+00:00 ContainerStream: 	at org.flywaydb.core.internal.jdbc.TransactionalExecutionTemplate.execute(TransactionalExecutionTemplate.java:59) ~[flyway-core-11.7.2.jar!/:na]
2026-08-26T13:29:07.7378805+00:00 ContainerStream: 	at org.flywaydb.database.postgresql.PostgreSQLAdvisoryLockTemplate.execute(PostgreSQLAdvisoryLockTemplate.java:60) ~[flyway-database-postgresql-11.7.2.jar!/:na]
2026-08-26T13:29:07.7378840+00:00 ContainerStream: 	at org.flywaydb.database.postgresql.PostgreSQLConnection.lock(PostgreSQLConnection.java:105) ~[flyway-database-postgresql-11.7.2.jar!/:na]
2026-08-26T13:29:07.7378891+00:00 ContainerStream: 	at org.flywaydb.core.internal.schemahistory.JdbcTableSchemaHistory.lock(JdbcTableSchemaHistory.java:164) ~[flyway-core-11.7.2.jar!/:na]
2026-08-26T13:29:07.7378926+00:00 ContainerStream: 	at org.flywaydb.core.internal.command.DbMigrate.migrateAll(DbMigrate.java:153) ~[flyway-core-11.7.2.jar!/:na]
2026-08-26T13:29:07.7378957+00:00 ContainerStream: 	at org.flywaydb.core.internal.command.DbMigrate.migrate(DbMigrate.java:104) ~[flyway-core-11.7.2.jar!/:na]
2026-08-26T13:29:07.7378987+00:00 ContainerStream: 	at org.flywaydb.core.Flyway.lambda$migrate$1(Flyway.java:247) ~[flyway-core-11.7.2.jar!/:na]
2026-08-26T13:29:07.7379018+00:00 ContainerStream: 	at org.flywaydb.core.FlywayExecutor.execute(FlywayExecutor.java:210) ~[flyway-core-11.7.2.jar!/:na]
2026-08-26T13:29:07.7379069+00:00 ContainerStream: 	at org.flywaydb.core.Flyway.migrate(Flyway.java:188) ~[flyway-core-11.7.2.jar!/:na]
2026-08-26T13:29:07.7379106+00:00 ContainerStream: 	at org.springframework.boot.autoconfigure.flyway.FlywayMigrationInitializer.afterPropertiesSet(FlywayMigrationInitializer.java:66) ~[spring-boot-autoconfigure-3.5.13.jar!/:3.5.13]
2026-08-26T13:29:07.7379144+00:00 ContainerStream: 	at org.springframework.beans.factory.support.AbstractAutowireCapableBeanFactory.invokeInitMethods(AbstractAutowireCapableBeanFactory.java:1873) ~[spring-beans-6.2.17.jar!/:6.2.17]
2026-08-26T13:29:07.7379179+00:00 ContainerStream: 	at org.springframework.beans.factory.support.AbstractAutowireCapableBeanFactory.initializeBean(AbstractAutowireCapableBeanFactory.java:1822) ~[spring-beans-6.2.17.jar!/:6.2.17]
2026-08-26T13:29:07.7379215+00:00 ContainerStream: 	at org.springframework.beans.factory.support.AbstractAutowireCapableBeanFactory.doCreateBean(AbstractAutowireCapableBeanFactory.java:607) ~[spring-beans-6.2.17.jar!/:6.2.17]
2026-08-26T13:29:07.7379269+00:00 ContainerStream: 	at org.springframework.beans.factory.support.AbstractAutowireCapableBeanFactory.createBean(AbstractAutowireCapableBeanFactory.java:529) ~[spring-beans-6.2.17.jar!/:6.2.17]
2026-08-26T13:29:07.7379303+00:00 ContainerStream: 	at org.springframework.beans.factory.support.AbstractBeanFactory.lambda$doGetBean$0(AbstractBeanFactory.java:339) ~[spring-beans-6.2.17.jar!/:6.2.17]
2026-08-26T13:29:07.7379337+00:00 ContainerStream: 	at org.springframework.beans.factory.support.DefaultSingletonBeanRegistry.getSingleton(DefaultSingletonBeanRegistry.java:373) ~[spring-beans-6.2.17.jar!/:6.2.17]
2026-08-26T13:29:07.7379371+00:00 ContainerStream: 	at org.springframework.beans.factory.support.AbstractBeanFactory.doGetBean(AbstractBeanFactory.java:337) ~[spring-beans-6.2.17.jar!/:6.2.17]
2026-08-26T13:29:07.7379405+00:00 ContainerStream: 	at org.springframework.beans.factory.support.AbstractBeanFactory.getBean(AbstractBeanFactory.java:202) ~[spring-beans-6.2.17.jar!/:6.2.17]
2026-08-26T13:29:07.7380717+00:00 ContainerStream: 	at org.springframework.beans.factory.support.AbstractBeanFactory.doGetBean(AbstractBeanFactory.java:315) ~[spring-beans-6.2.17.jar!/:6.2.17]
2026-08-26T13:29:07.7380835+00:00 ContainerStream: 	at org.springframework.beans.factory.support.AbstractBeanFactory.getBean(AbstractBeanFactory.java:207) ~[spring-beans-6.2.17.jar!/:6.2.17]
2026-08-26T13:29:07.7380872+00:00 ContainerStream: 	at org.springframework.context.support.AbstractApplicationContext.finishBeanFactoryInitialization(AbstractApplicationContext.java:974) ~[spring-context-6.2.17.jar!/:6.2.17]
2026-08-26T13:29:07.7380906+00:00 ContainerStream: 	at org.springframework.context.support.AbstractApplicationContext.refresh(AbstractApplicationContext.java:628) ~[spring-context-6.2.17.jar!/:6.2.17]
2026-08-26T13:29:07.7380942+00:00 ContainerStream: 	at org.springframework.boot.web.servlet.context.ServletWebServerApplicationContext.refresh(ServletWebServerApplicationContext.java:146) ~[spring-boot-3.5.13.jar!/:3.5.13]
2026-08-26T13:29:07.7381005+00:00 ContainerStream: 	at org.springframework.boot.SpringApplication.refresh(SpringApplication.java:752) ~[spring-boot-3.5.13.jar!/:3.5.13]
2026-08-26T13:29:07.7381040+00:00 ContainerStream: 	at org.springframework.boot.SpringApplication.refreshContext(SpringApplication.java:439) ~[spring-boot-3.5.13.jar!/:3.5.13]
2026-08-26T13:29:07.7381072+00:00 ContainerStream: 	at org.springframework.boot.SpringApplication.run(SpringApplication.java:318) ~[spring-boot-3.5.13.jar!/:3.5.13]
2026-08-26T13:29:07.7381104+00:00 ContainerStream: 	at org.springframework.boot.SpringApplication.run(SpringApplication.java:1361) ~[spring-boot-3.5.13.jar!/:3.5.13]
2026-08-26T13:29:07.7381135+00:00 ContainerStream: 	at org.springframework.boot.SpringApplication.run(SpringApplication.java:1350) ~[spring-boot-3.5.13.jar!/:3.5.13]
2026-08-26T13:29:07.7381185+00:00 ContainerStream: 	at com.rvce.scas.ScasApplication.main(ScasApplication.java:20) ~[!/:0.0.1-SNAPSHOT]
2026-08-26T13:29:07.7381216+00:00 ContainerStream: 	at java.base/jdk.internal.reflect.NativeMethodAccessorImpl.invoke0(Native Method) ~[na:na]
2026-08-26T13:29:07.7381246+00:00 ContainerStream: 	at java.base/jdk.internal.reflect.NativeMethodAccessorImpl.invoke(Unknown Source) ~[na:na]
2026-08-26T13:29:07.7381276+00:00 ContainerStream: 	at java.base/jdk.internal.reflect.DelegatingMethodAccessorImpl.invoke(Unknown Source) ~[na:na]
2026-08-26T13:29:07.7381306+00:00 ContainerStream: 	at java.base/java.lang.reflect.Method.invoke(Unknown Source) ~[na:na]
2026-08-26T13:29:07.7381338+00:00 ContainerStream: 	at org.springframework.boot.loader.launch.Launcher.launch(Launcher.java:106) ~[app.jar:0.0.1-SNAPSHOT]
2026-08-26T13:29:07.7381392+00:00 ContainerStream: 	at org.springframework.boot.loader.launch.Launcher.launch(Launcher.java:64) ~[app.jar:0.0.1-SNAPSHOT]
2026-08-26T13:29:07.7381425+00:00 ContainerStream: 	at org.springframework.boot.loader.launch.JarLauncher.main(JarLauncher.java:40) ~[app.jar:0.0.1-SNAPSHOT]
2026-08-26T13:29:07.7381451+00:00 ContainerStream: 
2026-08-26T13:29:07.7492699+00:00 ContainerStream: 2026-08-26T13:29:07.745Z ERROR 1 --- [           main] o.f.c.i.j.TransactionalExecutionTemplate : Unable to restore autocommit to original value for connection
2026-08-26T13:29:07.7492929+00:00 ContainerStream: 
2026-08-26T13:29:07.7492979+00:00 ContainerStream: java.sql.SQLException: Connection is closed
2026-08-26T13:29:07.7493020+00:00 ContainerStream: 	at com.zaxxer.hikari.pool.ProxyConnection$ClosedConnection.lambda$getClosedConnection$0(ProxyConnection.java:562) ~[HikariCP-6.3.3.jar!/:na]
2026-08-26T13:29:07.7493088+00:00 ContainerStream: 	at jdk.proxy3/jdk.proxy3.$Proxy119.setAutoCommit(Unknown Source) ~[na:na]
2026-08-26T13:29:07.7493121+00:00 ContainerStream: 	at com.zaxxer.hikari.pool.ProxyConnection.setAutoCommit(ProxyConnection.java:412) ~[HikariCP-6.3.3.jar!/:na]
2026-08-26T13:29:07.7493153+00:00 ContainerStream: 	at com.zaxxer.hikari.pool.HikariProxyConnection.setAutoCommit(HikariProxyConnection.java) ~[HikariCP-6.3.3.jar!/:na]
2026-08-26T13:29:07.7493186+00:00 ContainerStream: 	at org.flywaydb.core.internal.jdbc.TransactionalExecutionTemplate.execute(TransactionalExecutionTemplate.java:90) ~[flyway-core-11.7.2.jar!/:na]
2026-08-26T13:29:07.7493218+00:00 ContainerStream: 	at org.flywaydb.core.internal.command.DbMigrate.applyMigrations(DbMigrate.java:282) ~[flyway-core-11.7.2.jar!/:na]
2026-08-26T13:29:07.7493270+00:00 ContainerStream: 	at org.flywaydb.core.internal.command.DbMigrate.migrateGroup(DbMigrate.java:255) ~[flyway-core-11.7.2.jar!/:na]
2026-08-26T13:29:07.7493303+00:00 ContainerStream: 	at org.flywaydb.core.internal.command.DbMigrate.lambda$migrateAll$0(DbMigrate.java:153) ~[flyway-core-11.7.2.jar!/:na]
2026-08-26T13:29:07.7493340+00:00 ContainerStream: 	at org.flywaydb.database.postgresql.PostgreSQLAdvisoryLockTemplate.execute(PostgreSQLAdvisoryLockTemplate.java:77) ~[flyway-database-postgresql-11.7.2.jar!/:na]
2026-08-26T13:29:07.7493376+00:00 ContainerStream: 	at org.flywaydb.database.postgresql.PostgreSQLAdvisoryLockTemplate.lambda$execute$0(PostgreSQLAdvisoryLockTemplate.java:60) ~[flyway-database-postgresql-11.7.2.jar!/:na]
2026-08-26T13:29:07.7493410+00:00 ContainerStream: 	at org.flywaydb.core.internal.jdbc.TransactionalExecutionTemplate.execute(TransactionalExecutionTemplate.java:59) ~[flyway-core-11.7.2.jar!/:na]
2026-08-26T13:29:07.7493462+00:00 ContainerStream: 	at org.flywaydb.database.postgresql.PostgreSQLAdvisoryLockTemplate.execute(PostgreSQLAdvisoryLockTemplate.java:60) ~[flyway-database-postgresql-11.7.2.jar!/:na]
2026-08-26T13:29:07.7493497+00:00 ContainerStream: 	at org.flywaydb.database.postgresql.PostgreSQLConnection.lock(PostgreSQLConnection.java:105) ~[flyway-database-postgresql-11.7.2.jar!/:na]
2026-08-26T13:29:07.7493531+00:00 ContainerStream: 	at org.flywaydb.core.internal.schemahistory.JdbcTableSchemaHistory.lock(JdbcTableSchemaHistory.java:164) ~[flyway-core-11.7.2.jar!/:na]
2026-08-26T13:29:07.7493562+00:00 ContainerStream: 	at org.flywaydb.core.internal.command.DbMigrate.migrateAll(DbMigrate.java:153) ~[flyway-core-11.7.2.jar!/:na]
2026-08-26T13:29:07.7493594+00:00 ContainerStream: 	at org.flywaydb.core.internal.command.DbMigrate.migrate(DbMigrate.java:104) ~[flyway-core-11.7.2.jar!/:na]
2026-08-26T13:29:07.7493625+00:00 ContainerStream: 	at org.flywaydb.core.Flyway.lambda$migrate$1(Flyway.java:247) ~[flyway-core-11.7.2.jar!/:na]
2026-08-26T13:29:07.7493676+00:00 ContainerStream: 	at org.flywaydb.core.FlywayExecutor.execute(FlywayExecutor.java:210) ~[flyway-core-11.7.2.jar!/:na]
2026-08-26T13:29:07.7493708+00:00 ContainerStream: 	at org.flywaydb.core.Flyway.migrate(Flyway.java:188) ~[flyway-core-11.7.2.jar!/:na]
2026-08-26T13:29:07.7493744+00:00 ContainerStream: 	at org.springframework.boot.autoconfigure.flyway.FlywayMigrationInitializer.afterPropertiesSet(FlywayMigrationInitializer.java:66) ~[spring-boot-autoconfigure-3.5.13.jar!/:3.5.13]
2026-08-26T13:29:07.7493780+00:00 ContainerStream: 	at org.springframework.beans.factory.support.AbstractAutowireCapableBeanFactory.invokeInitMethods(AbstractAutowireCapableBeanFactory.java:1873) ~[spring-beans-6.2.17.jar!/:6.2.17]
2026-08-26T13:29:07.7493815+00:00 ContainerStream: 	at org.springframework.beans.factory.support.AbstractAutowireCapableBeanFactory.initializeBean(AbstractAutowireCapableBeanFactory.java:1822) ~[spring-beans-6.2.17.jar!/:6.2.17]
2026-08-26T13:29:07.7493870+00:00 ContainerStream: 	at org.springframework.beans.factory.support.AbstractAutowireCapableBeanFactory.doCreateBean(AbstractAutowireCapableBeanFactory.java:607) ~[spring-beans-6.2.17.jar!/:6.2.17]
2026-08-26T13:29:07.7493907+00:00 ContainerStream: 	at org.springframework.beans.factory.support.AbstractAutowireCapableBeanFactory.createBean(AbstractAutowireCapableBeanFactory.java:529) ~[spring-beans-6.2.17.jar!/:6.2.17]
2026-08-26T13:29:07.7493942+00:00 ContainerStream: 	at org.springframework.beans.factory.support.AbstractBeanFactory.lambda$doGetBean$0(AbstractBeanFactory.java:339) ~[spring-beans-6.2.17.jar!/:6.2.17]
2026-08-26T13:29:07.7493978+00:00 ContainerStream: 	at org.springframework.beans.factory.support.DefaultSingletonBeanRegistry.getSingleton(DefaultSingletonBeanRegistry.java:373) ~[spring-beans-6.2.17.jar!/:6.2.17]
2026-08-26T13:29:07.7494012+00:00 ContainerStream: 	at org.springframework.beans.factory.support.AbstractBeanFactory.doGetBean(AbstractBeanFactory.java:337) ~[spring-beans-6.2.17.jar!/:6.2.17]
2026-08-26T13:29:07.7494064+00:00 ContainerStream: 	at org.springframework.beans.factory.support.AbstractBeanFactory.getBean(AbstractBeanFactory.java:202) ~[spring-beans-6.2.17.jar!/:6.2.17]
2026-08-26T13:29:07.7494252+00:00 ContainerStream: 	at org.springframework.beans.factory.support.AbstractBeanFactory.doGetBean(AbstractBeanFactory.java:315) ~[spring-beans-6.2.17.jar!/:6.2.17]
2026-08-26T13:29:07.7494292+00:00 ContainerStream: 	at org.springframework.beans.factory.support.AbstractBeanFactory.getBean(AbstractBeanFactory.java:207) ~[spring-beans-6.2.17.jar!/:6.2.17]
2026-08-26T13:29:07.7494328+00:00 ContainerStream: 	at org.springframework.context.support.AbstractApplicationContext.finishBeanFactoryInitialization(AbstractApplicationContext.java:974) ~[spring-context-6.2.17.jar!/:6.2.17]
2026-08-26T13:29:07.7494362+00:00 ContainerStream: 	at org.springframework.context.support.AbstractApplicationContext.refresh(AbstractApplicationContext.java:628) ~[spring-context-6.2.17.jar!/:6.2.17]
2026-08-26T13:29:07.7494419+00:00 ContainerStream: 	at org.springframework.boot.web.servlet.context.ServletWebServerApplicationContext.refresh(ServletWebServerApplicationContext.java:146) ~[spring-boot-3.5.13.jar!/:3.5.13]
2026-08-26T13:29:07.7494451+00:00 ContainerStream: 	at org.springframework.boot.SpringApplication.refresh(SpringApplication.java:752) ~[spring-boot-3.5.13.jar!/:3.5.13]
2026-08-26T13:29:07.7494484+00:00 ContainerStream: 	at org.springframework.boot.SpringApplication.refreshContext(SpringApplication.java:439) ~[spring-boot-3.5.13.jar!/:3.5.13]
2026-08-26T13:29:07.7494516+00:00 ContainerStream: 	at org.springframework.boot.SpringApplication.run(SpringApplication.java:318) ~[spring-boot-3.5.13.jar!/:3.5.13]
2026-08-26T13:29:07.7494547+00:00 ContainerStream: 	at org.springframework.boot.SpringApplication.run(SpringApplication.java:1361) ~[spring-boot-3.5.13.jar!/:3.5.13]
2026-08-26T13:29:07.7494596+00:00 ContainerStream: 	at org.springframework.boot.SpringApplication.run(SpringApplication.java:1350) ~[spring-boot-3.5.13.jar!/:3.5.13]
2026-08-26T13:29:07.7494625+00:00 ContainerStream: 	at com.rvce.scas.ScasApplication.main(ScasApplication.java:20) ~[!/:0.0.1-SNAPSHOT]
2026-08-26T13:29:07.7494656+00:00 ContainerStream: 	at java.base/jdk.internal.reflect.NativeMethodAccessorImpl.invoke0(Native Method) ~[na:na]
2026-08-26T13:29:07.7494687+00:00 ContainerStream: 	at java.base/jdk.internal.reflect.NativeMethodAccessorImpl.invoke(Unknown Source) ~[na:na]
2026-08-26T13:29:07.7494717+00:00 ContainerStream: 	at java.base/jdk.internal.reflect.DelegatingMethodAccessorImpl.invoke(Unknown Source) ~[na:na]
2026-08-26T13:29:07.7494746+00:00 ContainerStream: 	at java.base/java.lang.reflect.Method.invoke(Unknown Source) ~[na:na]
2026-08-26T13:29:07.7494796+00:00 ContainerStream: 	at org.springframework.boot.loader.launch.Launcher.launch(Launcher.java:106) ~[app.jar:0.0.1-SNAPSHOT]
2026-08-26T13:29:07.7494828+00:00 ContainerStream: 	at org.springframework.boot.loader.launch.Launcher.launch(Launcher.java:64) ~[app.jar:0.0.1-SNAPSHOT]
2026-08-26T13:29:07.7494859+00:00 ContainerStream: 	at org.springframework.boot.loader.launch.JarLauncher.main(JarLauncher.java:40) ~[app.jar:0.0.1-SNAPSHOT]
2026-08-26T13:29:07.7494883+00:00 ContainerStream: 
2026-08-26T13:29:07.7557257+00:00 ContainerStream: 2026-08-26T13:29:07.755Z ERROR 1 --- [           main] o.f.core.internal.command.DbMigrate      : Migration of schema "public" to version "1 - users roles" failed! Changes successfully rolled back.
2026-08-26T13:29:07.8476311+00:00 ContainerStream: 2026-08-26T13:29:07.823Z  WARN 1 --- [           main] ConfigServletWebServerApplicationContext : Exception encountered during context initialization - cancelling refresh attempt: org.springframework.beans.factory.BeanCreationException: Error creating bean with name 'entityManagerFactory' defined in class path resource [org/springframework/boot/autoconfigure/orm/jpa/HibernateJpaConfiguration.class]: Failed to initialize dependency 'flywayInitializer' of LoadTimeWeaverAware bean 'entityManagerFactory': Error creating bean with name 'flywayInitializer' defined in class path resource [org/springframework/boot/autoconfigure/flyway/FlywayAutoConfiguration$FlywayConfiguration.class]: Script V1__users_roles.sql failed
2026-08-26T13:29:07.8476875+00:00 ContainerStream: ---------------------------------
2026-08-26T13:29:07.8476913+00:00 ContainerStream: SQL State  : 0A000
2026-08-26T13:29:07.8476948+00:00 ContainerStream: Error Code : 0
2026-08-26T13:29:07.8476980+00:00 ContainerStream: Message    : ERROR: extension "pgcrypto" is not allow-listed for users in Azure Database for PostgreSQL
2026-08-26T13:29:07.8477037+00:00 ContainerStream:   Hint: to learn how to allow an extension or see the list of allowed extensions, please refer to https://go.microsoft.com/fwlink/?linkid=2301063
2026-08-26T13:29:07.8477071+00:00 ContainerStream: Location   : db/migration/V1__users_roles.sql (/app/nested:/app/app.jar/!BOOT-INF/classes/!/db/migration/V1__users_roles.sql)
2026-08-26T13:29:07.8477097+00:00 ContainerStream: Line       : 38
2026-08-26T13:29:07.8477127+00:00 ContainerStream: Statement  : Run Flyway with -X option to see the actual statement causing the problem
2026-08-26T13:29:07.8477152+00:00 ContainerStream: 
2026-08-26T13:29:07.8600280+00:00 ContainerStream: 2026-08-26T13:29:07.859Z  INFO 1 --- [           main] com.zaxxer.hikari.HikariDataSource       : HikariPool-1 - Shutdown initiated...
2026-08-26T13:29:08.0814371+00:00 ContainerStream: 2026-08-26T13:29:08.080Z  INFO 1 --- [           main] com.zaxxer.hikari.HikariDataSource       : HikariPool-1 - Shutdown completed.
2026-08-26T13:29:08.3647974+00:00 ContainerStream: 2026-08-26T13:29:08.364Z  INFO 1 --- [           main] o.apache.catalina.core.StandardService   : Stopping service [Tomcat]
2026-08-26T13:29:08.6586461+00:00 ContainerStream: 2026-08-26T13:29:08.642Z  INFO 1 --- [           main] .s.b.a.l.ConditionEvaluationReportLogger : 
2026-08-26T13:29:08.6587266+00:00 ContainerStream: 
2026-08-26T13:29:08.6587344+00:00 ContainerStream: Error starting ApplicationContext. To display the condition evaluation report re-run your application with 'debug' enabled.
2026-08-26T13:29:08.9580232+00:00 ContainerStream: 2026-08-26T13:29:08.892Z ERROR 1 --- [           main] o.s.boot.SpringApplication               : Application run failed
2026-08-26T13:29:08.9580529+00:00 ContainerStream: 
2026-08-26T13:29:08.9580618+00:00 ContainerStream: org.springframework.beans.factory.BeanCreationException: Error creating bean with name 'entityManagerFactory' defined in class path resource [org/springframework/boot/autoconfigure/orm/jpa/HibernateJpaConfiguration.class]: Failed to initialize dependency 'flywayInitializer' of LoadTimeWeaverAware bean 'entityManagerFactory': Error creating bean with name 'flywayInitializer' defined in class path resource [org/springframework/boot/autoconfigure/flyway/FlywayAutoConfiguration$FlywayConfiguration.class]: Script V1__users_roles.sql failed
2026-08-26T13:29:08.9580652+00:00 ContainerStream: ---------------------------------
2026-08-26T13:29:08.9580683+00:00 ContainerStream: SQL State  : 0A000
2026-08-26T13:29:08.9580707+00:00 ContainerStream: Error Code : 0
2026-08-26T13:29:08.9580782+00:00 ContainerStream: Message    : ERROR: extension "pgcrypto" is not allow-listed for users in Azure Database for PostgreSQL
2026-08-26T13:29:08.9580817+00:00 ContainerStream:   Hint: to learn how to allow an extension or see the list of allowed extensions, please refer to https://go.microsoft.com/fwlink/?linkid=2301063
2026-08-26T13:29:08.9580850+00:00 ContainerStream: Location   : db/migration/V1__users_roles.sql (/app/nested:/app/app.jar/!BOOT-INF/classes/!/db/migration/V1__users_roles.sql)
2026-08-26T13:29:08.9580875+00:00 ContainerStream: Line       : 38
2026-08-26T13:29:08.9580905+00:00 ContainerStream: Statement  : Run Flyway with -X option to see the actual statement causing the problem
2026-08-26T13:29:08.9580927+00:00 ContainerStream: 
2026-08-26T13:29:08.9580984+00:00 ContainerStream: 	at org.springframework.beans.factory.support.AbstractBeanFactory.doGetBean(AbstractBeanFactory.java:328) ~[spring-beans-6.2.17.jar!/:6.2.17]
2026-08-26T13:29:08.9581017+00:00 ContainerStream: 	at org.springframework.beans.factory.support.AbstractBeanFactory.getBean(AbstractBeanFactory.java:207) ~[spring-beans-6.2.17.jar!/:6.2.17]
2026-08-26T13:29:08.9581052+00:00 ContainerStream: 	at org.springframework.context.support.AbstractApplicationContext.finishBeanFactoryInitialization(AbstractApplicationContext.java:974) ~[spring-context-6.2.17.jar!/:6.2.17]
2026-08-26T13:29:08.9581085+00:00 ContainerStream: 	at org.springframework.context.support.AbstractApplicationContext.refresh(AbstractApplicationContext.java:628) ~[spring-context-6.2.17.jar!/:6.2.17]
2026-08-26T13:29:08.9581119+00:00 ContainerStream: 	at org.springframework.boot.web.servlet.context.ServletWebServerApplicationContext.refresh(ServletWebServerApplicationContext.java:146) ~[spring-boot-3.5.13.jar!/:3.5.13]
2026-08-26T13:29:08.9581173+00:00 ContainerStream: 	at org.springframework.boot.SpringApplication.refresh(SpringApplication.java:752) ~[spring-boot-3.5.13.jar!/:3.5.13]
2026-08-26T13:29:08.9581204+00:00 ContainerStream: 	at org.springframework.boot.SpringApplication.refreshContext(SpringApplication.java:439) ~[spring-boot-3.5.13.jar!/:3.5.13]
2026-08-26T13:29:08.9581234+00:00 ContainerStream: 	at org.springframework.boot.SpringApplication.run(SpringApplication.java:318) ~[spring-boot-3.5.13.jar!/:3.5.13]
2026-08-26T13:29:08.9581265+00:00 ContainerStream: 	at org.springframework.boot.SpringApplication.run(SpringApplication.java:1361) ~[spring-boot-3.5.13.jar!/:3.5.13]
2026-08-26T13:29:08.9581295+00:00 ContainerStream: 	at org.springframework.boot.SpringApplication.run(SpringApplication.java:1350) ~[spring-boot-3.5.13.jar!/:3.5.13]
2026-08-26T13:29:08.9581323+00:00 ContainerStream: 	at com.rvce.scas.ScasApplication.main(ScasApplication.java:20) ~[!/:0.0.1-SNAPSHOT]
2026-08-26T13:29:08.9581374+00:00 ContainerStream: 	at java.base/jdk.internal.reflect.NativeMethodAccessorImpl.invoke0(Native Method) ~[na:na]
2026-08-26T13:29:08.9581404+00:00 ContainerStream: 	at java.base/jdk.internal.reflect.NativeMethodAccessorImpl.invoke(Unknown Source) ~[na:na]
2026-08-26T13:29:08.9581434+00:00 ContainerStream: 	at java.base/jdk.internal.reflect.DelegatingMethodAccessorImpl.invoke(Unknown Source) ~[na:na]
2026-08-26T13:29:08.9581636+00:00 ContainerStream: 	at java.base/java.lang.reflect.Method.invoke(Unknown Source) ~[na:na]
2026-08-26T13:29:08.9581669+00:00 ContainerStream: 	at org.springframework.boot.loader.launch.Launcher.launch(Launcher.java:106) ~[app.jar:0.0.1-SNAPSHOT]
2026-08-26T13:29:08.9581701+00:00 ContainerStream: 	at org.springframework.boot.loader.launch.Launcher.launch(Launcher.java:64) ~[app.jar:0.0.1-SNAPSHOT]
2026-08-26T13:29:08.9581756+00:00 ContainerStream: 	at org.springframework.boot.loader.launch.JarLauncher.main(JarLauncher.java:40) ~[app.jar:0.0.1-SNAPSHOT]
2026-08-26T13:29:08.9581799+00:00 ContainerStream: Caused by: org.springframework.beans.factory.BeanCreationException: Error creating bean with name 'flywayInitializer' defined in class path resource [org/springframework/boot/autoconfigure/flyway/FlywayAutoConfiguration$FlywayConfiguration.class]: Script V1__users_roles.sql failed
2026-08-26T13:29:08.9581827+00:00 ContainerStream: ---------------------------------
2026-08-26T13:29:08.9581854+00:00 ContainerStream: SQL State  : 0A000
2026-08-26T13:29:08.9581879+00:00 ContainerStream: Error Code : 0
2026-08-26T13:29:08.9581910+00:00 ContainerStream: Message    : ERROR: extension "pgcrypto" is not allow-listed for users in Azure Database for PostgreSQL
2026-08-26T13:29:08.9581965+00:00 ContainerStream:   Hint: to learn how to allow an extension or see the list of allowed extensions, please refer to https://go.microsoft.com/fwlink/?linkid=2301063
2026-08-26T13:29:08.9581998+00:00 ContainerStream: Location   : db/migration/V1__users_roles.sql (/app/nested:/app/app.jar/!BOOT-INF/classes/!/db/migration/V1__users_roles.sql)
2026-08-26T13:29:08.9582023+00:00 ContainerStream: Line       : 38
2026-08-26T13:29:08.9582215+00:00 ContainerStream: Statement  : Run Flyway with -X option to see the actual statement causing the problem
2026-08-26T13:29:08.9582247+00:00 ContainerStream: 
2026-08-26T13:29:08.9582284+00:00 ContainerStream: 	at org.springframework.beans.factory.support.AbstractAutowireCapableBeanFactory.initializeBean(AbstractAutowireCapableBeanFactory.java:1826) ~[spring-beans-6.2.17.jar!/:6.2.17]
2026-08-26T13:29:08.9582342+00:00 ContainerStream: 	at org.springframework.beans.factory.support.AbstractAutowireCapableBeanFactory.doCreateBean(AbstractAutowireCapableBeanFactory.java:607) ~[spring-beans-6.2.17.jar!/:6.2.17]
2026-08-26T13:29:08.9582379+00:00 ContainerStream: 	at org.springframework.beans.factory.support.AbstractAutowireCapableBeanFactory.createBean(AbstractAutowireCapableBeanFactory.java:529) ~[spring-beans-6.2.17.jar!/:6.2.17]
2026-08-26T13:29:08.9582412+00:00 ContainerStream: 	at org.springframework.beans.factory.support.AbstractBeanFactory.lambda$doGetBean$0(AbstractBeanFactory.java:339) ~[spring-beans-6.2.17.jar!/:6.2.17]
2026-08-26T13:29:08.9582446+00:00 ContainerStream: 	at org.springframework.beans.factory.support.DefaultSingletonBeanRegistry.getSingleton(DefaultSingletonBeanRegistry.java:373) ~[spring-beans-6.2.17.jar!/:6.2.17]
2026-08-26T13:29:08.9582502+00:00 ContainerStream: 	at org.springframework.beans.factory.support.AbstractBeanFactory.doGetBean(AbstractBeanFactory.java:337) ~[spring-beans-6.2.17.jar!/:6.2.17]
2026-08-26T13:29:08.9582536+00:00 ContainerStream: 	at org.springframework.beans.factory.support.AbstractBeanFactory.getBean(AbstractBeanFactory.java:202) ~[spring-beans-6.2.17.jar!/:6.2.17]
2026-08-26T13:29:08.9582569+00:00 ContainerStream: 	at org.springframework.beans.factory.support.AbstractBeanFactory.doGetBean(AbstractBeanFactory.java:315) ~[spring-beans-6.2.17.jar!/:6.2.17]
2026-08-26T13:29:08.9582597+00:00 ContainerStream: 	... 17 common frames omitted
2026-08-26T13:29:08.9582629+00:00 ContainerStream: Caused by: org.flywaydb.core.internal.exception.FlywayMigrateException: Script V1__users_roles.sql failed
2026-08-26T13:29:08.9582655+00:00 ContainerStream: ---------------------------------
2026-08-26T13:29:08.9582680+00:00 ContainerStream: SQL State  : 0A000
2026-08-26T13:29:08.9582731+00:00 ContainerStream: Error Code : 0
2026-08-26T13:29:08.9582762+00:00 ContainerStream: Message    : ERROR: extension "pgcrypto" is not allow-listed for users in Azure Database for PostgreSQL
2026-08-26T13:29:08.9582795+00:00 ContainerStream:   Hint: to learn how to allow an extension or see the list of allowed extensions, please refer to https://go.microsoft.com/fwlink/?linkid=2301063
2026-08-26T13:29:08.9582828+00:00 ContainerStream: Location   : db/migration/V1__users_roles.sql (/app/nested:/app/app.jar/!BOOT-INF/classes/!/db/migration/V1__users_roles.sql)
2026-08-26T13:29:08.9582857+00:00 ContainerStream: Line       : 38
2026-08-26T13:29:08.9582890+00:00 ContainerStream: Statement  : Run Flyway with -X option to see the actual statement causing the problem
2026-08-26T13:29:08.9582938+00:00 ContainerStream: 
2026-08-26T13:29:08.9582970+00:00 ContainerStream: 	at org.flywaydb.core.internal.command.DbMigrate.doMigrateGroup(DbMigrate.java:399) ~[flyway-core-11.7.2.jar!/:na]
2026-08-26T13:29:08.9583002+00:00 ContainerStream: 	at org.flywaydb.core.internal.command.DbMigrate.lambda$applyMigrations$1(DbMigrate.java:283) ~[flyway-core-11.7.2.jar!/:na]
2026-08-26T13:29:08.9583035+00:00 ContainerStream: 	at org.flywaydb.core.internal.jdbc.TransactionalExecutionTemplate.execute(TransactionalExecutionTemplate.java:59) ~[flyway-core-11.7.2.jar!/:na]
2026-08-26T13:29:08.9583066+00:00 ContainerStream: 	at org.flywaydb.core.internal.command.DbMigrate.applyMigrations(DbMigrate.java:282) ~[flyway-core-11.7.2.jar!/:na]
2026-08-26T13:29:08.9583097+00:00 ContainerStream: 	at org.flywaydb.core.internal.command.DbMigrate.migrateGroup(DbMigrate.java:255) ~[flyway-core-11.7.2.jar!/:na]
2026-08-26T13:29:08.9583149+00:00 ContainerStream: 	at org.flywaydb.core.internal.command.DbMigrate.lambda$migrateAll$0(DbMigrate.java:153) ~[flyway-core-11.7.2.jar!/:na]
2026-08-26T13:29:08.9583185+00:00 ContainerStream: 	at org.flywaydb.database.postgresql.PostgreSQLAdvisoryLockTemplate.execute(PostgreSQLAdvisoryLockTemplate.java:77) ~[flyway-database-postgresql-11.7.2.jar!/:na]
2026-08-26T13:29:08.9583219+00:00 ContainerStream: 	at org.flywaydb.database.postgresql.PostgreSQLAdvisoryLockTemplate.lambda$execute$0(PostgreSQLAdvisoryLockTemplate.java:60) ~[flyway-database-postgresql-11.7.2.jar!/:na]
2026-08-26T13:29:08.9583252+00:00 ContainerStream: 	at org.flywaydb.core.internal.jdbc.TransactionalExecutionTemplate.execute(TransactionalExecutionTemplate.java:59) ~[flyway-core-11.7.2.jar!/:na]
2026-08-26T13:29:08.9583286+00:00 ContainerStream: 	at org.flywaydb.database.postgresql.PostgreSQLAdvisoryLockTemplate.execute(PostgreSQLAdvisoryLockTemplate.java:60) ~[flyway-database-postgresql-11.7.2.jar!/:na]
2026-08-26T13:29:08.9583339+00:00 ContainerStream: 	at org.flywaydb.database.postgresql.PostgreSQLConnection.lock(PostgreSQLConnection.java:105) ~[flyway-database-postgresql-11.7.2.jar!/:na]
2026-08-26T13:29:08.9583372+00:00 ContainerStream: 	at org.flywaydb.core.internal.schemahistory.JdbcTableSchemaHistory.lock(JdbcTableSchemaHistory.java:164) ~[flyway-core-11.7.2.jar!/:na]
2026-08-26T13:29:08.9583404+00:00 ContainerStream: 	at org.flywaydb.core.internal.command.DbMigrate.migrateAll(DbMigrate.java:153) ~[flyway-core-11.7.2.jar!/:na]
2026-08-26T13:29:08.9583435+00:00 ContainerStream: 	at org.flywaydb.core.internal.command.DbMigrate.migrate(DbMigrate.java:104) ~[flyway-core-11.7.2.jar!/:na]
2026-08-26T13:29:08.9583468+00:00 ContainerStream: 	at org.flywaydb.core.Flyway.lambda$migrate$1(Flyway.java:247) ~[flyway-core-11.7.2.jar!/:na]
2026-08-26T13:29:08.9586213+00:00 ContainerStream: 	at org.flywaydb.core.FlywayExecutor.execute(FlywayExecutor.java:210) ~[flyway-core-11.7.2.jar!/:na]
2026-08-26T13:29:08.9586479+00:00 ContainerStream: 	at org.flywaydb.core.Flyway.migrate(Flyway.java:188) ~[flyway-core-11.7.2.jar!/:na]
2026-08-26T13:29:08.9586523+00:00 ContainerStream: 	at org.springframework.boot.autoconfigure.flyway.FlywayMigrationInitializer.afterPropertiesSet(FlywayMigrationInitializer.java:66) ~[spring-boot-autoconfigure-3.5.13.jar!/:3.5.13]
2026-08-26T13:29:08.9586558+00:00 ContainerStream: 	at org.springframework.beans.factory.support.AbstractAutowireCapableBeanFactory.invokeInitMethods(AbstractAutowireCapableBeanFactory.java:1873) ~[spring-beans-6.2.17.jar!/:6.2.17]
2026-08-26T13:29:08.9586593+00:00 ContainerStream: 	at org.springframework.beans.factory.support.AbstractAutowireCapableBeanFactory.initializeBean(AbstractAutowireCapableBeanFactory.java:1822) ~[spring-beans-6.2.17.jar!/:6.2.17]
2026-08-26T13:29:08.9586657+00:00 ContainerStream: 	... 24 common frames omitted
2026-08-26T13:29:08.9586693+00:00 ContainerStream: Caused by: org.flywaydb.core.internal.sqlscript.FlywaySqlScriptException: Script V1__users_roles.sql failed
2026-08-26T13:29:08.9586719+00:00 ContainerStream: ---------------------------------
2026-08-26T13:29:08.9586746+00:00 ContainerStream: SQL State  : 0A000
2026-08-26T13:29:08.9586771+00:00 ContainerStream: Error Code : 0
2026-08-26T13:29:08.9586801+00:00 ContainerStream: Message    : ERROR: extension "pgcrypto" is not allow-listed for users in Azure Database for PostgreSQL
2026-08-26T13:29:08.9586834+00:00 ContainerStream:   Hint: to learn how to allow an extension or see the list of allowed extensions, please refer to https://go.microsoft.com/fwlink/?linkid=2301063
2026-08-26T13:29:08.9586889+00:00 ContainerStream: Location   : db/migration/V1__users_roles.sql (/app/nested:/app/app.jar/!BOOT-INF/classes/!/db/migration/V1__users_roles.sql)
2026-08-26T13:29:08.9586915+00:00 ContainerStream: Line       : 38
2026-08-26T13:29:08.9586944+00:00 ContainerStream: Statement  : Run Flyway with -X option to see the actual statement causing the problem
2026-08-26T13:29:08.9586968+00:00 ContainerStream: 
2026-08-26T13:29:08.9587003+00:00 ContainerStream: 	at org.flywaydb.core.internal.sqlscript.DefaultSqlScriptExecutor.handleException(DefaultSqlScriptExecutor.java:256) ~[flyway-core-11.7.2.jar!/:na]
2026-08-26T13:29:08.9587037+00:00 ContainerStream: 	at org.flywaydb.core.internal.sqlscript.DefaultSqlScriptExecutor.executeStatement(DefaultSqlScriptExecutor.java:217) ~[flyway-core-11.7.2.jar!/:na]
2026-08-26T13:29:08.9587089+00:00 ContainerStream: 	at org.flywaydb.core.internal.sqlscript.DefaultSqlScriptExecutor.execute(DefaultSqlScriptExecutor.java:137) ~[flyway-core-11.7.2.jar!/:na]
2026-08-26T13:29:08.9587123+00:00 ContainerStream: 	at org.flywaydb.core.internal.resolver.sql.SqlMigrationExecutor.executeOnce(SqlMigrationExecutor.java:75) ~[flyway-core-11.7.2.jar!/:na]
2026-08-26T13:29:08.9587156+00:00 ContainerStream: 	at org.flywaydb.core.internal.resolver.sql.SqlMigrationExecutor.lambda$execute$0(SqlMigrationExecutor.java:66) ~[flyway-core-11.7.2.jar!/:na]
2026-08-26T13:29:08.9587190+00:00 ContainerStream: 	at org.flywaydb.core.internal.database.DefaultExecutionStrategy.execute(DefaultExecutionStrategy.java:31) ~[flyway-core-11.7.2.jar!/:na]
2026-08-26T13:29:08.9587222+00:00 ContainerStream: 	at org.flywaydb.core.internal.resolver.sql.SqlMigrationExecutor.execute(SqlMigrationExecutor.java:65) ~[flyway-core-11.7.2.jar!/:na]
2026-08-26T13:29:08.9587275+00:00 ContainerStream: 	at org.flywaydb.core.internal.command.DbMigrate.doMigrateGroup(DbMigrate.java:391) ~[flyway-core-11.7.2.jar!/:na]
2026-08-26T13:29:08.9587303+00:00 ContainerStream: 	... 43 common frames omitted
2026-08-26T13:29:08.9587335+00:00 ContainerStream: Caused by: org.postgresql.util.PSQLException: ERROR: extension "pgcrypto" is not allow-listed for users in Azure Database for PostgreSQL
2026-08-26T13:29:08.9587368+00:00 ContainerStream:   Hint: to learn how to allow an extension or see the list of allowed extensions, please refer to https://go.microsoft.com/fwlink/?linkid=2301063
2026-08-26T13:29:08.9587401+00:00 ContainerStream: 	at org.postgresql.core.v3.QueryExecutorImpl.receiveErrorResponse(QueryExecutorImpl.java:2875) ~[postgresql-42.7.10.jar!/:42.7.10]
2026-08-26T13:29:08.9587433+00:00 ContainerStream: 	at org.postgresql.core.v3.QueryExecutorImpl.processResults(QueryExecutorImpl.java:2560) ~[postgresql-42.7.10.jar!/:42.7.10]
2026-08-26T13:29:08.9587487+00:00 ContainerStream: 	at org.postgresql.core.v3.QueryExecutorImpl.execute(QueryExecutorImpl.java:429) ~[postgresql-42.7.10.jar!/:42.7.10]
2026-08-26T13:29:08.9587519+00:00 ContainerStream: 	at org.postgresql.jdbc.PgStatement.executeInternal(PgStatement.java:526) ~[postgresql-42.7.10.jar!/:42.7.10]
2026-08-26T13:29:08.9587550+00:00 ContainerStream: 	at org.postgresql.jdbc.PgStatement.execute(PgStatement.java:436) ~[postgresql-42.7.10.jar!/:42.7.10]
2026-08-26T13:29:08.9587580+00:00 ContainerStream: 	at org.postgresql.jdbc.PgStatement.executeWithFlags(PgStatement.java:358) ~[postgresql-42.7.10.jar!/:42.7.10]
2026-08-26T13:29:08.9587611+00:00 ContainerStream: 	at org.postgresql.jdbc.PgStatement.executeCachedSql(PgStatement.java:343) ~[postgresql-42.7.10.jar!/:42.7.10]
2026-08-26T13:29:08.9587642+00:00 ContainerStream: 	at org.postgresql.jdbc.PgStatement.executeWithFlags(PgStatement.java:319) ~[postgresql-42.7.10.jar!/:42.7.10]
2026-08-26T13:29:08.9587691+00:00 ContainerStream: 	at org.postgresql.jdbc.PgStatement.execute(PgStatement.java:314) ~[postgresql-42.7.10.jar!/:42.7.10]
2026-08-26T13:29:08.9587722+00:00 ContainerStream: 	at com.zaxxer.hikari.pool.ProxyStatement.execute(ProxyStatement.java:95) ~[HikariCP-6.3.3.jar!/:na]
2026-08-26T13:29:08.9587753+00:00 ContainerStream: 	at com.zaxxer.hikari.pool.HikariProxyStatement.execute(HikariProxyStatement.java) ~[HikariCP-6.3.3.jar!/:na]
2026-08-26T13:29:08.9587786+00:00 ContainerStream: 	at org.flywaydb.core.internal.jdbc.JdbcTemplate.executeStatement(JdbcTemplate.java:215) ~[flyway-core-11.7.2.jar!/:na]
2026-08-26T13:29:08.9587868+00:00 ContainerStream: 	at org.flywaydb.core.internal.sqlscript.ParsedSqlStatement.execute(ParsedSqlStatement.java:88) ~[flyway-core-11.7.2.jar!/:na]
2026-08-26T13:29:08.9587931+00:00 ContainerStream: 	at org.flywaydb.core.internal.sqlscript.DefaultSqlScriptExecutor.executeStatement(DefaultSqlScriptExecutor.java:212) ~[flyway-core-11.7.2.jar!/:na]
2026-08-26T13:29:08.9587959+00:00 ContainerStream: 	... 49 common frames omitted
2026-08-26T13:29:08.9587982+00:00 ContainerStream: 
2026-08-26T13:29:09.5186061+00:00 ContainerStatus: Container has finished running with exit code: 1.
2026-08-26T13:29:09.5187274+00:00 ContainerStatus: Container is terminating. Grace period: 5 seconds.
2026-08-26T13:29:09.5377125+00:00 ContainerStatus: Stop and delete container. Retry count = 0
2026-08-26T13:29:09.5379121+00:00 ContainerStatus: Stopping container: d1886b866542_scas-backend-2026-rvce.
2026-08-26T13:29:09.7033322+00:00 ContainerStatus: Deleting container: d1886b866542_scas-backend-2026-rvce. Retry count = 0
2026-08-26T13:29:10.1653537+00:00 ContainerStatus: Container spec TerminationMessagePolicy  path 
2026-08-26T13:29:10.1824537+00:00 ContainerStatus: Container is terminated. Total time elapsed: 646 ms.
2026-08-26T13:29:10.1825663+00:00 ContainerStatus: Site container: scas-backend-2026-rvce terminated during site startup.
2026-08-26T13:29:10.1938202+00:00 ContainerStatus: State: Stopping, Action: CancellingStartup, LastError: ContainerStartupFailure, LastErrorTimestamp: 08/26/2026 13:25:32, LastErrorDetails: Container exited with exit code 1 during startup after 78.6s. Please inspect your container logs for more details., Details: Site container: scas-backend-2026-rvce terminated during site startup. Cancelling site startup., DetailsLevel: ERR
2026-08-26T13:29:10.2685901+00:00 ContainerStatus: Site startup probe failed after 106.0815171 seconds.
2026-08-26T13:29:10.6352082+00:00 ContainerStatus: State: Stopping, Action: CancellingStartup, LastError: ContainerStartupFailure, LastErrorTimestamp: 08/26/2026 13:29:10, LastErrorDetails: Container exited with exit code 1 during startup after 106.3s. Please inspect your container logs for more details., Details: Site container: scas-backend-2026-rvce terminated during site startup. Cancelling site startup., DetailsLevel: ERR
2026-08-26T13:29:10.7204288+00:00 ContainerStatus: Failed to start site. Revert by stopping site.
2026-08-26T13:29:10.7211607+00:00 ContainerStatus: State: Stopping, Action: StoppingSite, LastError: ContainerStartupFailure, LastErrorTimestamp: 08/26/2026 13:29:10, LastErrorDetails: Container exited with exit code 1 during startup after 106.3s. Please inspect your container logs for more details., Details: Site container: scas-backend-2026-rvce terminated during site startup. Cancelling site startup., DetailsLevel: ERR
2026-08-26T13:29:10.7307685+00:00 ContainerStatus: State: Stopping, Action: StoppingSiteContainers, LastError: ContainerStartupFailure, LastErrorTimestamp: 08/26/2026 13:29:10, LastErrorDetails: Container exited with exit code 1 during startup after 106.3s. Please inspect your container logs for more details., Details: Site container: scas-backend-2026-rvce terminated during site startup. Cancelling site startup., DetailsLevel: ERR
2026-08-26T13:29:11.5173006+00:00 ContainerStatus: Site container: scas-backend-2026-rvce_managedIdentity terminated during site startup.
2026-08-26T13:29:11.5177072+00:00 ContainerStatus: State: Stopping, Action: StoppingSiteContainers, LastError: ContainerStartupFailure, LastErrorTimestamp: 08/26/2026 13:29:10, LastErrorDetails: Container exited with exit code 1 during startup after 106.3s. Please inspect your container logs for more details., Details: Site container: scas-backend-2026-rvce terminated during site startup. Cancelling site startup., DetailsLevel: ERR
2026-08-26T13:29:11.5178562+00:00 ContainerStatus: Site: scas-backend-2026-rvce stopped.
========== New Cold Start Attempt (2026-08-26T13:38:59.8224037+00:00) ==========
2026-08-26T13:38:59.8224037+00:00 ContainerStatus: State: Starting, Action: EstablishingSiteNetworks, LastError: ContainerStartupFailure, LastErrorTimestamp: 08/26/2026 13:29:10, LastErrorDetails: Container exited with exit code 1 during startup after 106.3s. Please inspect your container logs for more details., Details: Site stopped at 08/26/2026 13:29:12 (UTC), DetailsLevel: ERR
2026-08-26T13:39:03.2728169+00:00 ContainerStatus: State: Starting, Action: StartingMsiContainer, LastError: ContainerStartupFailure, LastErrorTimestamp: 08/26/2026 13:29:10, LastErrorDetails: Container exited with exit code 1 during startup after 106.3s. Please inspect your container logs for more details., Details: Site stopped at 08/26/2026 13:29:12 (UTC), DetailsLevel: ERR
2026-08-26T13:39:21.6310037+00:00 ContainerStatus: State: Starting, Action: StartingSiteContainers, LastError: ContainerStartupFailure, LastErrorTimestamp: 08/26/2026 13:29:10, LastErrorDetails: Container exited with exit code 1 during startup after 106.3s. Please inspect your container logs for more details., Details: Site stopped at 08/26/2026 13:29:12 (UTC), DetailsLevel: ERR
2026-08-26T13:39:21.6387610+00:00 ContainerStatus: Container start method called.
2026-08-26T13:39:21.6388626+00:00 ContainerStatus: State: Starting, Action: PullingImage, LastError: ContainerStartupFailure, LastErrorTimestamp: 08/26/2026 13:29:10, LastErrorDetails: Container exited with exit code 1 during startup after 106.3s. Please inspect your container logs for more details., Details: Pulling image scasacr2026rvce.azurecr.io/scas-backend:demo-citext-fix-20260826132221 for scas-backend-2026-rvce., DetailsLevel: INFO
2026-08-26T13:39:21.6396583+00:00 ContainerStatus: Establishing network.
2026-08-26T13:39:21.6764186+00:00 ContainerStatus: Pulling image: scasacr2026rvce.azurecr.io/scas-backend:demo-citext-fix-20260826132221.
2026-08-26T13:39:27.5326736+00:00 ContainerStatus: Container is starting.
2026-08-26T13:39:27.5327667+00:00 ContainerStatus: State: Starting, Action: MountingVolumes, LastError: ContainerStartupFailure, LastErrorTimestamp: 08/26/2026 13:29:10, LastErrorDetails: Container exited with exit code 1 during startup after 106.3s. Please inspect your container logs for more details., Details: Mounting volumes for scas-backend-2026-rvce., DetailsLevel: INFO
2026-08-26T13:39:27.5328250+00:00 ContainerStatus: Establishing user namespace if not established already.
2026-08-26T13:39:27.5328758+00:00 ContainerStatus: Establishing network if not established already.
2026-08-26T13:39:27.5329419+00:00 ContainerStatus: Mounting volumes.
2026-08-26T13:39:27.5330289+00:00 ContainerStatus: Nested mountpoint volatile/logs
2026-08-26T13:39:27.5698024+00:00 ContainerStatus: Nested mountpoint 
2026-08-26T13:39:27.5703894+00:00 ContainerStatus: Nested mountpoint 
2026-08-26T13:39:27.7227089+00:00 ContainerStatus: State: Starting, Action: CreatingContainer, LastError: ContainerStartupFailure, LastErrorTimestamp: 08/26/2026 13:29:10, LastErrorDetails: Container exited with exit code 1 during startup after 106.3s. Please inspect your container logs for more details., Details: Finished pulling container image and mounting volumes for scas-backend-2026-rvce. Allocatinng the rest of the container resources to finish container creation., DetailsLevel: INFO
2026-08-26T13:39:27.7439555+00:00 ContainerStatus: Creating container.
2026-08-26T13:39:27.7902693+00:00 ContainerStatus: Creating pipes for streaming container io.
2026-08-26T13:39:27.7904804+00:00 ContainerStatus: Creating stdout named pipe at /podr/container/pipe/ccdc746759fd_scas-backend-2026-rvce/stdout_a39d30b375ba469e917c90e392a95caa.
2026-08-26T13:39:27.7922249+00:00 ContainerStatus: Successfully created stdout named pipe at: /podr/container/pipe/ccdc746759fd_scas-backend-2026-rvce/stdout_a39d30b375ba469e917c90e392a95caa.
2026-08-26T13:39:27.7923245+00:00 ContainerStatus: Opening named pipe /podr/container/pipe/ccdc746759fd_scas-backend-2026-rvce/stdout_a39d30b375ba469e917c90e392a95caa for reading in non-blocking mode.
2026-08-26T13:39:27.7924591+00:00 ContainerStatus: Successfully opened named pipe: /podr/container/pipe/ccdc746759fd_scas-backend-2026-rvce/stdout_a39d30b375ba469e917c90e392a95caa.
2026-08-26T13:39:27.7925181+00:00 ContainerStatus: Successfully removed non-blocking flag from /podr/container/pipe/ccdc746759fd_scas-backend-2026-rvce/stdout_a39d30b375ba469e917c90e392a95caa.
2026-08-26T13:39:27.8106674+00:00 ContainerStatus: Creating stderr named pipe at /podr/container/pipe/ccdc746759fd_scas-backend-2026-rvce/stderr_ea4298cee53943b3b9812a541763473c.
2026-08-26T13:39:27.8108379+00:00 ContainerStatus: Successfully created stderr named pipe at: /podr/container/pipe/ccdc746759fd_scas-backend-2026-rvce/stderr_ea4298cee53943b3b9812a541763473c.
2026-08-26T13:39:27.8255998+00:00 ContainerStatus: Opening named pipe /podr/container/pipe/ccdc746759fd_scas-backend-2026-rvce/stderr_ea4298cee53943b3b9812a541763473c for reading in non-blocking mode.
2026-08-26T13:39:27.8258055+00:00 ContainerStatus: Successfully opened named pipe: /podr/container/pipe/ccdc746759fd_scas-backend-2026-rvce/stderr_ea4298cee53943b3b9812a541763473c.
2026-08-26T13:39:27.8258826+00:00 ContainerStatus: Successfully removed non-blocking flag from /podr/container/pipe/ccdc746759fd_scas-backend-2026-rvce/stderr_ea4298cee53943b3b9812a541763473c.
2026-08-26T13:39:27.8345371+00:00 ContainerStatus: Creating container with image: scasacr2026rvce.azurecr.io/scas-backend:demo-citext-fix-20260826132221 from registry: scasacr2026rvce.azurecr.io and fully qualified image name: scasacr2026rvce.azurecr.io/scas-backend:demo-citext-fix-20260826132221
2026-08-26T13:39:28.6947144+00:00 ContainerStatus: Starting container: ccdc746759fd_scas-backend-2026-rvce.
2026-08-26T13:39:28.8381725+00:00 ContainerStatus: Starting watchers and probes.
2026-08-26T13:39:28.8390279+00:00 ContainerStatus: Starting metrics collection.
2026-08-26T13:39:28.8391843+00:00 ContainerStatus: Container is running.
2026-08-26T13:39:28.8393416+00:00 ContainerStatus: State: Starting, Action: CreatingContainer, LastError: ContainerStartupFailure, LastErrorTimestamp: 08/26/2026 13:29:10, LastErrorDetails: Container exited with exit code 1 during startup after 106.3s. Please inspect your container logs for more details., Details: Container scas-backend-2026-rvce successfully created and is running., DetailsLevel: INFO
2026-08-26T13:39:28.9373857+00:00 ContainerStatus: Container start method finished after 7298 ms.
2026-08-26T13:39:28.9850502+00:00 ContainerStatus: State: Starting, Action: InitiatingSiteWarmUpProbe, LastError: ContainerStartupFailure, LastErrorTimestamp: 08/26/2026 13:29:10, LastErrorDetails: Container exited with exit code 1 during startup after 106.3s. Please inspect your container logs for more details., Details: Container scas-backend-2026-rvce successfully created and is running., DetailsLevel: INFO
2026-08-26T13:39:28.9851055+00:00 ContainerStatus: State: Starting, Action: WaitingForSiteWarmUpProbeSuccess, LastError: ContainerStartupFailure, LastErrorTimestamp: 08/26/2026 13:29:10, LastErrorDetails: Container exited with exit code 1 during startup after 106.3s. Please inspect your container logs for more details., Details: Pinging warmup path to ensure container is ready to receive requests., DetailsLevel: INFO
2026-08-26T13:39:42.0060965+00:00 ContainerStream: 
2026-08-26T13:39:42.0070414+00:00 ContainerStream:   .   ____          _            __ _ _
2026-08-26T13:39:42.0070573+00:00 ContainerStream:  /\\ / ___'_ __ _ _(_)_ __  __ _ \ \ \ \
2026-08-26T13:39:42.0070605+00:00 ContainerStream: ( ( )\___ | '_ | '_| | '_ \/ _` | \ \ \ \
2026-08-26T13:39:42.0070631+00:00 ContainerStream:  \\/  ___)| |_)| | | | | || (_| |  ) ) ) )
2026-08-26T13:39:42.0070660+00:00 ContainerStream:   '  |____| .__|_| |_|_| |_\__, | / / / /
2026-08-26T13:39:42.0070688+00:00 ContainerStream:  =========|_|==============|___/=/_/_/_/
2026-08-26T13:39:42.0070709+00:00 ContainerStream: 
2026-08-26T13:39:42.0181226+00:00 ContainerStream:  :: Spring Boot ::               (v3.5.13)
2026-08-26T13:39:42.0190444+00:00 ContainerStream: 
2026-08-26T13:39:42.9237830+00:00 ContainerStream: 2026-08-26T13:39:42.903Z  INFO 1 --- [           main] com.rvce.scas.ScasApplication            : Starting ScasApplication v0.0.1-SNAPSHOT using Java 17.0.20 with PID 1 (/app/app.jar started by root in /app)
2026-08-26T13:39:42.9412391+00:00 ContainerStream: 2026-08-26T13:39:42.940Z  INFO 1 --- [           main] com.rvce.scas.ScasApplication            : The following 1 profile is active: "prod"
2026-08-26T13:39:59.6106220+00:00 ContainerStream: 2026-08-26T13:39:59.609Z  INFO 1 --- [           main] .s.d.r.c.RepositoryConfigurationDelegate : Multiple Spring Data modules found, entering strict repository configuration mode
2026-08-26T13:39:59.6387848+00:00 ContainerStream: 2026-08-26T13:39:59.638Z  INFO 1 --- [           main] .s.d.r.c.RepositoryConfigurationDelegate : Bootstrapping Spring Data JPA repositories in DEFAULT mode.
2026-08-26T13:40:04.0802616+00:00 ContainerStream: 2026-08-26T13:40:04.079Z  INFO 1 --- [           main] .s.d.r.c.RepositoryConfigurationDelegate : Finished Spring Data repository scanning in 4265 ms. Found 12 JPA repository interfaces.
2026-08-26T13:40:05.1335968+00:00 ContainerStream: 2026-08-26T13:40:05.124Z  INFO 1 --- [           main] .s.d.r.c.RepositoryConfigurationDelegate : Multiple Spring Data modules found, entering strict repository configuration mode
2026-08-26T13:40:05.2102210+00:00 ContainerStream: 2026-08-26T13:40:05.165Z  INFO 1 --- [           main] .s.d.r.c.RepositoryConfigurationDelegate : Bootstrapping Spring Data Redis repositories in DEFAULT mode.
2026-08-26T13:40:06.3334426+00:00 ContainerStream: 2026-08-26T13:40:06.332Z  INFO 1 --- [           main] .RepositoryConfigurationExtensionSupport : Spring Data Redis - Could not safely identify store assignment for repository candidate interface com.rvce.scas.repository.DepartmentRepository; If you want this repository to be a Redis repository, consider annotating your entities with one of these annotations: org.springframework.data.redis.core.RedisHash (preferred), or consider extending one of the following types with your repository: org.springframework.data.keyvalue.repository.KeyValueRepository
2026-08-26T13:40:06.4184454+00:00 ContainerStream: 2026-08-26T13:40:06.370Z  INFO 1 --- [           main] .RepositoryConfigurationExtensionSupport : Spring Data Redis - Could not safely identify store assignment for repository candidate interface com.rvce.scas.repository.ExamHallRepository; If you want this repository to be a Redis repository, consider annotating your entities with one of these annotations: org.springframework.data.redis.core.RedisHash (preferred), or consider extending one of the following types with your repository: org.springframework.data.keyvalue.repository.KeyValueRepository
2026-08-26T13:40:06.4449757+00:00 ContainerStream: 2026-08-26T13:40:06.417Z  INFO 1 --- [           main] .RepositoryConfigurationExtensionSupport : Spring Data Redis - Could not safely identify store assignment for repository candidate interface com.rvce.scas.repository.ExamSeatRepository; If you want this repository to be a Redis repository, consider annotating your entities with one of these annotations: org.springframework.data.redis.core.RedisHash (preferred), or consider extending one of the following types with your repository: org.springframework.data.keyvalue.repository.KeyValueRepository
2026-08-26T13:40:06.5486343+00:00 ContainerStream: 2026-08-26T13:40:06.541Z  INFO 1 --- [           main] .RepositoryConfigurationExtensionSupport : Spring Data Redis - Could not safely identify store assignment for repository candidate interface com.rvce.scas.repository.ExamSessionRepository; If you want this repository to be a Redis repository, consider annotating your entities with one of these annotations: org.springframework.data.redis.core.RedisHash (preferred), or consider extending one of the following types with your repository: org.springframework.data.keyvalue.repository.KeyValueRepository
2026-08-26T13:40:06.5521633+00:00 ContainerStream: 2026-08-26T13:40:06.551Z  INFO 1 --- [           main] .RepositoryConfigurationExtensionSupport : Spring Data Redis - Could not safely identify store assignment for repository candidate interface com.rvce.scas.repository.ExamStudentRepository; If you want this repository to be a Redis repository, consider annotating your entities with one of these annotations: org.springframework.data.redis.core.RedisHash (preferred), or consider extending one of the following types with your repository: org.springframework.data.keyvalue.repository.KeyValueRepository
2026-08-26T13:40:06.6377789+00:00 ContainerStream: 2026-08-26T13:40:06.636Z  INFO 1 --- [           main] .RepositoryConfigurationExtensionSupport : Spring Data Redis - Could not safely identify store assignment for repository candidate interface com.rvce.scas.repository.NotificationRepository; If you want this repository to be a Redis repository, consider annotating your entities with one of these annotations: org.springframework.data.redis.core.RedisHash (preferred), or consider extending one of the following types with your repository: org.springframework.data.keyvalue.repository.KeyValueRepository
2026-08-26T13:40:06.6481567+00:00 ContainerStream: 2026-08-26T13:40:06.647Z  INFO 1 --- [           main] .RepositoryConfigurationExtensionSupport : Spring Data Redis - Could not safely identify store assignment for repository candidate interface com.rvce.scas.repository.PasswordResetTokenRepository; If you want this repository to be a Redis repository, consider annotating your entities with one of these annotations: org.springframework.data.redis.core.RedisHash (preferred), or consider extending one of the following types with your repository: org.springframework.data.keyvalue.repository.KeyValueRepository
2026-08-26T13:40:06.6659345+00:00 ContainerStream: 2026-08-26T13:40:06.654Z  INFO 1 --- [           main] .RepositoryConfigurationExtensionSupport : Spring Data Redis - Could not safely identify store assignment for repository candidate interface com.rvce.scas.repository.RoleRepository; If you want this repository to be a Redis repository, consider annotating your entities with one of these annotations: org.springframework.data.redis.core.RedisHash (preferred), or consider extending one of the following types with your repository: org.springframework.data.keyvalue.repository.KeyValueRepository
2026-08-26T13:40:06.6659562+00:00 ContainerStream: 2026-08-26T13:40:06.656Z  INFO 1 --- [           main] .RepositoryConfigurationExtensionSupport : Spring Data Redis - Could not safely identify store assignment for repository candidate interface com.rvce.scas.repository.RoomRepository; If you want this repository to be a Redis repository, consider annotating your entities with one of these annotations: org.springframework.data.redis.core.RedisHash (preferred), or consider extending one of the following types with your repository: org.springframework.data.keyvalue.repository.KeyValueRepository
2026-08-26T13:40:06.6659627+00:00 ContainerStream: 2026-08-26T13:40:06.657Z  INFO 1 --- [           main] .RepositoryConfigurationExtensionSupport : Spring Data Redis - Could not safely identify store assignment for repository candidate interface com.rvce.scas.repository.TimetableSlotRepository; If you want this repository to be a Redis repository, consider annotating your entities with one of these annotations: org.springframework.data.redis.core.RedisHash (preferred), or consider extending one of the following types with your repository: org.springframework.data.keyvalue.repository.KeyValueRepository
2026-08-26T13:40:06.6753464+00:00 ContainerStream: 2026-08-26T13:40:06.675Z  INFO 1 --- [           main] .RepositoryConfigurationExtensionSupport : Spring Data Redis - Could not safely identify store assignment for repository candidate interface com.rvce.scas.repository.UserRepository; If you want this repository to be a Redis repository, consider annotating your entities with one of these annotations: org.springframework.data.redis.core.RedisHash (preferred), or consider extending one of the following types with your repository: org.springframework.data.keyvalue.repository.KeyValueRepository
2026-08-26T13:40:06.6758346+00:00 ContainerStream: 2026-08-26T13:40:06.675Z  INFO 1 --- [           main] .RepositoryConfigurationExtensionSupport : Spring Data Redis - Could not safely identify store assignment for repository candidate interface com.rvce.scas.repository.UserRoleRepository; If you want this repository to be a Redis repository, consider annotating your entities with one of these annotations: org.springframework.data.redis.core.RedisHash (preferred), or consider extending one of the following types with your repository: org.springframework.data.keyvalue.repository.KeyValueRepository
2026-08-26T13:40:06.6764978+00:00 ContainerStream: 2026-08-26T13:40:06.676Z  INFO 1 --- [           main] .s.d.r.c.RepositoryConfigurationDelegate : Finished Spring Data repository scanning in 523 ms. Found 0 Redis repository interfaces.
2026-08-26T13:40:19.9772865+00:00 ContainerStream: 2026-08-26T13:40:19.976Z  INFO 1 --- [           main] o.s.b.w.embedded.tomcat.TomcatWebServer  : Tomcat initialized with port 8080 (http)
2026-08-26T13:40:20.1684140+00:00 ContainerStream: 2026-08-26T13:40:20.168Z  INFO 1 --- [           main] o.apache.catalina.core.StandardService   : Starting service [Tomcat]
2026-08-26T13:40:20.1777709+00:00 ContainerStream: 2026-08-26T13:40:20.177Z  INFO 1 --- [           main] o.apache.catalina.core.StandardEngine    : Starting Servlet engine: [Apache Tomcat/10.1.53]
2026-08-26T13:40:21.4600300+00:00 ContainerStream: 2026-08-26T13:40:21.459Z  INFO 1 --- [           main] o.a.c.c.C.[Tomcat].[localhost].[/]       : Initializing Spring embedded WebApplicationContext
2026-08-26T13:40:21.4712546+00:00 ContainerStream: 2026-08-26T13:40:21.470Z  INFO 1 --- [           main] w.s.c.ServletWebServerApplicationContext : Root WebApplicationContext: initialization completed in 37860 ms
2026-08-26T13:40:50.4641903+00:00 ContainerStream: 2026-08-26T13:40:50.443Z  INFO 1 --- [           main] com.zaxxer.hikari.HikariDataSource       : HikariPool-1 - Starting...
2026-08-26T13:40:53.5592867+00:00 ContainerStream: 2026-08-26T13:40:53.558Z  INFO 1 --- [           main] com.zaxxer.hikari.pool.HikariPool        : HikariPool-1 - Added connection org.postgresql.jdbc.PgConnection@3c34c491
2026-08-26T13:40:53.5970989+00:00 ContainerStream: 2026-08-26T13:40:53.594Z  INFO 1 --- [           main] com.zaxxer.hikari.HikariDataSource       : HikariPool-1 - Start completed.
2026-08-26T13:40:54.4791345+00:00 ContainerStream: 2026-08-26T13:40:54.478Z  INFO 1 --- [           main] org.flywaydb.core.FlywayExecutor         : Database: jdbc:postgresql://scas-postgres-k23.postgres.database.azure.com:5432/scasdb?sslmode=require (PostgreSQL 16.14)
2026-08-26T13:40:55.3871101+00:00 ContainerStream: 2026-08-26T13:40:55.386Z  INFO 1 --- [           main] o.f.core.internal.command.DbValidate     : Successfully validated 27 migrations (execution time 00:00.571s)
2026-08-26T13:40:55.5414064+00:00 ContainerStream: 2026-08-26T13:40:55.540Z  INFO 1 --- [           main] o.f.core.internal.command.DbMigrate      : Current version of schema "public": << Empty Schema >>
2026-08-26T13:40:55.9341661+00:00 ContainerStream: 2026-08-26T13:40:55.933Z  INFO 1 --- [           main] o.f.core.internal.command.DbMigrate      : Migrating schema "public" to version "1 - users roles"
2026-08-26T13:40:56.8936587+00:00 ContainerStream: 2026-08-26T13:40:56.875Z  INFO 1 --- [           main] o.f.core.internal.command.DbMigrate      : Migrating schema "public" to version "2 - rooms timetable"
2026-08-26T13:40:57.5646401+00:00 ContainerStream: 2026-08-26T13:40:57.564Z  INFO 1 --- [           main] o.f.core.internal.command.DbMigrate      : Migrating schema "public" to version "3 - exam seating"
2026-08-26T13:40:57.9476964+00:00 ContainerStream: 2026-08-26T13:40:57.947Z  INFO 1 --- [           main] o.f.core.internal.command.DbMigrate      : Migrating schema "public" to version "4 - notifications audit"
2026-08-26T13:40:58.3383292+00:00 ContainerStream: 2026-08-26T13:40:58.337Z  INFO 1 --- [           main] o.f.core.internal.command.DbMigrate      : Migrating schema "public" to version "5 - indexes constraints"
2026-08-26T13:40:58.7449428+00:00 ContainerStream: 2026-08-26T13:40:58.744Z  INFO 1 --- [           main] o.f.core.internal.command.DbMigrate      : Migrating schema "public" to version "5.1 - allow timetable overrides resource"
2026-08-26T13:40:59.1156145+00:00 ContainerStream: 2026-08-26T13:40:59.115Z  INFO 1 --- [           main] o.f.core.internal.command.DbMigrate      : Migrating schema "public" to version "6 - seed data"
2026-08-26T13:40:59.3786750+00:00 ContainerStream: 2026-08-26T13:40:59.377Z  INFO 1 --- [           main] o.f.c.i.s.DefaultSqlScriptExecutor       : DB: Seed verification passed: 30 rooms, 33 users, 7 roles
2026-08-26T13:40:59.3892115+00:00 ContainerStream: 2026-08-26T13:40:59.388Z  INFO 1 --- [           main] o.f.c.i.s.DefaultSqlScriptExecutor       : +--------+
2026-08-26T13:40:59.3892420+00:00 ContainerStream: | setval |
2026-08-26T13:40:59.3892462+00:00 ContainerStream: +--------+
2026-08-26T13:40:59.3892614+00:00 ContainerStream: | 3      |
2026-08-26T13:40:59.3892639+00:00 ContainerStream: +--------+
2026-08-26T13:40:59.3892663+00:00 ContainerStream: 
2026-08-26T13:40:59.5249176+00:00 ContainerStream: 2026-08-26T13:40:59.524Z  INFO 1 --- [           main] o.f.core.internal.command.DbMigrate      : Migrating schema "public" to version "7 - add missing day override columns"
2026-08-26T13:40:59.6915079+00:00 ContainerStream: 2026-08-26T13:40:59.691Z  INFO 1 --- [           main] o.f.core.internal.command.DbMigrate      : Migrating schema "public" to version "8 - fix timetable slots department"
2026-08-26T13:40:59.7124402+00:00 ContainerStream: 2026-08-26T13:40:59.711Z  INFO 1 --- [           main] o.f.c.i.s.DefaultSqlScriptExecutor       : DB: constraint "timetable_slots_department_id_fkey" of relation "timetable_slots" does not exist, skipping
2026-08-26T13:40:59.7288671+00:00 ContainerStream: 2026-08-26T13:40:59.728Z  INFO 1 --- [           main] o.f.c.i.s.DefaultSqlScriptExecutor       : DB: column "department_id" of relation "timetable_slots" does not exist, skipping
2026-08-26T13:40:59.8572117+00:00 ContainerStream: 2026-08-26T13:40:59.856Z  INFO 1 --- [           main] o.f.core.internal.command.DbMigrate      : Migrating schema "public" to version "9 - add is active to timetable slots"
2026-08-26T13:40:59.9355939+00:00 ContainerStream: 2026-08-26T13:40:59.935Z  INFO 1 --- [           main] o.f.core.internal.command.DbMigrate      : Migrating schema "public" to version "10 - fix seeded user passwords"
2026-08-26T13:41:00.0722795+00:00 ContainerStream: 2026-08-26T13:41:00.071Z  INFO 1 --- [           main] o.f.core.internal.command.DbMigrate      : Migrating schema "public" to version "11 - manual seating dashboard"
2026-08-26T13:41:00.2673511+00:00 ContainerStream: 2026-08-26T13:41:00.266Z  INFO 1 --- [           main] o.f.core.internal.command.DbMigrate      : Migrating schema "public" to version "12 - permission constraint and override seed backfill"
2026-08-26T13:41:00.3822818+00:00 ContainerStream: 2026-08-26T13:41:00.374Z  INFO 1 --- [           main] o.f.core.internal.command.DbMigrate      : Migrating schema "public" to version "13 - add version to exam seats"
2026-08-26T13:41:00.5125806+00:00 ContainerStream: 2026-08-26T13:41:00.511Z  INFO 1 --- [           main] o.f.core.internal.command.DbMigrate      : Migrating schema "public" to version "14 - remove needs front row"
2026-08-26T13:41:00.6465988+00:00 ContainerStream: 2026-08-26T13:41:00.645Z  INFO 1 --- [           main] o.f.core.internal.command.DbMigrate      : Migrating schema "public" to version "16 - remove unused override reservation tables"
2026-08-26T13:41:00.7228620+00:00 ContainerStream: 2026-08-26T13:41:00.722Z  INFO 1 --- [           main] o.f.c.i.s.DefaultSqlScriptExecutor       : DB: table "room_reservations" does not exist, skipping
2026-08-26T13:41:00.8314828+00:00 ContainerStream: 2026-08-26T13:41:00.830Z  INFO 1 --- [           main] o.f.core.internal.command.DbMigrate      : Migrating schema "public" to version "17 - add version to users"
2026-08-26T13:41:00.9411502+00:00 ContainerStream: 2026-08-26T13:41:00.940Z  INFO 1 --- [           main] o.f.core.internal.command.DbMigrate      : Migrating schema "public" to version "18 - password reset tokens"
2026-08-26T13:41:01.1219841+00:00 ContainerStream: 2026-08-26T13:41:01.121Z  INFO 1 --- [           main] o.f.core.internal.command.DbMigrate      : Migrating schema "public" to version "19 - update role constraint"
2026-08-26T13:41:01.1992993+00:00 ContainerStream: 2026-08-26T13:41:01.198Z  INFO 1 --- [           main] o.f.core.internal.command.DbMigrate      : Migrating schema "public" to version "20 - enable column encryption"
2026-08-26T13:41:01.3972919+00:00 ContainerStream: 2026-08-26T13:41:01.396Z  INFO 1 --- [           main] o.f.core.internal.command.DbMigrate      : Migrating schema "public" to version "21 - fix invalid usn format"
2026-08-26T13:41:01.5353677+00:00 ContainerStream: 2026-08-26T13:41:01.534Z  INFO 1 --- [           main] o.f.core.internal.command.DbMigrate      : Migrating schema "public" to version "22 - allow encrypted usn values"
2026-08-26T13:41:01.7074313+00:00 ContainerStream: 2026-08-26T13:41:01.707Z  INFO 1 --- [           main] o.f.core.internal.command.DbMigrate      : Migrating schema "public" to version "23 - seed admin exam controller roles"
2026-08-26T13:41:01.9332938+00:00 ContainerStream: 2026-08-26T13:41:01.932Z  INFO 1 --- [           main] o.f.core.internal.command.DbMigrate      : Migrating schema "public" to version "24 - add user email hash lookup"
2026-08-26T13:41:02.1944993+00:00 ContainerStream: 2026-08-26T13:41:02.193Z  INFO 1 --- [           main] o.f.core.internal.command.DbMigrate      : Migrating schema "public" to version "26 - seed cse teachers"
2026-08-26T13:41:02.8011959+00:00 ContainerStream: 2026-08-26T13:41:02.800Z  INFO 1 --- [           main] o.f.core.internal.command.DbMigrate      : Migrating schema "public" to version "27 - seed 4thsem csestudents"
2026-08-26T13:41:02.8427624+00:00 ContainerStream: 2026-08-26T13:41:02.842Z  WARN 1 --- [           main] o.f.c.i.s.DefaultSqlScriptExecutor       : DB: there is already a transaction in progress (SQL State: 25001 - Error Code: 0)
2026-08-26T13:41:03.0882541+00:00 ContainerStream: 2026-08-26T13:41:03.085Z  INFO 1 --- [           main] o.f.c.i.s.DefaultSqlScriptExecutor       : DB: V27 migration: 487 student accounts have STUDENT role
2026-08-26T13:41:03.1632845+00:00 ContainerStream: 2026-08-26T13:41:03.147Z  INFO 1 --- [           main] o.f.core.internal.command.DbMigrate      : Migrating schema "public" to version "28 - normalize exam student usn values"
2026-08-26T13:41:03.1840837+00:00 ContainerStream: 2026-08-26T13:41:03.183Z  WARN 1 --- [           main] o.f.c.i.s.DefaultSqlScriptExecutor       : DB: there is already a transaction in progress (SQL State: 25001 - Error Code: 0)
2026-08-26T13:41:03.2723448+00:00 ContainerStream: 2026-08-26T13:41:03.271Z  INFO 1 --- [           main] o.f.core.internal.command.DbMigrate      : Successfully applied 27 migrations to schema "public", now at version v28 (execution time 00:03.522s)
2026-08-26T13:41:04.4666610+00:00 ContainerStream: 2026-08-26T13:41:04.466Z  INFO 1 --- [           main] o.hibernate.jpa.internal.util.LogHelper  : HHH000204: Processing PersistenceUnitInfo [name: default]
2026-08-26T13:41:05.2716545+00:00 ContainerStream: 2026-08-26T13:41:05.271Z  INFO 1 --- [           main] org.hibernate.Version                    : HHH000412: Hibernate ORM core version 6.6.45.Final
2026-08-26T13:41:05.7368647+00:00 ContainerStream: 2026-08-26T13:41:05.736Z  INFO 1 --- [           main] o.h.c.internal.RegionFactoryInitiator    : HHH000026: Second-level cache disabled
2026-08-26T13:41:10.1542077+00:00 ContainerStream: 2026-08-26T13:41:10.153Z  INFO 1 --- [           main] o.s.o.j.p.SpringPersistenceUnitInfo      : No LoadTimeWeaver setup: ignoring JPA class transformer
2026-08-26T13:41:10.8679151+00:00 ContainerStream: 2026-08-26T13:41:10.862Z  WARN 1 --- [           main] org.hibernate.orm.deprecation            : HHH90000025: PostgreSQLDialect does not need to be specified explicitly using 'hibernate.dialect' (remove the property setting and it will be selected by default)
2026-08-26T13:41:11.1015512+00:00 ContainerStream: 2026-08-26T13:41:11.101Z  INFO 1 --- [           main] org.hibernate.orm.connections.pooling    : HHH10001005: Database info:
2026-08-26T13:41:11.1015991+00:00 ContainerStream: 	Database JDBC URL [Connecting through datasource 'HikariDataSource (HikariPool-1)']
2026-08-26T13:41:11.1016035+00:00 ContainerStream: 	Database driver: undefined/unknown
2026-08-26T13:41:11.1016063+00:00 ContainerStream: 	Database version: 16.14
2026-08-26T13:41:11.1016102+00:00 ContainerStream: 	Autocommit mode: undefined/unknown
2026-08-26T13:41:11.1016213+00:00 ContainerStream: 	Isolation level: undefined/unknown
2026-08-26T13:41:11.1016241+00:00 ContainerStream: 	Minimum pool size: undefined/unknown
2026-08-26T13:41:11.1016268+00:00 ContainerStream: 	Maximum pool size: undefined/unknown
2026-08-26T13:41:29.7459221+00:00 ContainerStream: 2026-08-26T13:41:29.745Z  INFO 1 --- [           main] o.h.e.t.j.p.i.JtaPlatformInitiator       : HHH000489: No JTA platform available (set 'hibernate.transaction.jta.platform' to enable JTA platform integration)
2026-08-26T13:41:30.3187109+00:00 ContainerStream: 2026-08-26T13:41:30.312Z  INFO 1 --- [           main] j.LocalContainerEntityManagerFactoryBean : Initialized JPA EntityManagerFactory for persistence unit 'default'
2026-08-26T13:41:34.4473959+00:00 ContainerStream: 2026-08-26T13:41:34.446Z  INFO 1 --- [           main] o.s.d.j.r.query.QueryEnhancerFactory     : Hibernate is in classpath; If applicable, HQL parser will be used.
2026-08-26T13:41:43.2851629+00:00 ContainerStream: 2026-08-26T13:41:43.284Z  INFO 1 --- [           main] eAuthenticationProviderManagerConfigurer : Global AuthenticationManager configured with AuthenticationProvider bean with name authenticationProvider
2026-08-26T13:41:43.3035659+00:00 ContainerStream: 2026-08-26T13:41:43.303Z  WARN 1 --- [           main] r$InitializeUserDetailsManagerConfigurer : Global AuthenticationManager configured with an AuthenticationProvider bean. UserDetailsService beans will not be used by Spring Security for automatically configuring username/password login. Consider removing the AuthenticationProvider bean. Alternatively, consider using the UserDetailsService in a manually instantiated DaoAuthenticationProvider. If the current configuration is intentional, to turn off this warning, increase the logging level of 'org.springframework.security.config.annotation.authentication.configuration.InitializeUserDetailsBeanManagerConfigurer' to ERROR
2026-08-26T13:41:50.6149242+00:00 ContainerStream: 2026-08-26T13:41:50.614Z  WARN 1 --- [           main] ConfigServletWebServerApplicationContext : Exception encountered during context initialization - cancelling refresh attempt: org.springframework.beans.factory.UnsatisfiedDependencyException: Error creating bean with name 'passwordResetController' defined in URL [jar:nested:/app/app.jar/!BOOT-INF/classes/!/com/rvce/scas/controller/PasswordResetController.class]: Unsatisfied dependency expressed through constructor parameter 0: Error creating bean with name 'passwordResetService' defined in URL [jar:nested:/app/app.jar/!BOOT-INF/classes/!/com/rvce/scas/service/PasswordResetService.class]: Unsatisfied dependency expressed through constructor parameter 3: No qualifying bean of type 'com.rvce.scas.service.email.EmailService' available: expected at least 1 bean which qualifies as autowire candidate. Dependency annotations: {}
2026-08-26T13:41:50.6802398+00:00 ContainerStream: 2026-08-26T13:41:50.679Z  INFO 1 --- [           main] j.LocalContainerEntityManagerFactoryBean : Closing JPA EntityManagerFactory for persistence unit 'default'
2026-08-26T13:41:50.7025723+00:00 ContainerStream: 2026-08-26T13:41:50.702Z  INFO 1 --- [           main] com.zaxxer.hikari.HikariDataSource       : HikariPool-1 - Shutdown initiated...
2026-08-26T13:41:50.7581693+00:00 ContainerStream: 2026-08-26T13:41:50.755Z  INFO 1 --- [           main] com.zaxxer.hikari.HikariDataSource       : HikariPool-1 - Shutdown completed.
2026-08-26T13:41:51.0806619+00:00 ContainerStream: 2026-08-26T13:41:51.079Z  INFO 1 --- [           main] o.apache.catalina.core.StandardService   : Stopping service [Tomcat]
2026-08-26T13:41:51.3111494+00:00 ContainerStream: 2026-08-26T13:41:51.310Z  INFO 1 --- [           main] .s.b.a.l.ConditionEvaluationReportLogger : 
2026-08-26T13:41:51.3112151+00:00 ContainerStream: 
2026-08-26T13:41:51.3112225+00:00 ContainerStream: Error starting ApplicationContext. To display the condition evaluation report re-run your application with 'debug' enabled.
2026-08-26T13:41:51.8364645+00:00 ContainerStream: 2026-08-26T13:41:51.828Z ERROR 1 --- [           main] o.s.b.d.LoggingFailureAnalysisReporter   : 
2026-08-26T13:41:51.8365172+00:00 ContainerStream: 
2026-08-26T13:41:51.8365231+00:00 ContainerStream: ***************************
2026-08-26T13:41:51.8365257+00:00 ContainerStream: APPLICATION FAILED TO START
2026-08-26T13:41:51.8365282+00:00 ContainerStream: ***************************
2026-08-26T13:41:51.8365314+00:00 ContainerStream: 
2026-08-26T13:41:51.8365341+00:00 ContainerStream: Description:
2026-08-26T13:41:51.8365364+00:00 ContainerStream: 
2026-08-26T13:41:51.8365502+00:00 ContainerStream: Parameter 3 of constructor in com.rvce.scas.service.PasswordResetService required a bean of type 'com.rvce.scas.service.email.EmailService' that could not be found.
2026-08-26T13:41:51.8365529+00:00 ContainerStream: 
2026-08-26T13:41:51.8365551+00:00 ContainerStream: 
2026-08-26T13:41:51.8365575+00:00 ContainerStream: Action:
2026-08-26T13:41:51.8365599+00:00 ContainerStream: 
2026-08-26T13:41:51.8365629+00:00 ContainerStream: Consider defining a bean of type 'com.rvce.scas.service.email.EmailService' in your configuration.
2026-08-26T13:41:51.8365652+00:00 ContainerStream: 
2026-08-26T13:41:52.1747788+00:00 ContainerStatus: Container has finished running with exit code: 1.
2026-08-26T13:41:52.1760231+00:00 ContainerStatus: Container is terminating. Grace period: 5 seconds.
2026-08-26T13:41:52.1861200+00:00 ContainerStatus: Stop and delete container. Retry count = 0
2026-08-26T13:41:52.1862488+00:00 ContainerStatus: Stopping container: ccdc746759fd_scas-backend-2026-rvce.
2026-08-26T13:41:52.2638258+00:00 ContainerStatus: Deleting container: ccdc746759fd_scas-backend-2026-rvce. Retry count = 0
2026-08-26T13:41:52.5254300+00:00 ContainerStatus: Container spec TerminationMessagePolicy  path 
2026-08-26T13:41:52.5353103+00:00 ContainerStatus: Container is terminated. Total time elapsed: 354 ms.
2026-08-26T13:41:52.5359392+00:00 ContainerStatus: Site container: scas-backend-2026-rvce terminated during site startup.
2026-08-26T13:41:52.5375653+00:00 ContainerStatus: State: Stopping, Action: CancellingStartup, LastError: ContainerStartupFailure, LastErrorTimestamp: 08/26/2026 13:29:10, LastErrorDetails: Container exited with exit code 1 during startup after 106.3s. Please inspect your container logs for more details., Details: Site container: scas-backend-2026-rvce terminated during site startup. Cancelling site startup., DetailsLevel: ERR
2026-08-26T13:41:52.6979309+00:00 ContainerStatus: Site startup probe failed after 143.6774516 seconds.
2026-08-26T13:41:53.2494273+00:00 ContainerStatus: State: Stopping, Action: CancellingStartup, LastError: ContainerStartupFailure, LastErrorTimestamp: 08/26/2026 13:41:53, LastErrorDetails: Container exited with exit code 1 during startup after 143.7s. Please inspect your container logs for more details., Details: Site container: scas-backend-2026-rvce terminated during site startup. Cancelling site startup., DetailsLevel: ERR
2026-08-26T13:41:53.3139081+00:00 ContainerStatus: Failed to start site. Revert by stopping site.
2026-08-26T13:41:53.3146423+00:00 ContainerStatus: State: Stopping, Action: StoppingSite, LastError: ContainerStartupFailure, LastErrorTimestamp: 08/26/2026 13:41:53, LastErrorDetails: Container exited with exit code 1 during startup after 143.7s. Please inspect your container logs for more details., Details: Site container: scas-backend-2026-rvce terminated during site startup. Cancelling site startup., DetailsLevel: ERR
2026-08-26T13:41:53.3151543+00:00 ContainerStatus: State: Stopping, Action: StoppingSiteContainers, LastError: ContainerStartupFailure, LastErrorTimestamp: 08/26/2026 13:41:53, LastErrorDetails: Container exited with exit code 1 during startup after 143.7s. Please inspect your container logs for more details., Details: Site container: scas-backend-2026-rvce terminated during site startup. Cancelling site startup., DetailsLevel: ERR
2026-08-26T13:41:53.9017613+00:00 ContainerStatus: Site container: scas-backend-2026-rvce_managedIdentity terminated during site startup.
2026-08-26T13:41:53.9018525+00:00 ContainerStatus: State: Stopping, Action: StoppingSiteContainers, LastError: ContainerStartupFailure, LastErrorTimestamp: 08/26/2026 13:41:53, LastErrorDetails: Container exited with exit code 1 during startup after 143.7s. Please inspect your container logs for more details., Details: Site container: scas-backend-2026-rvce terminated during site startup. Cancelling site startup., DetailsLevel: ERR
2026-08-26T13:41:53.9019433+00:00 ContainerStatus: Site: scas-backend-2026-rvce stopped.
========== New Cold Start Attempt (2026-08-26T13:42:55.6844087+00:00) ==========
2026-08-26T13:42:55.6844087+00:00 ContainerStatus: State: Starting, Action: EstablishingSiteNetworks, LastError: ContainerStartupFailure, LastErrorTimestamp: 08/26/2026 13:41:53, LastErrorDetails: Container exited with exit code 1 during startup after 143.7s. Please inspect your container logs for more details., Details: Site stopped at 08/26/2026 13:41:55 (UTC), DetailsLevel: ERR
2026-08-26T13:42:59.7346691+00:00 ContainerStatus: State: Starting, Action: StartingMsiContainer, LastError: ContainerStartupFailure, LastErrorTimestamp: 08/26/2026 13:41:53, LastErrorDetails: Container exited with exit code 1 during startup after 143.7s. Please inspect your container logs for more details., Details: Site stopped at 08/26/2026 13:41:55 (UTC), DetailsLevel: ERR
2026-08-26T13:43:20.8009697+00:00 ContainerStatus: State: Starting, Action: StartingSiteContainers, LastError: ContainerStartupFailure, LastErrorTimestamp: 08/26/2026 13:41:53, LastErrorDetails: Container exited with exit code 1 during startup after 143.7s. Please inspect your container logs for more details., Details: Site stopped at 08/26/2026 13:41:55 (UTC), DetailsLevel: ERR
2026-08-26T13:43:20.8011191+00:00 ContainerStatus: Container start method called.
2026-08-26T13:43:20.8011640+00:00 ContainerStatus: State: Starting, Action: PullingImage, LastError: ContainerStartupFailure, LastErrorTimestamp: 08/26/2026 13:41:53, LastErrorDetails: Container exited with exit code 1 during startup after 143.7s. Please inspect your container logs for more details., Details: Pulling image scasacr2026rvce.azurecr.io/scas-backend:demo-citext-fix-20260826132221 for scas-backend-2026-rvce., DetailsLevel: INFO
2026-08-26T13:43:20.8012402+00:00 ContainerStatus: Establishing network.
2026-08-26T13:43:20.8013158+00:00 ContainerStatus: Pulling image: scasacr2026rvce.azurecr.io/scas-backend:demo-citext-fix-20260826132221.
2026-08-26T13:43:22.9325729+00:00 ContainerStatus: Container is starting.
2026-08-26T13:43:22.9327348+00:00 ContainerStatus: State: Starting, Action: MountingVolumes, LastError: ContainerStartupFailure, LastErrorTimestamp: 08/26/2026 13:41:53, LastErrorDetails: Container exited with exit code 1 during startup after 143.7s. Please inspect your container logs for more details., Details: Mounting volumes for scas-backend-2026-rvce., DetailsLevel: INFO
2026-08-26T13:43:22.9409442+00:00 ContainerStatus: Establishing user namespace if not established already.
2026-08-26T13:43:22.9412675+00:00 ContainerStatus: Establishing network if not established already.
2026-08-26T13:43:22.9413706+00:00 ContainerStatus: Mounting volumes.
2026-08-26T13:43:22.9416380+00:00 ContainerStatus: Nested mountpoint volatile/logs
2026-08-26T13:43:23.0128701+00:00 ContainerStatus: Nested mountpoint 
2026-08-26T13:43:23.2318452+00:00 ContainerStatus: Nested mountpoint 
2026-08-26T13:43:23.2696922+00:00 ContainerStatus: State: Starting, Action: CreatingContainer, LastError: ContainerStartupFailure, LastErrorTimestamp: 08/26/2026 13:41:53, LastErrorDetails: Container exited with exit code 1 during startup after 143.7s. Please inspect your container logs for more details., Details: Finished pulling container image and mounting volumes for scas-backend-2026-rvce. Allocatinng the rest of the container resources to finish container creation., DetailsLevel: INFO
2026-08-26T13:43:23.2698084+00:00 ContainerStatus: Creating container.
2026-08-26T13:43:23.2698607+00:00 ContainerStatus: Creating pipes for streaming container io.
2026-08-26T13:43:23.2699167+00:00 ContainerStatus: Creating stdout named pipe at /podr/container/pipe/4fe21de529cb_scas-backend-2026-rvce/stdout_95a30f8d0eff42968d62643c183da878.
2026-08-26T13:43:23.2701301+00:00 ContainerStatus: Successfully created stdout named pipe at: /podr/container/pipe/4fe21de529cb_scas-backend-2026-rvce/stdout_95a30f8d0eff42968d62643c183da878.
2026-08-26T13:43:23.2701785+00:00 ContainerStatus: Opening named pipe /podr/container/pipe/4fe21de529cb_scas-backend-2026-rvce/stdout_95a30f8d0eff42968d62643c183da878 for reading in non-blocking mode.
2026-08-26T13:43:23.2702588+00:00 ContainerStatus: Successfully opened named pipe: /podr/container/pipe/4fe21de529cb_scas-backend-2026-rvce/stdout_95a30f8d0eff42968d62643c183da878.
2026-08-26T13:43:23.2703213+00:00 ContainerStatus: Successfully removed non-blocking flag from /podr/container/pipe/4fe21de529cb_scas-backend-2026-rvce/stdout_95a30f8d0eff42968d62643c183da878.
2026-08-26T13:43:23.2794951+00:00 ContainerStatus: Creating stderr named pipe at /podr/container/pipe/4fe21de529cb_scas-backend-2026-rvce/stderr_15d0844485f8496a8d5c1bd591ba67c5.
2026-08-26T13:43:23.2877221+00:00 ContainerStatus: Successfully created stderr named pipe at: /podr/container/pipe/4fe21de529cb_scas-backend-2026-rvce/stderr_15d0844485f8496a8d5c1bd591ba67c5.
2026-08-26T13:43:23.2880796+00:00 ContainerStatus: Opening named pipe /podr/container/pipe/4fe21de529cb_scas-backend-2026-rvce/stderr_15d0844485f8496a8d5c1bd591ba67c5 for reading in non-blocking mode.
2026-08-26T13:43:23.2896063+00:00 ContainerStatus: Successfully opened named pipe: /podr/container/pipe/4fe21de529cb_scas-backend-2026-rvce/stderr_15d0844485f8496a8d5c1bd591ba67c5.
2026-08-26T13:43:23.3284273+00:00 ContainerStatus: Successfully removed non-blocking flag from /podr/container/pipe/4fe21de529cb_scas-backend-2026-rvce/stderr_15d0844485f8496a8d5c1bd591ba67c5.
2026-08-26T13:43:23.3682694+00:00 ContainerStatus: Creating container with image: scasacr2026rvce.azurecr.io/scas-backend:demo-citext-fix-20260826132221 from registry: scasacr2026rvce.azurecr.io and fully qualified image name: scasacr2026rvce.azurecr.io/scas-backend:demo-citext-fix-20260826132221
2026-08-26T13:43:24.2860115+00:00 ContainerStatus: Starting container: 4fe21de529cb_scas-backend-2026-rvce.
2026-08-26T13:43:24.3836196+00:00 ContainerStatus: Starting watchers and probes.
2026-08-26T13:43:24.3838887+00:00 ContainerStatus: Starting metrics collection.
2026-08-26T13:43:24.3839748+00:00 ContainerStatus: Container is running.
2026-08-26T13:43:24.3840449+00:00 ContainerStatus: State: Starting, Action: CreatingContainer, LastError: ContainerStartupFailure, LastErrorTimestamp: 08/26/2026 13:41:53, LastErrorDetails: Container exited with exit code 1 during startup after 143.7s. Please inspect your container logs for more details., Details: Container scas-backend-2026-rvce successfully created and is running., DetailsLevel: INFO
2026-08-26T13:43:24.6192901+00:00 ContainerStatus: Container start method finished after 3818 ms.
2026-08-26T13:43:24.6194288+00:00 ContainerStatus: State: Starting, Action: InitiatingSiteWarmUpProbe, LastError: ContainerStartupFailure, LastErrorTimestamp: 08/26/2026 13:41:53, LastErrorDetails: Container exited with exit code 1 during startup after 143.7s. Please inspect your container logs for more details., Details: Container scas-backend-2026-rvce successfully created and is running., DetailsLevel: INFO
2026-08-26T13:43:24.6194511+00:00 ContainerStatus: State: Starting, Action: WaitingForSiteWarmUpProbeSuccess, LastError: ContainerStartupFailure, LastErrorTimestamp: 08/26/2026 13:41:53, LastErrorDetails: Container exited with exit code 1 during startup after 143.7s. Please inspect your container logs for more details., Details: Pinging warmup path to ensure container is ready to receive requests., DetailsLevel: INFO
2026-08-26T13:43:42.5761108+00:00 ContainerStream: 
2026-08-26T13:43:42.5946010+00:00 ContainerStream:   .   ____          _            __ _ _
2026-08-26T13:43:42.5946194+00:00 ContainerStream:  /\\ / ___'_ __ _ _(_)_ __  __ _ \ \ \ \
2026-08-26T13:43:42.5946408+00:00 ContainerStream: ( ( )\___ | '_ | '_| | '_ \/ _` | \ \ \ \
2026-08-26T13:43:42.5946435+00:00 ContainerStream:  \\/  ___)| |_)| | | | | || (_| |  ) ) ) )
2026-08-26T13:43:42.5946465+00:00 ContainerStream:   '  |____| .__|_| |_|_| |_\__, | / / / /
2026-08-26T13:43:42.5946545+00:00 ContainerStream:  =========|_|==============|___/=/_/_/_/
2026-08-26T13:43:42.5946568+00:00 ContainerStream: 
2026-08-26T13:43:42.6035190+00:00 ContainerStream:  :: Spring Boot ::               (v3.5.13)
2026-08-26T13:43:42.6038220+00:00 ContainerStream: 
2026-08-26T13:43:44.3728964+00:00 ContainerStream: 2026-08-26T13:43:44.354Z  INFO 1 --- [           main] com.rvce.scas.ScasApplication            : Starting ScasApplication v0.0.1-SNAPSHOT using Java 17.0.20 with PID 1 (/app/app.jar started by root in /app)
2026-08-26T13:43:44.4150570+00:00 ContainerStream: 2026-08-26T13:43:44.413Z  INFO 1 --- [           main] com.rvce.scas.ScasApplication            : The following 1 profile is active: "prod"
2026-08-26T13:44:08.3860790+00:00 ContainerStream: 2026-08-26T13:44:08.385Z  INFO 1 --- [           main] .s.d.r.c.RepositoryConfigurationDelegate : Multiple Spring Data modules found, entering strict repository configuration mode
2026-08-26T13:44:08.4049468+00:00 ContainerStream: 2026-08-26T13:44:08.404Z  INFO 1 --- [           main] .s.d.r.c.RepositoryConfigurationDelegate : Bootstrapping Spring Data JPA repositories in DEFAULT mode.
2026-08-26T13:44:12.2021158+00:00 ContainerStream: 2026-08-26T13:44:12.201Z  INFO 1 --- [           main] .s.d.r.c.RepositoryConfigurationDelegate : Finished Spring Data repository scanning in 3686 ms. Found 12 JPA repository interfaces.
2026-08-26T13:44:12.6485139+00:00 ContainerStream: 2026-08-26T13:44:12.629Z  INFO 1 --- [           main] .s.d.r.c.RepositoryConfigurationDelegate : Multiple Spring Data modules found, entering strict repository configuration mode
2026-08-26T13:44:12.6486033+00:00 ContainerStream: 2026-08-26T13:44:12.636Z  INFO 1 --- [           main] .s.d.r.c.RepositoryConfigurationDelegate : Bootstrapping Spring Data Redis repositories in DEFAULT mode.
2026-08-26T13:44:12.9399983+00:00 ContainerStream: 2026-08-26T13:44:12.939Z  INFO 1 --- [           main] .RepositoryConfigurationExtensionSupport : Spring Data Redis - Could not safely identify store assignment for repository candidate interface com.rvce.scas.repository.DepartmentRepository; If you want this repository to be a Redis repository, consider annotating your entities with one of these annotations: org.springframework.data.redis.core.RedisHash (preferred), or consider extending one of the following types with your repository: org.springframework.data.keyvalue.repository.KeyValueRepository
2026-08-26T13:44:12.9484128+00:00 ContainerStream: 2026-08-26T13:44:12.948Z  INFO 1 --- [           main] .RepositoryConfigurationExtensionSupport : Spring Data Redis - Could not safely identify store assignment for repository candidate interface com.rvce.scas.repository.ExamHallRepository; If you want this repository to be a Redis repository, consider annotating your entities with one of these annotations: org.springframework.data.redis.core.RedisHash (preferred), or consider extending one of the following types with your repository: org.springframework.data.keyvalue.repository.KeyValueRepository
2026-08-26T13:44:12.9500769+00:00 ContainerStream: 2026-08-26T13:44:12.949Z  INFO 1 --- [           main] .RepositoryConfigurationExtensionSupport : Spring Data Redis - Could not safely identify store assignment for repository candidate interface com.rvce.scas.repository.ExamSeatRepository; If you want this repository to be a Redis repository, consider annotating your entities with one of these annotations: org.springframework.data.redis.core.RedisHash (preferred), or consider extending one of the following types with your repository: org.springframework.data.keyvalue.repository.KeyValueRepository
2026-08-26T13:44:12.9578864+00:00 ContainerStream: 2026-08-26T13:44:12.957Z  INFO 1 --- [           main] .RepositoryConfigurationExtensionSupport : Spring Data Redis - Could not safely identify store assignment for repository candidate interface com.rvce.scas.repository.ExamSessionRepository; If you want this repository to be a Redis repository, consider annotating your entities with one of these annotations: org.springframework.data.redis.core.RedisHash (preferred), or consider extending one of the following types with your repository: org.springframework.data.keyvalue.repository.KeyValueRepository
2026-08-26T13:44:12.9589753+00:00 ContainerStream: 2026-08-26T13:44:12.958Z  INFO 1 --- [           main] .RepositoryConfigurationExtensionSupport : Spring Data Redis - Could not safely identify store assignment for repository candidate interface com.rvce.scas.repository.ExamStudentRepository; If you want this repository to be a Redis repository, consider annotating your entities with one of these annotations: org.springframework.data.redis.core.RedisHash (preferred), or consider extending one of the following types with your repository: org.springframework.data.keyvalue.repository.KeyValueRepository
2026-08-26T13:44:12.9606373+00:00 ContainerStream: 2026-08-26T13:44:12.960Z  INFO 1 --- [           main] .RepositoryConfigurationExtensionSupport : Spring Data Redis - Could not safely identify store assignment for repository candidate interface com.rvce.scas.repository.NotificationRepository; If you want this repository to be a Redis repository, consider annotating your entities with one of these annotations: org.springframework.data.redis.core.RedisHash (preferred), or consider extending one of the following types with your repository: org.springframework.data.keyvalue.repository.KeyValueRepository
2026-08-26T13:44:13.0057447+00:00 ContainerStream: 2026-08-26T13:44:12.961Z  INFO 1 --- [           main] .RepositoryConfigurationExtensionSupport : Spring Data Redis - Could not safely identify store assignment for repository candidate interface com.rvce.scas.repository.PasswordResetTokenRepository; If you want this repository to be a Redis repository, consider annotating your entities with one of these annotations: org.springframework.data.redis.core.RedisHash (preferred), or consider extending one of the following types with your repository: org.springframework.data.keyvalue.repository.KeyValueRepository
2026-08-26T13:44:13.0073396+00:00 ContainerStream: 2026-08-26T13:44:13.007Z  INFO 1 --- [           main] .RepositoryConfigurationExtensionSupport : Spring Data Redis - Could not safely identify store assignment for repository candidate interface com.rvce.scas.repository.RoleRepository; If you want this repository to be a Redis repository, consider annotating your entities with one of these annotations: org.springframework.data.redis.core.RedisHash (preferred), or consider extending one of the following types with your repository: org.springframework.data.keyvalue.repository.KeyValueRepository
2026-08-26T13:44:13.0082917+00:00 ContainerStream: 2026-08-26T13:44:13.008Z  INFO 1 --- [           main] .RepositoryConfigurationExtensionSupport : Spring Data Redis - Could not safely identify store assignment for repository candidate interface com.rvce.scas.repository.RoomRepository; If you want this repository to be a Redis repository, consider annotating your entities with one of these annotations: org.springframework.data.redis.core.RedisHash (preferred), or consider extending one of the following types with your repository: org.springframework.data.keyvalue.repository.KeyValueRepository
2026-08-26T13:44:13.0159406+00:00 ContainerStream: 2026-08-26T13:44:13.015Z  INFO 1 --- [           main] .RepositoryConfigurationExtensionSupport : Spring Data Redis - Could not safely identify store assignment for repository candidate interface com.rvce.scas.repository.TimetableSlotRepository; If you want this repository to be a Redis repository, consider annotating your entities with one of these annotations: org.springframework.data.redis.core.RedisHash (preferred), or consider extending one of the following types with your repository: org.springframework.data.keyvalue.repository.KeyValueRepository
2026-08-26T13:44:13.0168291+00:00 ContainerStream: 2026-08-26T13:44:13.016Z  INFO 1 --- [           main] .RepositoryConfigurationExtensionSupport : Spring Data Redis - Could not safely identify store assignment for repository candidate interface com.rvce.scas.repository.UserRepository; If you want this repository to be a Redis repository, consider annotating your entities with one of these annotations: org.springframework.data.redis.core.RedisHash (preferred), or consider extending one of the following types with your repository: org.springframework.data.keyvalue.repository.KeyValueRepository
2026-08-26T13:44:13.0192095+00:00 ContainerStream: 2026-08-26T13:44:13.018Z  INFO 1 --- [           main] .RepositoryConfigurationExtensionSupport : Spring Data Redis - Could not safely identify store assignment for repository candidate interface com.rvce.scas.repository.UserRoleRepository; If you want this repository to be a Redis repository, consider annotating your entities with one of these annotations: org.springframework.data.redis.core.RedisHash (preferred), or consider extending one of the following types with your repository: org.springframework.data.keyvalue.repository.KeyValueRepository
2026-08-26T13:44:13.0271835+00:00 ContainerStream: 2026-08-26T13:44:13.026Z  INFO 1 --- [           main] .s.d.r.c.RepositoryConfigurationDelegate : Finished Spring Data repository scanning in 124 ms. Found 0 Redis repository interfaces.
2026-08-26T13:44:22.0646094+00:00 ContainerStream: 2026-08-26T13:44:22.064Z  INFO 1 --- [           main] o.s.b.w.embedded.tomcat.TomcatWebServer  : Tomcat initialized with port 8080 (http)
2026-08-26T13:44:22.2381927+00:00 ContainerStream: 2026-08-26T13:44:22.237Z  INFO 1 --- [           main] o.apache.catalina.core.StandardService   : Starting service [Tomcat]
2026-08-26T13:44:22.2664087+00:00 ContainerStream: 2026-08-26T13:44:22.249Z  INFO 1 --- [           main] o.apache.catalina.core.StandardEngine    : Starting Servlet engine: [Apache Tomcat/10.1.53]
2026-08-26T13:44:23.8641647+00:00 ContainerStream: 2026-08-26T13:44:23.863Z  INFO 1 --- [           main] o.a.c.c.C.[Tomcat].[localhost].[/]       : Initializing Spring embedded WebApplicationContext
2026-08-26T13:44:23.8829371+00:00 ContainerStream: 2026-08-26T13:44:23.882Z  INFO 1 --- [           main] w.s.c.ServletWebServerApplicationContext : Root WebApplicationContext: initialization completed in 38979 ms
2026-08-26T13:44:46.6039799+00:00 ContainerStream: 2026-08-26T13:44:46.591Z  INFO 1 --- [           main] com.zaxxer.hikari.HikariDataSource       : HikariPool-1 - Starting...
2026-08-26T13:44:49.6480131+00:00 ContainerStream: 2026-08-26T13:44:49.647Z  INFO 1 --- [           main] com.zaxxer.hikari.pool.HikariPool        : HikariPool-1 - Added connection org.postgresql.jdbc.PgConnection@509e4902
2026-08-26T13:44:49.6670672+00:00 ContainerStream: 2026-08-26T13:44:49.666Z  INFO 1 --- [           main] com.zaxxer.hikari.HikariDataSource       : HikariPool-1 - Start completed.
2026-08-26T13:44:50.1611881+00:00 ContainerStream: 2026-08-26T13:44:50.160Z  INFO 1 --- [           main] org.flywaydb.core.FlywayExecutor         : Database: jdbc:postgresql://scas-postgres-k23.postgres.database.azure.com:5432/scasdb?sslmode=require (PostgreSQL 16.14)
2026-08-26T13:44:51.5375916+00:00 ContainerStream: 2026-08-26T13:44:51.536Z  INFO 1 --- [           main] o.f.core.internal.command.DbValidate     : Successfully validated 27 migrations (execution time 00:01.006s)
2026-08-26T13:44:51.7112884+00:00 ContainerStream: 2026-08-26T13:44:51.710Z  INFO 1 --- [           main] o.f.core.internal.command.DbMigrate      : Current version of schema "public": 28
2026-08-26T13:44:51.7492569+00:00 ContainerStream: 2026-08-26T13:44:51.748Z  INFO 1 --- [           main] o.f.core.internal.command.DbMigrate      : Schema "public" is up to date. No migration necessary.
2026-08-26T13:44:53.0154279+00:00 ContainerStream: 2026-08-26T13:44:53.014Z  INFO 1 --- [           main] o.hibernate.jpa.internal.util.LogHelper  : HHH000204: Processing PersistenceUnitInfo [name: default]
2026-08-26T13:44:54.0210609+00:00 ContainerStream: 2026-08-26T13:44:54.020Z  INFO 1 --- [           main] org.hibernate.Version                    : HHH000412: Hibernate ORM core version 6.6.45.Final
2026-08-26T13:44:54.3814647+00:00 ContainerStream: 2026-08-26T13:44:54.380Z  INFO 1 --- [           main] o.h.c.internal.RegionFactoryInitiator    : HHH000026: Second-level cache disabled
2026-08-26T13:44:58.1715123+00:00 ContainerStream: 2026-08-26T13:44:58.171Z  INFO 1 --- [           main] o.s.o.j.p.SpringPersistenceUnitInfo      : No LoadTimeWeaver setup: ignoring JPA class transformer
2026-08-26T13:44:59.1038823+00:00 ContainerStream: 2026-08-26T13:44:59.103Z  WARN 1 --- [           main] org.hibernate.orm.deprecation            : HHH90000025: PostgreSQLDialect does not need to be specified explicitly using 'hibernate.dialect' (remove the property setting and it will be selected by default)
2026-08-26T13:44:59.2655526+00:00 ContainerStream: 2026-08-26T13:44:59.264Z  INFO 1 --- [           main] org.hibernate.orm.connections.pooling    : HHH10001005: Database info:
2026-08-26T13:44:59.2656244+00:00 ContainerStream: 	Database JDBC URL [Connecting through datasource 'HikariDataSource (HikariPool-1)']
2026-08-26T13:44:59.2656284+00:00 ContainerStream: 	Database driver: undefined/unknown
2026-08-26T13:44:59.2656310+00:00 ContainerStream: 	Database version: 16.14
2026-08-26T13:44:59.2656569+00:00 ContainerStream: 	Autocommit mode: undefined/unknown
2026-08-26T13:44:59.2656594+00:00 ContainerStream: 	Isolation level: undefined/unknown
2026-08-26T13:44:59.2656717+00:00 ContainerStream: 	Minimum pool size: undefined/unknown
2026-08-26T13:44:59.2656742+00:00 ContainerStream: 	Maximum pool size: undefined/unknown
2026-08-26T13:45:21.7316226+00:00 ContainerStream: 2026-08-26T13:45:21.730Z  INFO 1 --- [           main] o.h.e.t.j.p.i.JtaPlatformInitiator       : HHH000489: No JTA platform available (set 'hibernate.transaction.jta.platform' to enable JTA platform integration)
2026-08-26T13:45:22.2359280+00:00 ContainerStream: 2026-08-26T13:45:22.235Z  INFO 1 --- [           main] j.LocalContainerEntityManagerFactoryBean : Initialized JPA EntityManagerFactory for persistence unit 'default'
2026-08-26T13:45:26.8133067+00:00 ContainerStream: 2026-08-26T13:45:26.812Z  INFO 1 --- [           main] o.s.d.j.r.query.QueryEnhancerFactory     : Hibernate is in classpath; If applicable, HQL parser will be used.
2026-08-26T13:45:36.1086552+00:00 ContainerStream: 2026-08-26T13:45:36.108Z  INFO 1 --- [           main] eAuthenticationProviderManagerConfigurer : Global AuthenticationManager configured with AuthenticationProvider bean with name authenticationProvider
2026-08-26T13:45:36.1293283+00:00 ContainerStream: 2026-08-26T13:45:36.127Z  WARN 1 --- [           main] r$InitializeUserDetailsManagerConfigurer : Global AuthenticationManager configured with an AuthenticationProvider bean. UserDetailsService beans will not be used by Spring Security for automatically configuring username/password login. Consider removing the AuthenticationProvider bean. Alternatively, consider using the UserDetailsService in a manually instantiated DaoAuthenticationProvider. If the current configuration is intentional, to turn off this warning, increase the logging level of 'org.springframework.security.config.annotation.authentication.configuration.InitializeUserDetailsBeanManagerConfigurer' to ERROR
2026-08-26T13:45:46.1384142+00:00 ContainerStream: 2026-08-26T13:45:46.108Z  WARN 1 --- [           main] ConfigServletWebServerApplicationContext : Exception encountered during context initialization - cancelling refresh attempt: org.springframework.beans.factory.UnsatisfiedDependencyException: Error creating bean with name 'passwordResetController' defined in URL [jar:nested:/app/app.jar/!BOOT-INF/classes/!/com/rvce/scas/controller/PasswordResetController.class]: Unsatisfied dependency expressed through constructor parameter 0: Error creating bean with name 'passwordResetService' defined in URL [jar:nested:/app/app.jar/!BOOT-INF/classes/!/com/rvce/scas/service/PasswordResetService.class]: Unsatisfied dependency expressed through constructor parameter 3: No qualifying bean of type 'com.rvce.scas.service.email.EmailService' available: expected at least 1 bean which qualifies as autowire candidate. Dependency annotations: {}
2026-08-26T13:45:46.1581131+00:00 ContainerStream: 2026-08-26T13:45:46.157Z  INFO 1 --- [           main] j.LocalContainerEntityManagerFactoryBean : Closing JPA EntityManagerFactory for persistence unit 'default'
2026-08-26T13:45:46.2668653+00:00 ContainerStream: 2026-08-26T13:45:46.256Z  INFO 1 --- [           main] com.zaxxer.hikari.HikariDataSource       : HikariPool-1 - Shutdown initiated...
2026-08-26T13:45:46.3424933+00:00 ContainerStream: 2026-08-26T13:45:46.341Z  INFO 1 --- [           main] com.zaxxer.hikari.HikariDataSource       : HikariPool-1 - Shutdown completed.
2026-08-26T13:45:46.4961583+00:00 ContainerStream: 2026-08-26T13:45:46.495Z  INFO 1 --- [           main] o.apache.catalina.core.StandardService   : Stopping service [Tomcat]
2026-08-26T13:45:46.7590340+00:00 ContainerStream: 2026-08-26T13:45:46.758Z  INFO 1 --- [           main] .s.b.a.l.ConditionEvaluationReportLogger : 
2026-08-26T13:45:46.7590892+00:00 ContainerStream: 
2026-08-26T13:45:46.7590956+00:00 ContainerStream: Error starting ApplicationContext. To display the condition evaluation report re-run your application with 'debug' enabled.
2026-08-26T13:45:47.0728682+00:00 ContainerStream: 2026-08-26T13:45:47.072Z ERROR 1 --- [           main] o.s.b.d.LoggingFailureAnalysisReporter   : 
2026-08-26T13:45:47.0729243+00:00 ContainerStream: 
2026-08-26T13:45:47.0729298+00:00 ContainerStream: ***************************
2026-08-26T13:45:47.0729328+00:00 ContainerStream: APPLICATION FAILED TO START
2026-08-26T13:45:47.0729349+00:00 ContainerStream: ***************************
2026-08-26T13:45:47.0729373+00:00 ContainerStream: 
2026-08-26T13:45:47.0729401+00:00 ContainerStream: Description:
2026-08-26T13:45:47.0729421+00:00 ContainerStream: 
2026-08-26T13:45:47.0729545+00:00 ContainerStream: Parameter 3 of constructor in com.rvce.scas.service.PasswordResetService required a bean of type 'com.rvce.scas.service.email.EmailService' that could not be found.
2026-08-26T13:45:47.0729582+00:00 ContainerStream: 
2026-08-26T13:45:47.0729602+00:00 ContainerStream: 
2026-08-26T13:45:47.0729623+00:00 ContainerStream: Action:
2026-08-26T13:45:47.0729643+00:00 ContainerStream: 
2026-08-26T13:45:47.0729670+00:00 ContainerStream: Consider defining a bean of type 'com.rvce.scas.service.email.EmailService' in your configuration.
2026-08-26T13:45:47.0729691+00:00 ContainerStream: 
2026-08-26T13:45:47.9569382+00:00 ContainerStatus: Container has finished running with exit code: 1.
2026-08-26T13:45:47.9658871+00:00 ContainerStatus: Container is terminating. Grace period: 5 seconds.
2026-08-26T13:45:47.9886147+00:00 ContainerStatus: Stop and delete container. Retry count = 0
2026-08-26T13:45:47.9900024+00:00 ContainerStatus: Stopping container: 4fe21de529cb_scas-backend-2026-rvce.
2026-08-26T13:45:48.0728535+00:00 ContainerStatus: Deleting container: 4fe21de529cb_scas-backend-2026-rvce. Retry count = 0
2026-08-26T13:45:48.3801951+00:00 ContainerStatus: Container spec TerminationMessagePolicy  path 
2026-08-26T13:45:48.3944626+00:00 ContainerStatus: Container is terminated. Total time elapsed: 422 ms.
2026-08-26T13:45:48.3945957+00:00 ContainerStatus: Site container: scas-backend-2026-rvce terminated during site startup.
2026-08-26T13:45:48.3959809+00:00 ContainerStatus: State: Stopping, Action: CancellingStartup, LastError: ContainerStartupFailure, LastErrorTimestamp: 08/26/2026 13:41:53, LastErrorDetails: Container exited with exit code 1 during startup after 143.7s. Please inspect your container logs for more details., Details: Site container: scas-backend-2026-rvce terminated during site startup. Cancelling site startup., DetailsLevel: ERR
2026-08-26T13:45:48.5247328+00:00 ContainerStatus: Site startup probe failed after 143.857292 seconds.
2026-08-26T13:45:48.7885526+00:00 ContainerStatus: State: Stopping, Action: CancellingStartup, LastError: ContainerStartupFailure, LastErrorTimestamp: 08/26/2026 13:45:48, LastErrorDetails: Container exited with exit code 1 during startup after 144.0s. Please inspect your container logs for more details., Details: Site container: scas-backend-2026-rvce terminated during site startup. Cancelling site startup., DetailsLevel: ERR
2026-08-26T13:45:48.8779933+00:00 ContainerStatus: Failed to start site. Revert by stopping site.
2026-08-26T13:45:48.8941118+00:00 ContainerStatus: State: Stopping, Action: StoppingSite, LastError: ContainerStartupFailure, LastErrorTimestamp: 08/26/2026 13:45:48, LastErrorDetails: Container exited with exit code 1 during startup after 144.0s. Please inspect your container logs for more details., Details: Site container: scas-backend-2026-rvce terminated during site startup. Cancelling site startup., DetailsLevel: ERR
2026-08-26T13:45:48.9021706+00:00 ContainerStatus: State: Stopping, Action: StoppingSiteContainers, LastError: ContainerStartupFailure, LastErrorTimestamp: 08/26/2026 13:45:48, LastErrorDetails: Container exited with exit code 1 during startup after 144.0s. Please inspect your container logs for more details., Details: Site container: scas-backend-2026-rvce terminated during site startup. Cancelling site startup., DetailsLevel: ERR
2026-08-26T13:45:50.1212693+00:00 ContainerStatus: Site container: scas-backend-2026-rvce_managedIdentity terminated during site startup.
2026-08-26T13:45:50.1374386+00:00 ContainerStatus: State: Stopping, Action: StoppingSiteContainers, LastError: ContainerStartupFailure, LastErrorTimestamp: 08/26/2026 13:45:48, LastErrorDetails: Container exited with exit code 1 during startup after 144.0s. Please inspect your container logs for more details., Details: Site container: scas-backend-2026-rvce terminated during site startup. Cancelling site startup., DetailsLevel: ERR
2026-08-26T13:45:50.1480268+00:00 ContainerStatus: Site: scas-backend-2026-rvce stopped.
========== New Cold Start Attempt (2026-08-26T14:09:21.3001852+00:00) ==========
2026-08-26T14:09:21.3001852+00:00 ContainerStatus: State: Starting, Action: EstablishingSiteNetworks, LastError: ContainerStartupFailure, LastErrorTimestamp: 08/26/2026 13:45:48, LastErrorDetails: Container exited with exit code 1 during startup after 144.0s. Please inspect your container logs for more details., Details: Site stopped at 08/26/2026 13:45:51 (UTC), DetailsLevel: ERR
2026-08-26T14:09:24.2777598+00:00 ContainerStatus: State: Starting, Action: StartingMsiContainer, LastError: ContainerStartupFailure, LastErrorTimestamp: 08/26/2026 13:45:48, LastErrorDetails: Container exited with exit code 1 during startup after 144.0s. Please inspect your container logs for more details., Details: Site stopped at 08/26/2026 13:45:51 (UTC), DetailsLevel: ERR
2026-08-26T14:09:38.1664599+00:00 ContainerStatus: State: Starting, Action: StartingSiteContainers, LastError: ContainerStartupFailure, LastErrorTimestamp: 08/26/2026 13:45:48, LastErrorDetails: Container exited with exit code 1 during startup after 144.0s. Please inspect your container logs for more details., Details: Site stopped at 08/26/2026 13:45:51 (UTC), DetailsLevel: ERR
2026-08-26T14:09:38.1667938+00:00 ContainerStatus: Container start method called.
2026-08-26T14:09:38.1680047+00:00 ContainerStatus: State: Starting, Action: PullingImage, LastError: ContainerStartupFailure, LastErrorTimestamp: 08/26/2026 13:45:48, LastErrorDetails: Container exited with exit code 1 during startup after 144.0s. Please inspect your container logs for more details., Details: Pulling image scasacr2026rvce.azurecr.io/scas-backend:demo-no-pgcrypto-20260826140254 for scas-backend-2026-rvce., DetailsLevel: INFO
2026-08-26T14:09:38.1682163+00:00 ContainerStatus: Establishing network.
2026-08-26T14:09:38.1943197+00:00 ContainerStatus: Pulling image: scasacr2026rvce.azurecr.io/scas-backend:demo-no-pgcrypto-20260826140254.
2026-08-26T14:09:44.2846662+00:00 ContainerStatus: Image scasacr2026rvce.azurecr.io/scas-backend:demo-no-pgcrypto-20260826140254 is pulled from registry scasacr2026rvce.azurecr.io
2026-08-26T14:09:44.2913382+00:00 ContainerStatus: Container is starting.
2026-08-26T14:09:44.2996107+00:00 ContainerStatus: State: Starting, Action: MountingVolumes, LastError: ContainerStartupFailure, LastErrorTimestamp: 08/26/2026 13:45:48, LastErrorDetails: Container exited with exit code 1 during startup after 144.0s. Please inspect your container logs for more details., Details: Mounting volumes for scas-backend-2026-rvce., DetailsLevel: INFO
2026-08-26T14:09:44.3002900+00:00 ContainerStatus: Establishing user namespace if not established already.
2026-08-26T14:09:44.3012577+00:00 ContainerStatus: Establishing network if not established already.
2026-08-26T14:09:44.3016898+00:00 ContainerStatus: Mounting volumes.
2026-08-26T14:09:44.3024316+00:00 ContainerStatus: Nested mountpoint volatile/logs
2026-08-26T14:09:44.3492022+00:00 ContainerStatus: Nested mountpoint 
2026-08-26T14:09:44.3611656+00:00 ContainerStatus: Nested mountpoint 
2026-08-26T14:09:44.4102694+00:00 ContainerStatus: State: Starting, Action: CreatingContainer, LastError: ContainerStartupFailure, LastErrorTimestamp: 08/26/2026 13:45:48, LastErrorDetails: Container exited with exit code 1 during startup after 144.0s. Please inspect your container logs for more details., Details: Finished pulling container image and mounting volumes for scas-backend-2026-rvce. Allocatinng the rest of the container resources to finish container creation., DetailsLevel: INFO
2026-08-26T14:09:44.4513547+00:00 ContainerStatus: Creating container.
2026-08-26T14:09:44.4514332+00:00 ContainerStatus: Creating pipes for streaming container io.
2026-08-26T14:09:44.4514906+00:00 ContainerStatus: Creating stdout named pipe at /podr/container/pipe/7f16ea8e6607_scas-backend-2026-rvce/stdout_6ed0a0baa5dd4be1b1d7c9a3e29c1ae0.
2026-08-26T14:09:44.4991897+00:00 ContainerStatus: Successfully created stdout named pipe at: /podr/container/pipe/7f16ea8e6607_scas-backend-2026-rvce/stdout_6ed0a0baa5dd4be1b1d7c9a3e29c1ae0.
2026-08-26T14:09:44.5163222+00:00 ContainerStatus: Opening named pipe /podr/container/pipe/7f16ea8e6607_scas-backend-2026-rvce/stdout_6ed0a0baa5dd4be1b1d7c9a3e29c1ae0 for reading in non-blocking mode.
2026-08-26T14:09:44.5164431+00:00 ContainerStatus: Successfully opened named pipe: /podr/container/pipe/7f16ea8e6607_scas-backend-2026-rvce/stdout_6ed0a0baa5dd4be1b1d7c9a3e29c1ae0.
2026-08-26T14:09:44.5165120+00:00 ContainerStatus: Successfully removed non-blocking flag from /podr/container/pipe/7f16ea8e6607_scas-backend-2026-rvce/stdout_6ed0a0baa5dd4be1b1d7c9a3e29c1ae0.
2026-08-26T14:09:44.5168149+00:00 ContainerStatus: Creating stderr named pipe at /podr/container/pipe/7f16ea8e6607_scas-backend-2026-rvce/stderr_0385ade4f9f542b99b69d4bf808178d9.
2026-08-26T14:09:44.5378617+00:00 ContainerStatus: Successfully created stderr named pipe at: /podr/container/pipe/7f16ea8e6607_scas-backend-2026-rvce/stderr_0385ade4f9f542b99b69d4bf808178d9.
2026-08-26T14:09:44.5379965+00:00 ContainerStatus: Opening named pipe /podr/container/pipe/7f16ea8e6607_scas-backend-2026-rvce/stderr_0385ade4f9f542b99b69d4bf808178d9 for reading in non-blocking mode.
2026-08-26T14:09:44.5381133+00:00 ContainerStatus: Successfully opened named pipe: /podr/container/pipe/7f16ea8e6607_scas-backend-2026-rvce/stderr_0385ade4f9f542b99b69d4bf808178d9.
2026-08-26T14:09:44.5381847+00:00 ContainerStatus: Successfully removed non-blocking flag from /podr/container/pipe/7f16ea8e6607_scas-backend-2026-rvce/stderr_0385ade4f9f542b99b69d4bf808178d9.
2026-08-26T14:09:44.5383165+00:00 ContainerStatus: Creating container with image: scasacr2026rvce.azurecr.io/scas-backend:demo-no-pgcrypto-20260826140254 from registry: scasacr2026rvce.azurecr.io and fully qualified image name: scasacr2026rvce.azurecr.io/scas-backend:demo-no-pgcrypto-20260826140254
2026-08-26T14:09:45.5502758+00:00 ContainerStatus: Starting container: 7f16ea8e6607_scas-backend-2026-rvce.
2026-08-26T14:09:45.6256228+00:00 ContainerStatus: Starting watchers and probes.
2026-08-26T14:09:45.6261449+00:00 ContainerStatus: Starting metrics collection.
2026-08-26T14:09:45.6422112+00:00 ContainerStatus: Container is running.
2026-08-26T14:09:45.6423510+00:00 ContainerStatus: State: Starting, Action: CreatingContainer, LastError: ContainerStartupFailure, LastErrorTimestamp: 08/26/2026 13:45:48, LastErrorDetails: Container exited with exit code 1 during startup after 144.0s. Please inspect your container logs for more details., Details: Container scas-backend-2026-rvce successfully created and is running., DetailsLevel: INFO
2026-08-26T14:09:45.7796070+00:00 ContainerStatus: Container start method finished after 7604 ms.
2026-08-26T14:09:45.7802303+00:00 ContainerStatus: State: Starting, Action: InitiatingSiteWarmUpProbe, LastError: ContainerStartupFailure, LastErrorTimestamp: 08/26/2026 13:45:48, LastErrorDetails: Container exited with exit code 1 during startup after 144.0s. Please inspect your container logs for more details., Details: Container scas-backend-2026-rvce successfully created and is running., DetailsLevel: INFO
2026-08-26T14:09:45.7822746+00:00 ContainerStatus: State: Starting, Action: WaitingForSiteWarmUpProbeSuccess, LastError: ContainerStartupFailure, LastErrorTimestamp: 08/26/2026 13:45:48, LastErrorDetails: Container exited with exit code 1 during startup after 144.0s. Please inspect your container logs for more details., Details: Pinging warmup path to ensure container is ready to receive requests., DetailsLevel: INFO
2026-08-26T14:09:59.0829986+00:00 ContainerStream: 
2026-08-26T14:09:59.0862367+00:00 ContainerStream:   .   ____          _            __ _ _
2026-08-26T14:09:59.0862920+00:00 ContainerStream:  /\\ / ___'_ __ _ _(_)_ __  __ _ \ \ \ \
2026-08-26T14:09:59.0862986+00:00 ContainerStream: ( ( )\___ | '_ | '_| | '_ \/ _` | \ \ \ \
2026-08-26T14:09:59.0863016+00:00 ContainerStream:  \\/  ___)| |_)| | | | | || (_| |  ) ) ) )
2026-08-26T14:09:59.0863045+00:00 ContainerStream:   '  |____| .__|_| |_|_| |_\__, | / / / /
2026-08-26T14:09:59.0863132+00:00 ContainerStream:  =========|_|==============|___/=/_/_/_/
2026-08-26T14:09:59.0863158+00:00 ContainerStream: 
2026-08-26T14:09:59.0965155+00:00 ContainerStream:  :: Spring Boot ::               (v3.5.13)
2026-08-26T14:09:59.0965289+00:00 ContainerStream: 
2026-08-26T14:10:00.0662895+00:00 ContainerStream: 2026-08-26T14:10:00.039Z  INFO 1 --- [           main] com.rvce.scas.ScasApplication            : Starting ScasApplication v0.0.1-SNAPSHOT using Java 17.0.20 with PID 1 (/app/app.jar started by root in /app)
2026-08-26T14:10:00.0776657+00:00 ContainerStream: 2026-08-26T14:10:00.077Z  INFO 1 --- [           main] com.rvce.scas.ScasApplication            : The following 1 profile is active: "prod"
2026-08-26T14:10:24.6875057+00:00 ContainerStream: 2026-08-26T14:10:24.681Z  INFO 1 --- [           main] .s.d.r.c.RepositoryConfigurationDelegate : Multiple Spring Data modules found, entering strict repository configuration mode
2026-08-26T14:10:24.7092671+00:00 ContainerStream: 2026-08-26T14:10:24.708Z  INFO 1 --- [           main] .s.d.r.c.RepositoryConfigurationDelegate : Bootstrapping Spring Data JPA repositories in DEFAULT mode.
2026-08-26T14:10:27.3887922+00:00 ContainerStream: 2026-08-26T14:10:27.388Z  INFO 1 --- [           main] .s.d.r.c.RepositoryConfigurationDelegate : Finished Spring Data repository scanning in 2590 ms. Found 12 JPA repository interfaces.
2026-08-26T14:10:27.6048527+00:00 ContainerStream: 2026-08-26T14:10:27.604Z  INFO 1 --- [           main] .s.d.r.c.RepositoryConfigurationDelegate : Multiple Spring Data modules found, entering strict repository configuration mode
2026-08-26T14:10:27.6236046+00:00 ContainerStream: 2026-08-26T14:10:27.623Z  INFO 1 --- [           main] .s.d.r.c.RepositoryConfigurationDelegate : Bootstrapping Spring Data Redis repositories in DEFAULT mode.
2026-08-26T14:10:27.7996164+00:00 ContainerStream: 2026-08-26T14:10:27.799Z  INFO 1 --- [           main] .RepositoryConfigurationExtensionSupport : Spring Data Redis - Could not safely identify store assignment for repository candidate interface com.rvce.scas.repository.DepartmentRepository; If you want this repository to be a Redis repository, consider annotating your entities with one of these annotations: org.springframework.data.redis.core.RedisHash (preferred), or consider extending one of the following types with your repository: org.springframework.data.keyvalue.repository.KeyValueRepository
2026-08-26T14:10:27.8075001+00:00 ContainerStream: 2026-08-26T14:10:27.801Z  INFO 1 --- [           main] .RepositoryConfigurationExtensionSupport : Spring Data Redis - Could not safely identify store assignment for repository candidate interface com.rvce.scas.repository.ExamHallRepository; If you want this repository to be a Redis repository, consider annotating your entities with one of these annotations: org.springframework.data.redis.core.RedisHash (preferred), or consider extending one of the following types with your repository: org.springframework.data.keyvalue.repository.KeyValueRepository
2026-08-26T14:10:27.8087647+00:00 ContainerStream: 2026-08-26T14:10:27.808Z  INFO 1 --- [           main] .RepositoryConfigurationExtensionSupport : Spring Data Redis - Could not safely identify store assignment for repository candidate interface com.rvce.scas.repository.ExamSeatRepository; If you want this repository to be a Redis repository, consider annotating your entities with one of these annotations: org.springframework.data.redis.core.RedisHash (preferred), or consider extending one of the following types with your repository: org.springframework.data.keyvalue.repository.KeyValueRepository
2026-08-26T14:10:27.8103329+00:00 ContainerStream: 2026-08-26T14:10:27.810Z  INFO 1 --- [           main] .RepositoryConfigurationExtensionSupport : Spring Data Redis - Could not safely identify store assignment for repository candidate interface com.rvce.scas.repository.ExamSessionRepository; If you want this repository to be a Redis repository, consider annotating your entities with one of these annotations: org.springframework.data.redis.core.RedisHash (preferred), or consider extending one of the following types with your repository: org.springframework.data.keyvalue.repository.KeyValueRepository
2026-08-26T14:10:27.8173649+00:00 ContainerStream: 2026-08-26T14:10:27.810Z  INFO 1 --- [           main] .RepositoryConfigurationExtensionSupport : Spring Data Redis - Could not safely identify store assignment for repository candidate interface com.rvce.scas.repository.ExamStudentRepository; If you want this repository to be a Redis repository, consider annotating your entities with one of these annotations: org.springframework.data.redis.core.RedisHash (preferred), or consider extending one of the following types with your repository: org.springframework.data.keyvalue.repository.KeyValueRepository
2026-08-26T14:10:27.8188091+00:00 ContainerStream: 2026-08-26T14:10:27.818Z  INFO 1 --- [           main] .RepositoryConfigurationExtensionSupport : Spring Data Redis - Could not safely identify store assignment for repository candidate interface com.rvce.scas.repository.NotificationRepository; If you want this repository to be a Redis repository, consider annotating your entities with one of these annotations: org.springframework.data.redis.core.RedisHash (preferred), or consider extending one of the following types with your repository: org.springframework.data.keyvalue.repository.KeyValueRepository
2026-08-26T14:10:27.8197298+00:00 ContainerStream: 2026-08-26T14:10:27.819Z  INFO 1 --- [           main] .RepositoryConfigurationExtensionSupport : Spring Data Redis - Could not safely identify store assignment for repository candidate interface com.rvce.scas.repository.PasswordResetTokenRepository; If you want this repository to be a Redis repository, consider annotating your entities with one of these annotations: org.springframework.data.redis.core.RedisHash (preferred), or consider extending one of the following types with your repository: org.springframework.data.keyvalue.repository.KeyValueRepository
2026-08-26T14:10:27.8208277+00:00 ContainerStream: 2026-08-26T14:10:27.820Z  INFO 1 --- [           main] .RepositoryConfigurationExtensionSupport : Spring Data Redis - Could not safely identify store assignment for repository candidate interface com.rvce.scas.repository.RoleRepository; If you want this repository to be a Redis repository, consider annotating your entities with one of these annotations: org.springframework.data.redis.core.RedisHash (preferred), or consider extending one of the following types with your repository: org.springframework.data.keyvalue.repository.KeyValueRepository
2026-08-26T14:10:27.8276870+00:00 ContainerStream: 2026-08-26T14:10:27.827Z  INFO 1 --- [           main] .RepositoryConfigurationExtensionSupport : Spring Data Redis - Could not safely identify store assignment for repository candidate interface com.rvce.scas.repository.RoomRepository; If you want this repository to be a Redis repository, consider annotating your entities with one of these annotations: org.springframework.data.redis.core.RedisHash (preferred), or consider extending one of the following types with your repository: org.springframework.data.keyvalue.repository.KeyValueRepository
2026-08-26T14:10:27.8285171+00:00 ContainerStream: 2026-08-26T14:10:27.828Z  INFO 1 --- [           main] .RepositoryConfigurationExtensionSupport : Spring Data Redis - Could not safely identify store assignment for repository candidate interface com.rvce.scas.repository.TimetableSlotRepository; If you want this repository to be a Redis repository, consider annotating your entities with one of these annotations: org.springframework.data.redis.core.RedisHash (preferred), or consider extending one of the following types with your repository: org.springframework.data.keyvalue.repository.KeyValueRepository
2026-08-26T14:10:27.8295321+00:00 ContainerStream: 2026-08-26T14:10:27.829Z  INFO 1 --- [           main] .RepositoryConfigurationExtensionSupport : Spring Data Redis - Could not safely identify store assignment for repository candidate interface com.rvce.scas.repository.UserRepository; If you want this repository to be a Redis repository, consider annotating your entities with one of these annotations: org.springframework.data.redis.core.RedisHash (preferred), or consider extending one of the following types with your repository: org.springframework.data.keyvalue.repository.KeyValueRepository
2026-08-26T14:10:27.8307048+00:00 ContainerStream: 2026-08-26T14:10:27.830Z  INFO 1 --- [           main] .RepositoryConfigurationExtensionSupport : Spring Data Redis - Could not safely identify store assignment for repository candidate interface com.rvce.scas.repository.UserRoleRepository; If you want this repository to be a Redis repository, consider annotating your entities with one of these annotations: org.springframework.data.redis.core.RedisHash (preferred), or consider extending one of the following types with your repository: org.springframework.data.keyvalue.repository.KeyValueRepository
2026-08-26T14:10:27.8564091+00:00 ContainerStream: 2026-08-26T14:10:27.855Z  INFO 1 --- [           main] .s.d.r.c.RepositoryConfigurationDelegate : Finished Spring Data repository scanning in 119 ms. Found 0 Redis repository interfaces.
2026-08-26T14:10:37.2124084+00:00 ContainerStream: 2026-08-26T14:10:37.205Z  INFO 1 --- [           main] o.s.b.w.embedded.tomcat.TomcatWebServer  : Tomcat initialized with port 8080 (http)
2026-08-26T14:10:37.3672827+00:00 ContainerStream: 2026-08-26T14:10:37.366Z  INFO 1 --- [           main] o.apache.catalina.core.StandardService   : Starting service [Tomcat]
2026-08-26T14:10:37.3744898+00:00 ContainerStream: 2026-08-26T14:10:37.373Z  INFO 1 --- [           main] o.apache.catalina.core.StandardEngine    : Starting Servlet engine: [Apache Tomcat/10.1.53]
2026-08-26T14:10:38.6133890+00:00 ContainerStream: 2026-08-26T14:10:38.612Z  INFO 1 --- [           main] o.a.c.c.C.[Tomcat].[localhost].[/]       : Initializing Spring embedded WebApplicationContext
2026-08-26T14:10:38.6328276+00:00 ContainerStream: 2026-08-26T14:10:38.632Z  INFO 1 --- [           main] w.s.c.ServletWebServerApplicationContext : Root WebApplicationContext: initialization completed in 38155 ms
2026-08-26T14:10:56.7773876+00:00 ContainerStream: 2026-08-26T14:10:56.769Z  INFO 1 --- [           main] com.zaxxer.hikari.HikariDataSource       : HikariPool-1 - Starting...
2026-08-26T14:10:59.9933402+00:00 ContainerStream: 2026-08-26T14:10:59.992Z  INFO 1 --- [           main] com.zaxxer.hikari.pool.HikariPool        : HikariPool-1 - Added connection org.postgresql.jdbc.PgConnection@509e4902
2026-08-26T14:11:00.0144482+00:00 ContainerStream: 2026-08-26T14:11:00.014Z  INFO 1 --- [           main] com.zaxxer.hikari.HikariDataSource       : HikariPool-1 - Start completed.
2026-08-26T14:11:00.4429653+00:00 ContainerStream: 2026-08-26T14:11:00.442Z  INFO 1 --- [           main] org.flywaydb.core.FlywayExecutor         : Database: jdbc:postgresql://scas-postgres-k23.postgres.database.azure.com:5432/scasdb?sslmode=require (PostgreSQL 16.14)
2026-08-26T14:11:02.2973193+00:00 ContainerStream: 2026-08-26T14:11:02.296Z  WARN 1 --- [           main] ConfigServletWebServerApplicationContext : Exception encountered during context initialization - cancelling refresh attempt: org.springframework.beans.factory.BeanCreationException: Error creating bean with name 'entityManagerFactory' defined in class path resource [org/springframework/boot/autoconfigure/orm/jpa/HibernateJpaConfiguration.class]: Failed to initialize dependency 'flywayInitializer' of LoadTimeWeaverAware bean 'entityManagerFactory': Error creating bean with name 'flywayInitializer' defined in class path resource [org/springframework/boot/autoconfigure/flyway/FlywayAutoConfiguration$FlywayConfiguration.class]: Validate failed: Migrations have failed validation
2026-08-26T14:11:02.2973714+00:00 ContainerStream: Migration checksum mismatch for migration version 1
2026-08-26T14:11:02.2973745+00:00 ContainerStream: -> Applied to database : -1104352864
2026-08-26T14:11:02.2973768+00:00 ContainerStream: -> Resolved locally    : -1630943335
2026-08-26T14:11:02.2973796+00:00 ContainerStream: Either revert the changes to the migration, or run repair to update the schema history.
2026-08-26T14:11:02.2973849+00:00 ContainerStream: Need more flexibility with validation rules? Learn more: https://rd.gt/3AbJUZE
2026-08-26T14:11:02.3048282+00:00 ContainerStream: 2026-08-26T14:11:02.303Z  INFO 1 --- [           main] com.zaxxer.hikari.HikariDataSource       : HikariPool-1 - Shutdown initiated...
2026-08-26T14:11:02.3636243+00:00 ContainerStream: 2026-08-26T14:11:02.363Z  INFO 1 --- [           main] com.zaxxer.hikari.HikariDataSource       : HikariPool-1 - Shutdown completed.
2026-08-26T14:11:02.5470574+00:00 ContainerStream: 2026-08-26T14:11:02.540Z  INFO 1 --- [           main] o.apache.catalina.core.StandardService   : Stopping service [Tomcat]
2026-08-26T14:11:02.7344315+00:00 ContainerStream: 2026-08-26T14:11:02.733Z  INFO 1 --- [           main] .s.b.a.l.ConditionEvaluationReportLogger : 
2026-08-26T14:11:02.7344865+00:00 ContainerStream: 
2026-08-26T14:11:02.7344914+00:00 ContainerStream: Error starting ApplicationContext. To display the condition evaluation report re-run your application with 'debug' enabled.
2026-08-26T14:11:03.0308063+00:00 ContainerStream: 2026-08-26T14:11:02.989Z ERROR 1 --- [           main] o.s.boot.SpringApplication               : Application run failed
2026-08-26T14:11:03.0308582+00:00 ContainerStream: 
2026-08-26T14:11:03.0308678+00:00 ContainerStream: org.springframework.beans.factory.BeanCreationException: Error creating bean with name 'entityManagerFactory' defined in class path resource [org/springframework/boot/autoconfigure/orm/jpa/HibernateJpaConfiguration.class]: Failed to initialize dependency 'flywayInitializer' of LoadTimeWeaverAware bean 'entityManagerFactory': Error creating bean with name 'flywayInitializer' defined in class path resource [org/springframework/boot/autoconfigure/flyway/FlywayAutoConfiguration$FlywayConfiguration.class]: Validate failed: Migrations have failed validation
2026-08-26T14:11:03.0308814+00:00 ContainerStream: Migration checksum mismatch for migration version 1
2026-08-26T14:11:03.0308844+00:00 ContainerStream: -> Applied to database : -1104352864
2026-08-26T14:11:03.0313936+00:00 ContainerStream: -> Resolved locally    : -1630943335
2026-08-26T14:11:03.0313976+00:00 ContainerStream: Either revert the changes to the migration, or run repair to update the schema history.
2026-08-26T14:11:03.0314006+00:00 ContainerStream: Need more flexibility with validation rules? Learn more: https://rd.gt/3AbJUZE
2026-08-26T14:11:03.0314041+00:00 ContainerStream: 	at org.springframework.beans.factory.support.AbstractBeanFactory.doGetBean(AbstractBeanFactory.java:328) ~[spring-beans-6.2.17.jar!/:6.2.17]
2026-08-26T14:11:03.0314098+00:00 ContainerStream: 	at org.springframework.beans.factory.support.AbstractBeanFactory.getBean(AbstractBeanFactory.java:207) ~[spring-beans-6.2.17.jar!/:6.2.17]
2026-08-26T14:11:03.0314133+00:00 ContainerStream: 	at org.springframework.context.support.AbstractApplicationContext.finishBeanFactoryInitialization(AbstractApplicationContext.java:974) ~[spring-context-6.2.17.jar!/:6.2.17]
2026-08-26T14:11:03.0314166+00:00 ContainerStream: 	at org.springframework.context.support.AbstractApplicationContext.refresh(AbstractApplicationContext.java:628) ~[spring-context-6.2.17.jar!/:6.2.17]
2026-08-26T14:11:03.0314200+00:00 ContainerStream: 	at org.springframework.boot.web.servlet.context.ServletWebServerApplicationContext.refresh(ServletWebServerApplicationContext.java:146) ~[spring-boot-3.5.13.jar!/:3.5.13]
2026-08-26T14:11:03.0314262+00:00 ContainerStream: 	at org.springframework.boot.SpringApplication.refresh(SpringApplication.java:752) ~[spring-boot-3.5.13.jar!/:3.5.13]
2026-08-26T14:11:03.0314295+00:00 ContainerStream: 	at org.springframework.boot.SpringApplication.refreshContext(SpringApplication.java:439) ~[spring-boot-3.5.13.jar!/:3.5.13]
2026-08-26T14:11:03.0314326+00:00 ContainerStream: 	at org.springframework.boot.SpringApplication.run(SpringApplication.java:318) ~[spring-boot-3.5.13.jar!/:3.5.13]
2026-08-26T14:11:03.0314357+00:00 ContainerStream: 	at org.springframework.boot.SpringApplication.run(SpringApplication.java:1361) ~[spring-boot-3.5.13.jar!/:3.5.13]
2026-08-26T14:11:03.0314390+00:00 ContainerStream: 	at org.springframework.boot.SpringApplication.run(SpringApplication.java:1350) ~[spring-boot-3.5.13.jar!/:3.5.13]
2026-08-26T14:11:03.0314450+00:00 ContainerStream: 	at com.rvce.scas.ScasApplication.main(ScasApplication.java:20) ~[!/:0.0.1-SNAPSHOT]
2026-08-26T14:11:03.0314481+00:00 ContainerStream: 	at java.base/jdk.internal.reflect.NativeMethodAccessorImpl.invoke0(Native Method) ~[na:na]
2026-08-26T14:11:03.0314510+00:00 ContainerStream: 	at java.base/jdk.internal.reflect.NativeMethodAccessorImpl.invoke(Unknown Source) ~[na:na]
2026-08-26T14:11:03.0314542+00:00 ContainerStream: 	at java.base/jdk.internal.reflect.DelegatingMethodAccessorImpl.invoke(Unknown Source) ~[na:na]
2026-08-26T14:11:03.0314570+00:00 ContainerStream: 	at java.base/java.lang.reflect.Method.invoke(Unknown Source) ~[na:na]
2026-08-26T14:11:03.0314598+00:00 ContainerStream: 	at org.springframework.boot.loader.launch.Launcher.launch(Launcher.java:106) ~[app.jar:0.0.1-SNAPSHOT]
2026-08-26T14:11:03.0314648+00:00 ContainerStream: 	at org.springframework.boot.loader.launch.Launcher.launch(Launcher.java:64) ~[app.jar:0.0.1-SNAPSHOT]
2026-08-26T14:11:03.0314679+00:00 ContainerStream: 	at org.springframework.boot.loader.launch.JarLauncher.main(JarLauncher.java:40) ~[app.jar:0.0.1-SNAPSHOT]
2026-08-26T14:11:03.0314720+00:00 ContainerStream: Caused by: org.springframework.beans.factory.BeanCreationException: Error creating bean with name 'flywayInitializer' defined in class path resource [org/springframework/boot/autoconfigure/flyway/FlywayAutoConfiguration$FlywayConfiguration.class]: Validate failed: Migrations have failed validation
2026-08-26T14:11:03.0314747+00:00 ContainerStream: Migration checksum mismatch for migration version 1
2026-08-26T14:11:03.0314773+00:00 ContainerStream: -> Applied to database : -1104352864
2026-08-26T14:11:03.0314798+00:00 ContainerStream: -> Resolved locally    : -1630943335
2026-08-26T14:11:03.0314846+00:00 ContainerStream: Either revert the changes to the migration, or run repair to update the schema history.
2026-08-26T14:11:03.0314875+00:00 ContainerStream: Need more flexibility with validation rules? Learn more: https://rd.gt/3AbJUZE
2026-08-26T14:11:03.0314909+00:00 ContainerStream: 	at org.springframework.beans.factory.support.AbstractAutowireCapableBeanFactory.initializeBean(AbstractAutowireCapableBeanFactory.java:1826) ~[spring-beans-6.2.17.jar!/:6.2.17]
2026-08-26T14:11:03.0314945+00:00 ContainerStream: 	at org.springframework.beans.factory.support.AbstractAutowireCapableBeanFactory.doCreateBean(AbstractAutowireCapableBeanFactory.java:607) ~[spring-beans-6.2.17.jar!/:6.2.17]
2026-08-26T14:11:03.0315185+00:00 ContainerStream: 	at org.springframework.beans.factory.support.AbstractAutowireCapableBeanFactory.createBean(AbstractAutowireCapableBeanFactory.java:529) ~[spring-beans-6.2.17.jar!/:6.2.17]
2026-08-26T14:11:03.0315230+00:00 ContainerStream: 	at org.springframework.beans.factory.support.AbstractBeanFactory.lambda$doGetBean$0(AbstractBeanFactory.java:339) ~[spring-beans-6.2.17.jar!/:6.2.17]
2026-08-26T14:11:03.0383677+00:00 ContainerStream: 	at org.springframework.beans.factory.support.DefaultSingletonBeanRegistry.getSingleton(DefaultSingletonBeanRegistry.java:373) ~[spring-beans-6.2.17.jar!/:6.2.17]
2026-08-26T14:11:03.0383813+00:00 ContainerStream: 	at org.springframework.beans.factory.support.AbstractBeanFactory.doGetBean(AbstractBeanFactory.java:337) ~[spring-beans-6.2.17.jar!/:6.2.17]
2026-08-26T14:11:03.0383852+00:00 ContainerStream: 	at org.springframework.beans.factory.support.AbstractBeanFactory.getBean(AbstractBeanFactory.java:202) ~[spring-beans-6.2.17.jar!/:6.2.17]
2026-08-26T14:11:03.0383915+00:00 ContainerStream: 	at org.springframework.beans.factory.support.AbstractBeanFactory.doGetBean(AbstractBeanFactory.java:315) ~[spring-beans-6.2.17.jar!/:6.2.17]
2026-08-26T14:11:03.0383943+00:00 ContainerStream: 	... 17 common frames omitted
2026-08-26T14:11:03.0383977+00:00 ContainerStream: Caused by: org.flywaydb.core.api.exception.FlywayValidateException: Validate failed: Migrations have failed validation
2026-08-26T14:11:03.0384006+00:00 ContainerStream: Migration checksum mismatch for migration version 1
2026-08-26T14:11:03.0384032+00:00 ContainerStream: -> Applied to database : -1104352864
2026-08-26T14:11:03.0384058+00:00 ContainerStream: -> Resolved locally    : -1630943335
2026-08-26T14:11:03.0384088+00:00 ContainerStream: Either revert the changes to the migration, or run repair to update the schema history.
2026-08-26T14:11:03.0384297+00:00 ContainerStream: Need more flexibility with validation rules? Learn more: https://rd.gt/3AbJUZE
2026-08-26T14:11:03.0384328+00:00 ContainerStream: 	at org.flywaydb.core.Flyway.lambda$migrate$1(Flyway.java:201) ~[flyway-core-11.7.2.jar!/:na]
2026-08-26T14:11:03.0384358+00:00 ContainerStream: 	at org.flywaydb.core.FlywayExecutor.execute(FlywayExecutor.java:210) ~[flyway-core-11.7.2.jar!/:na]
2026-08-26T14:11:03.0384387+00:00 ContainerStream: 	at org.flywaydb.core.Flyway.migrate(Flyway.java:188) ~[flyway-core-11.7.2.jar!/:na]
2026-08-26T14:11:03.0384421+00:00 ContainerStream: 	at org.springframework.boot.autoconfigure.flyway.FlywayMigrationInitializer.afterPropertiesSet(FlywayMigrationInitializer.java:66) ~[spring-boot-autoconfigure-3.5.13.jar!/:3.5.13]
2026-08-26T14:11:03.0384455+00:00 ContainerStream: 	at org.springframework.beans.factory.support.AbstractAutowireCapableBeanFactory.invokeInitMethods(AbstractAutowireCapableBeanFactory.java:1873) ~[spring-beans-6.2.17.jar!/:6.2.17]
2026-08-26T14:11:03.0384512+00:00 ContainerStream: 	at org.springframework.beans.factory.support.AbstractAutowireCapableBeanFactory.initializeBean(AbstractAutowireCapableBeanFactory.java:1822) ~[spring-beans-6.2.17.jar!/:6.2.17]
2026-08-26T14:11:03.0384753+00:00 ContainerStream: 	... 24 common frames omitted
2026-08-26T14:11:03.0384778+00:00 ContainerStream: 
2026-08-26T14:11:03.6697646+00:00 ContainerStatus: Container has finished running with exit code: 1.
2026-08-26T14:11:03.6747202+00:00 ContainerStatus: Container is terminating. Grace period: 5 seconds.
2026-08-26T14:11:03.6765412+00:00 ContainerStatus: Stop and delete container. Retry count = 0
2026-08-26T14:11:03.6827729+00:00 ContainerStatus: Stopping container: 7f16ea8e6607_scas-backend-2026-rvce.
2026-08-26T14:11:03.7617625+00:00 ContainerStatus: Deleting container: 7f16ea8e6607_scas-backend-2026-rvce. Retry count = 0
2026-08-26T14:11:04.0488574+00:00 ContainerStatus: Container spec TerminationMessagePolicy  path 
2026-08-26T14:11:04.0662514+00:00 ContainerStatus: Container is terminated. Total time elapsed: 375 ms.
2026-08-26T14:11:04.0665239+00:00 ContainerStatus: Site container: scas-backend-2026-rvce terminated during site startup.
2026-08-26T14:11:04.1090198+00:00 ContainerStatus: State: Stopping, Action: CancellingStartup, LastError: ContainerStartupFailure, LastErrorTimestamp: 08/26/2026 13:45:48, LastErrorDetails: Container exited with exit code 1 during startup after 144.0s. Please inspect your container logs for more details., Details: Site container: scas-backend-2026-rvce terminated during site startup. Cancelling site startup., DetailsLevel: ERR
2026-08-26T14:11:04.2326599+00:00 ContainerStatus: Site startup probe failed after 78.3621324 seconds.
2026-08-26T14:11:04.5300710+00:00 ContainerStatus: State: Stopping, Action: CancellingStartup, LastError: ContainerStartupFailure, LastErrorTimestamp: 08/26/2026 14:11:04, LastErrorDetails: Container exited with exit code 1 during startup after 78.4s. Please inspect your container logs for more details., Details: Site container: scas-backend-2026-rvce terminated during site startup. Cancelling site startup., DetailsLevel: ERR
2026-08-26T14:11:04.5823357+00:00 ContainerStatus: Failed to start site. Revert by stopping site.
2026-08-26T14:11:04.5837060+00:00 ContainerStatus: State: Stopping, Action: StoppingSite, LastError: ContainerStartupFailure, LastErrorTimestamp: 08/26/2026 14:11:04, LastErrorDetails: Container exited with exit code 1 during startup after 78.4s. Please inspect your container logs for more details., Details: Site container: scas-backend-2026-rvce terminated during site startup. Cancelling site startup., DetailsLevel: ERR
2026-08-26T14:11:04.5922944+00:00 ContainerStatus: State: Stopping, Action: StoppingSiteContainers, LastError: ContainerStartupFailure, LastErrorTimestamp: 08/26/2026 14:11:04, LastErrorDetails: Container exited with exit code 1 during startup after 78.4s. Please inspect your container logs for more details., Details: Site container: scas-backend-2026-rvce terminated during site startup. Cancelling site startup., DetailsLevel: ERR
2026-08-26T14:11:04.9606301+00:00 ContainerStatus: Site container: scas-backend-2026-rvce_managedIdentity terminated during site startup.
2026-08-26T14:11:04.9607239+00:00 ContainerStatus: State: Stopping, Action: StoppingSiteContainers, LastError: ContainerStartupFailure, LastErrorTimestamp: 08/26/2026 14:11:04, LastErrorDetails: Container exited with exit code 1 during startup after 78.4s. Please inspect your container logs for more details., Details: Site container: scas-backend-2026-rvce terminated during site startup. Cancelling site startup., DetailsLevel: ERR
2026-08-26T14:11:04.9783803+00:00 ContainerStatus: Site: scas-backend-2026-rvce stopped.
